0 verbose cli /opt/nvm/versions/node/v22.16.0/bin/node /opt/nvm/versions/node/v22.16.0/bin/npm
1 info using npm@10.9.2
2 info using node@v22.16.0
3 silly config load:file:/opt/nvm/versions/node/v22.16.0/lib/node_modules/npm/npmrc
4 silly config load:file:/mnt/data/technologia_work/.npmrc
5 silly config load:file:/home/oai/.npmrc
6 silly config load:file:/opt/nvm/versions/node/v22.16.0/etc/npmrc
7 verbose title npm install
8 verbose argv "install" "--loglevel" "silent"
9 verbose logfile logs-max:10 dir:/mnt/data/technologia_work/.sites-runtime/npm-cache/_logs/2026-07-25T16_09_01_909Z-
10 verbose logfile /mnt/data/technologia_work/.sites-runtime/npm-cache/_logs/2026-07-25T16_09_01_909Z-debug-0.log
11 silly logfile done cleaning log files
12 silly packumentCache heap:2197815296 maxSize:549453824 maxEntrySize:274726912
13 silly idealTree buildDeps
14 silly reify moves {}
15 verbose reify failed optional dependency /mnt/data/technologia_work/node_modules/@tailwindcss/oxide-wasm32-wasi
16 silly reify mark deleted [
16 silly reify   '/mnt/data/technologia_work/node_modules/@tailwindcss/oxide-wasm32-wasi'
16 silly reify ]
17 verbose reify failed optional dependency /mnt/data/technologia_work/node_modules/@tailwindcss/oxide-wasm32-wasi/node_modules/@emnapi/core
18 silly reify mark deleted [
18 silly reify   '/mnt/data/technologia_work/node_modules/@tailwindcss/oxide-wasm32-wasi/node_modules/@emnapi/core'
18 silly reify ]
19 verbose reify failed optional dependency /mnt/data/technologia_work/node_modules/@tailwindcss/oxide-wasm32-wasi/node_modules/@emnapi/runtime
20 silly reify mark deleted [
20 silly reify   '/mnt/data/technologia_work/node_modules/@tailwindcss/oxide-wasm32-wasi/node_modules/@emnapi/runtime'
20 silly reify ]
21 verbose reify failed optional dependency /mnt/data/technologia_work/node_modules/@tailwindcss/oxide-wasm32-wasi/node_modules/@emnapi/wasi-threads
22 silly reify mark deleted [
22 silly reify   '/mnt/data/technologia_work/node_modules/@tailwindcss/oxide-wasm32-wasi/node_modules/@emnapi/wasi-threads'
22 silly reify ]
23 verbose reify failed optional dependency /mnt/data/technologia_work/node_modules/@tailwindcss/oxide-wasm32-wasi/node_modules/@napi-rs/wasm-runtime
24 silly reify mark deleted [
24 silly reify   '/mnt/data/technologia_work/node_modules/@tailwindcss/oxide-wasm32-wasi/node_modules/@napi-rs/wasm-runtime'
24 silly reify ]
25 verbose reify failed optional dependency /mnt/data/technologia_work/node_modules/@tailwindcss/oxide-wasm32-wasi/node_modules/@tybys/wasm-util
26 silly reify mark deleted [
26 silly reify   '/mnt/data/technologia_work/node_modules/@tailwindcss/oxide-wasm32-wasi/node_modules/@tybys/wasm-util'
26 silly reify ]
27 verbose reify failed optional dependency /mnt/data/technologia_work/node_modules/@tailwindcss/oxide-wasm32-wasi/node_modules/tslib
28 silly reify mark deleted [
28 silly reify   '/mnt/data/technologia_work/node_modules/@tailwindcss/oxide-wasm32-wasi/node_modules/tslib'
28 silly reify ]
29 verbose reify failed optional dependency /mnt/data/technologia_work/node_modules/wrangler/node_modules/@esbuild/win32-x64
30 silly reify mark deleted [
30 silly reify   '/mnt/data/technologia_work/node_modules/wrangler/node_modules/@esbuild/win32-x64'
30 silly reify ]
31 verbose reify failed optional dependency /mnt/data/technologia_work/node_modules/wrangler/node_modules/@esbuild/win32-ia32
32 silly reify mark deleted [
32 silly reify   '/mnt/data/technologia_work/node_modules/wrangler/node_modules/@esbuild/win32-ia32'
32 silly reify ]
33 verbose reify failed optional dependency /mnt/data/technologia_work/node_modules/wrangler/node_modules/@esbuild/win32-arm64
34 silly reify mark deleted [
34 silly reify   '/mnt/data/technologia_work/node_modules/wrangler/node_modules/@esbuild/win32-arm64'
34 silly reify ]
35 verbose reify failed optional dependency /mnt/data/technologia_work/node_modules/wrangler/node_modules/@esbuild/sunos-x64
36 silly reify mark deleted [
36 silly reify   '/mnt/data/technologia_work/node_modules/wrangler/node_modules/@esbuild/sunos-x64'
36 silly reify ]
37 verbose reify failed optional dependency /mnt/data/technologia_work/node_modules/wrangler/node_modules/@esbuild/openharmony-arm64
38 silly reify mark deleted [
38 silly reify   '/mnt/data/technologia_work/node_modules/wrangler/node_modules/@esbuild/openharmony-arm64'
38 silly reify ]
39 verbose reify failed optional dependency /mnt/data/technologia_work/node_modules/wrangler/node_modules/@esbuild/openbsd-x64
40 silly reify mark deleted [
40 silly reify   '/mnt/data/technologia_work/node_modules/wrangler/node_modules/@esbuild/openbsd-x64'
40 silly reify ]
41 verbose reify failed optional dependency /mnt/data/technologia_work/node_modules/wrangler/node_modules/@esbuild/openbsd-arm64
42 silly reify mark deleted [
42 silly reify   '/mnt/data/technologia_work/node_modules/wrangler/node_modules/@esbuild/openbsd-arm64'
42 silly reify ]
43 verbose reify failed optional dependency /mnt/data/technologia_work/node_modules/wrangler/node_modules/@esbuild/netbsd-x64
44 silly reify mark deleted [
44 silly reify   '/mnt/data/technologia_work/node_modules/wrangler/node_modules/@esbuild/netbsd-x64'
44 silly reify ]
45 verbose reify failed optional dependency /mnt/data/technologia_work/node_modules/wrangler/node_modules/@esbuild/netbsd-arm64
46 silly reify mark deleted [
46 silly reify   '/mnt/data/technologia_work/node_modules/wrangler/node_modules/@esbuild/netbsd-arm64'
46 silly reify ]
47 verbose reify failed optional dependency /mnt/data/technologia_work/node_modules/wrangler/node_modules/@esbuild/linux-s390x
48 silly reify mark deleted [
48 silly reify   '/mnt/data/technologia_work/node_modules/wrangler/node_modules/@esbuild/linux-s390x'
48 silly reify ]
49 verbose reify failed optional dependency /mnt/data/technologia_work/node_modules/wrangler/node_modules/@esbuild/linux-riscv64
50 silly reify mark deleted [
50 silly reify   '/mnt/data/technologia_work/node_modules/wrangler/node_modules/@esbuild/linux-riscv64'
50 silly reify ]
51 verbose reify failed optional dependency /mnt/data/technologia_work/node_modules/wrangler/node_modules/@esbuild/linux-ppc64
52 silly reify mark deleted [
52 silly reify   '/mnt/data/technologia_work/node_modules/wrangler/node_modules/@esbuild/linux-ppc64'
52 silly reify ]
53 verbose reify failed optional dependency /mnt/data/technologia_work/node_modules/wrangler/node_modules/@esbuild/linux-mips64el
54 silly reify mark deleted [
54 silly reify   '/mnt/data/technologia_work/node_modules/wrangler/node_modules/@esbuild/linux-mips64el'
54 silly reify ]
55 verbose reify failed optional dependency /mnt/data/technologia_work/node_modules/wrangler/node_modules/@esbuild/linux-loong64
56 silly reify mark deleted [
56 silly reify   '/mnt/data/technologia_work/node_modules/wrangler/node_modules/@esbuild/linux-loong64'
56 silly reify ]
57 verbose reify failed optional dependency /mnt/data/technologia_work/node_modules/wrangler/node_modules/@esbuild/linux-ia32
58 silly reify mark deleted [
58 silly reify   '/mnt/data/technologia_work/node_modules/wrangler/node_modules/@esbuild/linux-ia32'
58 silly reify ]
59 verbose reify failed optional dependency /mnt/data/technologia_work/node_modules/wrangler/node_modules/@esbuild/linux-arm64
60 silly reify mark deleted [
60 silly reify   '/mnt/data/technologia_work/node_modules/wrangler/node_modules/@esbuild/linux-arm64'
60 silly reify ]
61 verbose reify failed optional dependency /mnt/data/technologia_work/node_modules/wrangler/node_modules/@esbuild/linux-arm
62 silly reify mark deleted [
62 silly reify   '/mnt/data/technologia_work/node_modules/wrangler/node_modules/@esbuild/linux-arm'
62 silly reify ]
63 verbose reify failed optional dependency /mnt/data/technologia_work/node_modules/wrangler/node_modules/@esbuild/freebsd-x64
64 silly reify mark deleted [
64 silly reify   '/mnt/data/technologia_work/node_modules/wrangler/node_modules/@esbuild/freebsd-x64'
64 silly reify ]
65 verbose reify failed optional dependency /mnt/data/technologia_work/node_modules/wrangler/node_modules/@esbuild/freebsd-arm64
66 silly reify mark deleted [
66 silly reify   '/mnt/data/technologia_work/node_modules/wrangler/node_modules/@esbuild/freebsd-arm64'
66 silly reify ]
67 verbose reify failed optional dependency /mnt/data/technologia_work/node_modules/wrangler/node_modules/@esbuild/darwin-x64
68 silly reify mark deleted [
68 silly reify   '/mnt/data/technologia_work/node_modules/wrangler/node_modules/@esbuild/darwin-x64'
68 silly reify ]
69 verbose reify failed optional dependency /mnt/data/technologia_work/node_modules/wrangler/node_modules/@esbuild/darwin-arm64
70 silly reify mark deleted [
70 silly reify   '/mnt/data/technologia_work/node_modules/wrangler/node_modules/@esbuild/darwin-arm64'
70 silly reify ]
71 verbose reify failed optional dependency /mnt/data/technologia_work/node_modules/wrangler/node_modules/@esbuild/android-x64
72 silly reify mark deleted [
72 silly reify   '/mnt/data/technologia_work/node_modules/wrangler/node_modules/@esbuild/android-x64'
72 silly reify ]
73 verbose reify failed optional dependency /mnt/data/technologia_work/node_modules/wrangler/node_modules/@esbuild/android-arm64
74 silly reify mark deleted [
74 silly reify   '/mnt/data/technologia_work/node_modules/wrangler/node_modules/@esbuild/android-arm64'
74 silly reify ]
75 verbose reify failed optional dependency /mnt/data/technologia_work/node_modules/wrangler/node_modules/@esbuild/android-arm
76 silly reify mark deleted [
76 silly reify   '/mnt/data/technologia_work/node_modules/wrangler/node_modules/@esbuild/android-arm'
76 silly reify ]
77 verbose reify failed optional dependency /mnt/data/technologia_work/node_modules/wrangler/node_modules/@esbuild/aix-ppc64
78 silly reify mark deleted [
78 silly reify   '/mnt/data/technologia_work/node_modules/wrangler/node_modules/@esbuild/aix-ppc64'
78 silly reify ]
79 verbose reify failed optional dependency /mnt/data/technologia_work/node_modules/vite/node_modules/lightningcss-win32-x64-msvc
80 silly reify mark deleted [
80 silly reify   '/mnt/data/technologia_work/node_modules/vite/node_modules/lightningcss-win32-x64-msvc'
80 silly reify ]
81 verbose reify failed optional dependency /mnt/data/technologia_work/node_modules/vite/node_modules/lightningcss-win32-arm64-msvc
82 silly reify mark deleted [
82 silly reify   '/mnt/data/technologia_work/node_modules/vite/node_modules/lightningcss-win32-arm64-msvc'
82 silly reify ]
83 verbose reify failed optional dependency /mnt/data/technologia_work/node_modules/vite/node_modules/lightningcss-linux-x64-musl
84 silly reify mark deleted [
84 silly reify   '/mnt/data/technologia_work/node_modules/vite/node_modules/lightningcss-linux-x64-musl'
84 silly reify ]
85 verbose reify failed optional dependency /mnt/data/technologia_work/node_modules/vite/node_modules/lightningcss-linux-arm64-musl
86 silly reify mark deleted [
86 silly reify   '/mnt/data/technologia_work/node_modules/vite/node_modules/lightningcss-linux-arm64-musl'
86 silly reify ]
87 verbose reify failed optional dependency /mnt/data/technologia_work/node_modules/vite/node_modules/lightningcss-linux-arm64-gnu
88 silly reify mark deleted [
88 silly reify   '/mnt/data/technologia_work/node_modules/vite/node_modules/lightningcss-linux-arm64-gnu'
88 silly reify ]
89 verbose reify failed optional dependency /mnt/data/technologia_work/node_modules/vite/node_modules/lightningcss-linux-arm-gnueabihf
90 silly reify mark deleted [
90 silly reify   '/mnt/data/technologia_work/node_modules/vite/node_modules/lightningcss-linux-arm-gnueabihf'
90 silly reify ]
91 verbose reify failed optional dependency /mnt/data/technologia_work/node_modules/vite/node_modules/lightningcss-freebsd-x64
92 silly reify mark deleted [
92 silly reify   '/mnt/data/technologia_work/node_modules/vite/node_modules/lightningcss-freebsd-x64'
92 silly reify ]
93 verbose reify failed optional dependency /mnt/data/technologia_work/node_modules/vite/node_modules/lightningcss-darwin-x64
94 silly reify mark deleted [
94 silly reify   '/mnt/data/technologia_work/node_modules/vite/node_modules/lightningcss-darwin-x64'
94 silly reify ]
95 verbose reify failed optional dependency /mnt/data/technologia_work/node_modules/vite/node_modules/lightningcss-darwin-arm64
96 silly reify mark deleted [
96 silly reify   '/mnt/data/technologia_work/node_modules/vite/node_modules/lightningcss-darwin-arm64'
96 silly reify ]
97 verbose reify failed optional dependency /mnt/data/technologia_work/node_modules/vite/node_modules/lightningcss-android-arm64
98 silly reify mark deleted [
98 silly reify   '/mnt/data/technologia_work/node_modules/vite/node_modules/lightningcss-android-arm64'
98 silly reify ]
99 verbose reify failed optional dependency /mnt/data/technologia_work/node_modules/lightningcss-win32-x64-msvc
100 silly reify mark deleted [
100 silly reify   '/mnt/data/technologia_work/node_modules/lightningcss-win32-x64-msvc'
100 silly reify ]
101 verbose reify failed optional dependency /mnt/data/technologia_work/node_modules/lightningcss-win32-arm64-msvc
102 silly reify mark deleted [
102 silly reify   '/mnt/data/technologia_work/node_modules/lightningcss-win32-arm64-msvc'
102 silly reify ]
103 verbose reify failed optional dependency /mnt/data/technologia_work/node_modules/lightningcss-linux-x64-musl
104 silly reify mark deleted [
104 silly reify   '/mnt/data/technologia_work/node_modules/lightningcss-linux-x64-musl'
104 silly reify ]
105 verbose reify failed optional dependency /mnt/data/technologia_work/node_modules/lightningcss-linux-arm64-musl
106 silly reify mark deleted [
106 silly reify   '/mnt/data/technologia_work/node_modules/lightningcss-linux-arm64-musl'
106 silly reify ]
107 verbose reify failed optional dependency /mnt/data/technologia_work/node_modules/lightningcss-linux-arm64-gnu
108 silly reify mark deleted [
108 silly reify   '/mnt/data/technologia_work/node_modules/lightningcss-linux-arm64-gnu'
108 silly reify ]
109 verbose reify failed optional dependency /mnt/data/technologia_work/node_modules/lightningcss-linux-arm-gnueabihf
110 silly reify mark deleted [
110 silly reify   '/mnt/data/technologia_work/node_modules/lightningcss-linux-arm-gnueabihf'
110 silly reify ]
111 verbose reify failed optional dependency /mnt/data/technologia_work/node_modules/lightningcss-freebsd-x64
112 silly reify mark deleted [ '/mnt/data/technologia_work/node_modules/lightningcss-freebsd-x64' ]
113 verbose reify failed optional dependency /mnt/data/technologia_work/node_modules/lightningcss-darwin-x64
114 silly reify mark deleted [ '/mnt/data/technologia_work/node_modules/lightningcss-darwin-x64' ]
115 verbose reify failed optional dependency /mnt/data/technologia_work/node_modules/lightningcss-darwin-arm64
116 silly reify mark deleted [ '/mnt/data/technologia_work/node_modules/lightningcss-darwin-arm64' ]
117 verbose reify failed optional dependency /mnt/data/technologia_work/node_modules/lightningcss-android-arm64
118 silly reify mark deleted [
118 silly reify   '/mnt/data/technologia_work/node_modules/lightningcss-android-arm64'
118 silly reify ]
119 verbose reify failed optional dependency /mnt/data/technologia_work/node_modules/fsevents
120 silly reify mark deleted [ '/mnt/data/technologia_work/node_modules/fsevents' ]
121 verbose reify failed optional dependency /mnt/data/technologia_work/node_modules/drizzle-kit/node_modules/@esbuild/win32-x64
122 silly reify mark deleted [
122 silly reify   '/mnt/data/technologia_work/node_modules/drizzle-kit/node_modules/@esbuild/win32-x64'
122 silly reify ]
123 verbose reify failed optional dependency /mnt/data/technologia_work/node_modules/drizzle-kit/node_modules/@esbuild/win32-ia32
124 silly reify mark deleted [
124 silly reify   '/mnt/data/technologia_work/node_modules/drizzle-kit/node_modules/@esbuild/win32-ia32'
124 silly reify ]
125 verbose reify failed optional dependency /mnt/data/technologia_work/node_modules/drizzle-kit/node_modules/@esbuild/win32-arm64
126 silly reify mark deleted [
126 silly reify   '/mnt/data/technologia_work/node_modules/drizzle-kit/node_modules/@esbuild/win32-arm64'
126 silly reify ]
127 verbose reify failed optional dependency /mnt/data/technologia_work/node_modules/drizzle-kit/node_modules/@esbuild/sunos-x64
128 silly reify mark deleted [
128 silly reify   '/mnt/data/technologia_work/node_modules/drizzle-kit/node_modules/@esbuild/sunos-x64'
128 silly reify ]
129 verbose reify failed optional dependency /mnt/data/technologia_work/node_modules/drizzle-kit/node_modules/@esbuild/openharmony-arm64
130 silly reify mark deleted [
130 silly reify   '/mnt/data/technologia_work/node_modules/drizzle-kit/node_modules/@esbuild/openharmony-arm64'
130 silly reify ]
131 verbose reify failed optional dependency /mnt/data/technologia_work/node_modules/drizzle-kit/node_modules/@esbuild/openbsd-x64
132 silly reify mark deleted [
132 silly reify   '/mnt/data/technologia_work/node_modules/drizzle-kit/node_modules/@esbuild/openbsd-x64'
132 silly reify ]
133 verbose reify failed optional dependency /mnt/data/technologia_work/node_modules/drizzle-kit/node_modules/@esbuild/openbsd-arm64
134 silly reify mark deleted [
134 silly reify   '/mnt/data/technologia_work/node_modules/drizzle-kit/node_modules/@esbuild/openbsd-arm64'
134 silly reify ]
135 verbose reify failed optional dependency /mnt/data/technologia_work/node_modules/drizzle-kit/node_modules/@esbuild/netbsd-x64
136 silly reify mark deleted [
136 silly reify   '/mnt/data/technologia_work/node_modules/drizzle-kit/node_modules/@esbuild/netbsd-x64'
136 silly reify ]
137 verbose reify failed optional dependency /mnt/data/technologia_work/node_modules/drizzle-kit/node_modules/@esbuild/netbsd-arm64
138 silly reify mark deleted [
138 silly reify   '/mnt/data/technologia_work/node_modules/drizzle-kit/node_modules/@esbuild/netbsd-arm64'
138 silly reify ]
139 verbose reify failed optional dependency /mnt/data/technologia_work/node_modules/drizzle-kit/node_modules/@esbuild/linux-s390x
140 silly reify mark deleted [
140 silly reify   '/mnt/data/technologia_work/node_modules/drizzle-kit/node_modules/@esbuild/linux-s390x'
140 silly reify ]
141 verbose reify failed optional dependency /mnt/data/technologia_work/node_modules/drizzle-kit/node_modules/@esbuild/linux-riscv64
142 silly reify mark deleted [
142 silly reify   '/mnt/data/technologia_work/node_modules/drizzle-kit/node_modules/@esbuild/linux-riscv64'
142 silly reify ]
143 verbose reify failed optional dependency /mnt/data/technologia_work/node_modules/drizzle-kit/node_modules/@esbuild/linux-ppc64
144 silly reify mark deleted [
144 silly reify   '/mnt/data/technologia_work/node_modules/drizzle-kit/node_modules/@esbuild/linux-ppc64'
144 silly reify ]
145 verbose reify failed optional dependency /mnt/data/technologia_work/node_modules/drizzle-kit/node_modules/@esbuild/linux-mips64el
146 silly reify mark deleted [
146 silly reify   '/mnt/data/technologia_work/node_modules/drizzle-kit/node_modules/@esbuild/linux-mips64el'
146 silly reify ]
147 verbose reify failed optional dependency /mnt/data/technologia_work/node_modules/drizzle-kit/node_modules/@esbuild/linux-loong64
148 silly reify mark deleted [
148 silly reify   '/mnt/data/technologia_work/node_modules/drizzle-kit/node_modules/@esbuild/linux-loong64'
148 silly reify ]
149 verbose reify failed optional dependency /mnt/data/technologia_work/node_modules/drizzle-kit/node_modules/@esbuild/linux-ia32
150 silly reify mark deleted [
150 silly reify   '/mnt/data/technologia_work/node_modules/drizzle-kit/node_modules/@esbuild/linux-ia32'
150 silly reify ]
151 verbose reify failed optional dependency /mnt/data/technologia_work/node_modules/drizzle-kit/node_modules/@esbuild/linux-arm64
152 silly reify mark deleted [
152 silly reify   '/mnt/data/technologia_work/node_modules/drizzle-kit/node_modules/@esbuild/linux-arm64'
152 silly reify ]
153 verbose reify failed optional dependency /mnt/data/technologia_work/node_modules/drizzle-kit/node_modules/@esbuild/linux-arm
154 silly reify mark deleted [
154 silly reify   '/mnt/data/technologia_work/node_modules/drizzle-kit/node_modules/@esbuild/linux-arm'
154 silly reify ]
155 verbose reify failed optional dependency /mnt/data/technologia_work/node_modules/drizzle-kit/node_modules/@esbuild/freebsd-x64
156 silly reify mark deleted [
156 silly reify   '/mnt/data/technologia_work/node_modules/drizzle-kit/node_modules/@esbuild/freebsd-x64'
156 silly reify ]
157 verbose reify failed optional dependency /mnt/data/technologia_work/node_modules/drizzle-kit/node_modules/@esbuild/freebsd-arm64
158 silly reify mark deleted [
158 silly reify   '/mnt/data/technologia_work/node_modules/drizzle-kit/node_modules/@esbuild/freebsd-arm64'
158 silly reify ]
159 verbose reify failed optional dependency /mnt/data/technologia_work/node_modules/drizzle-kit/node_modules/@esbuild/darwin-x64
160 silly reify mark deleted [
160 silly reify   '/mnt/data/technologia_work/node_modules/drizzle-kit/node_modules/@esbuild/darwin-x64'
160 silly reify ]
161 verbose reify failed optional dependency /mnt/data/technologia_work/node_modules/drizzle-kit/node_modules/@esbuild/darwin-arm64
162 silly reify mark deleted [
162 silly reify   '/mnt/data/technologia_work/node_modules/drizzle-kit/node_modules/@esbuild/darwin-arm64'
162 silly reify ]
163 verbose reify failed optional dependency /mnt/data/technologia_work/node_modules/drizzle-kit/node_modules/@esbuild/android-x64
164 silly reify mark deleted [
164 silly reify   '/mnt/data/technologia_work/node_modules/drizzle-kit/node_modules/@esbuild/android-x64'
164 silly reify ]
165 verbose reify failed optional dependency /mnt/data/technologia_work/node_modules/drizzle-kit/node_modules/@esbuild/android-arm64
166 silly reify mark deleted [
166 silly reify   '/mnt/data/technologia_work/node_modules/drizzle-kit/node_modules/@esbuild/android-arm64'
166 silly reify ]
167 verbose reify failed optional dependency /mnt/data/technologia_work/node_modules/drizzle-kit/node_modules/@esbuild/android-arm
168 silly reify mark deleted [
168 silly reify   '/mnt/data/technologia_work/node_modules/drizzle-kit/node_modules/@esbuild/android-arm'
168 silly reify ]
169 verbose reify failed optional dependency /mnt/data/technologia_work/node_modules/drizzle-kit/node_modules/@esbuild/aix-ppc64
170 silly reify mark deleted [
170 silly reify   '/mnt/data/technologia_work/node_modules/drizzle-kit/node_modules/@esbuild/aix-ppc64'
170 silly reify ]
171 verbose reify failed optional dependency /mnt/data/technologia_work/node_modules/@unrs/resolver-binding-win32-x64-msvc
172 silly reify mark deleted [
172 silly reify   '/mnt/data/technologia_work/node_modules/@unrs/resolver-binding-win32-x64-msvc'
172 silly reify ]
173 verbose reify failed optional dependency /mnt/data/technologia_work/node_modules/@unrs/resolver-binding-win32-ia32-msvc
174 silly reify mark deleted [
174 silly reify   '/mnt/data/technologia_work/node_modules/@unrs/resolver-binding-win32-ia32-msvc'
174 silly reify ]
175 verbose reify failed optional dependency /mnt/data/technologia_work/node_modules/@unrs/resolver-binding-win32-arm64-msvc
176 silly reify mark deleted [
176 silly reify   '/mnt/data/technologia_work/node_modules/@unrs/resolver-binding-win32-arm64-msvc'
176 silly reify ]
177 verbose reify failed optional dependency /mnt/data/technologia_work/node_modules/@unrs/resolver-binding-wasm32-wasi
178 silly reify mark deleted [
178 silly reify   '/mnt/data/technologia_work/node_modules/@unrs/resolver-binding-wasm32-wasi'
178 silly reify ]
179 verbose reify failed optional dependency /mnt/data/technologia_work/node_modules/@napi-rs/wasm-runtime
180 silly reify mark deleted [ '/mnt/data/technologia_work/node_modules/@napi-rs/wasm-runtime' ]
181 verbose reify failed optional dependency /mnt/data/technologia_work/node_modules/@unrs/resolver-binding-linux-x64-musl
182 silly reify mark deleted [
182 silly reify   '/mnt/data/technologia_work/node_modules/@unrs/resolver-binding-linux-x64-musl'
182 silly reify ]
183 verbose reify failed optional dependency /mnt/data/technologia_work/node_modules/@unrs/resolver-binding-linux-s390x-gnu
184 silly reify mark deleted [
184 silly reify   '/mnt/data/technologia_work/node_modules/@unrs/resolver-binding-linux-s390x-gnu'
184 silly reify ]
185 verbose reify failed optional dependency /mnt/data/technologia_work/node_modules/@unrs/resolver-binding-linux-riscv64-musl
186 silly reify mark deleted [
186 silly reify   '/mnt/data/technologia_work/node_modules/@unrs/resolver-binding-linux-riscv64-musl'
186 silly reify ]
187 verbose reify failed optional dependency /mnt/data/technologia_work/node_modules/@unrs/resolver-binding-linux-riscv64-gnu
188 silly reify mark deleted [
188 silly reify   '/mnt/data/technologia_work/node_modules/@unrs/resolver-binding-linux-riscv64-gnu'
188 silly reify ]
189 verbose reify failed optional dependency /mnt/data/technologia_work/node_modules/@unrs/resolver-binding-linux-ppc64-gnu
190 silly reify mark deleted [
190 silly reify   '/mnt/data/technologia_work/node_modules/@unrs/resolver-binding-linux-ppc64-gnu'
190 silly reify ]
191 verbose reify failed optional dependency /mnt/data/technologia_work/node_modules/@unrs/resolver-binding-linux-arm64-musl
192 silly reify mark deleted [
192 silly reify   '/mnt/data/technologia_work/node_modules/@unrs/resolver-binding-linux-arm64-musl'
192 silly reify ]
193 verbose reify failed optional dependency /mnt/data/technologia_work/node_modules/@unrs/resolver-binding-linux-arm64-gnu
194 silly reify mark deleted [
194 silly reify   '/mnt/data/technologia_work/node_modules/@unrs/resolver-binding-linux-arm64-gnu'
194 silly reify ]
195 verbose reify failed optional dependency /mnt/data/technologia_work/node_modules/@unrs/resolver-binding-linux-arm-musleabihf
196 silly reify mark deleted [
196 silly reify   '/mnt/data/technologia_work/node_modules/@unrs/resolver-binding-linux-arm-musleabihf'
196 silly reify ]
197 verbose reify failed optional dependency /mnt/data/technologia_work/node_modules/@unrs/resolver-binding-linux-arm-gnueabihf
198 silly reify mark deleted [
198 silly reify   '/mnt/data/technologia_work/node_modules/@unrs/resolver-binding-linux-arm-gnueabihf'
198 silly reify ]
199 verbose reify failed optional dependency /mnt/data/technologia_work/node_modules/@unrs/resolver-binding-freebsd-x64
200 silly reify mark deleted [
200 silly reify   '/mnt/data/technologia_work/node_modules/@unrs/resolver-binding-freebsd-x64'
200 silly reify ]
201 verbose reify failed optional dependency /mnt/data/technologia_work/node_modules/@unrs/resolver-binding-darwin-x64
202 silly reify mark deleted [
202 silly reify   '/mnt/data/technologia_work/node_modules/@unrs/resolver-binding-darwin-x64'
202 silly reify ]
203 verbose reify failed optional dependency /mnt/data/technologia_work/node_modules/@unrs/resolver-binding-darwin-arm64
204 silly reify mark deleted [
204 silly reify   '/mnt/data/technologia_work/node_modules/@unrs/resolver-binding-darwin-arm64'
204 silly reify ]
205 verbose reify failed optional dependency /mnt/data/technologia_work/node_modules/@unrs/resolver-binding-android-arm64
206 silly reify mark deleted [
206 silly reify   '/mnt/data/technologia_work/node_modules/@unrs/resolver-binding-android-arm64'
206 silly reify ]
207 verbose reify failed optional dependency /mnt/data/technologia_work/node_modules/@unrs/resolver-binding-android-arm-eabi
208 silly reify mark deleted [
208 silly reify   '/mnt/data/technologia_work/node_modules/@unrs/resolver-binding-android-arm-eabi'
208 silly reify ]
209 verbose reify failed optional dependency /mnt/data/technologia_work/node_modules/@tailwindcss/oxide-win32-x64-msvc
210 silly reify mark deleted [
210 silly reify   '/mnt/data/technologia_work/node_modules/@tailwindcss/oxide-win32-x64-msvc'
210 silly reify ]
211 verbose reify failed optional dependency /mnt/data/technologia_work/node_modules/@tailwindcss/oxide-win32-arm64-msvc
212 silly reify mark deleted [
212 silly reify   '/mnt/data/technologia_work/node_modules/@tailwindcss/oxide-win32-arm64-msvc'
212 silly reify ]
213 verbose reify failed optional dependency /mnt/data/technologia_work/node_modules/@tailwindcss/oxide-linux-x64-musl
214 silly reify mark deleted [
214 silly reify   '/mnt/data/technologia_work/node_modules/@tailwindcss/oxide-linux-x64-musl'
214 silly reify ]
215 verbose reify failed optional dependency /mnt/data/technologia_work/node_modules/@tailwindcss/oxide-linux-arm64-musl
216 silly reify mark deleted [
216 silly reify   '/mnt/data/technologia_work/node_modules/@tailwindcss/oxide-linux-arm64-musl'
216 silly reify ]
217 verbose reify failed optional dependency /mnt/data/technologia_work/node_modules/@tailwindcss/oxide-linux-arm64-gnu
218 silly reify mark deleted [
218 silly reify   '/mnt/data/technologia_work/node_modules/@tailwindcss/oxide-linux-arm64-gnu'
218 silly reify ]
219 verbose reify failed optional dependency /mnt/data/technologia_work/node_modules/@tailwindcss/oxide-linux-arm-gnueabihf
220 silly reify mark deleted [
220 silly reify   '/mnt/data/technologia_work/node_modules/@tailwindcss/oxide-linux-arm-gnueabihf'
220 silly reify ]
221 verbose reify failed optional dependency /mnt/data/technologia_work/node_modules/@tailwindcss/oxide-freebsd-x64
222 silly reify mark deleted [
222 silly reify   '/mnt/data/technologia_work/node_modules/@tailwindcss/oxide-freebsd-x64'
222 silly reify ]
223 verbose reify failed optional dependency /mnt/data/technologia_work/node_modules/@tailwindcss/oxide-darwin-x64
224 silly reify mark deleted [
224 silly reify   '/mnt/data/technologia_work/node_modules/@tailwindcss/oxide-darwin-x64'
224 silly reify ]
225 verbose reify failed optional dependency /mnt/data/technologia_work/node_modules/@tailwindcss/oxide-darwin-arm64
226 silly reify mark deleted [
226 silly reify   '/mnt/data/technologia_work/node_modules/@tailwindcss/oxide-darwin-arm64'
226 silly reify ]
227 verbose reify failed optional dependency /mnt/data/technologia_work/node_modules/@tailwindcss/oxide-android-arm64
228 silly reify mark deleted [
228 silly reify   '/mnt/data/technologia_work/node_modules/@tailwindcss/oxide-android-arm64'
228 silly reify ]
229 verbose reify failed optional dependency /mnt/data/technologia_work/node_modules/@rolldown/binding-win32-x64-msvc
230 silly reify mark deleted [
230 silly reify   '/mnt/data/technologia_work/node_modules/@rolldown/binding-win32-x64-msvc'
230 silly reify ]
231 verbose reify failed optional dependency /mnt/data/technologia_work/node_modules/@rolldown/binding-win32-arm64-msvc
232 silly reify mark deleted [
232 silly reify   '/mnt/data/technologia_work/node_modules/@rolldown/binding-win32-arm64-msvc'
232 silly reify ]
233 verbose reify failed optional dependency /mnt/data/technologia_work/node_modules/@rolldown/binding-wasm32-wasi
234 silly reify mark deleted [
234 silly reify   '/mnt/data/technologia_work/node_modules/@rolldown/binding-wasm32-wasi'
234 silly reify ]
235 verbose reify failed optional dependency /mnt/data/technologia_work/node_modules/@rolldown/binding-wasm32-wasi/node_modules/@napi-rs/wasm-runtime
236 silly reify mark deleted [
236 silly reify   '/mnt/data/technologia_work/node_modules/@rolldown/binding-wasm32-wasi/node_modules/@napi-rs/wasm-runtime'
236 silly reify ]
237 verbose reify failed optional dependency /mnt/data/technologia_work/node_modules/@rolldown/binding-openharmony-arm64
238 silly reify mark deleted [
238 silly reify   '/mnt/data/technologia_work/node_modules/@rolldown/binding-openharmony-arm64'
238 silly reify ]
239 verbose reify failed optional dependency /mnt/data/technologia_work/node_modules/@rolldown/binding-linux-x64-musl
240 silly reify mark deleted [
240 silly reify   '/mnt/data/technologia_work/node_modules/@rolldown/binding-linux-x64-musl'
240 silly reify ]
241 verbose reify failed optional dependency /mnt/data/technologia_work/node_modules/@rolldown/binding-linux-s390x-gnu
242 silly reify mark deleted [
242 silly reify   '/mnt/data/technologia_work/node_modules/@rolldown/binding-linux-s390x-gnu'
242 silly reify ]
243 verbose reify failed optional dependency /mnt/data/technologia_work/node_modules/@rolldown/binding-linux-ppc64-gnu
244 silly reify mark deleted [
244 silly reify   '/mnt/data/technologia_work/node_modules/@rolldown/binding-linux-ppc64-gnu'
244 silly reify ]
245 verbose reify failed optional dependency /mnt/data/technologia_work/node_modules/@rolldown/binding-linux-arm64-musl
246 silly reify mark deleted [
246 silly reify   '/mnt/data/technologia_work/node_modules/@rolldown/binding-linux-arm64-musl'
246 silly reify ]
247 verbose reify failed optional dependency /mnt/data/technologia_work/node_modules/@rolldown/binding-linux-arm64-gnu
248 silly reify mark deleted [
248 silly reify   '/mnt/data/technologia_work/node_modules/@rolldown/binding-linux-arm64-gnu'
248 silly reify ]
249 verbose reify failed optional dependency /mnt/data/technologia_work/node_modules/@rolldown/binding-linux-arm-gnueabihf
250 silly reify mark deleted [
250 silly reify   '/mnt/data/technologia_work/node_modules/@rolldown/binding-linux-arm-gnueabihf'
250 silly reify ]
251 verbose reify failed optional dependency /mnt/data/technologia_work/node_modules/@rolldown/binding-freebsd-x64
252 silly reify mark deleted [
252 silly reify   '/mnt/data/technologia_work/node_modules/@rolldown/binding-freebsd-x64'
252 silly reify ]
253 verbose reify failed optional dependency /mnt/data/technologia_work/node_modules/@rolldown/binding-darwin-x64
254 silly reify mark deleted [
254 silly reify   '/mnt/data/technologia_work/node_modules/@rolldown/binding-darwin-x64'
254 silly reify ]
255 verbose reify failed optional dependency /mnt/data/technologia_work/node_modules/@rolldown/binding-darwin-arm64
256 silly reify mark deleted [
256 silly reify   '/mnt/data/technologia_work/node_modules/@rolldown/binding-darwin-arm64'
256 silly reify ]
257 verbose reify failed optional dependency /mnt/data/technologia_work/node_modules/@rolldown/binding-android-arm64
258 silly reify mark deleted [
258 silly reify   '/mnt/data/technologia_work/node_modules/@rolldown/binding-android-arm64'
258 silly reify ]
259 verbose reify failed optional dependency /mnt/data/technologia_work/node_modules/@next/swc-win32-x64-msvc
260 silly reify mark deleted [ '/mnt/data/technologia_work/node_modules/@next/swc-win32-x64-msvc' ]
261 verbose reify failed optional dependency /mnt/data/technologia_work/node_modules/@next/swc-win32-arm64-msvc
262 silly reify mark deleted [
262 silly reify   '/mnt/data/technologia_work/node_modules/@next/swc-win32-arm64-msvc'
262 silly reify ]
263 verbose reify failed optional dependency /mnt/data/technologia_work/node_modules/@next/swc-linux-x64-musl
264 silly reify mark deleted [ '/mnt/data/technologia_work/node_modules/@next/swc-linux-x64-musl' ]
265 verbose reify failed optional dependency /mnt/data/technologia_work/node_modules/@next/swc-linux-arm64-musl
266 silly reify mark deleted [
266 silly reify   '/mnt/data/technologia_work/node_modules/@next/swc-linux-arm64-musl'
266 silly reify ]
267 verbose reify failed optional dependency /mnt/data/technologia_work/node_modules/@next/swc-linux-arm64-gnu
268 silly reify mark deleted [ '/mnt/data/technologia_work/node_modules/@next/swc-linux-arm64-gnu' ]
269 verbose reify failed optional dependency /mnt/data/technologia_work/node_modules/@next/swc-darwin-x64
270 silly reify mark deleted [ '/mnt/data/technologia_work/node_modules/@next/swc-darwin-x64' ]
271 verbose reify failed optional dependency /mnt/data/technologia_work/node_modules/@next/swc-darwin-arm64
272 silly reify mark deleted [ '/mnt/data/technologia_work/node_modules/@next/swc-darwin-arm64' ]
273 verbose reify failed optional dependency /mnt/data/technologia_work/node_modules/@img/sharp-win32-x64
274 silly reify mark deleted [ '/mnt/data/technologia_work/node_modules/@img/sharp-win32-x64' ]
275 verbose reify failed optional dependency /mnt/data/technologia_work/node_modules/@img/sharp-win32-ia32
276 silly reify mark deleted [ '/mnt/data/technologia_work/node_modules/@img/sharp-win32-ia32' ]
277 verbose reify failed optional dependency /mnt/data/technologia_work/node_modules/@img/sharp-win32-arm64
278 silly reify mark deleted [ '/mnt/data/technologia_work/node_modules/@img/sharp-win32-arm64' ]
279 verbose reify failed optional dependency /mnt/data/technologia_work/node_modules/@img/sharp-wasm32
280 silly reify mark deleted [ '/mnt/data/technologia_work/node_modules/@img/sharp-wasm32' ]
281 verbose reify failed optional dependency /mnt/data/technologia_work/node_modules/@img/sharp-linuxmusl-x64
282 silly reify mark deleted [ '/mnt/data/technologia_work/node_modules/@img/sharp-linuxmusl-x64' ]
283 verbose reify failed optional dependency /mnt/data/technologia_work/node_modules/@img/sharp-linuxmusl-arm64
284 silly reify mark deleted [
284 silly reify   '/mnt/data/technologia_work/node_modules/@img/sharp-linuxmusl-arm64'
284 silly reify ]
285 verbose reify failed optional dependency /mnt/data/technologia_work/node_modules/@img/sharp-linux-s390x
286 silly reify mark deleted [ '/mnt/data/technologia_work/node_modules/@img/sharp-linux-s390x' ]
287 verbose reify failed optional dependency /mnt/data/technologia_work/node_modules/@img/sharp-linux-riscv64
288 silly reify mark deleted [ '/mnt/data/technologia_work/node_modules/@img/sharp-linux-riscv64' ]
289 verbose reify failed optional dependency /mnt/data/technologia_work/node_modules/@img/sharp-linux-ppc64
290 silly reify mark deleted [ '/mnt/data/technologia_work/node_modules/@img/sharp-linux-ppc64' ]
291 verbose reify failed optional dependency /mnt/data/technologia_work/node_modules/@img/sharp-linux-arm64
292 silly reify mark deleted [ '/mnt/data/technologia_work/node_modules/@img/sharp-linux-arm64' ]
293 verbose reify failed optional dependency /mnt/data/technologia_work/node_modules/@img/sharp-linux-arm
294 silly reify mark deleted [ '/mnt/data/technologia_work/node_modules/@img/sharp-linux-arm' ]
295 verbose reify failed optional dependency /mnt/data/technologia_work/node_modules/@img/sharp-libvips-linuxmusl-x64
296 silly reify mark deleted [
296 silly reify   '/mnt/data/technologia_work/node_modules/@img/sharp-libvips-linuxmusl-x64'
296 silly reify ]
297 verbose reify failed optional dependency /mnt/data/technologia_work/node_modules/@img/sharp-libvips-linuxmusl-arm64
298 silly reify mark deleted [
298 silly reify   '/mnt/data/technologia_work/node_modules/@img/sharp-libvips-linuxmusl-arm64'
298 silly reify ]
299 verbose reify failed optional dependency /mnt/data/technologia_work/node_modules/@img/sharp-libvips-linux-s390x
300 silly reify mark deleted [
300 silly reify   '/mnt/data/technologia_work/node_modules/@img/sharp-libvips-linux-s390x'
300 silly reify ]
301 verbose reify failed optional dependency /mnt/data/technologia_work/node_modules/@img/sharp-libvips-linux-riscv64
302 silly reify mark deleted [
302 silly reify   '/mnt/data/technologia_work/node_modules/@img/sharp-libvips-linux-riscv64'
302 silly reify ]
303 verbose reify failed optional dependency /mnt/data/technologia_work/node_modules/@img/sharp-libvips-linux-ppc64
304 silly reify mark deleted [
304 silly reify   '/mnt/data/technologia_work/node_modules/@img/sharp-libvips-linux-ppc64'
304 silly reify ]
305 verbose reify failed optional dependency /mnt/data/technologia_work/node_modules/@img/sharp-libvips-linux-arm64
306 silly reify mark deleted [
306 silly reify   '/mnt/data/technologia_work/node_modules/@img/sharp-libvips-linux-arm64'
306 silly reify ]
307 verbose reify failed optional dependency /mnt/data/technologia_work/node_modules/@img/sharp-libvips-linux-arm
308 silly reify mark deleted [
308 silly reify   '/mnt/data/technologia_work/node_modules/@img/sharp-libvips-linux-arm'
308 silly reify ]
309 verbose reify failed optional dependency /mnt/data/technologia_work/node_modules/@img/sharp-libvips-darwin-x64
310 silly reify mark deleted [
310 silly reify   '/mnt/data/technologia_work/node_modules/@img/sharp-libvips-darwin-x64'
310 silly reify ]
311 verbose reify failed optional dependency /mnt/data/technologia_work/node_modules/@img/sharp-libvips-darwin-arm64
312 silly reify mark deleted [
312 silly reify   '/mnt/data/technologia_work/node_modules/@img/sharp-libvips-darwin-arm64'
312 silly reify ]
313 verbose reify failed optional dependency /mnt/data/technologia_work/node_modules/@img/sharp-darwin-x64
314 silly reify mark deleted [ '/mnt/data/technologia_work/node_modules/@img/sharp-darwin-x64' ]
315 verbose reify failed optional dependency /mnt/data/technologia_work/node_modules/@img/sharp-darwin-arm64
316 silly reify mark deleted [ '/mnt/data/technologia_work/node_modules/@img/sharp-darwin-arm64' ]
317 verbose reify failed optional dependency /mnt/data/technologia_work/node_modules/@esbuild/win32-x64
318 silly reify mark deleted [ '/mnt/data/technologia_work/node_modules/@esbuild/win32-x64' ]
319 verbose reify failed optional dependency /mnt/data/technologia_work/node_modules/@esbuild/win32-ia32
320 silly reify mark deleted [ '/mnt/data/technologia_work/node_modules/@esbuild/win32-ia32' ]
321 verbose reify failed optional dependency /mnt/data/technologia_work/node_modules/@esbuild/win32-arm64
322 silly reify mark deleted [ '/mnt/data/technologia_work/node_modules/@esbuild/win32-arm64' ]
323 verbose reify failed optional dependency /mnt/data/technologia_work/node_modules/@esbuild/sunos-x64
324 silly reify mark deleted [ '/mnt/data/technologia_work/node_modules/@esbuild/sunos-x64' ]
325 verbose reify failed optional dependency /mnt/data/technologia_work/node_modules/@esbuild/openharmony-arm64
326 silly reify mark deleted [
326 silly reify   '/mnt/data/technologia_work/node_modules/@esbuild/openharmony-arm64'
326 silly reify ]
327 verbose reify failed optional dependency /mnt/data/technologia_work/node_modules/@esbuild/openbsd-x64
328 silly reify mark deleted [ '/mnt/data/technologia_work/node_modules/@esbuild/openbsd-x64' ]
329 verbose reify failed optional dependency /mnt/data/technologia_work/node_modules/@esbuild/openbsd-arm64
330 silly reify mark deleted [ '/mnt/data/technologia_work/node_modules/@esbuild/openbsd-arm64' ]
331 verbose reify failed optional dependency /mnt/data/technologia_work/node_modules/@esbuild/netbsd-x64
332 silly reify mark deleted [ '/mnt/data/technologia_work/node_modules/@esbuild/netbsd-x64' ]
333 verbose reify failed optional dependency /mnt/data/technologia_work/node_modules/@esbuild/netbsd-arm64
334 silly reify mark deleted [ '/mnt/data/technologia_work/node_modules/@esbuild/netbsd-arm64' ]
335 verbose reify failed optional dependency /mnt/data/technologia_work/node_modules/@esbuild/linux-s390x
336 silly reify mark deleted [ '/mnt/data/technologia_work/node_modules/@esbuild/linux-s390x' ]
337 verbose reify failed optional dependency /mnt/data/technologia_work/node_modules/@esbuild/linux-riscv64
338 silly reify mark deleted [ '/mnt/data/technologia_work/node_modules/@esbuild/linux-riscv64' ]
339 verbose reify failed optional dependency /mnt/data/technologia_work/node_modules/@esbuild/linux-ppc64
340 silly reify mark deleted [ '/mnt/data/technologia_work/node_modules/@esbuild/linux-ppc64' ]
341 verbose reify failed optional dependency /mnt/data/technologia_work/node_modules/@esbuild/linux-mips64el
342 silly reify mark deleted [ '/mnt/data/technologia_work/node_modules/@esbuild/linux-mips64el' ]
343 verbose reify failed optional dependency /mnt/data/technologia_work/node_modules/@esbuild/linux-loong64
344 silly reify mark deleted [ '/mnt/data/technologia_work/node_modules/@esbuild/linux-loong64' ]
345 verbose reify failed optional dependency /mnt/data/technologia_work/node_modules/@esbuild/linux-ia32
346 silly reify mark deleted [ '/mnt/data/technologia_work/node_modules/@esbuild/linux-ia32' ]
347 verbose reify failed optional dependency /mnt/data/technologia_work/node_modules/@esbuild/linux-arm64
348 silly reify mark deleted [ '/mnt/data/technologia_work/node_modules/@esbuild/linux-arm64' ]
349 verbose reify failed optional dependency /mnt/data/technologia_work/node_modules/@esbuild/linux-arm
350 silly reify mark deleted [ '/mnt/data/technologia_work/node_modules/@esbuild/linux-arm' ]
351 verbose reify failed optional dependency /mnt/data/technologia_work/node_modules/@esbuild/freebsd-x64
352 silly reify mark deleted [ '/mnt/data/technologia_work/node_modules/@esbuild/freebsd-x64' ]
353 verbose reify failed optional dependency /mnt/data/technologia_work/node_modules/@esbuild/freebsd-arm64
354 silly reify mark deleted [ '/mnt/data/technologia_work/node_modules/@esbuild/freebsd-arm64' ]
355 verbose reify failed optional dependency /mnt/data/technologia_work/node_modules/@esbuild/darwin-x64
356 silly reify mark deleted [ '/mnt/data/technologia_work/node_modules/@esbuild/darwin-x64' ]
357 verbose reify failed optional dependency /mnt/data/technologia_work/node_modules/@esbuild/darwin-arm64
358 silly reify mark deleted [ '/mnt/data/technologia_work/node_modules/@esbuild/darwin-arm64' ]
359 verbose reify failed optional dependency /mnt/data/technologia_work/node_modules/@esbuild/android-x64
360 silly reify mark deleted [ '/mnt/data/technologia_work/node_modules/@esbuild/android-x64' ]
361 verbose reify failed optional dependency /mnt/data/technologia_work/node_modules/@esbuild/android-arm64
362 silly reify mark deleted [ '/mnt/data/technologia_work/node_modules/@esbuild/android-arm64' ]
363 verbose reify failed optional dependency /mnt/data/technologia_work/node_modules/@esbuild/android-arm
364 silly reify mark deleted [ '/mnt/data/technologia_work/node_modules/@esbuild/android-arm' ]
365 verbose reify failed optional dependency /mnt/data/technologia_work/node_modules/@esbuild/aix-ppc64
366 silly reify mark deleted [ '/mnt/data/technologia_work/node_modules/@esbuild/aix-ppc64' ]
367 verbose reify failed optional dependency /mnt/data/technologia_work/node_modules/@esbuild-kit/core-utils/node_modules/@esbuild/win32-x64
368 silly reify mark deleted [
368 silly reify   '/mnt/data/technologia_work/node_modules/@esbuild-kit/core-utils/node_modules/@esbuild/win32-x64'
368 silly reify ]
369 verbose reify failed optional dependency /mnt/data/technologia_work/node_modules/@esbuild-kit/core-utils/node_modules/@esbuild/win32-ia32
370 silly reify mark deleted [
370 silly reify   '/mnt/data/technologia_work/node_modules/@esbuild-kit/core-utils/node_modules/@esbuild/win32-ia32'
370 silly reify ]
371 verbose reify failed optional dependency /mnt/data/technologia_work/node_modules/@esbuild-kit/core-utils/node_modules/@esbuild/win32-arm64
372 silly reify mark deleted [
372 silly reify   '/mnt/data/technologia_work/node_modules/@esbuild-kit/core-utils/node_modules/@esbuild/win32-arm64'
372 silly reify ]
373 verbose reify failed optional dependency /mnt/data/technologia_work/node_modules/@esbuild-kit/core-utils/node_modules/@esbuild/sunos-x64
374 silly reify mark deleted [
374 silly reify   '/mnt/data/technologia_work/node_modules/@esbuild-kit/core-utils/node_modules/@esbuild/sunos-x64'
374 silly reify ]
375 verbose reify failed optional dependency /mnt/data/technologia_work/node_modules/@esbuild-kit/core-utils/node_modules/@esbuild/openbsd-x64
376 silly reify mark deleted [
376 silly reify   '/mnt/data/technologia_work/node_modules/@esbuild-kit/core-utils/node_modules/@esbuild/openbsd-x64'
376 silly reify ]
377 verbose reify failed optional dependency /mnt/data/technologia_work/node_modules/@esbuild-kit/core-utils/node_modules/@esbuild/netbsd-x64
378 silly reify mark deleted [
378 silly reify   '/mnt/data/technologia_work/node_modules/@esbuild-kit/core-utils/node_modules/@esbuild/netbsd-x64'
378 silly reify ]
379 verbose reify failed optional dependency /mnt/data/technologia_work/node_modules/@esbuild-kit/core-utils/node_modules/@esbuild/linux-s390x
380 silly reify mark deleted [
380 silly reify   '/mnt/data/technologia_work/node_modules/@esbuild-kit/core-utils/node_modules/@esbuild/linux-s390x'
380 silly reify ]
381 verbose reify failed optional dependency /mnt/data/technologia_work/node_modules/@esbuild-kit/core-utils/node_modules/@esbuild/linux-riscv64
382 silly reify mark deleted [
382 silly reify   '/mnt/data/technologia_work/node_modules/@esbuild-kit/core-utils/node_modules/@esbuild/linux-riscv64'
382 silly reify ]
383 verbose reify failed optional dependency /mnt/data/technologia_work/node_modules/@esbuild-kit/core-utils/node_modules/@esbuild/linux-ppc64
384 silly reify mark deleted [
384 silly reify   '/mnt/data/technologia_work/node_modules/@esbuild-kit/core-utils/node_modules/@esbuild/linux-ppc64'
384 silly reify ]
385 verbose reify failed optional dependency /mnt/data/technologia_work/node_modules/@esbuild-kit/core-utils/node_modules/@esbuild/linux-mips64el
386 silly reify mark deleted [
386 silly reify   '/mnt/data/technologia_work/node_modules/@esbuild-kit/core-utils/node_modules/@esbuild/linux-mips64el'
386 silly reify ]
387 verbose reify failed optional dependency /mnt/data/technologia_work/node_modules/@esbuild-kit/core-utils/node_modules/@esbuild/linux-loong64
388 silly reify mark deleted [
388 silly reify   '/mnt/data/technologia_work/node_modules/@esbuild-kit/core-utils/node_modules/@esbuild/linux-loong64'
388 silly reify ]
389 verbose reify failed optional dependency /mnt/data/technologia_work/node_modules/@esbuild-kit/core-utils/node_modules/@esbuild/linux-ia32
390 silly reify mark deleted [
390 silly reify   '/mnt/data/technologia_work/node_modules/@esbuild-kit/core-utils/node_modules/@esbuild/linux-ia32'
390 silly reify ]
391 verbose reify failed optional dependency /mnt/data/technologia_work/node_modules/@esbuild-kit/core-utils/node_modules/@esbuild/linux-arm64
392 silly reify mark deleted [
392 silly reify   '/mnt/data/technologia_work/node_modules/@esbuild-kit/core-utils/node_modules/@esbuild/linux-arm64'
392 silly reify ]
393 verbose reify failed optional dependency /mnt/data/technologia_work/node_modules/@esbuild-kit/core-utils/node_modules/@esbuild/linux-arm
394 silly reify mark deleted [
394 silly reify   '/mnt/data/technologia_work/node_modules/@esbuild-kit/core-utils/node_modules/@esbuild/linux-arm'
394 silly reify ]
395 verbose reify failed optional dependency /mnt/data/technologia_work/node_modules/@esbuild-kit/core-utils/node_modules/@esbuild/freebsd-x64
396 silly reify mark deleted [
396 silly reify   '/mnt/data/technologia_work/node_modules/@esbuild-kit/core-utils/node_modules/@esbuild/freebsd-x64'
396 silly reify ]
397 verbose reify failed optional dependency /mnt/data/technologia_work/node_modules/@esbuild-kit/core-utils/node_modules/@esbuild/freebsd-arm64
398 silly reify mark deleted [
398 silly reify   '/mnt/data/technologia_work/node_modules/@esbuild-kit/core-utils/node_modules/@esbuild/freebsd-arm64'
398 silly reify ]
399 verbose reify failed optional dependency /mnt/data/technologia_work/node_modules/@esbuild-kit/core-utils/node_modules/@esbuild/darwin-x64
400 silly reify mark deleted [
400 silly reify   '/mnt/data/technologia_work/node_modules/@esbuild-kit/core-utils/node_modules/@esbuild/darwin-x64'
400 silly reify ]
401 verbose reify failed optional dependency /mnt/data/technologia_work/node_modules/@esbuild-kit/core-utils/node_modules/@esbuild/darwin-arm64
402 silly reify mark deleted [
402 silly reify   '/mnt/data/technologia_work/node_modules/@esbuild-kit/core-utils/node_modules/@esbuild/darwin-arm64'
402 silly reify ]
403 verbose reify failed optional dependency /mnt/data/technologia_work/node_modules/@esbuild-kit/core-utils/node_modules/@esbuild/android-x64
404 silly reify mark deleted [
404 silly reify   '/mnt/data/technologia_work/node_modules/@esbuild-kit/core-utils/node_modules/@esbuild/android-x64'
404 silly reify ]
405 verbose reify failed optional dependency /mnt/data/technologia_work/node_modules/@esbuild-kit/core-utils/node_modules/@esbuild/android-arm64
406 silly reify mark deleted [
406 silly reify   '/mnt/data/technologia_work/node_modules/@esbuild-kit/core-utils/node_modules/@esbuild/android-arm64'
406 silly reify ]
407 verbose reify failed optional dependency /mnt/data/technologia_work/node_modules/@esbuild-kit/core-utils/node_modules/@esbuild/android-arm
408 silly reify mark deleted [
408 silly reify   '/mnt/data/technologia_work/node_modules/@esbuild-kit/core-utils/node_modules/@esbuild/android-arm'
408 silly reify ]
409 verbose reify failed optional dependency /mnt/data/technologia_work/node_modules/@cloudflare/workerd-windows-64
410 silly reify mark deleted [
410 silly reify   '/mnt/data/technologia_work/node_modules/@cloudflare/workerd-windows-64'
410 silly reify ]
411 verbose reify failed optional dependency /mnt/data/technologia_work/node_modules/@cloudflare/workerd-linux-arm64
412 silly reify mark deleted [
412 silly reify   '/mnt/data/technologia_work/node_modules/@cloudflare/workerd-linux-arm64'
412 silly reify ]
413 verbose reify failed optional dependency /mnt/data/technologia_work/node_modules/@cloudflare/workerd-darwin-arm64
414 silly reify mark deleted [
414 silly reify   '/mnt/data/technologia_work/node_modules/@cloudflare/workerd-darwin-arm64'
414 silly reify ]
415 verbose reify failed optional dependency /mnt/data/technologia_work/node_modules/@cloudflare/workerd-darwin-64
416 silly reify mark deleted [
416 silly reify   '/mnt/data/technologia_work/node_modules/@cloudflare/workerd-darwin-64'
416 silly reify ]
417 http cache zod@https://packages.applied-caas-gateway1.internal.api.openai.org/artifactory/api/npm/npm-public/zod/-/zod-4.4.3.tgz 0ms (cache hit)
418 http cache zod-validation-error@https://packages.applied-caas-gateway1.internal.api.openai.org/artifactory/api/npm/npm-public/zod-validation-error/-/zod-validation-error-4.0.2.tgz 0ms (cache hit)
419 http cache youch-core@https://packages.applied-caas-gateway1.internal.api.openai.org/artifactory/api/npm/npm-public/youch-core/-/youch-core-0.3.3.tgz 0ms (cache hit)
420 http cache yoga-layout@https://packages.applied-caas-gateway1.internal.api.openai.org/artifactory/api/npm/npm-public/yoga-layout/-/yoga-layout-3.2.1.tgz 0ms (cache hit)
421 http cache yocto-queue@https://packages.applied-caas-gateway1.internal.api.openai.org/artifactory/api/npm/npm-public/yocto-queue/-/yocto-queue-0.1.0.tgz 0ms (cache hit)
422 http cache yallist@https://packages.applied-caas-gateway1.internal.api.openai.org/artifactory/api/npm/npm-public/yallist/-/yallist-3.1.1.tgz 0ms (cache hit)
423 http cache ws@https://packages.applied-caas-gateway1.internal.api.openai.org/artifactory/api/npm/npm-public/ws/-/ws-8.18.0.tgz 0ms (cache hit)
424 http cache wrangler@https://packages.applied-caas-gateway1.internal.api.openai.org/artifactory/api/npm/npm-public/wrangler/-/wrangler-4.92.0.tgz 0ms (cache hit)
425 http cache youch@https://packages.applied-caas-gateway1.internal.api.openai.org/artifactory/api/npm/npm-public/youch/-/youch-4.1.0-beta.10.tgz 1ms (cache hit)
426 http cache workerd@https://packages.applied-caas-gateway1.internal.api.openai.org/artifactory/api/npm/npm-public/workerd/-/workerd-1.20260515.1.tgz 0ms (cache hit)
427 http cache word-wrap@https://packages.applied-caas-gateway1.internal.api.openai.org/artifactory/api/npm/npm-public/word-wrap/-/word-wrap-1.2.5.tgz 0ms (cache hit)
428 http cache which-collection@https://packages.applied-caas-gateway1.internal.api.openai.org/artifactory/api/npm/npm-public/which-collection/-/which-collection-1.0.2.tgz 0ms (cache hit)
429 http cache which-typed-array@https://packages.applied-caas-gateway1.internal.api.openai.org/artifactory/api/npm/npm-public/which-typed-array/-/which-typed-array-1.1.20.tgz 0ms (cache hit)
430 http cache which-builtin-type@https://packages.applied-caas-gateway1.internal.api.openai.org/artifactory/api/npm/npm-public/which-builtin-type/-/which-builtin-type-1.2.1.tgz 0ms (cache hit)
431 http cache which-boxed-primitive@https://packages.applied-caas-gateway1.internal.api.openai.org/artifactory/api/npm/npm-public/which-boxed-primitive/-/which-boxed-primitive-1.1.1.tgz 0ms (cache hit)
432 http cache which@https://packages.applied-caas-gateway1.internal.api.openai.org/artifactory/api/npm/npm-public/which/-/which-2.0.2.tgz 0ms (cache hit)
433 http cache webpack-sources@https://packages.applied-caas-gateway1.internal.api.openai.org/artifactory/api/npm/npm-public/webpack-sources/-/webpack-sources-3.4.1.tgz 0ms (cache hit)
434 http cache webpack@https://packages.applied-caas-gateway1.internal.api.openai.org/artifactory/api/npm/npm-public/webpack/-/webpack-5.106.2.tgz 0ms (cache hit)
435 http cache watchpack@https://packages.applied-caas-gateway1.internal.api.openai.org/artifactory/api/npm/npm-public/watchpack/-/watchpack-2.5.1.tgz 0ms (cache hit)
436 http cache web-vitals@https://packages.applied-caas-gateway1.internal.api.openai.org/artifactory/api/npm/npm-public/web-vitals/-/web-vitals-4.2.4.tgz 0ms (cache hit)
437 http cache vitefu@https://packages.applied-caas-gateway1.internal.api.openai.org/artifactory/api/npm/npm-public/vitefu/-/vitefu-1.1.3.tgz 0ms (cache hit)
438 http cache vite-plugin-dynamic-import@https://packages.applied-caas-gateway1.internal.api.openai.org/artifactory/api/npm/npm-public/vite-plugin-dynamic-import/-/vite-plugin-dynamic-import-1.6.0.tgz 0ms (cache hit)
439 http cache vite-tsconfig-paths@https://packages.applied-caas-gateway1.internal.api.openai.org/artifactory/api/npm/npm-public/vite-tsconfig-paths/-/vite-tsconfig-paths-6.1.1.tgz 0ms (cache hit)
440 http cache vite-plugin-commonjs@https://packages.applied-caas-gateway1.internal.api.openai.org/artifactory/api/npm/npm-public/vite-plugin-commonjs/-/vite-plugin-commonjs-0.10.4.tgz 0ms (cache hit)
441 http cache vinext@https://packages.applied-caas-gateway1.internal.api.openai.org/artifactory/api/npm/npm-public/vinext/-/vinext-0.0.50.tgz 0ms (cache hit)
442 http cache vite@https://packages.applied-caas-gateway1.internal.api.openai.org/artifactory/api/npm/npm-public/vite/-/vite-8.0.13.tgz 0ms (cache hit)
443 http cache uri-js@https://packages.applied-caas-gateway1.internal.api.openai.org/artifactory/api/npm/npm-public/uri-js/-/uri-js-4.4.1.tgz 0ms (cache hit)
444 http cache unrs-resolver@https://packages.applied-caas-gateway1.internal.api.openai.org/artifactory/api/npm/npm-public/unrs-resolver/-/unrs-resolver-1.11.1.tgz 0ms (cache hit)
445 http cache unpic@https://packages.applied-caas-gateway1.internal.api.openai.org/artifactory/api/npm/npm-public/unpic/-/unpic-4.2.2.tgz 0ms (cache hit)
446 http cache update-browserslist-db@https://packages.applied-caas-gateway1.internal.api.openai.org/artifactory/api/npm/npm-public/update-browserslist-db/-/update-browserslist-db-1.2.3.tgz 0ms (cache hit)
447 http cache unicode-trie@https://packages.applied-caas-gateway1.internal.api.openai.org/artifactory/api/npm/npm-public/unicode-trie/-/unicode-trie-2.0.0.tgz 0ms (cache hit)
448 http cache unenv@https://packages.applied-caas-gateway1.internal.api.openai.org/artifactory/api/npm/npm-public/unenv/-/unenv-2.0.0-rc.24.tgz 0ms (cache hit)
449 http cache undici-types@https://packages.applied-caas-gateway1.internal.api.openai.org/artifactory/api/npm/npm-public/undici-types/-/undici-types-6.21.0.tgz 0ms (cache hit)
450 http cache undici@https://packages.applied-caas-gateway1.internal.api.openai.org/artifactory/api/npm/npm-public/undici/-/undici-7.24.8.tgz 0ms (cache hit)
451 http cache unbox-primitive@https://packages.applied-caas-gateway1.internal.api.openai.org/artifactory/api/npm/npm-public/unbox-primitive/-/unbox-primitive-1.1.0.tgz 0ms (cache hit)
452 http cache typescript-eslint@https://packages.applied-caas-gateway1.internal.api.openai.org/artifactory/api/npm/npm-public/typescript-eslint/-/typescript-eslint-8.59.3.tgz 0ms (cache hit)
453 http cache typescript@https://packages.applied-caas-gateway1.internal.api.openai.org/artifactory/api/npm/npm-public/typescript/-/typescript-5.9.3.tgz 0ms (cache hit)
454 http cache typed-array-length@https://packages.applied-caas-gateway1.internal.api.openai.org/artifactory/api/npm/npm-public/typed-array-length/-/typed-array-length-1.0.7.tgz 0ms (cache hit)
455 http cache typed-array-byte-offset@https://packages.applied-caas-gateway1.internal.api.openai.org/artifactory/api/npm/npm-public/typed-array-byte-offset/-/typed-array-byte-offset-1.0.4.tgz 0ms (cache hit)
456 http cache typed-array-byte-length@https://packages.applied-caas-gateway1.internal.api.openai.org/artifactory/api/npm/npm-public/typed-array-byte-length/-/typed-array-byte-length-1.0.3.tgz 0ms (cache hit)
457 http cache typed-array-buffer@https://packages.applied-caas-gateway1.internal.api.openai.org/artifactory/api/npm/npm-public/typed-array-buffer/-/typed-array-buffer-1.0.3.tgz 0ms (cache hit)
458 http cache type-check@https://packages.applied-caas-gateway1.internal.api.openai.org/artifactory/api/npm/npm-public/type-check/-/type-check-0.4.0.tgz 0ms (cache hit)
459 http cache turbo-stream@https://packages.applied-caas-gateway1.internal.api.openai.org/artifactory/api/npm/npm-public/turbo-stream/-/turbo-stream-3.2.0.tgz 0ms (cache hit)
460 http cache tsx@https://packages.applied-caas-gateway1.internal.api.openai.org/artifactory/api/npm/npm-public/tsx/-/tsx-4.22.1.tgz 0ms (cache hit)
461 http cache tslib@https://packages.applied-caas-gateway1.internal.api.openai.org/artifactory/api/npm/npm-public/tslib/-/tslib-2.8.1.tgz 0ms (cache hit)
462 http cache tsconfig-paths@https://packages.applied-caas-gateway1.internal.api.openai.org/artifactory/api/npm/npm-public/tsconfig-paths/-/tsconfig-paths-3.15.0.tgz 0ms (cache hit)
463 http cache tsconfck@https://packages.applied-caas-gateway1.internal.api.openai.org/artifactory/api/npm/npm-public/tsconfck/-/tsconfck-3.1.6.tgz 0ms (cache hit)
464 http cache ts-api-utils@https://packages.applied-caas-gateway1.internal.api.openai.org/artifactory/api/npm/npm-public/ts-api-utils/-/ts-api-utils-2.5.0.tgz 0ms (cache hit)
465 http cache to-regex-range@https://packages.applied-caas-gateway1.internal.api.openai.org/artifactory/api/npm/npm-public/to-regex-range/-/to-regex-range-5.0.1.tgz 0ms (cache hit)
466 http cache tinyglobby@https://packages.applied-caas-gateway1.internal.api.openai.org/artifactory/api/npm/npm-public/tinyglobby/-/tinyglobby-0.2.16.tgz 0ms (cache hit)
467 http cache tiny-inflate@https://packages.applied-caas-gateway1.internal.api.openai.org/artifactory/api/npm/npm-public/tiny-inflate/-/tiny-inflate-1.0.3.tgz 0ms (cache hit)
468 http cache terser-webpack-plugin@https://packages.applied-caas-gateway1.internal.api.openai.org/artifactory/api/npm/npm-public/terser-webpack-plugin/-/terser-webpack-plugin-5.6.0.tgz 0ms (cache hit)
469 http cache terser@https://packages.applied-caas-gateway1.internal.api.openai.org/artifactory/api/npm/npm-public/terser/-/terser-5.47.1.tgz 0ms (cache hit)
470 http cache tapable@https://packages.applied-caas-gateway1.internal.api.openai.org/artifactory/api/npm/npm-public/tapable/-/tapable-2.3.3.tgz 0ms (cache hit)
471 http cache tailwindcss@https://packages.applied-caas-gateway1.internal.api.openai.org/artifactory/api/npm/npm-public/tailwindcss/-/tailwindcss-4.2.1.tgz 0ms (cache hit)
472 http cache supports-preserve-symlinks-flag@https://packages.applied-caas-gateway1.internal.api.openai.org/artifactory/api/npm/npm-public/supports-preserve-symlinks-flag/-/supports-preserve-symlinks-flag-1.0.0.tgz 0ms (cache hit)
473 http cache supports-color@https://packages.applied-caas-gateway1.internal.api.openai.org/artifactory/api/npm/npm-public/supports-color/-/supports-color-7.2.0.tgz 0ms (cache hit)
474 http cache styled-jsx@https://packages.applied-caas-gateway1.internal.api.openai.org/artifactory/api/npm/npm-public/styled-jsx/-/styled-jsx-5.1.6.tgz 0ms (cache hit)
475 http cache strip-literal@https://packages.applied-caas-gateway1.internal.api.openai.org/artifactory/api/npm/npm-public/strip-literal/-/strip-literal-3.1.0.tgz 0ms (cache hit)
476 http cache strip-json-comments@https://packages.applied-caas-gateway1.internal.api.openai.org/artifactory/api/npm/npm-public/strip-json-comments/-/strip-json-comments-3.1.1.tgz 0ms (cache hit)
477 http cache strip-bom@https://packages.applied-caas-gateway1.internal.api.openai.org/artifactory/api/npm/npm-public/strip-bom/-/strip-bom-3.0.0.tgz 0ms (cache hit)
478 http cache string.prototype.trimstart@https://packages.applied-caas-gateway1.internal.api.openai.org/artifactory/api/npm/npm-public/string.prototype.trimstart/-/string.prototype.trimstart-1.0.8.tgz 0ms (cache hit)
479 http cache string.prototype.trimend@https://packages.applied-caas-gateway1.internal.api.openai.org/artifactory/api/npm/npm-public/string.prototype.trimend/-/string.prototype.trimend-1.0.9.tgz 0ms (cache hit)
480 http cache string.prototype.trim@https://packages.applied-caas-gateway1.internal.api.openai.org/artifactory/api/npm/npm-public/string.prototype.trim/-/string.prototype.trim-1.2.10.tgz 0ms (cache hit)
481 http cache string.prototype.repeat@https://packages.applied-caas-gateway1.internal.api.openai.org/artifactory/api/npm/npm-public/string.prototype.repeat/-/string.prototype.repeat-1.0.0.tgz 0ms (cache hit)
482 http cache string.prototype.matchall@https://packages.applied-caas-gateway1.internal.api.openai.org/artifactory/api/npm/npm-public/string.prototype.matchall/-/string.prototype.matchall-4.0.12.tgz 0ms (cache hit)
483 http cache string.prototype.includes@https://packages.applied-caas-gateway1.internal.api.openai.org/artifactory/api/npm/npm-public/string.prototype.includes/-/string.prototype.includes-2.0.1.tgz 0ms (cache hit)
484 http cache string.prototype.codepointat@https://packages.applied-caas-gateway1.internal.api.openai.org/artifactory/api/npm/npm-public/string.prototype.codepointat/-/string.prototype.codepointat-0.2.1.tgz 0ms (cache hit)
485 http cache stop-iteration-iterator@https://packages.applied-caas-gateway1.internal.api.openai.org/artifactory/api/npm/npm-public/stop-iteration-iterator/-/stop-iteration-iterator-1.1.0.tgz 0ms (cache hit)
486 http cache stable-hash@https://packages.applied-caas-gateway1.internal.api.openai.org/artifactory/api/npm/npm-public/stable-hash/-/stable-hash-0.0.5.tgz 0ms (cache hit)
487 http cache srvx@https://packages.applied-caas-gateway1.internal.api.openai.org/artifactory/api/npm/npm-public/srvx/-/srvx-0.11.15.tgz 0ms (cache hit)
488 http cache source-map-support@https://packages.applied-caas-gateway1.internal.api.openai.org/artifactory/api/npm/npm-public/source-map-support/-/source-map-support-0.5.21.tgz 0ms (cache hit)
489 http cache source-map-js@https://packages.applied-caas-gateway1.internal.api.openai.org/artifactory/api/npm/npm-public/source-map-js/-/source-map-js-1.2.1.tgz 0ms (cache hit)
490 http cache source-map@https://packages.applied-caas-gateway1.internal.api.openai.org/artifactory/api/npm/npm-public/source-map/-/source-map-0.6.1.tgz 0ms (cache hit)
491 http cache side-channel-weakmap@https://packages.applied-caas-gateway1.internal.api.openai.org/artifactory/api/npm/npm-public/side-channel-weakmap/-/side-channel-weakmap-1.0.2.tgz 0ms (cache hit)
492 http cache side-channel-map@https://packages.applied-caas-gateway1.internal.api.openai.org/artifactory/api/npm/npm-public/side-channel-map/-/side-channel-map-1.0.1.tgz 0ms (cache hit)
493 http cache side-channel-list@https://packages.applied-caas-gateway1.internal.api.openai.org/artifactory/api/npm/npm-public/side-channel-list/-/side-channel-list-1.0.1.tgz 0ms (cache hit)
494 http cache side-channel@https://packages.applied-caas-gateway1.internal.api.openai.org/artifactory/api/npm/npm-public/side-channel/-/side-channel-1.1.0.tgz 0ms (cache hit)
495 http cache shebang-regex@https://packages.applied-caas-gateway1.internal.api.openai.org/artifactory/api/npm/npm-public/shebang-regex/-/shebang-regex-3.0.0.tgz 0ms (cache hit)
496 http cache shebang-command@https://packages.applied-caas-gateway1.internal.api.openai.org/artifactory/api/npm/npm-public/shebang-command/-/shebang-command-2.0.0.tgz 0ms (cache hit)
497 http cache sharp@https://packages.applied-caas-gateway1.internal.api.openai.org/artifactory/api/npm/npm-public/sharp/-/sharp-0.34.5.tgz 0ms (cache hit)
498 http cache set-proto@https://packages.applied-caas-gateway1.internal.api.openai.org/artifactory/api/npm/npm-public/set-proto/-/set-proto-1.0.0.tgz 0ms (cache hit)
499 http cache set-function-name@https://packages.applied-caas-gateway1.internal.api.openai.org/artifactory/api/npm/npm-public/set-function-name/-/set-function-name-2.0.2.tgz 0ms (cache hit)
500 http cache set-function-length@https://packages.applied-caas-gateway1.internal.api.openai.org/artifactory/api/npm/npm-public/set-function-length/-/set-function-length-1.2.2.tgz 0ms (cache hit)
501 http cache semver@https://packages.applied-caas-gateway1.internal.api.openai.org/artifactory/api/npm/npm-public/semver/-/semver-6.3.1.tgz 0ms (cache hit)
502 http cache schema-utils@https://packages.applied-caas-gateway1.internal.api.openai.org/artifactory/api/npm/npm-public/schema-utils/-/schema-utils-4.3.3.tgz 0ms (cache hit)
503 http cache scheduler@https://packages.applied-caas-gateway1.internal.api.openai.org/artifactory/api/npm/npm-public/scheduler/-/scheduler-0.27.0.tgz 0ms (cache hit)
504 http cache satori@https://packages.applied-caas-gateway1.internal.api.openai.org/artifactory/api/npm/npm-public/satori/-/satori-0.16.0.tgz 0ms (cache hit)
505 http cache safe-regex-test@https://packages.applied-caas-gateway1.internal.api.openai.org/artifactory/api/npm/npm-public/safe-regex-test/-/safe-regex-test-1.1.0.tgz 0ms (cache hit)
506 http cache safe-push-apply@https://packages.applied-caas-gateway1.internal.api.openai.org/artifactory/api/npm/npm-public/safe-push-apply/-/safe-push-apply-1.0.0.tgz 0ms (cache hit)
507 http cache safe-array-concat@https://packages.applied-caas-gateway1.internal.api.openai.org/artifactory/api/npm/npm-public/safe-array-concat/-/safe-array-concat-1.1.4.tgz 0ms (cache hit)
508 http cache run-parallel@https://packages.applied-caas-gateway1.internal.api.openai.org/artifactory/api/npm/npm-public/run-parallel/-/run-parallel-1.2.0.tgz 0ms (cache hit)
509 http cache rolldown@https://packages.applied-caas-gateway1.internal.api.openai.org/artifactory/api/npm/npm-public/rolldown/-/rolldown-1.0.1.tgz 0ms (cache hit)
510 http cache reusify@https://packages.applied-caas-gateway1.internal.api.openai.org/artifactory/api/npm/npm-public/reusify/-/reusify-1.1.0.tgz 0ms (cache hit)
511 http cache resolve-pkg-maps@https://packages.applied-caas-gateway1.internal.api.openai.org/artifactory/api/npm/npm-public/resolve-pkg-maps/-/resolve-pkg-maps-1.0.0.tgz 0ms (cache hit)
512 http cache resolve-from@https://packages.applied-caas-gateway1.internal.api.openai.org/artifactory/api/npm/npm-public/resolve-from/-/resolve-from-4.0.0.tgz 0ms (cache hit)
513 http cache resolve@https://packages.applied-caas-gateway1.internal.api.openai.org/artifactory/api/npm/npm-public/resolve/-/resolve-2.0.0-next.7.tgz 0ms (cache hit)
514 http cache require-from-string@https://packages.applied-caas-gateway1.internal.api.openai.org/artifactory/api/npm/npm-public/require-from-string/-/require-from-string-2.0.2.tgz 0ms (cache hit)
515 http cache regexp.prototype.flags@https://packages.applied-caas-gateway1.internal.api.openai.org/artifactory/api/npm/npm-public/regexp.prototype.flags/-/regexp.prototype.flags-1.5.4.tgz 0ms (cache hit)
516 http cache reflect.getprototypeof@https://packages.applied-caas-gateway1.internal.api.openai.org/artifactory/api/npm/npm-public/reflect.getprototypeof/-/reflect.getprototypeof-1.0.10.tgz 0ms (cache hit)
517 http cache react-server-dom-webpack@https://packages.applied-caas-gateway1.internal.api.openai.org/artifactory/api/npm/npm-public/react-server-dom-webpack/-/react-server-dom-webpack-19.2.6.tgz 0ms (cache hit)
518 http cache react-is@https://packages.applied-caas-gateway1.internal.api.openai.org/artifactory/api/npm/npm-public/react-is/-/react-is-16.13.1.tgz 0ms (cache hit)
519 http cache react-dom@https://packages.applied-caas-gateway1.internal.api.openai.org/artifactory/api/npm/npm-public/react-dom/-/react-dom-19.2.6.tgz 0ms (cache hit)
520 http cache react@https://packages.applied-caas-gateway1.internal.api.openai.org/artifactory/api/npm/npm-public/react/-/react-19.2.6.tgz 0ms (cache hit)
521 http cache queue-microtask@https://packages.applied-caas-gateway1.internal.api.openai.org/artifactory/api/npm/npm-public/queue-microtask/-/queue-microtask-1.2.3.tgz 0ms (cache hit)
522 http cache punycode@https://packages.applied-caas-gateway1.internal.api.openai.org/artifactory/api/npm/npm-public/punycode/-/punycode-2.3.1.tgz 0ms (cache hit)
523 http cache prop-types@https://packages.applied-caas-gateway1.internal.api.openai.org/artifactory/api/npm/npm-public/prop-types/-/prop-types-15.8.1.tgz 0ms (cache hit)
524 http cache prelude-ls@https://packages.applied-caas-gateway1.internal.api.openai.org/artifactory/api/npm/npm-public/prelude-ls/-/prelude-ls-1.2.1.tgz 0ms (cache hit)
525 http cache postcss-value-parser@https://packages.applied-caas-gateway1.internal.api.openai.org/artifactory/api/npm/npm-public/postcss-value-parser/-/postcss-value-parser-4.2.0.tgz 0ms (cache hit)
526 http cache postcss@https://packages.applied-caas-gateway1.internal.api.openai.org/artifactory/api/npm/npm-public/postcss/-/postcss-8.5.14.tgz 0ms (cache hit)
527 http cache possible-typed-array-names@https://packages.applied-caas-gateway1.internal.api.openai.org/artifactory/api/npm/npm-public/possible-typed-array-names/-/possible-typed-array-names-1.1.0.tgz 0ms (cache hit)
528 http cache picomatch@https://packages.applied-caas-gateway1.internal.api.openai.org/artifactory/api/npm/npm-public/picomatch/-/picomatch-2.3.2.tgz 0ms (cache hit)
529 http cache picocolors@https://packages.applied-caas-gateway1.internal.api.openai.org/artifactory/api/npm/npm-public/picocolors/-/picocolors-1.1.1.tgz 0ms (cache hit)
530 http cache pathe@https://packages.applied-caas-gateway1.internal.api.openai.org/artifactory/api/npm/npm-public/pathe/-/pathe-2.0.3.tgz 0ms (cache hit)
531 http cache path-to-regexp@https://packages.applied-caas-gateway1.internal.api.openai.org/artifactory/api/npm/npm-public/path-to-regexp/-/path-to-regexp-6.3.0.tgz 0ms (cache hit)
532 http cache path-parse@https://packages.applied-caas-gateway1.internal.api.openai.org/artifactory/api/npm/npm-public/path-parse/-/path-parse-1.0.7.tgz 0ms (cache hit)
533 http cache path-key@https://packages.applied-caas-gateway1.internal.api.openai.org/artifactory/api/npm/npm-public/path-key/-/path-key-3.1.1.tgz 0ms (cache hit)
534 http cache path-exists@https://packages.applied-caas-gateway1.internal.api.openai.org/artifactory/api/npm/npm-public/path-exists/-/path-exists-4.0.0.tgz 0ms (cache hit)
535 http cache parse-css-color@https://packages.applied-caas-gateway1.internal.api.openai.org/artifactory/api/npm/npm-public/parse-css-color/-/parse-css-color-0.2.1.tgz 0ms (cache hit)
536 http cache parent-module@https://packages.applied-caas-gateway1.internal.api.openai.org/artifactory/api/npm/npm-public/parent-module/-/parent-module-1.0.1.tgz 0ms (cache hit)
537 http cache pako@https://packages.applied-caas-gateway1.internal.api.openai.org/artifactory/api/npm/npm-public/pako/-/pako-0.2.9.tgz 0ms (cache hit)
538 http cache p-locate@https://packages.applied-caas-gateway1.internal.api.openai.org/artifactory/api/npm/npm-public/p-locate/-/p-locate-5.0.0.tgz 0ms (cache hit)
539 http cache p-limit@https://packages.applied-caas-gateway1.internal.api.openai.org/artifactory/api/npm/npm-public/p-limit/-/p-limit-3.1.0.tgz 0ms (cache hit)
540 http cache own-keys@https://packages.applied-caas-gateway1.internal.api.openai.org/artifactory/api/npm/npm-public/own-keys/-/own-keys-1.0.1.tgz 0ms (cache hit)
541 http cache optionator@https://packages.applied-caas-gateway1.internal.api.openai.org/artifactory/api/npm/npm-public/optionator/-/optionator-0.9.4.tgz 0ms (cache hit)
542 http cache object.values@https://packages.applied-caas-gateway1.internal.api.openai.org/artifactory/api/npm/npm-public/object.values/-/object.values-1.2.1.tgz 0ms (cache hit)
543 http cache object.groupby@https://packages.applied-caas-gateway1.internal.api.openai.org/artifactory/api/npm/npm-public/object.groupby/-/object.groupby-1.0.3.tgz 0ms (cache hit)
544 http cache object.fromentries@https://packages.applied-caas-gateway1.internal.api.openai.org/artifactory/api/npm/npm-public/object.fromentries/-/object.fromentries-2.0.8.tgz 0ms (cache hit)
545 http cache object.entries@https://packages.applied-caas-gateway1.internal.api.openai.org/artifactory/api/npm/npm-public/object.entries/-/object.entries-1.1.9.tgz 0ms (cache hit)
546 http cache object.assign@https://packages.applied-caas-gateway1.internal.api.openai.org/artifactory/api/npm/npm-public/object.assign/-/object.assign-4.1.7.tgz 0ms (cache hit)
547 http cache object-keys@https://packages.applied-caas-gateway1.internal.api.openai.org/artifactory/api/npm/npm-public/object-keys/-/object-keys-1.1.1.tgz 0ms (cache hit)
548 http cache object-inspect@https://packages.applied-caas-gateway1.internal.api.openai.org/artifactory/api/npm/npm-public/object-inspect/-/object-inspect-1.13.4.tgz 0ms (cache hit)
549 http cache object-assign@https://packages.applied-caas-gateway1.internal.api.openai.org/artifactory/api/npm/npm-public/object-assign/-/object-assign-4.1.1.tgz 0ms (cache hit)
550 http cache node-releases@https://packages.applied-caas-gateway1.internal.api.openai.org/artifactory/api/npm/npm-public/node-releases/-/node-releases-2.0.44.tgz 0ms (cache hit)
551 http cache node-exports-info@https://packages.applied-caas-gateway1.internal.api.openai.org/artifactory/api/npm/npm-public/node-exports-info/-/node-exports-info-1.6.0.tgz 0ms (cache hit)
552 http cache next@https://packages.applied-caas-gateway1.internal.api.openai.org/artifactory/api/npm/npm-public/next/-/next-16.2.6.tgz 0ms (cache hit)
553 http cache neo-async@https://packages.applied-caas-gateway1.internal.api.openai.org/artifactory/api/npm/npm-public/neo-async/-/neo-async-2.6.2.tgz 0ms (cache hit)
554 http cache natural-compare@https://packages.applied-caas-gateway1.internal.api.openai.org/artifactory/api/npm/npm-public/natural-compare/-/natural-compare-1.4.0.tgz 0ms (cache hit)
555 http cache napi-postinstall@https://packages.applied-caas-gateway1.internal.api.openai.org/artifactory/api/npm/npm-public/napi-postinstall/-/napi-postinstall-0.3.4.tgz 0ms (cache hit)
556 http cache nanoid@https://packages.applied-caas-gateway1.internal.api.openai.org/artifactory/api/npm/npm-public/nanoid/-/nanoid-3.3.12.tgz 0ms (cache hit)
557 http cache ms@https://packages.applied-caas-gateway1.internal.api.openai.org/artifactory/api/npm/npm-public/ms/-/ms-2.1.3.tgz 0ms (cache hit)
558 http cache minimist@https://packages.applied-caas-gateway1.internal.api.openai.org/artifactory/api/npm/npm-public/minimist/-/minimist-1.2.8.tgz 0ms (cache hit)
559 http cache minimatch@https://packages.applied-caas-gateway1.internal.api.openai.org/artifactory/api/npm/npm-public/minimatch/-/minimatch-3.1.5.tgz 0ms (cache hit)
560 http cache miniflare@https://packages.applied-caas-gateway1.internal.api.openai.org/artifactory/api/npm/npm-public/miniflare/-/miniflare-4.20260515.0.tgz 0ms (cache hit)
561 http cache mime-db@https://packages.applied-caas-gateway1.internal.api.openai.org/artifactory/api/npm/npm-public/mime-db/-/mime-db-1.54.0.tgz 0ms (cache hit)
562 http cache micromatch@https://packages.applied-caas-gateway1.internal.api.openai.org/artifactory/api/npm/npm-public/micromatch/-/micromatch-4.0.8.tgz 0ms (cache hit)
563 http cache merge2@https://packages.applied-caas-gateway1.internal.api.openai.org/artifactory/api/npm/npm-public/merge2/-/merge2-1.4.1.tgz 0ms (cache hit)
564 http cache merge-stream@https://packages.applied-caas-gateway1.internal.api.openai.org/artifactory/api/npm/npm-public/merge-stream/-/merge-stream-2.0.0.tgz 0ms (cache hit)
565 http cache math-intrinsics@https://packages.applied-caas-gateway1.internal.api.openai.org/artifactory/api/npm/npm-public/math-intrinsics/-/math-intrinsics-1.1.0.tgz 0ms (cache hit)
566 http cache magic-string@https://packages.applied-caas-gateway1.internal.api.openai.org/artifactory/api/npm/npm-public/magic-string/-/magic-string-0.30.21.tgz 0ms (cache hit)
567 http cache lru-cache@https://packages.applied-caas-gateway1.internal.api.openai.org/artifactory/api/npm/npm-public/lru-cache/-/lru-cache-5.1.1.tgz 0ms (cache hit)
568 http cache loose-envify@https://packages.applied-caas-gateway1.internal.api.openai.org/artifactory/api/npm/npm-public/loose-envify/-/loose-envify-1.4.0.tgz 0ms (cache hit)
569 http cache lodash.merge@https://packages.applied-caas-gateway1.internal.api.openai.org/artifactory/api/npm/npm-public/lodash.merge/-/lodash.merge-4.6.2.tgz 0ms (cache hit)
570 http cache locate-path@https://packages.applied-caas-gateway1.internal.api.openai.org/artifactory/api/npm/npm-public/locate-path/-/locate-path-6.0.0.tgz 0ms (cache hit)
571 http cache linebreak@https://packages.applied-caas-gateway1.internal.api.openai.org/artifactory/api/npm/npm-public/linebreak/-/linebreak-1.1.0.tgz 0ms (cache hit)
572 http cache loader-runner@https://packages.applied-caas-gateway1.internal.api.openai.org/artifactory/api/npm/npm-public/loader-runner/-/loader-runner-4.3.2.tgz 0ms (cache hit)
573 http cache lightningcss-linux-x64-gnu@https://packages.applied-caas-gateway1.internal.api.openai.org/artifactory/api/npm/npm-public/lightningcss-linux-x64-gnu/-/lightningcss-linux-x64-gnu-1.31.1.tgz 0ms (cache hit)
574 http cache lightningcss@https://packages.applied-caas-gateway1.internal.api.openai.org/artifactory/api/npm/npm-public/lightningcss/-/lightningcss-1.31.1.tgz 0ms (cache hit)
575 http cache language-tags@https://packages.applied-caas-gateway1.internal.api.openai.org/artifactory/api/npm/npm-public/language-tags/-/language-tags-1.0.9.tgz 0ms (cache hit)
576 http cache language-subtag-registry@https://packages.applied-caas-gateway1.internal.api.openai.org/artifactory/api/npm/npm-public/language-subtag-registry/-/language-subtag-registry-0.3.23.tgz 0ms (cache hit)
577 http cache kleur@https://packages.applied-caas-gateway1.internal.api.openai.org/artifactory/api/npm/npm-public/kleur/-/kleur-4.1.5.tgz 0ms (cache hit)
578 http cache keyv@https://packages.applied-caas-gateway1.internal.api.openai.org/artifactory/api/npm/npm-public/keyv/-/keyv-4.5.4.tgz 0ms (cache hit)
579 http cache levn@https://packages.applied-caas-gateway1.internal.api.openai.org/artifactory/api/npm/npm-public/levn/-/levn-0.4.1.tgz 0ms (cache hit)
580 http cache jsx-ast-utils@https://packages.applied-caas-gateway1.internal.api.openai.org/artifactory/api/npm/npm-public/jsx-ast-utils/-/jsx-ast-utils-3.3.5.tgz 0ms (cache hit)
581 http cache json5@https://packages.applied-caas-gateway1.internal.api.openai.org/artifactory/api/npm/npm-public/json5/-/json5-2.2.3.tgz 0ms (cache hit)
582 http cache json-stable-stringify-without-jsonify@https://packages.applied-caas-gateway1.internal.api.openai.org/artifactory/api/npm/npm-public/json-stable-stringify-without-jsonify/-/json-stable-stringify-without-jsonify-1.0.1.tgz 0ms (cache hit)
583 http cache json-schema-traverse@https://packages.applied-caas-gateway1.internal.api.openai.org/artifactory/api/npm/npm-public/json-schema-traverse/-/json-schema-traverse-0.4.1.tgz 0ms (cache hit)
584 http cache json-buffer@https://packages.applied-caas-gateway1.internal.api.openai.org/artifactory/api/npm/npm-public/json-buffer/-/json-buffer-3.0.1.tgz 0ms (cache hit)
585 http cache jsesc@https://packages.applied-caas-gateway1.internal.api.openai.org/artifactory/api/npm/npm-public/jsesc/-/jsesc-3.1.0.tgz 0ms (cache hit)
586 http cache js-yaml@https://packages.applied-caas-gateway1.internal.api.openai.org/artifactory/api/npm/npm-public/js-yaml/-/js-yaml-4.1.1.tgz 0ms (cache hit)
587 http cache js-tokens@https://packages.applied-caas-gateway1.internal.api.openai.org/artifactory/api/npm/npm-public/js-tokens/-/js-tokens-4.0.0.tgz 0ms (cache hit)
588 http cache jiti@https://packages.applied-caas-gateway1.internal.api.openai.org/artifactory/api/npm/npm-public/jiti/-/jiti-2.7.0.tgz 0ms (cache hit)
589 http cache jest-worker@https://packages.applied-caas-gateway1.internal.api.openai.org/artifactory/api/npm/npm-public/jest-worker/-/jest-worker-27.5.1.tgz 0ms (cache hit)
590 http cache iterator.prototype@https://packages.applied-caas-gateway1.internal.api.openai.org/artifactory/api/npm/npm-public/iterator.prototype/-/iterator.prototype-1.1.5.tgz 0ms (cache hit)
591 http cache isexe@https://packages.applied-caas-gateway1.internal.api.openai.org/artifactory/api/npm/npm-public/isexe/-/isexe-2.0.0.tgz 0ms (cache hit)
592 http cache isarray@https://packages.applied-caas-gateway1.internal.api.openai.org/artifactory/api/npm/npm-public/isarray/-/isarray-2.0.5.tgz 0ms (cache hit)
593 http cache is-weakset@https://packages.applied-caas-gateway1.internal.api.openai.org/artifactory/api/npm/npm-public/is-weakset/-/is-weakset-2.0.4.tgz 0ms (cache hit)
594 http cache is-weakref@https://packages.applied-caas-gateway1.internal.api.openai.org/artifactory/api/npm/npm-public/is-weakref/-/is-weakref-1.1.1.tgz 0ms (cache hit)
595 http cache is-weakmap@https://packages.applied-caas-gateway1.internal.api.openai.org/artifactory/api/npm/npm-public/is-weakmap/-/is-weakmap-2.0.2.tgz 0ms (cache hit)
596 http cache is-typed-array@https://packages.applied-caas-gateway1.internal.api.openai.org/artifactory/api/npm/npm-public/is-typed-array/-/is-typed-array-1.1.15.tgz 0ms (cache hit)
597 http cache is-symbol@https://packages.applied-caas-gateway1.internal.api.openai.org/artifactory/api/npm/npm-public/is-symbol/-/is-symbol-1.1.1.tgz 0ms (cache hit)
598 http cache is-string@https://packages.applied-caas-gateway1.internal.api.openai.org/artifactory/api/npm/npm-public/is-string/-/is-string-1.1.1.tgz 0ms (cache hit)
599 http cache is-shared-array-buffer@https://packages.applied-caas-gateway1.internal.api.openai.org/artifactory/api/npm/npm-public/is-shared-array-buffer/-/is-shared-array-buffer-1.0.4.tgz 0ms (cache hit)
600 http cache is-set@https://packages.applied-caas-gateway1.internal.api.openai.org/artifactory/api/npm/npm-public/is-set/-/is-set-2.0.3.tgz 0ms (cache hit)
601 http cache is-regex@https://packages.applied-caas-gateway1.internal.api.openai.org/artifactory/api/npm/npm-public/is-regex/-/is-regex-1.2.1.tgz 0ms (cache hit)
602 http cache is-number-object@https://packages.applied-caas-gateway1.internal.api.openai.org/artifactory/api/npm/npm-public/is-number-object/-/is-number-object-1.1.1.tgz 0ms (cache hit)
603 http cache is-number@https://packages.applied-caas-gateway1.internal.api.openai.org/artifactory/api/npm/npm-public/is-number/-/is-number-7.0.0.tgz 0ms (cache hit)
604 http cache is-negative-zero@https://packages.applied-caas-gateway1.internal.api.openai.org/artifactory/api/npm/npm-public/is-negative-zero/-/is-negative-zero-2.0.3.tgz 0ms (cache hit)
605 http cache is-map@https://packages.applied-caas-gateway1.internal.api.openai.org/artifactory/api/npm/npm-public/is-map/-/is-map-2.0.3.tgz 0ms (cache hit)
606 http cache is-glob@https://packages.applied-caas-gateway1.internal.api.openai.org/artifactory/api/npm/npm-public/is-glob/-/is-glob-4.0.3.tgz 0ms (cache hit)
607 http cache is-generator-function@https://packages.applied-caas-gateway1.internal.api.openai.org/artifactory/api/npm/npm-public/is-generator-function/-/is-generator-function-1.1.2.tgz 0ms (cache hit)
608 http cache is-finalizationregistry@https://packages.applied-caas-gateway1.internal.api.openai.org/artifactory/api/npm/npm-public/is-finalizationregistry/-/is-finalizationregistry-1.1.1.tgz 0ms (cache hit)
609 http cache is-extglob@https://packages.applied-caas-gateway1.internal.api.openai.org/artifactory/api/npm/npm-public/is-extglob/-/is-extglob-2.1.1.tgz 0ms (cache hit)
610 http cache is-date-object@https://packages.applied-caas-gateway1.internal.api.openai.org/artifactory/api/npm/npm-public/is-date-object/-/is-date-object-1.1.0.tgz 0ms (cache hit)
611 http cache is-data-view@https://packages.applied-caas-gateway1.internal.api.openai.org/artifactory/api/npm/npm-public/is-data-view/-/is-data-view-1.0.2.tgz 0ms (cache hit)
612 http cache is-core-module@https://packages.applied-caas-gateway1.internal.api.openai.org/artifactory/api/npm/npm-public/is-core-module/-/is-core-module-2.16.2.tgz 0ms (cache hit)
613 http cache is-callable@https://packages.applied-caas-gateway1.internal.api.openai.org/artifactory/api/npm/npm-public/is-callable/-/is-callable-1.2.7.tgz 0ms (cache hit)
614 http cache is-bun-module@https://packages.applied-caas-gateway1.internal.api.openai.org/artifactory/api/npm/npm-public/is-bun-module/-/is-bun-module-2.0.0.tgz 0ms (cache hit)
615 http cache is-boolean-object@https://packages.applied-caas-gateway1.internal.api.openai.org/artifactory/api/npm/npm-public/is-boolean-object/-/is-boolean-object-1.2.2.tgz 1ms (cache hit)
616 http cache is-bigint@https://packages.applied-caas-gateway1.internal.api.openai.org/artifactory/api/npm/npm-public/is-bigint/-/is-bigint-1.1.0.tgz 0ms (cache hit)
617 http cache is-async-function@https://packages.applied-caas-gateway1.internal.api.openai.org/artifactory/api/npm/npm-public/is-async-function/-/is-async-function-2.1.1.tgz 0ms (cache hit)
618 http cache is-array-buffer@https://packages.applied-caas-gateway1.internal.api.openai.org/artifactory/api/npm/npm-public/is-array-buffer/-/is-array-buffer-3.0.5.tgz 0ms (cache hit)
619 http cache ipaddr.js@https://packages.applied-caas-gateway1.internal.api.openai.org/artifactory/api/npm/npm-public/ipaddr.js/-/ipaddr.js-2.4.0.tgz 0ms (cache hit)
620 http cache internal-slot@https://packages.applied-caas-gateway1.internal.api.openai.org/artifactory/api/npm/npm-public/internal-slot/-/internal-slot-1.1.0.tgz 0ms (cache hit)
621 http cache imurmurhash@https://packages.applied-caas-gateway1.internal.api.openai.org/artifactory/api/npm/npm-public/imurmurhash/-/imurmurhash-0.1.4.tgz 0ms (cache hit)
622 http cache import-fresh@https://packages.applied-caas-gateway1.internal.api.openai.org/artifactory/api/npm/npm-public/import-fresh/-/import-fresh-3.3.1.tgz 0ms (cache hit)
623 http cache image-size@https://packages.applied-caas-gateway1.internal.api.openai.org/artifactory/api/npm/npm-public/image-size/-/image-size-2.0.2.tgz 0ms (cache hit)
624 http cache ignore@https://packages.applied-caas-gateway1.internal.api.openai.org/artifactory/api/npm/npm-public/ignore/-/ignore-5.3.2.tgz 0ms (cache hit)
625 http cache hex-rgb@https://packages.applied-caas-gateway1.internal.api.openai.org/artifactory/api/npm/npm-public/hex-rgb/-/hex-rgb-4.3.0.tgz 0ms (cache hit)
626 http cache hermes-parser@https://packages.applied-caas-gateway1.internal.api.openai.org/artifactory/api/npm/npm-public/hermes-parser/-/hermes-parser-0.25.1.tgz 0ms (cache hit)
627 http cache hermes-estree@https://packages.applied-caas-gateway1.internal.api.openai.org/artifactory/api/npm/npm-public/hermes-estree/-/hermes-estree-0.25.1.tgz 0ms (cache hit)
628 http cache hasown@https://packages.applied-caas-gateway1.internal.api.openai.org/artifactory/api/npm/npm-public/hasown/-/hasown-2.0.3.tgz 0ms (cache hit)
629 http cache has-tostringtag@https://packages.applied-caas-gateway1.internal.api.openai.org/artifactory/api/npm/npm-public/has-tostringtag/-/has-tostringtag-1.0.2.tgz 0ms (cache hit)
630 http cache has-symbols@https://packages.applied-caas-gateway1.internal.api.openai.org/artifactory/api/npm/npm-public/has-symbols/-/has-symbols-1.1.0.tgz 0ms (cache hit)
631 http cache has-proto@https://packages.applied-caas-gateway1.internal.api.openai.org/artifactory/api/npm/npm-public/has-proto/-/has-proto-1.2.0.tgz 0ms (cache hit)
632 http cache has-property-descriptors@https://packages.applied-caas-gateway1.internal.api.openai.org/artifactory/api/npm/npm-public/has-property-descriptors/-/has-property-descriptors-1.0.2.tgz 0ms (cache hit)
633 http cache has-flag@https://packages.applied-caas-gateway1.internal.api.openai.org/artifactory/api/npm/npm-public/has-flag/-/has-flag-4.0.0.tgz 0ms (cache hit)
634 http cache has-bigints@https://packages.applied-caas-gateway1.internal.api.openai.org/artifactory/api/npm/npm-public/has-bigints/-/has-bigints-1.1.0.tgz 0ms (cache hit)
635 http cache graceful-fs@https://packages.applied-caas-gateway1.internal.api.openai.org/artifactory/api/npm/npm-public/graceful-fs/-/graceful-fs-4.2.11.tgz 0ms (cache hit)
636 http cache gopd@https://packages.applied-caas-gateway1.internal.api.openai.org/artifactory/api/npm/npm-public/gopd/-/gopd-1.2.0.tgz 0ms (cache hit)
637 http cache globrex@https://packages.applied-caas-gateway1.internal.api.openai.org/artifactory/api/npm/npm-public/globrex/-/globrex-0.1.2.tgz 0ms (cache hit)
638 http cache globalthis@https://packages.applied-caas-gateway1.internal.api.openai.org/artifactory/api/npm/npm-public/globalthis/-/globalthis-1.0.4.tgz 0ms (cache hit)
639 http cache globals@https://packages.applied-caas-gateway1.internal.api.openai.org/artifactory/api/npm/npm-public/globals/-/globals-14.0.0.tgz 0ms (cache hit)
640 http cache glob-to-regexp@https://packages.applied-caas-gateway1.internal.api.openai.org/artifactory/api/npm/npm-public/glob-to-regexp/-/glob-to-regexp-0.4.1.tgz 1ms (cache hit)
641 http cache glob-parent@https://packages.applied-caas-gateway1.internal.api.openai.org/artifactory/api/npm/npm-public/glob-parent/-/glob-parent-6.0.2.tgz 0ms (cache hit)
642 http cache get-tsconfig@https://packages.applied-caas-gateway1.internal.api.openai.org/artifactory/api/npm/npm-public/get-tsconfig/-/get-tsconfig-4.14.0.tgz 0ms (cache hit)
643 http cache get-symbol-description@https://packages.applied-caas-gateway1.internal.api.openai.org/artifactory/api/npm/npm-public/get-symbol-description/-/get-symbol-description-1.1.0.tgz 0ms (cache hit)
644 http cache get-proto@https://packages.applied-caas-gateway1.internal.api.openai.org/artifactory/api/npm/npm-public/get-proto/-/get-proto-1.0.1.tgz 0ms (cache hit)
645 http cache get-intrinsic@https://packages.applied-caas-gateway1.internal.api.openai.org/artifactory/api/npm/npm-public/get-intrinsic/-/get-intrinsic-1.3.0.tgz 0ms (cache hit)
646 http cache gensync@https://packages.applied-caas-gateway1.internal.api.openai.org/artifactory/api/npm/npm-public/gensync/-/gensync-1.0.0-beta.2.tgz 0ms (cache hit)
647 http cache generator-function@https://packages.applied-caas-gateway1.internal.api.openai.org/artifactory/api/npm/npm-public/generator-function/-/generator-function-2.0.1.tgz 0ms (cache hit)
648 http cache functions-have-names@https://packages.applied-caas-gateway1.internal.api.openai.org/artifactory/api/npm/npm-public/functions-have-names/-/functions-have-names-1.2.3.tgz 0ms (cache hit)
649 http cache function.prototype.name@https://packages.applied-caas-gateway1.internal.api.openai.org/artifactory/api/npm/npm-public/function.prototype.name/-/function.prototype.name-1.1.8.tgz 0ms (cache hit)
650 http cache function-bind@https://packages.applied-caas-gateway1.internal.api.openai.org/artifactory/api/npm/npm-public/function-bind/-/function-bind-1.1.2.tgz 0ms (cache hit)
651 http cache for-each@https://packages.applied-caas-gateway1.internal.api.openai.org/artifactory/api/npm/npm-public/for-each/-/for-each-0.3.5.tgz 0ms (cache hit)
652 http cache flatted@https://packages.applied-caas-gateway1.internal.api.openai.org/artifactory/api/npm/npm-public/flatted/-/flatted-3.4.2.tgz 0ms (cache hit)
653 http cache flat-cache@https://packages.applied-caas-gateway1.internal.api.openai.org/artifactory/api/npm/npm-public/flat-cache/-/flat-cache-4.0.1.tgz 0ms (cache hit)
654 http cache find-up@https://packages.applied-caas-gateway1.internal.api.openai.org/artifactory/api/npm/npm-public/find-up/-/find-up-5.0.0.tgz 0ms (cache hit)
655 http cache fill-range@https://packages.applied-caas-gateway1.internal.api.openai.org/artifactory/api/npm/npm-public/fill-range/-/fill-range-7.1.1.tgz 0ms (cache hit)
656 http cache file-entry-cache@https://packages.applied-caas-gateway1.internal.api.openai.org/artifactory/api/npm/npm-public/file-entry-cache/-/file-entry-cache-8.0.0.tgz 0ms (cache hit)
657 http cache fflate@https://packages.applied-caas-gateway1.internal.api.openai.org/artifactory/api/npm/npm-public/fflate/-/fflate-0.7.4.tgz 0ms (cache hit)
658 http cache fastq@https://packages.applied-caas-gateway1.internal.api.openai.org/artifactory/api/npm/npm-public/fastq/-/fastq-1.20.1.tgz 0ms (cache hit)
659 http cache fast-uri@https://packages.applied-caas-gateway1.internal.api.openai.org/artifactory/api/npm/npm-public/fast-uri/-/fast-uri-3.1.2.tgz 0ms (cache hit)
660 http cache fast-levenshtein@https://packages.applied-caas-gateway1.internal.api.openai.org/artifactory/api/npm/npm-public/fast-levenshtein/-/fast-levenshtein-2.0.6.tgz 0ms (cache hit)
661 http cache fast-json-stable-stringify@https://packages.applied-caas-gateway1.internal.api.openai.org/artifactory/api/npm/npm-public/fast-json-stable-stringify/-/fast-json-stable-stringify-2.1.0.tgz 0ms (cache hit)
662 http cache fast-glob@https://packages.applied-caas-gateway1.internal.api.openai.org/artifactory/api/npm/npm-public/fast-glob/-/fast-glob-3.3.1.tgz 0ms (cache hit)
663 http cache fast-deep-equal@https://packages.applied-caas-gateway1.internal.api.openai.org/artifactory/api/npm/npm-public/fast-deep-equal/-/fast-deep-equal-3.1.3.tgz 0ms (cache hit)
664 http cache events@https://packages.applied-caas-gateway1.internal.api.openai.org/artifactory/api/npm/npm-public/events/-/events-3.3.0.tgz 0ms (cache hit)
665 http cache esutils@https://packages.applied-caas-gateway1.internal.api.openai.org/artifactory/api/npm/npm-public/esutils/-/esutils-2.0.3.tgz 0ms (cache hit)
666 http cache estree-walker@https://packages.applied-caas-gateway1.internal.api.openai.org/artifactory/api/npm/npm-public/estree-walker/-/estree-walker-3.0.3.tgz 0ms (cache hit)
667 http cache estraverse@https://packages.applied-caas-gateway1.internal.api.openai.org/artifactory/api/npm/npm-public/estraverse/-/estraverse-5.3.0.tgz 0ms (cache hit)
668 http cache esrecurse@https://packages.applied-caas-gateway1.internal.api.openai.org/artifactory/api/npm/npm-public/esrecurse/-/esrecurse-4.3.0.tgz 0ms (cache hit)
669 http cache esquery@https://packages.applied-caas-gateway1.internal.api.openai.org/artifactory/api/npm/npm-public/esquery/-/esquery-1.7.0.tgz 0ms (cache hit)
670 http cache espree@https://packages.applied-caas-gateway1.internal.api.openai.org/artifactory/api/npm/npm-public/espree/-/espree-10.4.0.tgz 0ms (cache hit)
671 http cache eslint-visitor-keys@https://packages.applied-caas-gateway1.internal.api.openai.org/artifactory/api/npm/npm-public/eslint-visitor-keys/-/eslint-visitor-keys-4.2.1.tgz 0ms (cache hit)
672 http cache eslint-scope@https://packages.applied-caas-gateway1.internal.api.openai.org/artifactory/api/npm/npm-public/eslint-scope/-/eslint-scope-8.4.0.tgz 0ms (cache hit)
673 http cache eslint-plugin-react-hooks@https://packages.applied-caas-gateway1.internal.api.openai.org/artifactory/api/npm/npm-public/eslint-plugin-react-hooks/-/eslint-plugin-react-hooks-7.1.1.tgz 0ms (cache hit)
674 http cache eslint-plugin-react@https://packages.applied-caas-gateway1.internal.api.openai.org/artifactory/api/npm/npm-public/eslint-plugin-react/-/eslint-plugin-react-7.37.5.tgz 0ms (cache hit)
675 http cache eslint-plugin-jsx-a11y@https://packages.applied-caas-gateway1.internal.api.openai.org/artifactory/api/npm/npm-public/eslint-plugin-jsx-a11y/-/eslint-plugin-jsx-a11y-6.10.2.tgz 0ms (cache hit)
676 http cache eslint-plugin-import@https://packages.applied-caas-gateway1.internal.api.openai.org/artifactory/api/npm/npm-public/eslint-plugin-import/-/eslint-plugin-import-2.32.0.tgz 0ms (cache hit)
677 http cache eslint-module-utils@https://packages.applied-caas-gateway1.internal.api.openai.org/artifactory/api/npm/npm-public/eslint-module-utils/-/eslint-module-utils-2.12.1.tgz 0ms (cache hit)
678 http cache eslint-import-resolver-typescript@https://packages.applied-caas-gateway1.internal.api.openai.org/artifactory/api/npm/npm-public/eslint-import-resolver-typescript/-/eslint-import-resolver-typescript-3.10.1.tgz 0ms (cache hit)
679 http cache eslint-import-resolver-node@https://packages.applied-caas-gateway1.internal.api.openai.org/artifactory/api/npm/npm-public/eslint-import-resolver-node/-/eslint-import-resolver-node-0.3.10.tgz 0ms (cache hit)
680 http cache eslint-config-next@https://packages.applied-caas-gateway1.internal.api.openai.org/artifactory/api/npm/npm-public/eslint-config-next/-/eslint-config-next-16.2.6.tgz 0ms (cache hit)
681 http cache eslint@https://packages.applied-caas-gateway1.internal.api.openai.org/artifactory/api/npm/npm-public/eslint/-/eslint-9.39.4.tgz 0ms (cache hit)
682 http cache escape-string-regexp@https://packages.applied-caas-gateway1.internal.api.openai.org/artifactory/api/npm/npm-public/escape-string-regexp/-/escape-string-regexp-4.0.0.tgz 0ms (cache hit)
683 http cache escape-html@https://packages.applied-caas-gateway1.internal.api.openai.org/artifactory/api/npm/npm-public/escape-html/-/escape-html-1.0.3.tgz 0ms (cache hit)
684 http cache escalade@https://packages.applied-caas-gateway1.internal.api.openai.org/artifactory/api/npm/npm-public/escalade/-/escalade-3.2.0.tgz 0ms (cache hit)
685 http cache esbuild@https://packages.applied-caas-gateway1.internal.api.openai.org/artifactory/api/npm/npm-public/esbuild/-/esbuild-0.28.0.tgz 0ms (cache hit)
686 http cache es-to-primitive@https://packages.applied-caas-gateway1.internal.api.openai.org/artifactory/api/npm/npm-public/es-to-primitive/-/es-to-primitive-1.3.0.tgz 0ms (cache hit)
687 http cache es-shim-unscopables@https://packages.applied-caas-gateway1.internal.api.openai.org/artifactory/api/npm/npm-public/es-shim-unscopables/-/es-shim-unscopables-1.1.0.tgz 0ms (cache hit)
688 http cache es-set-tostringtag@https://packages.applied-caas-gateway1.internal.api.openai.org/artifactory/api/npm/npm-public/es-set-tostringtag/-/es-set-tostringtag-2.1.0.tgz 0ms (cache hit)
689 http cache es-object-atoms@https://packages.applied-caas-gateway1.internal.api.openai.org/artifactory/api/npm/npm-public/es-object-atoms/-/es-object-atoms-1.1.1.tgz 0ms (cache hit)
690 http cache es-module-lexer@https://packages.applied-caas-gateway1.internal.api.openai.org/artifactory/api/npm/npm-public/es-module-lexer/-/es-module-lexer-2.1.0.tgz 0ms (cache hit)
691 http cache es-iterator-helpers@https://packages.applied-caas-gateway1.internal.api.openai.org/artifactory/api/npm/npm-public/es-iterator-helpers/-/es-iterator-helpers-1.3.2.tgz 0ms (cache hit)
692 http cache es-errors@https://packages.applied-caas-gateway1.internal.api.openai.org/artifactory/api/npm/npm-public/es-errors/-/es-errors-1.3.0.tgz 0ms (cache hit)
693 http cache es-define-property@https://packages.applied-caas-gateway1.internal.api.openai.org/artifactory/api/npm/npm-public/es-define-property/-/es-define-property-1.0.1.tgz 0ms (cache hit)
694 http cache es-abstract@https://packages.applied-caas-gateway1.internal.api.openai.org/artifactory/api/npm/npm-public/es-abstract/-/es-abstract-1.24.2.tgz 0ms (cache hit)
695 http cache error-stack-parser-es@https://packages.applied-caas-gateway1.internal.api.openai.org/artifactory/api/npm/npm-public/error-stack-parser-es/-/error-stack-parser-es-1.0.5.tgz 0ms (cache hit)
696 http cache enhanced-resolve@https://packages.applied-caas-gateway1.internal.api.openai.org/artifactory/api/npm/npm-public/enhanced-resolve/-/enhanced-resolve-5.21.3.tgz 0ms (cache hit)
697 http cache emoji-regex-xs@https://packages.applied-caas-gateway1.internal.api.openai.org/artifactory/api/npm/npm-public/emoji-regex-xs/-/emoji-regex-xs-2.0.1.tgz 0ms (cache hit)
698 http cache emoji-regex@https://packages.applied-caas-gateway1.internal.api.openai.org/artifactory/api/npm/npm-public/emoji-regex/-/emoji-regex-9.2.2.tgz 0ms (cache hit)
699 http cache electron-to-chromium@https://packages.applied-caas-gateway1.internal.api.openai.org/artifactory/api/npm/npm-public/electron-to-chromium/-/electron-to-chromium-1.5.358.tgz 0ms (cache hit)
700 http cache dunder-proto@https://packages.applied-caas-gateway1.internal.api.openai.org/artifactory/api/npm/npm-public/dunder-proto/-/dunder-proto-1.0.1.tgz 0ms (cache hit)
701 http cache drizzle-orm@https://packages.applied-caas-gateway1.internal.api.openai.org/artifactory/api/npm/npm-public/drizzle-orm/-/drizzle-orm-0.45.2.tgz 0ms (cache hit)
702 http cache drizzle-kit@https://packages.applied-caas-gateway1.internal.api.openai.org/artifactory/api/npm/npm-public/drizzle-kit/-/drizzle-kit-0.31.10.tgz 0ms (cache hit)
703 http cache doctrine@https://packages.applied-caas-gateway1.internal.api.openai.org/artifactory/api/npm/npm-public/doctrine/-/doctrine-2.1.0.tgz 0ms (cache hit)
704 http cache detect-libc@https://packages.applied-caas-gateway1.internal.api.openai.org/artifactory/api/npm/npm-public/detect-libc/-/detect-libc-2.1.2.tgz 0ms (cache hit)
705 http cache define-properties@https://packages.applied-caas-gateway1.internal.api.openai.org/artifactory/api/npm/npm-public/define-properties/-/define-properties-1.2.1.tgz 0ms (cache hit)
706 http cache define-data-property@https://packages.applied-caas-gateway1.internal.api.openai.org/artifactory/api/npm/npm-public/define-data-property/-/define-data-property-1.1.4.tgz 0ms (cache hit)
707 http cache deep-is@https://packages.applied-caas-gateway1.internal.api.openai.org/artifactory/api/npm/npm-public/deep-is/-/deep-is-0.1.4.tgz 0ms (cache hit)
708 http cache debug@https://packages.applied-caas-gateway1.internal.api.openai.org/artifactory/api/npm/npm-public/debug/-/debug-4.4.3.tgz 0ms (cache hit)
709 http cache data-view-byte-offset@https://packages.applied-caas-gateway1.internal.api.openai.org/artifactory/api/npm/npm-public/data-view-byte-offset/-/data-view-byte-offset-1.0.1.tgz 0ms (cache hit)
710 http cache data-view-byte-length@https://packages.applied-caas-gateway1.internal.api.openai.org/artifactory/api/npm/npm-public/data-view-byte-length/-/data-view-byte-length-1.0.2.tgz 0ms (cache hit)
711 http cache data-view-buffer@https://packages.applied-caas-gateway1.internal.api.openai.org/artifactory/api/npm/npm-public/data-view-buffer/-/data-view-buffer-1.0.2.tgz 0ms (cache hit)
712 http cache damerau-levenshtein@https://packages.applied-caas-gateway1.internal.api.openai.org/artifactory/api/npm/npm-public/damerau-levenshtein/-/damerau-levenshtein-1.0.8.tgz 0ms (cache hit)
713 http cache csstype@https://packages.applied-caas-gateway1.internal.api.openai.org/artifactory/api/npm/npm-public/csstype/-/csstype-3.2.3.tgz 0ms (cache hit)
714 http cache css-to-react-native@https://packages.applied-caas-gateway1.internal.api.openai.org/artifactory/api/npm/npm-public/css-to-react-native/-/css-to-react-native-3.2.0.tgz 0ms (cache hit)
715 http cache css-gradient-parser@https://packages.applied-caas-gateway1.internal.api.openai.org/artifactory/api/npm/npm-public/css-gradient-parser/-/css-gradient-parser-0.0.16.tgz 0ms (cache hit)
716 http cache css-color-keywords@https://packages.applied-caas-gateway1.internal.api.openai.org/artifactory/api/npm/npm-public/css-color-keywords/-/css-color-keywords-1.0.0.tgz 0ms (cache hit)
717 http cache css-box-shadow@https://packages.applied-caas-gateway1.internal.api.openai.org/artifactory/api/npm/npm-public/css-box-shadow/-/css-box-shadow-1.0.0-3.tgz 0ms (cache hit)
718 http cache css-background-parser@https://packages.applied-caas-gateway1.internal.api.openai.org/artifactory/api/npm/npm-public/css-background-parser/-/css-background-parser-0.1.0.tgz 0ms (cache hit)
719 http cache cross-spawn@https://packages.applied-caas-gateway1.internal.api.openai.org/artifactory/api/npm/npm-public/cross-spawn/-/cross-spawn-7.0.6.tgz 0ms (cache hit)
720 http cache cookie@https://packages.applied-caas-gateway1.internal.api.openai.org/artifactory/api/npm/npm-public/cookie/-/cookie-1.1.1.tgz 0ms (cache hit)
721 http cache convert-source-map@https://packages.applied-caas-gateway1.internal.api.openai.org/artifactory/api/npm/npm-public/convert-source-map/-/convert-source-map-2.0.0.tgz 0ms (cache hit)
722 http cache concat-map@https://packages.applied-caas-gateway1.internal.api.openai.org/artifactory/api/npm/npm-public/concat-map/-/concat-map-0.0.1.tgz 0ms (cache hit)
723 http cache commander@https://packages.applied-caas-gateway1.internal.api.openai.org/artifactory/api/npm/npm-public/commander/-/commander-2.20.3.tgz 0ms (cache hit)
724 http cache color-name@https://packages.applied-caas-gateway1.internal.api.openai.org/artifactory/api/npm/npm-public/color-name/-/color-name-1.1.4.tgz 0ms (cache hit)
725 http cache color-convert@https://packages.applied-caas-gateway1.internal.api.openai.org/artifactory/api/npm/npm-public/color-convert/-/color-convert-2.0.1.tgz 0ms (cache hit)
726 http cache client-only@https://packages.applied-caas-gateway1.internal.api.openai.org/artifactory/api/npm/npm-public/client-only/-/client-only-0.0.1.tgz 0ms (cache hit)
727 http cache chrome-trace-event@https://packages.applied-caas-gateway1.internal.api.openai.org/artifactory/api/npm/npm-public/chrome-trace-event/-/chrome-trace-event-1.0.4.tgz 0ms (cache hit)
728 http cache chalk@https://packages.applied-caas-gateway1.internal.api.openai.org/artifactory/api/npm/npm-public/chalk/-/chalk-4.1.2.tgz 0ms (cache hit)
729 http cache caniuse-lite@https://packages.applied-caas-gateway1.internal.api.openai.org/artifactory/api/npm/npm-public/caniuse-lite/-/caniuse-lite-1.0.30001793.tgz 0ms (cache hit)
730 http cache camelize@https://packages.applied-caas-gateway1.internal.api.openai.org/artifactory/api/npm/npm-public/camelize/-/camelize-1.0.1.tgz 0ms (cache hit)
731 http cache callsites@https://packages.applied-caas-gateway1.internal.api.openai.org/artifactory/api/npm/npm-public/callsites/-/callsites-3.1.0.tgz 0ms (cache hit)
732 http cache call-bound@https://packages.applied-caas-gateway1.internal.api.openai.org/artifactory/api/npm/npm-public/call-bound/-/call-bound-1.0.4.tgz 0ms (cache hit)
733 http cache call-bind-apply-helpers@https://packages.applied-caas-gateway1.internal.api.openai.org/artifactory/api/npm/npm-public/call-bind-apply-helpers/-/call-bind-apply-helpers-1.0.2.tgz 0ms (cache hit)
734 http cache call-bind@https://packages.applied-caas-gateway1.internal.api.openai.org/artifactory/api/npm/npm-public/call-bind/-/call-bind-1.0.9.tgz 0ms (cache hit)
735 http cache buffer-from@https://packages.applied-caas-gateway1.internal.api.openai.org/artifactory/api/npm/npm-public/buffer-from/-/buffer-from-1.1.2.tgz 0ms (cache hit)
736 http cache browserslist@https://packages.applied-caas-gateway1.internal.api.openai.org/artifactory/api/npm/npm-public/browserslist/-/browserslist-4.28.2.tgz 0ms (cache hit)
737 http cache braces@https://packages.applied-caas-gateway1.internal.api.openai.org/artifactory/api/npm/npm-public/braces/-/braces-3.0.3.tgz 0ms (cache hit)
738 http cache brace-expansion@https://packages.applied-caas-gateway1.internal.api.openai.org/artifactory/api/npm/npm-public/brace-expansion/-/brace-expansion-1.1.14.tgz 0ms (cache hit)
739 http cache blake3-wasm@https://packages.applied-caas-gateway1.internal.api.openai.org/artifactory/api/npm/npm-public/blake3-wasm/-/blake3-wasm-2.1.5.tgz 0ms (cache hit)
740 http cache baseline-browser-mapping@https://packages.applied-caas-gateway1.internal.api.openai.org/artifactory/api/npm/npm-public/baseline-browser-mapping/-/baseline-browser-mapping-2.10.30.tgz 0ms (cache hit)
741 http cache base64-js@https://packages.applied-caas-gateway1.internal.api.openai.org/artifactory/api/npm/npm-public/base64-js/-/base64-js-0.0.8.tgz 0ms (cache hit)
742 http cache balanced-match@https://packages.applied-caas-gateway1.internal.api.openai.org/artifactory/api/npm/npm-public/balanced-match/-/balanced-match-1.0.2.tgz 0ms (cache hit)
743 http cache axobject-query@https://packages.applied-caas-gateway1.internal.api.openai.org/artifactory/api/npm/npm-public/axobject-query/-/axobject-query-4.1.0.tgz 0ms (cache hit)
744 http cache axe-core@https://packages.applied-caas-gateway1.internal.api.openai.org/artifactory/api/npm/npm-public/axe-core/-/axe-core-4.11.4.tgz 0ms (cache hit)
745 http cache available-typed-arrays@https://packages.applied-caas-gateway1.internal.api.openai.org/artifactory/api/npm/npm-public/available-typed-arrays/-/available-typed-arrays-1.0.7.tgz 0ms (cache hit)
746 http cache async-function@https://packages.applied-caas-gateway1.internal.api.openai.org/artifactory/api/npm/npm-public/async-function/-/async-function-1.0.0.tgz 0ms (cache hit)
747 http cache ast-types-flow@https://packages.applied-caas-gateway1.internal.api.openai.org/artifactory/api/npm/npm-public/ast-types-flow/-/ast-types-flow-0.0.8.tgz 0ms (cache hit)
748 http cache arraybuffer.prototype.slice@https://packages.applied-caas-gateway1.internal.api.openai.org/artifactory/api/npm/npm-public/arraybuffer.prototype.slice/-/arraybuffer.prototype.slice-1.0.4.tgz 0ms (cache hit)
749 http cache array.prototype.tosorted@https://packages.applied-caas-gateway1.internal.api.openai.org/artifactory/api/npm/npm-public/array.prototype.tosorted/-/array.prototype.tosorted-1.1.4.tgz 1ms (cache hit)
750 http cache array.prototype.flatmap@https://packages.applied-caas-gateway1.internal.api.openai.org/artifactory/api/npm/npm-public/array.prototype.flatmap/-/array.prototype.flatmap-1.3.3.tgz 0ms (cache hit)
751 http cache array.prototype.flat@https://packages.applied-caas-gateway1.internal.api.openai.org/artifactory/api/npm/npm-public/array.prototype.flat/-/array.prototype.flat-1.3.3.tgz 0ms (cache hit)
752 http cache array.prototype.findlastindex@https://packages.applied-caas-gateway1.internal.api.openai.org/artifactory/api/npm/npm-public/array.prototype.findlastindex/-/array.prototype.findlastindex-1.2.6.tgz 0ms (cache hit)
753 http cache array-includes@https://packages.applied-caas-gateway1.internal.api.openai.org/artifactory/api/npm/npm-public/array-includes/-/array-includes-3.1.9.tgz 0ms (cache hit)
754 http cache array-buffer-byte-length@https://packages.applied-caas-gateway1.internal.api.openai.org/artifactory/api/npm/npm-public/array-buffer-byte-length/-/array-buffer-byte-length-1.0.2.tgz 0ms (cache hit)
755 http cache aria-query@https://packages.applied-caas-gateway1.internal.api.openai.org/artifactory/api/npm/npm-public/aria-query/-/aria-query-5.3.2.tgz 0ms (cache hit)
756 http cache argparse@https://packages.applied-caas-gateway1.internal.api.openai.org/artifactory/api/npm/npm-public/argparse/-/argparse-2.0.1.tgz 0ms (cache hit)
757 http cache ansi-styles@https://packages.applied-caas-gateway1.internal.api.openai.org/artifactory/api/npm/npm-public/ansi-styles/-/ansi-styles-4.3.0.tgz 0ms (cache hit)
758 http cache ajv-formats@https://packages.applied-caas-gateway1.internal.api.openai.org/artifactory/api/npm/npm-public/ajv-formats/-/ajv-formats-2.1.1.tgz 0ms (cache hit)
759 http cache acorn-loose@https://packages.applied-caas-gateway1.internal.api.openai.org/artifactory/api/npm/npm-public/acorn-loose/-/acorn-loose-8.5.2.tgz 0ms (cache hit)
760 http cache ajv@https://packages.applied-caas-gateway1.internal.api.openai.org/artifactory/api/npm/npm-public/ajv/-/ajv-6.15.0.tgz 0ms (cache hit)
761 http cache acorn-jsx@https://packages.applied-caas-gateway1.internal.api.openai.org/artifactory/api/npm/npm-public/acorn-jsx/-/acorn-jsx-5.3.2.tgz 0ms (cache hit)
762 http cache acorn-import-phases@https://packages.applied-caas-gateway1.internal.api.openai.org/artifactory/api/npm/npm-public/acorn-import-phases/-/acorn-import-phases-1.0.4.tgz 0ms (cache hit)
763 http cache acorn@https://packages.applied-caas-gateway1.internal.api.openai.org/artifactory/api/npm/npm-public/acorn/-/acorn-8.16.0.tgz 0ms (cache hit)
764 http cache @xtuc/long@https://packages.applied-caas-gateway1.internal.api.openai.org/artifactory/api/npm/npm-public/@xtuc/long/-/long-4.2.2.tgz 0ms (cache hit)
765 http cache @xtuc/ieee754@https://packages.applied-caas-gateway1.internal.api.openai.org/artifactory/api/npm/npm-public/@xtuc/ieee754/-/ieee754-1.2.0.tgz 0ms (cache hit)
766 http cache @webassemblyjs/wast-printer@https://packages.applied-caas-gateway1.internal.api.openai.org/artifactory/api/npm/npm-public/@webassemblyjs/wast-printer/-/wast-printer-1.14.1.tgz 0ms (cache hit)
767 http cache @webassemblyjs/wasm-opt@https://packages.applied-caas-gateway1.internal.api.openai.org/artifactory/api/npm/npm-public/@webassemblyjs/wasm-opt/-/wasm-opt-1.14.1.tgz 0ms (cache hit)
768 http cache @webassemblyjs/wasm-parser@https://packages.applied-caas-gateway1.internal.api.openai.org/artifactory/api/npm/npm-public/@webassemblyjs/wasm-parser/-/wasm-parser-1.14.1.tgz 0ms (cache hit)
769 http cache @webassemblyjs/wasm-gen@https://packages.applied-caas-gateway1.internal.api.openai.org/artifactory/api/npm/npm-public/@webassemblyjs/wasm-gen/-/wasm-gen-1.14.1.tgz 0ms (cache hit)
770 http cache @webassemblyjs/wasm-edit@https://packages.applied-caas-gateway1.internal.api.openai.org/artifactory/api/npm/npm-public/@webassemblyjs/wasm-edit/-/wasm-edit-1.14.1.tgz 0ms (cache hit)
771 http cache @webassemblyjs/utf8@https://packages.applied-caas-gateway1.internal.api.openai.org/artifactory/api/npm/npm-public/@webassemblyjs/utf8/-/utf8-1.13.2.tgz 0ms (cache hit)
772 http cache @webassemblyjs/leb128@https://packages.applied-caas-gateway1.internal.api.openai.org/artifactory/api/npm/npm-public/@webassemblyjs/leb128/-/leb128-1.13.2.tgz 0ms (cache hit)
773 http cache @webassemblyjs/ieee754@https://packages.applied-caas-gateway1.internal.api.openai.org/artifactory/api/npm/npm-public/@webassemblyjs/ieee754/-/ieee754-1.13.2.tgz 0ms (cache hit)
774 http cache @webassemblyjs/helper-wasm-bytecode@https://packages.applied-caas-gateway1.internal.api.openai.org/artifactory/api/npm/npm-public/@webassemblyjs/helper-wasm-bytecode/-/helper-wasm-bytecode-1.13.2.tgz 0ms (cache hit)
775 http cache @webassemblyjs/helper-wasm-section@https://packages.applied-caas-gateway1.internal.api.openai.org/artifactory/api/npm/npm-public/@webassemblyjs/helper-wasm-section/-/helper-wasm-section-1.14.1.tgz 0ms (cache hit)
776 http cache @webassemblyjs/helper-numbers@https://packages.applied-caas-gateway1.internal.api.openai.org/artifactory/api/npm/npm-public/@webassemblyjs/helper-numbers/-/helper-numbers-1.13.2.tgz 0ms (cache hit)
777 http cache @webassemblyjs/helper-buffer@https://packages.applied-caas-gateway1.internal.api.openai.org/artifactory/api/npm/npm-public/@webassemblyjs/helper-buffer/-/helper-buffer-1.14.1.tgz 0ms (cache hit)
778 http cache @webassemblyjs/helper-api-error@https://packages.applied-caas-gateway1.internal.api.openai.org/artifactory/api/npm/npm-public/@webassemblyjs/helper-api-error/-/helper-api-error-1.13.2.tgz 0ms (cache hit)
779 http cache @webassemblyjs/floating-point-hex-parser@https://packages.applied-caas-gateway1.internal.api.openai.org/artifactory/api/npm/npm-public/@webassemblyjs/floating-point-hex-parser/-/floating-point-hex-parser-1.13.2.tgz 0ms (cache hit)
780 http cache @webassemblyjs/ast@https://packages.applied-caas-gateway1.internal.api.openai.org/artifactory/api/npm/npm-public/@webassemblyjs/ast/-/ast-1.14.1.tgz 0ms (cache hit)
781 http cache @vitejs/plugin-rsc@https://packages.applied-caas-gateway1.internal.api.openai.org/artifactory/api/npm/npm-public/@vitejs/plugin-rsc/-/plugin-rsc-0.5.26.tgz 0ms (cache hit)
782 http cache @vitejs/plugin-react@https://packages.applied-caas-gateway1.internal.api.openai.org/artifactory/api/npm/npm-public/@vitejs/plugin-react/-/plugin-react-6.0.2.tgz 0ms (cache hit)
783 http cache @unrs/resolver-binding-linux-x64-gnu@https://packages.applied-caas-gateway1.internal.api.openai.org/artifactory/api/npm/npm-public/@unrs/resolver-binding-linux-x64-gnu/-/resolver-binding-linux-x64-gnu-1.11.1.tgz 0ms (cache hit)
784 http cache @vercel/og@https://packages.applied-caas-gateway1.internal.api.openai.org/artifactory/api/npm/npm-public/@vercel/og/-/og-0.8.6.tgz 0ms (cache hit)
785 http cache @unpic/react@https://packages.applied-caas-gateway1.internal.api.openai.org/artifactory/api/npm/npm-public/@unpic/react/-/react-1.0.2.tgz 0ms (cache hit)
786 http cache @unpic/core@https://packages.applied-caas-gateway1.internal.api.openai.org/artifactory/api/npm/npm-public/@unpic/core/-/core-1.0.3.tgz 0ms (cache hit)
787 http cache @typescript-eslint/visitor-keys@https://packages.applied-caas-gateway1.internal.api.openai.org/artifactory/api/npm/npm-public/@typescript-eslint/visitor-keys/-/visitor-keys-8.59.3.tgz 0ms (cache hit)
788 http cache @typescript-eslint/typescript-estree@https://packages.applied-caas-gateway1.internal.api.openai.org/artifactory/api/npm/npm-public/@typescript-eslint/typescript-estree/-/typescript-estree-8.59.3.tgz 0ms (cache hit)
789 http cache @typescript-eslint/utils@https://packages.applied-caas-gateway1.internal.api.openai.org/artifactory/api/npm/npm-public/@typescript-eslint/utils/-/utils-8.59.3.tgz 0ms (cache hit)
790 http cache @typescript-eslint/types@https://packages.applied-caas-gateway1.internal.api.openai.org/artifactory/api/npm/npm-public/@typescript-eslint/types/-/types-8.59.3.tgz 0ms (cache hit)
791 http cache @typescript-eslint/type-utils@https://packages.applied-caas-gateway1.internal.api.openai.org/artifactory/api/npm/npm-public/@typescript-eslint/type-utils/-/type-utils-8.59.3.tgz 0ms (cache hit)
792 http cache @typescript-eslint/tsconfig-utils@https://packages.applied-caas-gateway1.internal.api.openai.org/artifactory/api/npm/npm-public/@typescript-eslint/tsconfig-utils/-/tsconfig-utils-8.59.3.tgz 0ms (cache hit)
793 http cache @typescript-eslint/project-service@https://packages.applied-caas-gateway1.internal.api.openai.org/artifactory/api/npm/npm-public/@typescript-eslint/project-service/-/project-service-8.59.3.tgz 0ms (cache hit)
794 http cache @typescript-eslint/scope-manager@https://packages.applied-caas-gateway1.internal.api.openai.org/artifactory/api/npm/npm-public/@typescript-eslint/scope-manager/-/scope-manager-8.59.3.tgz 0ms (cache hit)
795 http cache @typescript-eslint/parser@https://packages.applied-caas-gateway1.internal.api.openai.org/artifactory/api/npm/npm-public/@typescript-eslint/parser/-/parser-8.59.3.tgz 0ms (cache hit)
796 http cache @typescript-eslint/eslint-plugin@https://packages.applied-caas-gateway1.internal.api.openai.org/artifactory/api/npm/npm-public/@typescript-eslint/eslint-plugin/-/eslint-plugin-8.59.3.tgz 0ms (cache hit)
797 http cache @types/react-dom@https://packages.applied-caas-gateway1.internal.api.openai.org/artifactory/api/npm/npm-public/@types/react-dom/-/react-dom-19.2.3.tgz 0ms (cache hit)
798 http cache @types/react@https://packages.applied-caas-gateway1.internal.api.openai.org/artifactory/api/npm/npm-public/@types/react/-/react-19.2.14.tgz 0ms (cache hit)
799 http cache @types/node@https://packages.applied-caas-gateway1.internal.api.openai.org/artifactory/api/npm/npm-public/@types/node/-/node-22.19.19.tgz 0ms (cache hit)
800 http cache @types/json5@https://packages.applied-caas-gateway1.internal.api.openai.org/artifactory/api/npm/npm-public/@types/json5/-/json5-0.0.29.tgz 0ms (cache hit)
801 http cache @types/json-schema@https://packages.applied-caas-gateway1.internal.api.openai.org/artifactory/api/npm/npm-public/@types/json-schema/-/json-schema-7.0.15.tgz 0ms (cache hit)
802 http cache @types/estree@https://packages.applied-caas-gateway1.internal.api.openai.org/artifactory/api/npm/npm-public/@types/estree/-/estree-1.0.9.tgz 0ms (cache hit)
803 http cache @types/eslint-scope@https://packages.applied-caas-gateway1.internal.api.openai.org/artifactory/api/npm/npm-public/@types/eslint-scope/-/eslint-scope-3.7.7.tgz 0ms (cache hit)
804 http cache @types/eslint@https://packages.applied-caas-gateway1.internal.api.openai.org/artifactory/api/npm/npm-public/@types/eslint/-/eslint-9.6.1.tgz 0ms (cache hit)
805 http cache @tybys/wasm-util@https://packages.applied-caas-gateway1.internal.api.openai.org/artifactory/api/npm/npm-public/@tybys/wasm-util/-/wasm-util-0.10.2.tgz 0ms (cache hit)
806 http cache @tailwindcss/postcss@https://packages.applied-caas-gateway1.internal.api.openai.org/artifactory/api/npm/npm-public/@tailwindcss/postcss/-/postcss-4.2.1.tgz 0ms (cache hit)
807 http cache @tailwindcss/oxide@https://packages.applied-caas-gateway1.internal.api.openai.org/artifactory/api/npm/npm-public/@tailwindcss/oxide/-/oxide-4.2.1.tgz 0ms (cache hit)
808 http cache @tailwindcss/oxide-linux-x64-gnu@https://packages.applied-caas-gateway1.internal.api.openai.org/artifactory/api/npm/npm-public/@tailwindcss/oxide-linux-x64-gnu/-/oxide-linux-x64-gnu-4.2.1.tgz 0ms (cache hit)
809 http cache @tailwindcss/node@https://packages.applied-caas-gateway1.internal.api.openai.org/artifactory/api/npm/npm-public/@tailwindcss/node/-/node-4.2.1.tgz 0ms (cache hit)
810 http cache @swc/helpers@https://packages.applied-caas-gateway1.internal.api.openai.org/artifactory/api/npm/npm-public/@swc/helpers/-/helpers-0.5.15.tgz 0ms (cache hit)
811 http cache @speed-highlight/core@https://packages.applied-caas-gateway1.internal.api.openai.org/artifactory/api/npm/npm-public/@speed-highlight/core/-/core-1.2.15.tgz 0ms (cache hit)
812 http cache @sindresorhus/is@https://packages.applied-caas-gateway1.internal.api.openai.org/artifactory/api/npm/npm-public/@sindresorhus/is/-/is-7.2.0.tgz 0ms (cache hit)
813 http cache @shuding/opentype.js@https://packages.applied-caas-gateway1.internal.api.openai.org/artifactory/api/npm/npm-public/@shuding/opentype.js/-/opentype.js-1.4.0-beta.0.tgz 0ms (cache hit)
814 http cache @rtsao/scc@https://packages.applied-caas-gateway1.internal.api.openai.org/artifactory/api/npm/npm-public/@rtsao/scc/-/scc-1.1.0.tgz 0ms (cache hit)
815 http cache @rolldown/pluginutils@https://packages.applied-caas-gateway1.internal.api.openai.org/artifactory/api/npm/npm-public/@rolldown/pluginutils/-/pluginutils-1.0.1.tgz 0ms (cache hit)
816 http cache @resvg/resvg-wasm@https://packages.applied-caas-gateway1.internal.api.openai.org/artifactory/api/npm/npm-public/@resvg/resvg-wasm/-/resvg-wasm-2.4.0.tgz 0ms (cache hit)
817 http cache @rolldown/binding-linux-x64-gnu@https://packages.applied-caas-gateway1.internal.api.openai.org/artifactory/api/npm/npm-public/@rolldown/binding-linux-x64-gnu/-/binding-linux-x64-gnu-1.0.1.tgz 0ms (cache hit)
818 http cache @poppinss/exception@https://packages.applied-caas-gateway1.internal.api.openai.org/artifactory/api/npm/npm-public/@poppinss/exception/-/exception-1.2.3.tgz 0ms (cache hit)
819 http cache @poppinss/colors@https://packages.applied-caas-gateway1.internal.api.openai.org/artifactory/api/npm/npm-public/@poppinss/colors/-/colors-4.1.6.tgz 0ms (cache hit)
820 http cache array.prototype.findlast@https://packages.applied-caas-gateway1.internal.api.openai.org/artifactory/api/npm/npm-public/array.prototype.findlast/-/array.prototype.findlast-1.2.5.tgz 0ms (cache hit)
821 http cache @oxc-project/types@https://packages.applied-caas-gateway1.internal.api.openai.org/artifactory/api/npm/npm-public/@oxc-project/types/-/types-0.130.0.tgz 0ms (cache hit)
822 http cache @nolyfill/is-core-module@https://packages.applied-caas-gateway1.internal.api.openai.org/artifactory/api/npm/npm-public/@nolyfill/is-core-module/-/is-core-module-1.0.39.tgz 0ms (cache hit)
823 http cache @nodelib/fs.walk@https://packages.applied-caas-gateway1.internal.api.openai.org/artifactory/api/npm/npm-public/@nodelib/fs.walk/-/fs.walk-1.2.8.tgz 0ms (cache hit)
824 http cache @nodelib/fs.scandir@https://packages.applied-caas-gateway1.internal.api.openai.org/artifactory/api/npm/npm-public/@nodelib/fs.scandir/-/fs.scandir-2.1.5.tgz 0ms (cache hit)
825 http cache @nodelib/fs.stat@https://packages.applied-caas-gateway1.internal.api.openai.org/artifactory/api/npm/npm-public/@nodelib/fs.stat/-/fs.stat-2.0.5.tgz 0ms (cache hit)
826 http cache @next/swc-linux-x64-gnu@https://packages.applied-caas-gateway1.internal.api.openai.org/artifactory/api/npm/npm-public/@next/swc-linux-x64-gnu/-/swc-linux-x64-gnu-16.2.6.tgz 0ms (cache hit)
827 http cache @next/eslint-plugin-next@https://packages.applied-caas-gateway1.internal.api.openai.org/artifactory/api/npm/npm-public/@next/eslint-plugin-next/-/eslint-plugin-next-16.2.6.tgz 0ms (cache hit)
828 http cache @next/env@https://packages.applied-caas-gateway1.internal.api.openai.org/artifactory/api/npm/npm-public/@next/env/-/env-16.2.6.tgz 0ms (cache hit)
829 http cache @napi-rs/wasm-runtime@https://packages.applied-caas-gateway1.internal.api.openai.org/artifactory/api/npm/npm-public/@napi-rs/wasm-runtime/-/wasm-runtime-0.2.12.tgz 0ms (cache hit)
830 http cache @jridgewell/trace-mapping@https://packages.applied-caas-gateway1.internal.api.openai.org/artifactory/api/npm/npm-public/@jridgewell/trace-mapping/-/trace-mapping-0.3.31.tgz 0ms (cache hit)
831 http cache @jridgewell/source-map@https://packages.applied-caas-gateway1.internal.api.openai.org/artifactory/api/npm/npm-public/@jridgewell/source-map/-/source-map-0.3.11.tgz 0ms (cache hit)
832 http cache @jridgewell/sourcemap-codec@https://packages.applied-caas-gateway1.internal.api.openai.org/artifactory/api/npm/npm-public/@jridgewell/sourcemap-codec/-/sourcemap-codec-1.5.5.tgz 0ms (cache hit)
833 http cache @jridgewell/resolve-uri@https://packages.applied-caas-gateway1.internal.api.openai.org/artifactory/api/npm/npm-public/@jridgewell/resolve-uri/-/resolve-uri-3.1.2.tgz 0ms (cache hit)
834 http cache @jridgewell/remapping@https://packages.applied-caas-gateway1.internal.api.openai.org/artifactory/api/npm/npm-public/@jridgewell/remapping/-/remapping-2.3.5.tgz 0ms (cache hit)
835 http cache @jridgewell/gen-mapping@https://packages.applied-caas-gateway1.internal.api.openai.org/artifactory/api/npm/npm-public/@jridgewell/gen-mapping/-/gen-mapping-0.3.13.tgz 0ms (cache hit)
836 http cache @img/sharp-libvips-linux-x64@https://packages.applied-caas-gateway1.internal.api.openai.org/artifactory/api/npm/npm-public/@img/sharp-libvips-linux-x64/-/sharp-libvips-linux-x64-1.2.4.tgz 0ms (cache hit)
837 http cache @img/sharp-linux-x64@https://packages.applied-caas-gateway1.internal.api.openai.org/artifactory/api/npm/npm-public/@img/sharp-linux-x64/-/sharp-linux-x64-0.34.5.tgz 0ms (cache hit)
838 http cache @img/colour@https://packages.applied-caas-gateway1.internal.api.openai.org/artifactory/api/npm/npm-public/@img/colour/-/colour-1.1.0.tgz 0ms (cache hit)
839 http cache @humanwhocodes/retry@https://packages.applied-caas-gateway1.internal.api.openai.org/artifactory/api/npm/npm-public/@humanwhocodes/retry/-/retry-0.4.3.tgz 0ms (cache hit)
840 http cache @humanwhocodes/module-importer@https://packages.applied-caas-gateway1.internal.api.openai.org/artifactory/api/npm/npm-public/@humanwhocodes/module-importer/-/module-importer-1.0.1.tgz 0ms (cache hit)
841 http cache @humanfs/types@https://packages.applied-caas-gateway1.internal.api.openai.org/artifactory/api/npm/npm-public/@humanfs/types/-/types-0.15.0.tgz 0ms (cache hit)
842 http cache @humanfs/node@https://packages.applied-caas-gateway1.internal.api.openai.org/artifactory/api/npm/npm-public/@humanfs/node/-/node-0.16.8.tgz 0ms (cache hit)
843 http cache @humanfs/core@https://packages.applied-caas-gateway1.internal.api.openai.org/artifactory/api/npm/npm-public/@humanfs/core/-/core-0.19.2.tgz 0ms (cache hit)
844 http cache @eslint/plugin-kit@https://packages.applied-caas-gateway1.internal.api.openai.org/artifactory/api/npm/npm-public/@eslint/plugin-kit/-/plugin-kit-0.4.1.tgz 0ms (cache hit)
845 http cache @eslint/js@https://packages.applied-caas-gateway1.internal.api.openai.org/artifactory/api/npm/npm-public/@eslint/js/-/js-9.39.4.tgz 0ms (cache hit)
846 http cache @eslint/object-schema@https://packages.applied-caas-gateway1.internal.api.openai.org/artifactory/api/npm/npm-public/@eslint/object-schema/-/object-schema-2.1.7.tgz 0ms (cache hit)
847 http cache @eslint/eslintrc@https://packages.applied-caas-gateway1.internal.api.openai.org/artifactory/api/npm/npm-public/@eslint/eslintrc/-/eslintrc-3.3.5.tgz 0ms (cache hit)
848 http cache @eslint/core@https://packages.applied-caas-gateway1.internal.api.openai.org/artifactory/api/npm/npm-public/@eslint/core/-/core-0.17.0.tgz 0ms (cache hit)
849 http cache @eslint/config-helpers@https://packages.applied-caas-gateway1.internal.api.openai.org/artifactory/api/npm/npm-public/@eslint/config-helpers/-/config-helpers-0.4.2.tgz 0ms (cache hit)
850 http cache @eslint/config-array@https://packages.applied-caas-gateway1.internal.api.openai.org/artifactory/api/npm/npm-public/@eslint/config-array/-/config-array-0.21.2.tgz 0ms (cache hit)
851 http cache @eslint-community/regexpp@https://packages.applied-caas-gateway1.internal.api.openai.org/artifactory/api/npm/npm-public/@eslint-community/regexpp/-/regexpp-4.12.2.tgz 0ms (cache hit)
852 http cache @eslint-community/eslint-utils@https://packages.applied-caas-gateway1.internal.api.openai.org/artifactory/api/npm/npm-public/@eslint-community/eslint-utils/-/eslint-utils-4.9.1.tgz 0ms (cache hit)
853 http cache @esbuild/linux-x64@https://packages.applied-caas-gateway1.internal.api.openai.org/artifactory/api/npm/npm-public/@esbuild/linux-x64/-/linux-x64-0.28.0.tgz 0ms (cache hit)
854 http cache @esbuild-kit/core-utils@https://packages.applied-caas-gateway1.internal.api.openai.org/artifactory/api/npm/npm-public/@esbuild-kit/core-utils/-/core-utils-3.3.2.tgz 0ms (cache hit)
855 http cache @esbuild-kit/esm-loader@https://packages.applied-caas-gateway1.internal.api.openai.org/artifactory/api/npm/npm-public/@esbuild-kit/esm-loader/-/esm-loader-2.6.5.tgz 0ms (cache hit)
856 http cache @emnapi/wasi-threads@https://packages.applied-caas-gateway1.internal.api.openai.org/artifactory/api/npm/npm-public/@emnapi/wasi-threads/-/wasi-threads-1.2.1.tgz 0ms (cache hit)
857 http cache @emnapi/runtime@https://packages.applied-caas-gateway1.internal.api.openai.org/artifactory/api/npm/npm-public/@emnapi/runtime/-/runtime-1.10.0.tgz 0ms (cache hit)
858 http cache @emnapi/core@https://packages.applied-caas-gateway1.internal.api.openai.org/artifactory/api/npm/npm-public/@emnapi/core/-/core-1.10.0.tgz 0ms (cache hit)
859 http cache @cspotcode/source-map-support@https://packages.applied-caas-gateway1.internal.api.openai.org/artifactory/api/npm/npm-public/@cspotcode/source-map-support/-/source-map-support-0.8.1.tgz 0ms (cache hit)
860 http cache @drizzle-team/brocli@https://packages.applied-caas-gateway1.internal.api.openai.org/artifactory/api/npm/npm-public/@drizzle-team/brocli/-/brocli-0.10.2.tgz 0ms (cache hit)
861 http cache @cloudflare/workerd-linux-64@https://packages.applied-caas-gateway1.internal.api.openai.org/artifactory/api/npm/npm-public/@cloudflare/workerd-linux-64/-/workerd-linux-64-1.20260515.1.tgz 0ms (cache hit)
862 http cache @cloudflare/vite-plugin@https://packages.applied-caas-gateway1.internal.api.openai.org/artifactory/api/npm/npm-public/@cloudflare/vite-plugin/-/vite-plugin-1.37.1.tgz 0ms (cache hit)
863 http cache @cloudflare/unenv-preset@https://packages.applied-caas-gateway1.internal.api.openai.org/artifactory/api/npm/npm-public/@cloudflare/unenv-preset/-/unenv-preset-2.16.1.tgz 0ms (cache hit)
864 http cache @babel/types@https://packages.applied-caas-gateway1.internal.api.openai.org/artifactory/api/npm/npm-public/@babel/types/-/types-7.29.0.tgz 0ms (cache hit)
865 http cache @cloudflare/kv-asset-handler@https://packages.applied-caas-gateway1.internal.api.openai.org/artifactory/api/npm/npm-public/@cloudflare/kv-asset-handler/-/kv-asset-handler-0.5.0.tgz 0ms (cache hit)
866 http cache @babel/traverse@https://packages.applied-caas-gateway1.internal.api.openai.org/artifactory/api/npm/npm-public/@babel/traverse/-/traverse-7.29.0.tgz 0ms (cache hit)
867 http cache @babel/template@https://packages.applied-caas-gateway1.internal.api.openai.org/artifactory/api/npm/npm-public/@babel/template/-/template-7.28.6.tgz 0ms (cache hit)
868 http cache @babel/parser@https://packages.applied-caas-gateway1.internal.api.openai.org/artifactory/api/npm/npm-public/@babel/parser/-/parser-7.29.3.tgz 0ms (cache hit)
869 http cache @babel/helpers@https://packages.applied-caas-gateway1.internal.api.openai.org/artifactory/api/npm/npm-public/@babel/helpers/-/helpers-7.29.2.tgz 0ms (cache hit)
870 http cache @babel/helper-validator-option@https://packages.applied-caas-gateway1.internal.api.openai.org/artifactory/api/npm/npm-public/@babel/helper-validator-option/-/helper-validator-option-7.27.1.tgz 0ms (cache hit)
871 http cache @babel/helper-string-parser@https://packages.applied-caas-gateway1.internal.api.openai.org/artifactory/api/npm/npm-public/@babel/helper-string-parser/-/helper-string-parser-7.27.1.tgz 0ms (cache hit)
872 http cache @babel/helper-validator-identifier@https://packages.applied-caas-gateway1.internal.api.openai.org/artifactory/api/npm/npm-public/@babel/helper-validator-identifier/-/helper-validator-identifier-7.28.5.tgz 0ms (cache hit)
873 http cache @babel/helper-module-transforms@https://packages.applied-caas-gateway1.internal.api.openai.org/artifactory/api/npm/npm-public/@babel/helper-module-transforms/-/helper-module-transforms-7.28.6.tgz 0ms (cache hit)
874 http cache @babel/helper-module-imports@https://packages.applied-caas-gateway1.internal.api.openai.org/artifactory/api/npm/npm-public/@babel/helper-module-imports/-/helper-module-imports-7.28.6.tgz 0ms (cache hit)
875 http cache @babel/helper-globals@https://packages.applied-caas-gateway1.internal.api.openai.org/artifactory/api/npm/npm-public/@babel/helper-globals/-/helper-globals-7.28.0.tgz 0ms (cache hit)
876 http cache @babel/helper-compilation-targets@https://packages.applied-caas-gateway1.internal.api.openai.org/artifactory/api/npm/npm-public/@babel/helper-compilation-targets/-/helper-compilation-targets-7.28.6.tgz 0ms (cache hit)
877 http cache @babel/generator@https://packages.applied-caas-gateway1.internal.api.openai.org/artifactory/api/npm/npm-public/@babel/generator/-/generator-7.29.1.tgz 0ms (cache hit)
878 http cache @babel/core@https://packages.applied-caas-gateway1.internal.api.openai.org/artifactory/api/npm/npm-public/@babel/core/-/core-7.29.0.tgz 0ms (cache hit)
879 http cache @babel/compat-data@https://packages.applied-caas-gateway1.internal.api.openai.org/artifactory/api/npm/npm-public/@babel/compat-data/-/compat-data-7.29.3.tgz 0ms (cache hit)
880 http cache @alloc/quick-lru@https://packages.applied-caas-gateway1.internal.api.openai.org/artifactory/api/npm/npm-public/@alloc/quick-lru/-/quick-lru-5.2.0.tgz 0ms (cache hit)
881 http cache @babel/code-frame@https://packages.applied-caas-gateway1.internal.api.openai.org/artifactory/api/npm/npm-public/@babel/code-frame/-/code-frame-7.29.0.tgz 0ms (cache hit)
882 http cache esbuild@https://packages.applied-caas-gateway1.internal.api.openai.org/artifactory/api/npm/npm-public/esbuild/-/esbuild-0.27.3.tgz 0ms (cache hit)
883 http cache @esbuild/linux-x64@https://packages.applied-caas-gateway1.internal.api.openai.org/artifactory/api/npm/npm-public/@esbuild/linux-x64/-/linux-x64-0.27.3.tgz 0ms (cache hit)
884 http cache estraverse@https://packages.applied-caas-gateway1.internal.api.openai.org/artifactory/api/npm/npm-public/estraverse/-/estraverse-4.3.0.tgz 0ms (cache hit)
885 http cache eslint-scope@https://packages.applied-caas-gateway1.internal.api.openai.org/artifactory/api/npm/npm-public/eslint-scope/-/eslint-scope-5.1.1.tgz 0ms (cache hit)
886 http cache glob-parent@https://packages.applied-caas-gateway1.internal.api.openai.org/artifactory/api/npm/npm-public/glob-parent/-/glob-parent-5.1.2.tgz 0ms (cache hit)
887 http cache fast-glob@https://packages.applied-caas-gateway1.internal.api.openai.org/artifactory/api/npm/npm-public/fast-glob/-/fast-glob-3.3.3.tgz 0ms (cache hit)
888 http cache es-module-lexer@https://packages.applied-caas-gateway1.internal.api.openai.org/artifactory/api/npm/npm-public/es-module-lexer/-/es-module-lexer-1.7.0.tgz 0ms (cache hit)
889 http cache lightningcss@https://packages.applied-caas-gateway1.internal.api.openai.org/artifactory/api/npm/npm-public/lightningcss/-/lightningcss-1.32.0.tgz 0ms (cache hit)
890 http cache picomatch@https://packages.applied-caas-gateway1.internal.api.openai.org/artifactory/api/npm/npm-public/picomatch/-/picomatch-4.0.4.tgz 0ms (cache hit)
891 http cache json5@https://packages.applied-caas-gateway1.internal.api.openai.org/artifactory/api/npm/npm-public/json5/-/json5-1.0.2.tgz 0ms (cache hit)
892 http cache lightningcss-linux-x64-gnu@https://packages.applied-caas-gateway1.internal.api.openai.org/artifactory/api/npm/npm-public/lightningcss-linux-x64-gnu/-/lightningcss-linux-x64-gnu-1.32.0.tgz 0ms (cache hit)
893 http cache picomatch@https://packages.applied-caas-gateway1.internal.api.openai.org/artifactory/api/npm/npm-public/picomatch/-/picomatch-4.0.4.tgz 0ms (cache hit)
894 http cache fdir@https://packages.applied-caas-gateway1.internal.api.openai.org/artifactory/api/npm/npm-public/fdir/-/fdir-6.5.0.tgz 0ms (cache hit)
895 http cache js-tokens@https://packages.applied-caas-gateway1.internal.api.openai.org/artifactory/api/npm/npm-public/js-tokens/-/js-tokens-9.0.1.tgz 0ms (cache hit)
896 http cache semver@https://packages.applied-caas-gateway1.internal.api.openai.org/artifactory/api/npm/npm-public/semver/-/semver-7.8.0.tgz 0ms (cache hit)
897 http cache json-schema-traverse@https://packages.applied-caas-gateway1.internal.api.openai.org/artifactory/api/npm/npm-public/json-schema-traverse/-/json-schema-traverse-1.0.0.tgz 0ms (cache hit)
898 http cache ajv@https://packages.applied-caas-gateway1.internal.api.openai.org/artifactory/api/npm/npm-public/ajv/-/ajv-8.20.0.tgz 0ms (cache hit)
899 http cache ajv-keywords@https://packages.applied-caas-gateway1.internal.api.openai.org/artifactory/api/npm/npm-public/ajv-keywords/-/ajv-keywords-5.1.0.tgz 0ms (cache hit)
900 http cache postcss@https://packages.applied-caas-gateway1.internal.api.openai.org/artifactory/api/npm/npm-public/postcss/-/postcss-8.4.31.tgz 0ms (cache hit)
901 http cache supports-color@https://packages.applied-caas-gateway1.internal.api.openai.org/artifactory/api/npm/npm-public/supports-color/-/supports-color-8.1.1.tgz 0ms (cache hit)
902 http cache semver@https://packages.applied-caas-gateway1.internal.api.openai.org/artifactory/api/npm/npm-public/semver/-/semver-7.8.0.tgz 0ms (cache hit)
903 http cache glob-parent@https://packages.applied-caas-gateway1.internal.api.openai.org/artifactory/api/npm/npm-public/glob-parent/-/glob-parent-5.1.2.tgz 0ms (cache hit)
904 http cache debug@https://packages.applied-caas-gateway1.internal.api.openai.org/artifactory/api/npm/npm-public/debug/-/debug-3.2.7.tgz 0ms (cache hit)
905 http cache debug@https://packages.applied-caas-gateway1.internal.api.openai.org/artifactory/api/npm/npm-public/debug/-/debug-3.2.7.tgz 0ms (cache hit)
906 http cache debug@https://packages.applied-caas-gateway1.internal.api.openai.org/artifactory/api/npm/npm-public/debug/-/debug-3.2.7.tgz 0ms (cache hit)
907 http cache globals@https://packages.applied-caas-gateway1.internal.api.openai.org/artifactory/api/npm/npm-public/globals/-/globals-16.4.0.tgz 0ms (cache hit)
908 http cache esbuild@https://packages.applied-caas-gateway1.internal.api.openai.org/artifactory/api/npm/npm-public/esbuild/-/esbuild-0.25.12.tgz 0ms (cache hit)
909 http cache @esbuild/linux-x64@https://packages.applied-caas-gateway1.internal.api.openai.org/artifactory/api/npm/npm-public/@esbuild/linux-x64/-/linux-x64-0.25.12.tgz 0ms (cache hit)
910 http cache json-schema-traverse@https://packages.applied-caas-gateway1.internal.api.openai.org/artifactory/api/npm/npm-public/json-schema-traverse/-/json-schema-traverse-1.0.0.tgz 0ms (cache hit)
911 http cache ajv@https://packages.applied-caas-gateway1.internal.api.openai.org/artifactory/api/npm/npm-public/ajv/-/ajv-8.20.0.tgz 0ms (cache hit)
912 http cache @rolldown/pluginutils@https://packages.applied-caas-gateway1.internal.api.openai.org/artifactory/api/npm/npm-public/@rolldown/pluginutils/-/pluginutils-1.0.0-rc.18.tgz 0ms (cache hit)
913 http cache eslint-visitor-keys@https://packages.applied-caas-gateway1.internal.api.openai.org/artifactory/api/npm/npm-public/eslint-visitor-keys/-/eslint-visitor-keys-5.0.1.tgz 0ms (cache hit)
914 http cache minimatch@https://packages.applied-caas-gateway1.internal.api.openai.org/artifactory/api/npm/npm-public/minimatch/-/minimatch-10.2.5.tgz 0ms (cache hit)
915 http cache semver@https://packages.applied-caas-gateway1.internal.api.openai.org/artifactory/api/npm/npm-public/semver/-/semver-7.8.0.tgz 0ms (cache hit)
916 http cache brace-expansion@https://packages.applied-caas-gateway1.internal.api.openai.org/artifactory/api/npm/npm-public/brace-expansion/-/brace-expansion-5.0.6.tgz 0ms (cache hit)
917 http cache balanced-match@https://packages.applied-caas-gateway1.internal.api.openai.org/artifactory/api/npm/npm-public/balanced-match/-/balanced-match-4.0.4.tgz 0ms (cache hit)
918 http cache ignore@https://packages.applied-caas-gateway1.internal.api.openai.org/artifactory/api/npm/npm-public/ignore/-/ignore-7.0.5.tgz 0ms (cache hit)
919 http cache @napi-rs/wasm-runtime@https://packages.applied-caas-gateway1.internal.api.openai.org/artifactory/api/npm/npm-public/@napi-rs/wasm-runtime/-/wasm-runtime-1.1.4.tgz 0ms (cache hit)
920 http cache supports-color@https://packages.applied-caas-gateway1.internal.api.openai.org/artifactory/api/npm/npm-public/supports-color/-/supports-color-10.2.2.tgz 0ms (cache hit)
921 http cache esbuild@https://packages.applied-caas-gateway1.internal.api.openai.org/artifactory/api/npm/npm-public/esbuild/-/esbuild-0.18.20.tgz 0ms (cache hit)
922 http cache eslint-visitor-keys@https://packages.applied-caas-gateway1.internal.api.openai.org/artifactory/api/npm/npm-public/eslint-visitor-keys/-/eslint-visitor-keys-3.4.3.tgz 0ms (cache hit)
923 http cache @esbuild/linux-x64@https://packages.applied-caas-gateway1.internal.api.openai.org/artifactory/api/npm/npm-public/@esbuild/linux-x64/-/linux-x64-0.18.20.tgz 0ms (cache hit)
924 http cache @jridgewell/trace-mapping@https://packages.applied-caas-gateway1.internal.api.openai.org/artifactory/api/npm/npm-public/@jridgewell/trace-mapping/-/trace-mapping-0.3.9.tgz 0ms (cache hit)
925 http cache @poppinss/dumper@https://packages.applied-caas-gateway1.internal.api.openai.org/artifactory/api/npm/npm-public/@poppinss/dumper/-/dumper-0.6.5.tgz 0ms (cache hit)
926 silly tarball no local data for zod@https://packages.applied-caas-gateway1.internal.api.openai.org/artifactory/api/npm/npm-public/zod/-/zod-4.4.3.tgz. Extracting by manifest.
927 silly tarball no local data for zod-validation-error@https://packages.applied-caas-gateway1.internal.api.openai.org/artifactory/api/npm/npm-public/zod-validation-error/-/zod-validation-error-4.0.2.tgz. Extracting by manifest.
928 silly tarball no local data for youch-core@https://packages.applied-caas-gateway1.internal.api.openai.org/artifactory/api/npm/npm-public/youch-core/-/youch-core-0.3.3.tgz. Extracting by manifest.
929 silly tarball no local data for yoga-layout@https://packages.applied-caas-gateway1.internal.api.openai.org/artifactory/api/npm/npm-public/yoga-layout/-/yoga-layout-3.2.1.tgz. Extracting by manifest.
930 silly tarball no local data for yocto-queue@https://packages.applied-caas-gateway1.internal.api.openai.org/artifactory/api/npm/npm-public/yocto-queue/-/yocto-queue-0.1.0.tgz. Extracting by manifest.
931 silly tarball no local data for yallist@https://packages.applied-caas-gateway1.internal.api.openai.org/artifactory/api/npm/npm-public/yallist/-/yallist-3.1.1.tgz. Extracting by manifest.
932 silly tarball no local data for ws@https://packages.applied-caas-gateway1.internal.api.openai.org/artifactory/api/npm/npm-public/ws/-/ws-8.18.0.tgz. Extracting by manifest.
933 silly tarball no local data for wrangler@https://packages.applied-caas-gateway1.internal.api.openai.org/artifactory/api/npm/npm-public/wrangler/-/wrangler-4.92.0.tgz. Extracting by manifest.
934 silly tarball no local data for youch@https://packages.applied-caas-gateway1.internal.api.openai.org/artifactory/api/npm/npm-public/youch/-/youch-4.1.0-beta.10.tgz. Extracting by manifest.
935 silly tarball no local data for workerd@https://packages.applied-caas-gateway1.internal.api.openai.org/artifactory/api/npm/npm-public/workerd/-/workerd-1.20260515.1.tgz. Extracting by manifest.
936 silly tarball no local data for word-wrap@https://packages.applied-caas-gateway1.internal.api.openai.org/artifactory/api/npm/npm-public/word-wrap/-/word-wrap-1.2.5.tgz. Extracting by manifest.
937 silly tarball no local data for which-collection@https://packages.applied-caas-gateway1.internal.api.openai.org/artifactory/api/npm/npm-public/which-collection/-/which-collection-1.0.2.tgz. Extracting by manifest.
938 silly tarball no local data for which-typed-array@https://packages.applied-caas-gateway1.internal.api.openai.org/artifactory/api/npm/npm-public/which-typed-array/-/which-typed-array-1.1.20.tgz. Extracting by manifest.
939 silly tarball no local data for which-builtin-type@https://packages.applied-caas-gateway1.internal.api.openai.org/artifactory/api/npm/npm-public/which-builtin-type/-/which-builtin-type-1.2.1.tgz. Extracting by manifest.
940 silly tarball no local data for which-boxed-primitive@https://packages.applied-caas-gateway1.internal.api.openai.org/artifactory/api/npm/npm-public/which-boxed-primitive/-/which-boxed-primitive-1.1.1.tgz. Extracting by manifest.
941 silly tarball no local data for which@https://packages.applied-caas-gateway1.internal.api.openai.org/artifactory/api/npm/npm-public/which/-/which-2.0.2.tgz. Extracting by manifest.
942 silly tarball no local data for webpack-sources@https://packages.applied-caas-gateway1.internal.api.openai.org/artifactory/api/npm/npm-public/webpack-sources/-/webpack-sources-3.4.1.tgz. Extracting by manifest.
943 silly tarball no local data for webpack@https://packages.applied-caas-gateway1.internal.api.openai.org/artifactory/api/npm/npm-public/webpack/-/webpack-5.106.2.tgz. Extracting by manifest.
944 silly tarball no local data for watchpack@https://packages.applied-caas-gateway1.internal.api.openai.org/artifactory/api/npm/npm-public/watchpack/-/watchpack-2.5.1.tgz. Extracting by manifest.
945 silly tarball no local data for web-vitals@https://packages.applied-caas-gateway1.internal.api.openai.org/artifactory/api/npm/npm-public/web-vitals/-/web-vitals-4.2.4.tgz. Extracting by manifest.
946 silly tarball no local data for vitefu@https://packages.applied-caas-gateway1.internal.api.openai.org/artifactory/api/npm/npm-public/vitefu/-/vitefu-1.1.3.tgz. Extracting by manifest.
947 silly tarball no local data for vite-plugin-dynamic-import@https://packages.applied-caas-gateway1.internal.api.openai.org/artifactory/api/npm/npm-public/vite-plugin-dynamic-import/-/vite-plugin-dynamic-import-1.6.0.tgz. Extracting by manifest.
948 silly tarball no local data for vite-tsconfig-paths@https://packages.applied-caas-gateway1.internal.api.openai.org/artifactory/api/npm/npm-public/vite-tsconfig-paths/-/vite-tsconfig-paths-6.1.1.tgz. Extracting by manifest.
949 silly tarball no local data for vite-plugin-commonjs@https://packages.applied-caas-gateway1.internal.api.openai.org/artifactory/api/npm/npm-public/vite-plugin-commonjs/-/vite-plugin-commonjs-0.10.4.tgz. Extracting by manifest.
950 silly tarball no local data for vinext@https://packages.applied-caas-gateway1.internal.api.openai.org/artifactory/api/npm/npm-public/vinext/-/vinext-0.0.50.tgz. Extracting by manifest.
951 silly tarball no local data for vite@https://packages.applied-caas-gateway1.internal.api.openai.org/artifactory/api/npm/npm-public/vite/-/vite-8.0.13.tgz. Extracting by manifest.
952 silly tarball no local data for uri-js@https://packages.applied-caas-gateway1.internal.api.openai.org/artifactory/api/npm/npm-public/uri-js/-/uri-js-4.4.1.tgz. Extracting by manifest.
953 silly tarball no local data for unrs-resolver@https://packages.applied-caas-gateway1.internal.api.openai.org/artifactory/api/npm/npm-public/unrs-resolver/-/unrs-resolver-1.11.1.tgz. Extracting by manifest.
954 silly tarball no local data for unpic@https://packages.applied-caas-gateway1.internal.api.openai.org/artifactory/api/npm/npm-public/unpic/-/unpic-4.2.2.tgz. Extracting by manifest.
955 silly tarball no local data for update-browserslist-db@https://packages.applied-caas-gateway1.internal.api.openai.org/artifactory/api/npm/npm-public/update-browserslist-db/-/update-browserslist-db-1.2.3.tgz. Extracting by manifest.
956 silly tarball no local data for unicode-trie@https://packages.applied-caas-gateway1.internal.api.openai.org/artifactory/api/npm/npm-public/unicode-trie/-/unicode-trie-2.0.0.tgz. Extracting by manifest.
957 silly tarball no local data for unenv@https://packages.applied-caas-gateway1.internal.api.openai.org/artifactory/api/npm/npm-public/unenv/-/unenv-2.0.0-rc.24.tgz. Extracting by manifest.
958 silly tarball no local data for undici-types@https://packages.applied-caas-gateway1.internal.api.openai.org/artifactory/api/npm/npm-public/undici-types/-/undici-types-6.21.0.tgz. Extracting by manifest.
959 silly tarball no local data for undici@https://packages.applied-caas-gateway1.internal.api.openai.org/artifactory/api/npm/npm-public/undici/-/undici-7.24.8.tgz. Extracting by manifest.
960 silly tarball no local data for unbox-primitive@https://packages.applied-caas-gateway1.internal.api.openai.org/artifactory/api/npm/npm-public/unbox-primitive/-/unbox-primitive-1.1.0.tgz. Extracting by manifest.
961 silly tarball no local data for typescript-eslint@https://packages.applied-caas-gateway1.internal.api.openai.org/artifactory/api/npm/npm-public/typescript-eslint/-/typescript-eslint-8.59.3.tgz. Extracting by manifest.
962 silly tarball no local data for typescript@https://packages.applied-caas-gateway1.internal.api.openai.org/artifactory/api/npm/npm-public/typescript/-/typescript-5.9.3.tgz. Extracting by manifest.
963 silly tarball no local data for typed-array-length@https://packages.applied-caas-gateway1.internal.api.openai.org/artifactory/api/npm/npm-public/typed-array-length/-/typed-array-length-1.0.7.tgz. Extracting by manifest.
964 silly tarball no local data for typed-array-byte-offset@https://packages.applied-caas-gateway1.internal.api.openai.org/artifactory/api/npm/npm-public/typed-array-byte-offset/-/typed-array-byte-offset-1.0.4.tgz. Extracting by manifest.
965 silly tarball no local data for typed-array-byte-length@https://packages.applied-caas-gateway1.internal.api.openai.org/artifactory/api/npm/npm-public/typed-array-byte-length/-/typed-array-byte-length-1.0.3.tgz. Extracting by manifest.
966 silly tarball no local data for typed-array-buffer@https://packages.applied-caas-gateway1.internal.api.openai.org/artifactory/api/npm/npm-public/typed-array-buffer/-/typed-array-buffer-1.0.3.tgz. Extracting by manifest.
967 silly tarball no local data for type-check@https://packages.applied-caas-gateway1.internal.api.openai.org/artifactory/api/npm/npm-public/type-check/-/type-check-0.4.0.tgz. Extracting by manifest.
968 silly tarball no local data for turbo-stream@https://packages.applied-caas-gateway1.internal.api.openai.org/artifactory/api/npm/npm-public/turbo-stream/-/turbo-stream-3.2.0.tgz. Extracting by manifest.
969 silly tarball no local data for tsx@https://packages.applied-caas-gateway1.internal.api.openai.org/artifactory/api/npm/npm-public/tsx/-/tsx-4.22.1.tgz. Extracting by manifest.
970 silly tarball no local data for tslib@https://packages.applied-caas-gateway1.internal.api.openai.org/artifactory/api/npm/npm-public/tslib/-/tslib-2.8.1.tgz. Extracting by manifest.
971 silly tarball no local data for tsconfig-paths@https://packages.applied-caas-gateway1.internal.api.openai.org/artifactory/api/npm/npm-public/tsconfig-paths/-/tsconfig-paths-3.15.0.tgz. Extracting by manifest.
972 silly tarball no local data for tsconfck@https://packages.applied-caas-gateway1.internal.api.openai.org/artifactory/api/npm/npm-public/tsconfck/-/tsconfck-3.1.6.tgz. Extracting by manifest.
973 silly tarball no local data for ts-api-utils@https://packages.applied-caas-gateway1.internal.api.openai.org/artifactory/api/npm/npm-public/ts-api-utils/-/ts-api-utils-2.5.0.tgz. Extracting by manifest.
974 silly tarball no local data for to-regex-range@https://packages.applied-caas-gateway1.internal.api.openai.org/artifactory/api/npm/npm-public/to-regex-range/-/to-regex-range-5.0.1.tgz. Extracting by manifest.
975 silly tarball no local data for tinyglobby@https://packages.applied-caas-gateway1.internal.api.openai.org/artifactory/api/npm/npm-public/tinyglobby/-/tinyglobby-0.2.16.tgz. Extracting by manifest.
976 silly tarball no local data for tiny-inflate@https://packages.applied-caas-gateway1.internal.api.openai.org/artifactory/api/npm/npm-public/tiny-inflate/-/tiny-inflate-1.0.3.tgz. Extracting by manifest.
977 silly tarball no local data for terser-webpack-plugin@https://packages.applied-caas-gateway1.internal.api.openai.org/artifactory/api/npm/npm-public/terser-webpack-plugin/-/terser-webpack-plugin-5.6.0.tgz. Extracting by manifest.
978 silly tarball no local data for terser@https://packages.applied-caas-gateway1.internal.api.openai.org/artifactory/api/npm/npm-public/terser/-/terser-5.47.1.tgz. Extracting by manifest.
979 silly tarball no local data for tapable@https://packages.applied-caas-gateway1.internal.api.openai.org/artifactory/api/npm/npm-public/tapable/-/tapable-2.3.3.tgz. Extracting by manifest.
980 silly tarball no local data for tailwindcss@https://packages.applied-caas-gateway1.internal.api.openai.org/artifactory/api/npm/npm-public/tailwindcss/-/tailwindcss-4.2.1.tgz. Extracting by manifest.
981 silly tarball no local data for supports-preserve-symlinks-flag@https://packages.applied-caas-gateway1.internal.api.openai.org/artifactory/api/npm/npm-public/supports-preserve-symlinks-flag/-/supports-preserve-symlinks-flag-1.0.0.tgz. Extracting by manifest.
982 silly tarball no local data for supports-color@https://packages.applied-caas-gateway1.internal.api.openai.org/artifactory/api/npm/npm-public/supports-color/-/supports-color-7.2.0.tgz. Extracting by manifest.
983 silly tarball no local data for styled-jsx@https://packages.applied-caas-gateway1.internal.api.openai.org/artifactory/api/npm/npm-public/styled-jsx/-/styled-jsx-5.1.6.tgz. Extracting by manifest.
984 silly tarball no local data for strip-literal@https://packages.applied-caas-gateway1.internal.api.openai.org/artifactory/api/npm/npm-public/strip-literal/-/strip-literal-3.1.0.tgz. Extracting by manifest.
985 silly tarball no local data for strip-json-comments@https://packages.applied-caas-gateway1.internal.api.openai.org/artifactory/api/npm/npm-public/strip-json-comments/-/strip-json-comments-3.1.1.tgz. Extracting by manifest.
986 silly tarball no local data for strip-bom@https://packages.applied-caas-gateway1.internal.api.openai.org/artifactory/api/npm/npm-public/strip-bom/-/strip-bom-3.0.0.tgz. Extracting by manifest.
987 silly tarball no local data for string.prototype.trimstart@https://packages.applied-caas-gateway1.internal.api.openai.org/artifactory/api/npm/npm-public/string.prototype.trimstart/-/string.prototype.trimstart-1.0.8.tgz. Extracting by manifest.
988 silly tarball no local data for string.prototype.trimend@https://packages.applied-caas-gateway1.internal.api.openai.org/artifactory/api/npm/npm-public/string.prototype.trimend/-/string.prototype.trimend-1.0.9.tgz. Extracting by manifest.
989 silly tarball no local data for string.prototype.trim@https://packages.applied-caas-gateway1.internal.api.openai.org/artifactory/api/npm/npm-public/string.prototype.trim/-/string.prototype.trim-1.2.10.tgz. Extracting by manifest.
990 silly tarball no local data for string.prototype.repeat@https://packages.applied-caas-gateway1.internal.api.openai.org/artifactory/api/npm/npm-public/string.prototype.repeat/-/string.prototype.repeat-1.0.0.tgz. Extracting by manifest.
991 silly tarball no local data for string.prototype.matchall@https://packages.applied-caas-gateway1.internal.api.openai.org/artifactory/api/npm/npm-public/string.prototype.matchall/-/string.prototype.matchall-4.0.12.tgz. Extracting by manifest.
992 silly tarball no local data for string.prototype.includes@https://packages.applied-caas-gateway1.internal.api.openai.org/artifactory/api/npm/npm-public/string.prototype.includes/-/string.prototype.includes-2.0.1.tgz. Extracting by manifest.
993 silly tarball no local data for string.prototype.codepointat@https://packages.applied-caas-gateway1.internal.api.openai.org/artifactory/api/npm/npm-public/string.prototype.codepointat/-/string.prototype.codepointat-0.2.1.tgz. Extracting by manifest.
994 silly tarball no local data for stop-iteration-iterator@https://packages.applied-caas-gateway1.internal.api.openai.org/artifactory/api/npm/npm-public/stop-iteration-iterator/-/stop-iteration-iterator-1.1.0.tgz. Extracting by manifest.
995 silly tarball no local data for stable-hash@https://packages.applied-caas-gateway1.internal.api.openai.org/artifactory/api/npm/npm-public/stable-hash/-/stable-hash-0.0.5.tgz. Extracting by manifest.
996 silly tarball no local data for srvx@https://packages.applied-caas-gateway1.internal.api.openai.org/artifactory/api/npm/npm-public/srvx/-/srvx-0.11.15.tgz. Extracting by manifest.
997 silly tarball no local data for source-map-support@https://packages.applied-caas-gateway1.internal.api.openai.org/artifactory/api/npm/npm-public/source-map-support/-/source-map-support-0.5.21.tgz. Extracting by manifest.
998 silly tarball no local data for source-map-js@https://packages.applied-caas-gateway1.internal.api.openai.org/artifactory/api/npm/npm-public/source-map-js/-/source-map-js-1.2.1.tgz. Extracting by manifest.
999 silly tarball no local data for source-map@https://packages.applied-caas-gateway1.internal.api.openai.org/artifactory/api/npm/npm-public/source-map/-/source-map-0.6.1.tgz. Extracting by manifest.
1000 silly tarball no local data for side-channel-weakmap@https://packages.applied-caas-gateway1.internal.api.openai.org/artifactory/api/npm/npm-public/side-channel-weakmap/-/side-channel-weakmap-1.0.2.tgz. Extracting by manifest.
1001 silly tarball no local data for side-channel-map@https://packages.applied-caas-gateway1.internal.api.openai.org/artifactory/api/npm/npm-public/side-channel-map/-/side-channel-map-1.0.1.tgz. Extracting by manifest.
1002 silly tarball no local data for side-channel-list@https://packages.applied-caas-gateway1.internal.api.openai.org/artifactory/api/npm/npm-public/side-channel-list/-/side-channel-list-1.0.1.tgz. Extracting by manifest.
1003 silly tarball no local data for side-channel@https://packages.applied-caas-gateway1.internal.api.openai.org/artifactory/api/npm/npm-public/side-channel/-/side-channel-1.1.0.tgz. Extracting by manifest.
1004 silly tarball no local data for shebang-regex@https://packages.applied-caas-gateway1.internal.api.openai.org/artifactory/api/npm/npm-public/shebang-regex/-/shebang-regex-3.0.0.tgz. Extracting by manifest.
1005 silly tarball no local data for shebang-command@https://packages.applied-caas-gateway1.internal.api.openai.org/artifactory/api/npm/npm-public/shebang-command/-/shebang-command-2.0.0.tgz. Extracting by manifest.
1006 silly tarball no local data for sharp@https://packages.applied-caas-gateway1.internal.api.openai.org/artifactory/api/npm/npm-public/sharp/-/sharp-0.34.5.tgz. Extracting by manifest.
1007 silly tarball no local data for set-proto@https://packages.applied-caas-gateway1.internal.api.openai.org/artifactory/api/npm/npm-public/set-proto/-/set-proto-1.0.0.tgz. Extracting by manifest.
1008 silly tarball no local data for set-function-name@https://packages.applied-caas-gateway1.internal.api.openai.org/artifactory/api/npm/npm-public/set-function-name/-/set-function-name-2.0.2.tgz. Extracting by manifest.
1009 silly tarball no local data for set-function-length@https://packages.applied-caas-gateway1.internal.api.openai.org/artifactory/api/npm/npm-public/set-function-length/-/set-function-length-1.2.2.tgz. Extracting by manifest.
1010 silly tarball no local data for semver@https://packages.applied-caas-gateway1.internal.api.openai.org/artifactory/api/npm/npm-public/semver/-/semver-6.3.1.tgz. Extracting by manifest.
1011 silly tarball no local data for schema-utils@https://packages.applied-caas-gateway1.internal.api.openai.org/artifactory/api/npm/npm-public/schema-utils/-/schema-utils-4.3.3.tgz. Extracting by manifest.
1012 silly tarball no local data for scheduler@https://packages.applied-caas-gateway1.internal.api.openai.org/artifactory/api/npm/npm-public/scheduler/-/scheduler-0.27.0.tgz. Extracting by manifest.
1013 silly tarball no local data for satori@https://packages.applied-caas-gateway1.internal.api.openai.org/artifactory/api/npm/npm-public/satori/-/satori-0.16.0.tgz. Extracting by manifest.
1014 silly tarball no local data for safe-regex-test@https://packages.applied-caas-gateway1.internal.api.openai.org/artifactory/api/npm/npm-public/safe-regex-test/-/safe-regex-test-1.1.0.tgz. Extracting by manifest.
1015 silly tarball no local data for safe-push-apply@https://packages.applied-caas-gateway1.internal.api.openai.org/artifactory/api/npm/npm-public/safe-push-apply/-/safe-push-apply-1.0.0.tgz. Extracting by manifest.
1016 silly tarball no local data for safe-array-concat@https://packages.applied-caas-gateway1.internal.api.openai.org/artifactory/api/npm/npm-public/safe-array-concat/-/safe-array-concat-1.1.4.tgz. Extracting by manifest.
1017 silly tarball no local data for run-parallel@https://packages.applied-caas-gateway1.internal.api.openai.org/artifactory/api/npm/npm-public/run-parallel/-/run-parallel-1.2.0.tgz. Extracting by manifest.
1018 silly tarball no local data for rolldown@https://packages.applied-caas-gateway1.internal.api.openai.org/artifactory/api/npm/npm-public/rolldown/-/rolldown-1.0.1.tgz. Extracting by manifest.
1019 silly tarball no local data for reusify@https://packages.applied-caas-gateway1.internal.api.openai.org/artifactory/api/npm/npm-public/reusify/-/reusify-1.1.0.tgz. Extracting by manifest.
1020 silly tarball no local data for resolve-pkg-maps@https://packages.applied-caas-gateway1.internal.api.openai.org/artifactory/api/npm/npm-public/resolve-pkg-maps/-/resolve-pkg-maps-1.0.0.tgz. Extracting by manifest.
1021 silly tarball no local data for resolve-from@https://packages.applied-caas-gateway1.internal.api.openai.org/artifactory/api/npm/npm-public/resolve-from/-/resolve-from-4.0.0.tgz. Extracting by manifest.
1022 silly tarball no local data for resolve@https://packages.applied-caas-gateway1.internal.api.openai.org/artifactory/api/npm/npm-public/resolve/-/resolve-2.0.0-next.7.tgz. Extracting by manifest.
1023 silly tarball no local data for require-from-string@https://packages.applied-caas-gateway1.internal.api.openai.org/artifactory/api/npm/npm-public/require-from-string/-/require-from-string-2.0.2.tgz. Extracting by manifest.
1024 silly tarball no local data for regexp.prototype.flags@https://packages.applied-caas-gateway1.internal.api.openai.org/artifactory/api/npm/npm-public/regexp.prototype.flags/-/regexp.prototype.flags-1.5.4.tgz. Extracting by manifest.
1025 silly tarball no local data for reflect.getprototypeof@https://packages.applied-caas-gateway1.internal.api.openai.org/artifactory/api/npm/npm-public/reflect.getprototypeof/-/reflect.getprototypeof-1.0.10.tgz. Extracting by manifest.
1026 silly tarball no local data for react-server-dom-webpack@https://packages.applied-caas-gateway1.internal.api.openai.org/artifactory/api/npm/npm-public/react-server-dom-webpack/-/react-server-dom-webpack-19.2.6.tgz. Extracting by manifest.
1027 silly tarball no local data for react-is@https://packages.applied-caas-gateway1.internal.api.openai.org/artifactory/api/npm/npm-public/react-is/-/react-is-16.13.1.tgz. Extracting by manifest.
1028 silly tarball no local data for react-dom@https://packages.applied-caas-gateway1.internal.api.openai.org/artifactory/api/npm/npm-public/react-dom/-/react-dom-19.2.6.tgz. Extracting by manifest.
1029 silly tarball no local data for react@https://packages.applied-caas-gateway1.internal.api.openai.org/artifactory/api/npm/npm-public/react/-/react-19.2.6.tgz. Extracting by manifest.
1030 silly tarball no local data for queue-microtask@https://packages.applied-caas-gateway1.internal.api.openai.org/artifactory/api/npm/npm-public/queue-microtask/-/queue-microtask-1.2.3.tgz. Extracting by manifest.
1031 silly tarball no local data for punycode@https://packages.applied-caas-gateway1.internal.api.openai.org/artifactory/api/npm/npm-public/punycode/-/punycode-2.3.1.tgz. Extracting by manifest.
1032 silly tarball no local data for prop-types@https://packages.applied-caas-gateway1.internal.api.openai.org/artifactory/api/npm/npm-public/prop-types/-/prop-types-15.8.1.tgz. Extracting by manifest.
1033 silly tarball no local data for prelude-ls@https://packages.applied-caas-gateway1.internal.api.openai.org/artifactory/api/npm/npm-public/prelude-ls/-/prelude-ls-1.2.1.tgz. Extracting by manifest.
1034 silly tarball no local data for postcss-value-parser@https://packages.applied-caas-gateway1.internal.api.openai.org/artifactory/api/npm/npm-public/postcss-value-parser/-/postcss-value-parser-4.2.0.tgz. Extracting by manifest.
1035 silly tarball no local data for postcss@https://packages.applied-caas-gateway1.internal.api.openai.org/artifactory/api/npm/npm-public/postcss/-/postcss-8.5.14.tgz. Extracting by manifest.
1036 silly tarball no local data for possible-typed-array-names@https://packages.applied-caas-gateway1.internal.api.openai.org/artifactory/api/npm/npm-public/possible-typed-array-names/-/possible-typed-array-names-1.1.0.tgz. Extracting by manifest.
1037 silly tarball no local data for picomatch@https://packages.applied-caas-gateway1.internal.api.openai.org/artifactory/api/npm/npm-public/picomatch/-/picomatch-2.3.2.tgz. Extracting by manifest.
1038 silly tarball no local data for picocolors@https://packages.applied-caas-gateway1.internal.api.openai.org/artifactory/api/npm/npm-public/picocolors/-/picocolors-1.1.1.tgz. Extracting by manifest.
1039 silly tarball no local data for pathe@https://packages.applied-caas-gateway1.internal.api.openai.org/artifactory/api/npm/npm-public/pathe/-/pathe-2.0.3.tgz. Extracting by manifest.
1040 silly tarball no local data for path-to-regexp@https://packages.applied-caas-gateway1.internal.api.openai.org/artifactory/api/npm/npm-public/path-to-regexp/-/path-to-regexp-6.3.0.tgz. Extracting by manifest.
1041 silly tarball no local data for path-parse@https://packages.applied-caas-gateway1.internal.api.openai.org/artifactory/api/npm/npm-public/path-parse/-/path-parse-1.0.7.tgz. Extracting by manifest.
1042 silly tarball no local data for path-key@https://packages.applied-caas-gateway1.internal.api.openai.org/artifactory/api/npm/npm-public/path-key/-/path-key-3.1.1.tgz. Extracting by manifest.
1043 silly tarball no local data for path-exists@https://packages.applied-caas-gateway1.internal.api.openai.org/artifactory/api/npm/npm-public/path-exists/-/path-exists-4.0.0.tgz. Extracting by manifest.
1044 silly tarball no local data for parse-css-color@https://packages.applied-caas-gateway1.internal.api.openai.org/artifactory/api/npm/npm-public/parse-css-color/-/parse-css-color-0.2.1.tgz. Extracting by manifest.
1045 silly tarball no local data for parent-module@https://packages.applied-caas-gateway1.internal.api.openai.org/artifactory/api/npm/npm-public/parent-module/-/parent-module-1.0.1.tgz. Extracting by manifest.
1046 silly tarball no local data for pako@https://packages.applied-caas-gateway1.internal.api.openai.org/artifactory/api/npm/npm-public/pako/-/pako-0.2.9.tgz. Extracting by manifest.
1047 silly tarball no local data for p-locate@https://packages.applied-caas-gateway1.internal.api.openai.org/artifactory/api/npm/npm-public/p-locate/-/p-locate-5.0.0.tgz. Extracting by manifest.
1048 silly tarball no local data for p-limit@https://packages.applied-caas-gateway1.internal.api.openai.org/artifactory/api/npm/npm-public/p-limit/-/p-limit-3.1.0.tgz. Extracting by manifest.
1049 silly tarball no local data for own-keys@https://packages.applied-caas-gateway1.internal.api.openai.org/artifactory/api/npm/npm-public/own-keys/-/own-keys-1.0.1.tgz. Extracting by manifest.
1050 silly tarball no local data for optionator@https://packages.applied-caas-gateway1.internal.api.openai.org/artifactory/api/npm/npm-public/optionator/-/optionator-0.9.4.tgz. Extracting by manifest.
1051 silly tarball no local data for object.values@https://packages.applied-caas-gateway1.internal.api.openai.org/artifactory/api/npm/npm-public/object.values/-/object.values-1.2.1.tgz. Extracting by manifest.
1052 silly tarball no local data for object.groupby@https://packages.applied-caas-gateway1.internal.api.openai.org/artifactory/api/npm/npm-public/object.groupby/-/object.groupby-1.0.3.tgz. Extracting by manifest.
1053 silly tarball no local data for object.fromentries@https://packages.applied-caas-gateway1.internal.api.openai.org/artifactory/api/npm/npm-public/object.fromentries/-/object.fromentries-2.0.8.tgz. Extracting by manifest.
1054 silly tarball no local data for object.entries@https://packages.applied-caas-gateway1.internal.api.openai.org/artifactory/api/npm/npm-public/object.entries/-/object.entries-1.1.9.tgz. Extracting by manifest.
1055 silly tarball no local data for object.assign@https://packages.applied-caas-gateway1.internal.api.openai.org/artifactory/api/npm/npm-public/object.assign/-/object.assign-4.1.7.tgz. Extracting by manifest.
1056 silly tarball no local data for object-keys@https://packages.applied-caas-gateway1.internal.api.openai.org/artifactory/api/npm/npm-public/object-keys/-/object-keys-1.1.1.tgz. Extracting by manifest.
1057 silly tarball no local data for object-inspect@https://packages.applied-caas-gateway1.internal.api.openai.org/artifactory/api/npm/npm-public/object-inspect/-/object-inspect-1.13.4.tgz. Extracting by manifest.
1058 silly tarball no local data for object-assign@https://packages.applied-caas-gateway1.internal.api.openai.org/artifactory/api/npm/npm-public/object-assign/-/object-assign-4.1.1.tgz. Extracting by manifest.
1059 silly tarball no local data for node-releases@https://packages.applied-caas-gateway1.internal.api.openai.org/artifactory/api/npm/npm-public/node-releases/-/node-releases-2.0.44.tgz. Extracting by manifest.
1060 silly tarball no local data for node-exports-info@https://packages.applied-caas-gateway1.internal.api.openai.org/artifactory/api/npm/npm-public/node-exports-info/-/node-exports-info-1.6.0.tgz. Extracting by manifest.
1061 silly tarball no local data for next@https://packages.applied-caas-gateway1.internal.api.openai.org/artifactory/api/npm/npm-public/next/-/next-16.2.6.tgz. Extracting by manifest.
1062 silly tarball no local data for neo-async@https://packages.applied-caas-gateway1.internal.api.openai.org/artifactory/api/npm/npm-public/neo-async/-/neo-async-2.6.2.tgz. Extracting by manifest.
1063 silly tarball no local data for natural-compare@https://packages.applied-caas-gateway1.internal.api.openai.org/artifactory/api/npm/npm-public/natural-compare/-/natural-compare-1.4.0.tgz. Extracting by manifest.
1064 silly tarball no local data for napi-postinstall@https://packages.applied-caas-gateway1.internal.api.openai.org/artifactory/api/npm/npm-public/napi-postinstall/-/napi-postinstall-0.3.4.tgz. Extracting by manifest.
1065 silly tarball no local data for nanoid@https://packages.applied-caas-gateway1.internal.api.openai.org/artifactory/api/npm/npm-public/nanoid/-/nanoid-3.3.12.tgz. Extracting by manifest.
1066 silly tarball no local data for ms@https://packages.applied-caas-gateway1.internal.api.openai.org/artifactory/api/npm/npm-public/ms/-/ms-2.1.3.tgz. Extracting by manifest.
1067 silly tarball no local data for minimist@https://packages.applied-caas-gateway1.internal.api.openai.org/artifactory/api/npm/npm-public/minimist/-/minimist-1.2.8.tgz. Extracting by manifest.
1068 silly tarball no local data for minimatch@https://packages.applied-caas-gateway1.internal.api.openai.org/artifactory/api/npm/npm-public/minimatch/-/minimatch-3.1.5.tgz. Extracting by manifest.
1069 silly tarball no local data for miniflare@https://packages.applied-caas-gateway1.internal.api.openai.org/artifactory/api/npm/npm-public/miniflare/-/miniflare-4.20260515.0.tgz. Extracting by manifest.
1070 silly tarball no local data for mime-db@https://packages.applied-caas-gateway1.internal.api.openai.org/artifactory/api/npm/npm-public/mime-db/-/mime-db-1.54.0.tgz. Extracting by manifest.
1071 silly tarball no local data for micromatch@https://packages.applied-caas-gateway1.internal.api.openai.org/artifactory/api/npm/npm-public/micromatch/-/micromatch-4.0.8.tgz. Extracting by manifest.
1072 silly tarball no local data for merge2@https://packages.applied-caas-gateway1.internal.api.openai.org/artifactory/api/npm/npm-public/merge2/-/merge2-1.4.1.tgz. Extracting by manifest.
1073 silly tarball no local data for merge-stream@https://packages.applied-caas-gateway1.internal.api.openai.org/artifactory/api/npm/npm-public/merge-stream/-/merge-stream-2.0.0.tgz. Extracting by manifest.
1074 silly tarball no local data for math-intrinsics@https://packages.applied-caas-gateway1.internal.api.openai.org/artifactory/api/npm/npm-public/math-intrinsics/-/math-intrinsics-1.1.0.tgz. Extracting by manifest.
1075 silly tarball no local data for magic-string@https://packages.applied-caas-gateway1.internal.api.openai.org/artifactory/api/npm/npm-public/magic-string/-/magic-string-0.30.21.tgz. Extracting by manifest.
1076 silly tarball no local data for lru-cache@https://packages.applied-caas-gateway1.internal.api.openai.org/artifactory/api/npm/npm-public/lru-cache/-/lru-cache-5.1.1.tgz. Extracting by manifest.
1077 silly tarball no local data for loose-envify@https://packages.applied-caas-gateway1.internal.api.openai.org/artifactory/api/npm/npm-public/loose-envify/-/loose-envify-1.4.0.tgz. Extracting by manifest.
1078 silly tarball no local data for lodash.merge@https://packages.applied-caas-gateway1.internal.api.openai.org/artifactory/api/npm/npm-public/lodash.merge/-/lodash.merge-4.6.2.tgz. Extracting by manifest.
1079 silly tarball no local data for locate-path@https://packages.applied-caas-gateway1.internal.api.openai.org/artifactory/api/npm/npm-public/locate-path/-/locate-path-6.0.0.tgz. Extracting by manifest.
1080 silly tarball no local data for linebreak@https://packages.applied-caas-gateway1.internal.api.openai.org/artifactory/api/npm/npm-public/linebreak/-/linebreak-1.1.0.tgz. Extracting by manifest.
1081 silly tarball no local data for loader-runner@https://packages.applied-caas-gateway1.internal.api.openai.org/artifactory/api/npm/npm-public/loader-runner/-/loader-runner-4.3.2.tgz. Extracting by manifest.
1082 silly tarball no local data for lightningcss-linux-x64-gnu@https://packages.applied-caas-gateway1.internal.api.openai.org/artifactory/api/npm/npm-public/lightningcss-linux-x64-gnu/-/lightningcss-linux-x64-gnu-1.31.1.tgz. Extracting by manifest.
1083 silly tarball no local data for lightningcss@https://packages.applied-caas-gateway1.internal.api.openai.org/artifactory/api/npm/npm-public/lightningcss/-/lightningcss-1.31.1.tgz. Extracting by manifest.
1084 silly tarball no local data for language-tags@https://packages.applied-caas-gateway1.internal.api.openai.org/artifactory/api/npm/npm-public/language-tags/-/language-tags-1.0.9.tgz. Extracting by manifest.
1085 silly tarball no local data for language-subtag-registry@https://packages.applied-caas-gateway1.internal.api.openai.org/artifactory/api/npm/npm-public/language-subtag-registry/-/language-subtag-registry-0.3.23.tgz. Extracting by manifest.
1086 silly tarball no local data for kleur@https://packages.applied-caas-gateway1.internal.api.openai.org/artifactory/api/npm/npm-public/kleur/-/kleur-4.1.5.tgz. Extracting by manifest.
1087 silly tarball no local data for keyv@https://packages.applied-caas-gateway1.internal.api.openai.org/artifactory/api/npm/npm-public/keyv/-/keyv-4.5.4.tgz. Extracting by manifest.
1088 silly tarball no local data for levn@https://packages.applied-caas-gateway1.internal.api.openai.org/artifactory/api/npm/npm-public/levn/-/levn-0.4.1.tgz. Extracting by manifest.
1089 silly tarball no local data for jsx-ast-utils@https://packages.applied-caas-gateway1.internal.api.openai.org/artifactory/api/npm/npm-public/jsx-ast-utils/-/jsx-ast-utils-3.3.5.tgz. Extracting by manifest.
1090 silly tarball no local data for json5@https://packages.applied-caas-gateway1.internal.api.openai.org/artifactory/api/npm/npm-public/json5/-/json5-2.2.3.tgz. Extracting by manifest.
1091 silly tarball no local data for json-stable-stringify-without-jsonify@https://packages.applied-caas-gateway1.internal.api.openai.org/artifactory/api/npm/npm-public/json-stable-stringify-without-jsonify/-/json-stable-stringify-without-jsonify-1.0.1.tgz. Extracting by manifest.
1092 silly tarball no local data for json-schema-traverse@https://packages.applied-caas-gateway1.internal.api.openai.org/artifactory/api/npm/npm-public/json-schema-traverse/-/json-schema-traverse-0.4.1.tgz. Extracting by manifest.
1093 silly tarball no local data for json-buffer@https://packages.applied-caas-gateway1.internal.api.openai.org/artifactory/api/npm/npm-public/json-buffer/-/json-buffer-3.0.1.tgz. Extracting by manifest.
1094 silly tarball no local data for jsesc@https://packages.applied-caas-gateway1.internal.api.openai.org/artifactory/api/npm/npm-public/jsesc/-/jsesc-3.1.0.tgz. Extracting by manifest.
1095 silly tarball no local data for js-yaml@https://packages.applied-caas-gateway1.internal.api.openai.org/artifactory/api/npm/npm-public/js-yaml/-/js-yaml-4.1.1.tgz. Extracting by manifest.
1096 silly tarball no local data for js-tokens@https://packages.applied-caas-gateway1.internal.api.openai.org/artifactory/api/npm/npm-public/js-tokens/-/js-tokens-4.0.0.tgz. Extracting by manifest.
1097 silly tarball no local data for jiti@https://packages.applied-caas-gateway1.internal.api.openai.org/artifactory/api/npm/npm-public/jiti/-/jiti-2.7.0.tgz. Extracting by manifest.
1098 silly tarball no local data for jest-worker@https://packages.applied-caas-gateway1.internal.api.openai.org/artifactory/api/npm/npm-public/jest-worker/-/jest-worker-27.5.1.tgz. Extracting by manifest.
1099 silly tarball no local data for iterator.prototype@https://packages.applied-caas-gateway1.internal.api.openai.org/artifactory/api/npm/npm-public/iterator.prototype/-/iterator.prototype-1.1.5.tgz. Extracting by manifest.
1100 silly tarball no local data for isexe@https://packages.applied-caas-gateway1.internal.api.openai.org/artifactory/api/npm/npm-public/isexe/-/isexe-2.0.0.tgz. Extracting by manifest.
1101 silly tarball no local data for isarray@https://packages.applied-caas-gateway1.internal.api.openai.org/artifactory/api/npm/npm-public/isarray/-/isarray-2.0.5.tgz. Extracting by manifest.
1102 silly tarball no local data for is-weakset@https://packages.applied-caas-gateway1.internal.api.openai.org/artifactory/api/npm/npm-public/is-weakset/-/is-weakset-2.0.4.tgz. Extracting by manifest.
1103 silly tarball no local data for is-weakref@https://packages.applied-caas-gateway1.internal.api.openai.org/artifactory/api/npm/npm-public/is-weakref/-/is-weakref-1.1.1.tgz. Extracting by manifest.
1104 silly tarball no local data for is-weakmap@https://packages.applied-caas-gateway1.internal.api.openai.org/artifactory/api/npm/npm-public/is-weakmap/-/is-weakmap-2.0.2.tgz. Extracting by manifest.
1105 silly tarball no local data for is-typed-array@https://packages.applied-caas-gateway1.internal.api.openai.org/artifactory/api/npm/npm-public/is-typed-array/-/is-typed-array-1.1.15.tgz. Extracting by manifest.
1106 silly tarball no local data for is-symbol@https://packages.applied-caas-gateway1.internal.api.openai.org/artifactory/api/npm/npm-public/is-symbol/-/is-symbol-1.1.1.tgz. Extracting by manifest.
1107 silly tarball no local data for is-string@https://packages.applied-caas-gateway1.internal.api.openai.org/artifactory/api/npm/npm-public/is-string/-/is-string-1.1.1.tgz. Extracting by manifest.
1108 silly tarball no local data for is-shared-array-buffer@https://packages.applied-caas-gateway1.internal.api.openai.org/artifactory/api/npm/npm-public/is-shared-array-buffer/-/is-shared-array-buffer-1.0.4.tgz. Extracting by manifest.
1109 silly tarball no local data for is-set@https://packages.applied-caas-gateway1.internal.api.openai.org/artifactory/api/npm/npm-public/is-set/-/is-set-2.0.3.tgz. Extracting by manifest.
1110 silly tarball no local data for is-regex@https://packages.applied-caas-gateway1.internal.api.openai.org/artifactory/api/npm/npm-public/is-regex/-/is-regex-1.2.1.tgz. Extracting by manifest.
1111 silly tarball no local data for is-number-object@https://packages.applied-caas-gateway1.internal.api.openai.org/artifactory/api/npm/npm-public/is-number-object/-/is-number-object-1.1.1.tgz. Extracting by manifest.
1112 silly tarball no local data for is-number@https://packages.applied-caas-gateway1.internal.api.openai.org/artifactory/api/npm/npm-public/is-number/-/is-number-7.0.0.tgz. Extracting by manifest.
1113 silly tarball no local data for is-negative-zero@https://packages.applied-caas-gateway1.internal.api.openai.org/artifactory/api/npm/npm-public/is-negative-zero/-/is-negative-zero-2.0.3.tgz. Extracting by manifest.
1114 silly tarball no local data for is-map@https://packages.applied-caas-gateway1.internal.api.openai.org/artifactory/api/npm/npm-public/is-map/-/is-map-2.0.3.tgz. Extracting by manifest.
1115 silly tarball no local data for is-glob@https://packages.applied-caas-gateway1.internal.api.openai.org/artifactory/api/npm/npm-public/is-glob/-/is-glob-4.0.3.tgz. Extracting by manifest.
1116 silly tarball no local data for is-generator-function@https://packages.applied-caas-gateway1.internal.api.openai.org/artifactory/api/npm/npm-public/is-generator-function/-/is-generator-function-1.1.2.tgz. Extracting by manifest.
1117 silly tarball no local data for is-finalizationregistry@https://packages.applied-caas-gateway1.internal.api.openai.org/artifactory/api/npm/npm-public/is-finalizationregistry/-/is-finalizationregistry-1.1.1.tgz. Extracting by manifest.
1118 silly tarball no local data for is-extglob@https://packages.applied-caas-gateway1.internal.api.openai.org/artifactory/api/npm/npm-public/is-extglob/-/is-extglob-2.1.1.tgz. Extracting by manifest.
1119 silly tarball no local data for is-date-object@https://packages.applied-caas-gateway1.internal.api.openai.org/artifactory/api/npm/npm-public/is-date-object/-/is-date-object-1.1.0.tgz. Extracting by manifest.
1120 silly tarball no local data for is-data-view@https://packages.applied-caas-gateway1.internal.api.openai.org/artifactory/api/npm/npm-public/is-data-view/-/is-data-view-1.0.2.tgz. Extracting by manifest.
1121 silly tarball no local data for is-core-module@https://packages.applied-caas-gateway1.internal.api.openai.org/artifactory/api/npm/npm-public/is-core-module/-/is-core-module-2.16.2.tgz. Extracting by manifest.
1122 silly tarball no local data for is-callable@https://packages.applied-caas-gateway1.internal.api.openai.org/artifactory/api/npm/npm-public/is-callable/-/is-callable-1.2.7.tgz. Extracting by manifest.
1123 silly tarball no local data for is-bun-module@https://packages.applied-caas-gateway1.internal.api.openai.org/artifactory/api/npm/npm-public/is-bun-module/-/is-bun-module-2.0.0.tgz. Extracting by manifest.
1124 silly tarball no local data for is-boolean-object@https://packages.applied-caas-gateway1.internal.api.openai.org/artifactory/api/npm/npm-public/is-boolean-object/-/is-boolean-object-1.2.2.tgz. Extracting by manifest.
1125 silly tarball no local data for is-bigint@https://packages.applied-caas-gateway1.internal.api.openai.org/artifactory/api/npm/npm-public/is-bigint/-/is-bigint-1.1.0.tgz. Extracting by manifest.
1126 silly tarball no local data for is-async-function@https://packages.applied-caas-gateway1.internal.api.openai.org/artifactory/api/npm/npm-public/is-async-function/-/is-async-function-2.1.1.tgz. Extracting by manifest.
1127 silly tarball no local data for is-array-buffer@https://packages.applied-caas-gateway1.internal.api.openai.org/artifactory/api/npm/npm-public/is-array-buffer/-/is-array-buffer-3.0.5.tgz. Extracting by manifest.
1128 silly tarball no local data for ipaddr.js@https://packages.applied-caas-gateway1.internal.api.openai.org/artifactory/api/npm/npm-public/ipaddr.js/-/ipaddr.js-2.4.0.tgz. Extracting by manifest.
1129 silly tarball no local data for internal-slot@https://packages.applied-caas-gateway1.internal.api.openai.org/artifactory/api/npm/npm-public/internal-slot/-/internal-slot-1.1.0.tgz. Extracting by manifest.
1130 silly tarball no local data for imurmurhash@https://packages.applied-caas-gateway1.internal.api.openai.org/artifactory/api/npm/npm-public/imurmurhash/-/imurmurhash-0.1.4.tgz. Extracting by manifest.
1131 silly tarball no local data for import-fresh@https://packages.applied-caas-gateway1.internal.api.openai.org/artifactory/api/npm/npm-public/import-fresh/-/import-fresh-3.3.1.tgz. Extracting by manifest.
1132 silly tarball no local data for image-size@https://packages.applied-caas-gateway1.internal.api.openai.org/artifactory/api/npm/npm-public/image-size/-/image-size-2.0.2.tgz. Extracting by manifest.
1133 silly tarball no local data for ignore@https://packages.applied-caas-gateway1.internal.api.openai.org/artifactory/api/npm/npm-public/ignore/-/ignore-5.3.2.tgz. Extracting by manifest.
1134 silly tarball no local data for hex-rgb@https://packages.applied-caas-gateway1.internal.api.openai.org/artifactory/api/npm/npm-public/hex-rgb/-/hex-rgb-4.3.0.tgz. Extracting by manifest.
1135 silly tarball no local data for hermes-parser@https://packages.applied-caas-gateway1.internal.api.openai.org/artifactory/api/npm/npm-public/hermes-parser/-/hermes-parser-0.25.1.tgz. Extracting by manifest.
1136 silly tarball no local data for hermes-estree@https://packages.applied-caas-gateway1.internal.api.openai.org/artifactory/api/npm/npm-public/hermes-estree/-/hermes-estree-0.25.1.tgz. Extracting by manifest.
1137 silly tarball no local data for hasown@https://packages.applied-caas-gateway1.internal.api.openai.org/artifactory/api/npm/npm-public/hasown/-/hasown-2.0.3.tgz. Extracting by manifest.
1138 silly tarball no local data for has-tostringtag@https://packages.applied-caas-gateway1.internal.api.openai.org/artifactory/api/npm/npm-public/has-tostringtag/-/has-tostringtag-1.0.2.tgz. Extracting by manifest.
1139 silly tarball no local data for has-symbols@https://packages.applied-caas-gateway1.internal.api.openai.org/artifactory/api/npm/npm-public/has-symbols/-/has-symbols-1.1.0.tgz. Extracting by manifest.
1140 silly tarball no local data for has-proto@https://packages.applied-caas-gateway1.internal.api.openai.org/artifactory/api/npm/npm-public/has-proto/-/has-proto-1.2.0.tgz. Extracting by manifest.
1141 silly tarball no local data for has-property-descriptors@https://packages.applied-caas-gateway1.internal.api.openai.org/artifactory/api/npm/npm-public/has-property-descriptors/-/has-property-descriptors-1.0.2.tgz. Extracting by manifest.
1142 silly tarball no local data for has-flag@https://packages.applied-caas-gateway1.internal.api.openai.org/artifactory/api/npm/npm-public/has-flag/-/has-flag-4.0.0.tgz. Extracting by manifest.
1143 silly tarball no local data for has-bigints@https://packages.applied-caas-gateway1.internal.api.openai.org/artifactory/api/npm/npm-public/has-bigints/-/has-bigints-1.1.0.tgz. Extracting by manifest.
1144 silly tarball no local data for graceful-fs@https://packages.applied-caas-gateway1.internal.api.openai.org/artifactory/api/npm/npm-public/graceful-fs/-/graceful-fs-4.2.11.tgz. Extracting by manifest.
1145 silly tarball no local data for gopd@https://packages.applied-caas-gateway1.internal.api.openai.org/artifactory/api/npm/npm-public/gopd/-/gopd-1.2.0.tgz. Extracting by manifest.
1146 silly tarball no local data for globrex@https://packages.applied-caas-gateway1.internal.api.openai.org/artifactory/api/npm/npm-public/globrex/-/globrex-0.1.2.tgz. Extracting by manifest.
1147 silly tarball no local data for globalthis@https://packages.applied-caas-gateway1.internal.api.openai.org/artifactory/api/npm/npm-public/globalthis/-/globalthis-1.0.4.tgz. Extracting by manifest.
1148 silly tarball no local data for globals@https://packages.applied-caas-gateway1.internal.api.openai.org/artifactory/api/npm/npm-public/globals/-/globals-14.0.0.tgz. Extracting by manifest.
1149 silly tarball no local data for glob-to-regexp@https://packages.applied-caas-gateway1.internal.api.openai.org/artifactory/api/npm/npm-public/glob-to-regexp/-/glob-to-regexp-0.4.1.tgz. Extracting by manifest.
1150 silly tarball no local data for glob-parent@https://packages.applied-caas-gateway1.internal.api.openai.org/artifactory/api/npm/npm-public/glob-parent/-/glob-parent-6.0.2.tgz. Extracting by manifest.
1151 silly tarball no local data for get-tsconfig@https://packages.applied-caas-gateway1.internal.api.openai.org/artifactory/api/npm/npm-public/get-tsconfig/-/get-tsconfig-4.14.0.tgz. Extracting by manifest.
1152 silly tarball no local data for get-symbol-description@https://packages.applied-caas-gateway1.internal.api.openai.org/artifactory/api/npm/npm-public/get-symbol-description/-/get-symbol-description-1.1.0.tgz. Extracting by manifest.
1153 silly tarball no local data for get-proto@https://packages.applied-caas-gateway1.internal.api.openai.org/artifactory/api/npm/npm-public/get-proto/-/get-proto-1.0.1.tgz. Extracting by manifest.
1154 silly tarball no local data for get-intrinsic@https://packages.applied-caas-gateway1.internal.api.openai.org/artifactory/api/npm/npm-public/get-intrinsic/-/get-intrinsic-1.3.0.tgz. Extracting by manifest.
1155 silly tarball no local data for gensync@https://packages.applied-caas-gateway1.internal.api.openai.org/artifactory/api/npm/npm-public/gensync/-/gensync-1.0.0-beta.2.tgz. Extracting by manifest.
1156 silly tarball no local data for generator-function@https://packages.applied-caas-gateway1.internal.api.openai.org/artifactory/api/npm/npm-public/generator-function/-/generator-function-2.0.1.tgz. Extracting by manifest.
1157 silly tarball no local data for functions-have-names@https://packages.applied-caas-gateway1.internal.api.openai.org/artifactory/api/npm/npm-public/functions-have-names/-/functions-have-names-1.2.3.tgz. Extracting by manifest.
1158 silly tarball no local data for function.prototype.name@https://packages.applied-caas-gateway1.internal.api.openai.org/artifactory/api/npm/npm-public/function.prototype.name/-/function.prototype.name-1.1.8.tgz. Extracting by manifest.
1159 silly tarball no local data for function-bind@https://packages.applied-caas-gateway1.internal.api.openai.org/artifactory/api/npm/npm-public/function-bind/-/function-bind-1.1.2.tgz. Extracting by manifest.
1160 silly tarball no local data for for-each@https://packages.applied-caas-gateway1.internal.api.openai.org/artifactory/api/npm/npm-public/for-each/-/for-each-0.3.5.tgz. Extracting by manifest.
1161 silly tarball no local data for flatted@https://packages.applied-caas-gateway1.internal.api.openai.org/artifactory/api/npm/npm-public/flatted/-/flatted-3.4.2.tgz. Extracting by manifest.
1162 silly tarball no local data for flat-cache@https://packages.applied-caas-gateway1.internal.api.openai.org/artifactory/api/npm/npm-public/flat-cache/-/flat-cache-4.0.1.tgz. Extracting by manifest.
1163 silly tarball no local data for find-up@https://packages.applied-caas-gateway1.internal.api.openai.org/artifactory/api/npm/npm-public/find-up/-/find-up-5.0.0.tgz. Extracting by manifest.
1164 silly tarball no local data for fill-range@https://packages.applied-caas-gateway1.internal.api.openai.org/artifactory/api/npm/npm-public/fill-range/-/fill-range-7.1.1.tgz. Extracting by manifest.
1165 silly tarball no local data for file-entry-cache@https://packages.applied-caas-gateway1.internal.api.openai.org/artifactory/api/npm/npm-public/file-entry-cache/-/file-entry-cache-8.0.0.tgz. Extracting by manifest.
1166 silly tarball no local data for fflate@https://packages.applied-caas-gateway1.internal.api.openai.org/artifactory/api/npm/npm-public/fflate/-/fflate-0.7.4.tgz. Extracting by manifest.
1167 silly tarball no local data for fastq@https://packages.applied-caas-gateway1.internal.api.openai.org/artifactory/api/npm/npm-public/fastq/-/fastq-1.20.1.tgz. Extracting by manifest.
1168 silly tarball no local data for fast-uri@https://packages.applied-caas-gateway1.internal.api.openai.org/artifactory/api/npm/npm-public/fast-uri/-/fast-uri-3.1.2.tgz. Extracting by manifest.
1169 silly tarball no local data for fast-levenshtein@https://packages.applied-caas-gateway1.internal.api.openai.org/artifactory/api/npm/npm-public/fast-levenshtein/-/fast-levenshtein-2.0.6.tgz. Extracting by manifest.
1170 silly tarball no local data for fast-json-stable-stringify@https://packages.applied-caas-gateway1.internal.api.openai.org/artifactory/api/npm/npm-public/fast-json-stable-stringify/-/fast-json-stable-stringify-2.1.0.tgz. Extracting by manifest.
1171 silly tarball no local data for fast-glob@https://packages.applied-caas-gateway1.internal.api.openai.org/artifactory/api/npm/npm-public/fast-glob/-/fast-glob-3.3.1.tgz. Extracting by manifest.
1172 silly tarball no local data for fast-deep-equal@https://packages.applied-caas-gateway1.internal.api.openai.org/artifactory/api/npm/npm-public/fast-deep-equal/-/fast-deep-equal-3.1.3.tgz. Extracting by manifest.
1173 silly tarball no local data for events@https://packages.applied-caas-gateway1.internal.api.openai.org/artifactory/api/npm/npm-public/events/-/events-3.3.0.tgz. Extracting by manifest.
1174 silly tarball no local data for esutils@https://packages.applied-caas-gateway1.internal.api.openai.org/artifactory/api/npm/npm-public/esutils/-/esutils-2.0.3.tgz. Extracting by manifest.
1175 silly tarball no local data for estree-walker@https://packages.applied-caas-gateway1.internal.api.openai.org/artifactory/api/npm/npm-public/estree-walker/-/estree-walker-3.0.3.tgz. Extracting by manifest.
1176 silly tarball no local data for estraverse@https://packages.applied-caas-gateway1.internal.api.openai.org/artifactory/api/npm/npm-public/estraverse/-/estraverse-5.3.0.tgz. Extracting by manifest.
1177 silly tarball no local data for esrecurse@https://packages.applied-caas-gateway1.internal.api.openai.org/artifactory/api/npm/npm-public/esrecurse/-/esrecurse-4.3.0.tgz. Extracting by manifest.
1178 silly tarball no local data for esquery@https://packages.applied-caas-gateway1.internal.api.openai.org/artifactory/api/npm/npm-public/esquery/-/esquery-1.7.0.tgz. Extracting by manifest.
1179 silly tarball no local data for espree@https://packages.applied-caas-gateway1.internal.api.openai.org/artifactory/api/npm/npm-public/espree/-/espree-10.4.0.tgz. Extracting by manifest.
1180 silly tarball no local data for eslint-visitor-keys@https://packages.applied-caas-gateway1.internal.api.openai.org/artifactory/api/npm/npm-public/eslint-visitor-keys/-/eslint-visitor-keys-4.2.1.tgz. Extracting by manifest.
1181 silly tarball no local data for eslint-scope@https://packages.applied-caas-gateway1.internal.api.openai.org/artifactory/api/npm/npm-public/eslint-scope/-/eslint-scope-8.4.0.tgz. Extracting by manifest.
1182 silly tarball no local data for eslint-plugin-react-hooks@https://packages.applied-caas-gateway1.internal.api.openai.org/artifactory/api/npm/npm-public/eslint-plugin-react-hooks/-/eslint-plugin-react-hooks-7.1.1.tgz. Extracting by manifest.
1183 silly tarball no local data for eslint-plugin-react@https://packages.applied-caas-gateway1.internal.api.openai.org/artifactory/api/npm/npm-public/eslint-plugin-react/-/eslint-plugin-react-7.37.5.tgz. Extracting by manifest.
1184 silly tarball no local data for eslint-plugin-jsx-a11y@https://packages.applied-caas-gateway1.internal.api.openai.org/artifactory/api/npm/npm-public/eslint-plugin-jsx-a11y/-/eslint-plugin-jsx-a11y-6.10.2.tgz. Extracting by manifest.
1185 silly tarball no local data for eslint-plugin-import@https://packages.applied-caas-gateway1.internal.api.openai.org/artifactory/api/npm/npm-public/eslint-plugin-import/-/eslint-plugin-import-2.32.0.tgz. Extracting by manifest.
1186 silly tarball no local data for eslint-module-utils@https://packages.applied-caas-gateway1.internal.api.openai.org/artifactory/api/npm/npm-public/eslint-module-utils/-/eslint-module-utils-2.12.1.tgz. Extracting by manifest.
1187 silly tarball no local data for eslint-import-resolver-typescript@https://packages.applied-caas-gateway1.internal.api.openai.org/artifactory/api/npm/npm-public/eslint-import-resolver-typescript/-/eslint-import-resolver-typescript-3.10.1.tgz. Extracting by manifest.
1188 silly tarball no local data for eslint-import-resolver-node@https://packages.applied-caas-gateway1.internal.api.openai.org/artifactory/api/npm/npm-public/eslint-import-resolver-node/-/eslint-import-resolver-node-0.3.10.tgz. Extracting by manifest.
1189 silly tarball no local data for eslint-config-next@https://packages.applied-caas-gateway1.internal.api.openai.org/artifactory/api/npm/npm-public/eslint-config-next/-/eslint-config-next-16.2.6.tgz. Extracting by manifest.
1190 silly tarball no local data for eslint@https://packages.applied-caas-gateway1.internal.api.openai.org/artifactory/api/npm/npm-public/eslint/-/eslint-9.39.4.tgz. Extracting by manifest.
1191 silly tarball no local data for escape-string-regexp@https://packages.applied-caas-gateway1.internal.api.openai.org/artifactory/api/npm/npm-public/escape-string-regexp/-/escape-string-regexp-4.0.0.tgz. Extracting by manifest.
1192 silly tarball no local data for escape-html@https://packages.applied-caas-gateway1.internal.api.openai.org/artifactory/api/npm/npm-public/escape-html/-/escape-html-1.0.3.tgz. Extracting by manifest.
1193 silly tarball no local data for escalade@https://packages.applied-caas-gateway1.internal.api.openai.org/artifactory/api/npm/npm-public/escalade/-/escalade-3.2.0.tgz. Extracting by manifest.
1194 silly tarball no local data for esbuild@https://packages.applied-caas-gateway1.internal.api.openai.org/artifactory/api/npm/npm-public/esbuild/-/esbuild-0.28.0.tgz. Extracting by manifest.
1195 silly tarball no local data for es-to-primitive@https://packages.applied-caas-gateway1.internal.api.openai.org/artifactory/api/npm/npm-public/es-to-primitive/-/es-to-primitive-1.3.0.tgz. Extracting by manifest.
1196 silly tarball no local data for es-shim-unscopables@https://packages.applied-caas-gateway1.internal.api.openai.org/artifactory/api/npm/npm-public/es-shim-unscopables/-/es-shim-unscopables-1.1.0.tgz. Extracting by manifest.
1197 silly tarball no local data for es-set-tostringtag@https://packages.applied-caas-gateway1.internal.api.openai.org/artifactory/api/npm/npm-public/es-set-tostringtag/-/es-set-tostringtag-2.1.0.tgz. Extracting by manifest.
1198 silly tarball no local data for es-object-atoms@https://packages.applied-caas-gateway1.internal.api.openai.org/artifactory/api/npm/npm-public/es-object-atoms/-/es-object-atoms-1.1.1.tgz. Extracting by manifest.
1199 silly tarball no local data for es-module-lexer@https://packages.applied-caas-gateway1.internal.api.openai.org/artifactory/api/npm/npm-public/es-module-lexer/-/es-module-lexer-2.1.0.tgz. Extracting by manifest.
1200 silly tarball no local data for es-iterator-helpers@https://packages.applied-caas-gateway1.internal.api.openai.org/artifactory/api/npm/npm-public/es-iterator-helpers/-/es-iterator-helpers-1.3.2.tgz. Extracting by manifest.
1201 silly tarball no local data for es-errors@https://packages.applied-caas-gateway1.internal.api.openai.org/artifactory/api/npm/npm-public/es-errors/-/es-errors-1.3.0.tgz. Extracting by manifest.
1202 silly tarball no local data for es-define-property@https://packages.applied-caas-gateway1.internal.api.openai.org/artifactory/api/npm/npm-public/es-define-property/-/es-define-property-1.0.1.tgz. Extracting by manifest.
1203 silly tarball no local data for es-abstract@https://packages.applied-caas-gateway1.internal.api.openai.org/artifactory/api/npm/npm-public/es-abstract/-/es-abstract-1.24.2.tgz. Extracting by manifest.
1204 silly tarball no local data for error-stack-parser-es@https://packages.applied-caas-gateway1.internal.api.openai.org/artifactory/api/npm/npm-public/error-stack-parser-es/-/error-stack-parser-es-1.0.5.tgz. Extracting by manifest.
1205 silly tarball no local data for enhanced-resolve@https://packages.applied-caas-gateway1.internal.api.openai.org/artifactory/api/npm/npm-public/enhanced-resolve/-/enhanced-resolve-5.21.3.tgz. Extracting by manifest.
1206 silly tarball no local data for emoji-regex-xs@https://packages.applied-caas-gateway1.internal.api.openai.org/artifactory/api/npm/npm-public/emoji-regex-xs/-/emoji-regex-xs-2.0.1.tgz. Extracting by manifest.
1207 silly tarball no local data for emoji-regex@https://packages.applied-caas-gateway1.internal.api.openai.org/artifactory/api/npm/npm-public/emoji-regex/-/emoji-regex-9.2.2.tgz. Extracting by manifest.
1208 silly tarball no local data for electron-to-chromium@https://packages.applied-caas-gateway1.internal.api.openai.org/artifactory/api/npm/npm-public/electron-to-chromium/-/electron-to-chromium-1.5.358.tgz. Extracting by manifest.
1209 silly tarball no local data for dunder-proto@https://packages.applied-caas-gateway1.internal.api.openai.org/artifactory/api/npm/npm-public/dunder-proto/-/dunder-proto-1.0.1.tgz. Extracting by manifest.
1210 silly tarball no local data for drizzle-orm@https://packages.applied-caas-gateway1.internal.api.openai.org/artifactory/api/npm/npm-public/drizzle-orm/-/drizzle-orm-0.45.2.tgz. Extracting by manifest.
1211 silly tarball no local data for drizzle-kit@https://packages.applied-caas-gateway1.internal.api.openai.org/artifactory/api/npm/npm-public/drizzle-kit/-/drizzle-kit-0.31.10.tgz. Extracting by manifest.
1212 silly tarball no local data for doctrine@https://packages.applied-caas-gateway1.internal.api.openai.org/artifactory/api/npm/npm-public/doctrine/-/doctrine-2.1.0.tgz. Extracting by manifest.
1213 silly tarball no local data for detect-libc@https://packages.applied-caas-gateway1.internal.api.openai.org/artifactory/api/npm/npm-public/detect-libc/-/detect-libc-2.1.2.tgz. Extracting by manifest.
1214 silly tarball no local data for define-properties@https://packages.applied-caas-gateway1.internal.api.openai.org/artifactory/api/npm/npm-public/define-properties/-/define-properties-1.2.1.tgz. Extracting by manifest.
1215 silly tarball no local data for define-data-property@https://packages.applied-caas-gateway1.internal.api.openai.org/artifactory/api/npm/npm-public/define-data-property/-/define-data-property-1.1.4.tgz. Extracting by manifest.
1216 silly tarball no local data for deep-is@https://packages.applied-caas-gateway1.internal.api.openai.org/artifactory/api/npm/npm-public/deep-is/-/deep-is-0.1.4.tgz. Extracting by manifest.
1217 silly tarball no local data for debug@https://packages.applied-caas-gateway1.internal.api.openai.org/artifactory/api/npm/npm-public/debug/-/debug-4.4.3.tgz. Extracting by manifest.
1218 silly tarball no local data for data-view-byte-offset@https://packages.applied-caas-gateway1.internal.api.openai.org/artifactory/api/npm/npm-public/data-view-byte-offset/-/data-view-byte-offset-1.0.1.tgz. Extracting by manifest.
1219 silly tarball no local data for data-view-byte-length@https://packages.applied-caas-gateway1.internal.api.openai.org/artifactory/api/npm/npm-public/data-view-byte-length/-/data-view-byte-length-1.0.2.tgz. Extracting by manifest.
1220 silly tarball no local data for data-view-buffer@https://packages.applied-caas-gateway1.internal.api.openai.org/artifactory/api/npm/npm-public/data-view-buffer/-/data-view-buffer-1.0.2.tgz. Extracting by manifest.
1221 silly tarball no local data for damerau-levenshtein@https://packages.applied-caas-gateway1.internal.api.openai.org/artifactory/api/npm/npm-public/damerau-levenshtein/-/damerau-levenshtein-1.0.8.tgz. Extracting by manifest.
1222 silly tarball no local data for csstype@https://packages.applied-caas-gateway1.internal.api.openai.org/artifactory/api/npm/npm-public/csstype/-/csstype-3.2.3.tgz. Extracting by manifest.
1223 silly tarball no local data for css-to-react-native@https://packages.applied-caas-gateway1.internal.api.openai.org/artifactory/api/npm/npm-public/css-to-react-native/-/css-to-react-native-3.2.0.tgz. Extracting by manifest.
1224 silly tarball no local data for css-gradient-parser@https://packages.applied-caas-gateway1.internal.api.openai.org/artifactory/api/npm/npm-public/css-gradient-parser/-/css-gradient-parser-0.0.16.tgz. Extracting by manifest.
1225 silly tarball no local data for css-color-keywords@https://packages.applied-caas-gateway1.internal.api.openai.org/artifactory/api/npm/npm-public/css-color-keywords/-/css-color-keywords-1.0.0.tgz. Extracting by manifest.
1226 silly tarball no local data for css-box-shadow@https://packages.applied-caas-gateway1.internal.api.openai.org/artifactory/api/npm/npm-public/css-box-shadow/-/css-box-shadow-1.0.0-3.tgz. Extracting by manifest.
1227 silly tarball no local data for css-background-parser@https://packages.applied-caas-gateway1.internal.api.openai.org/artifactory/api/npm/npm-public/css-background-parser/-/css-background-parser-0.1.0.tgz. Extracting by manifest.
1228 silly tarball no local data for cross-spawn@https://packages.applied-caas-gateway1.internal.api.openai.org/artifactory/api/npm/npm-public/cross-spawn/-/cross-spawn-7.0.6.tgz. Extracting by manifest.
1229 silly tarball no local data for cookie@https://packages.applied-caas-gateway1.internal.api.openai.org/artifactory/api/npm/npm-public/cookie/-/cookie-1.1.1.tgz. Extracting by manifest.
1230 silly tarball no local data for convert-source-map@https://packages.applied-caas-gateway1.internal.api.openai.org/artifactory/api/npm/npm-public/convert-source-map/-/convert-source-map-2.0.0.tgz. Extracting by manifest.
1231 silly tarball no local data for concat-map@https://packages.applied-caas-gateway1.internal.api.openai.org/artifactory/api/npm/npm-public/concat-map/-/concat-map-0.0.1.tgz. Extracting by manifest.
1232 silly tarball no local data for commander@https://packages.applied-caas-gateway1.internal.api.openai.org/artifactory/api/npm/npm-public/commander/-/commander-2.20.3.tgz. Extracting by manifest.
1233 silly tarball no local data for color-name@https://packages.applied-caas-gateway1.internal.api.openai.org/artifactory/api/npm/npm-public/color-name/-/color-name-1.1.4.tgz. Extracting by manifest.
1234 silly tarball no local data for color-convert@https://packages.applied-caas-gateway1.internal.api.openai.org/artifactory/api/npm/npm-public/color-convert/-/color-convert-2.0.1.tgz. Extracting by manifest.
1235 silly tarball no local data for client-only@https://packages.applied-caas-gateway1.internal.api.openai.org/artifactory/api/npm/npm-public/client-only/-/client-only-0.0.1.tgz. Extracting by manifest.
1236 silly tarball no local data for chrome-trace-event@https://packages.applied-caas-gateway1.internal.api.openai.org/artifactory/api/npm/npm-public/chrome-trace-event/-/chrome-trace-event-1.0.4.tgz. Extracting by manifest.
1237 silly tarball no local data for chalk@https://packages.applied-caas-gateway1.internal.api.openai.org/artifactory/api/npm/npm-public/chalk/-/chalk-4.1.2.tgz. Extracting by manifest.
1238 silly tarball no local data for caniuse-lite@https://packages.applied-caas-gateway1.internal.api.openai.org/artifactory/api/npm/npm-public/caniuse-lite/-/caniuse-lite-1.0.30001793.tgz. Extracting by manifest.
1239 silly tarball no local data for camelize@https://packages.applied-caas-gateway1.internal.api.openai.org/artifactory/api/npm/npm-public/camelize/-/camelize-1.0.1.tgz. Extracting by manifest.
1240 silly tarball no local data for callsites@https://packages.applied-caas-gateway1.internal.api.openai.org/artifactory/api/npm/npm-public/callsites/-/callsites-3.1.0.tgz. Extracting by manifest.
1241 silly tarball no local data for call-bound@https://packages.applied-caas-gateway1.internal.api.openai.org/artifactory/api/npm/npm-public/call-bound/-/call-bound-1.0.4.tgz. Extracting by manifest.
1242 silly tarball no local data for call-bind-apply-helpers@https://packages.applied-caas-gateway1.internal.api.openai.org/artifactory/api/npm/npm-public/call-bind-apply-helpers/-/call-bind-apply-helpers-1.0.2.tgz. Extracting by manifest.
1243 silly tarball no local data for call-bind@https://packages.applied-caas-gateway1.internal.api.openai.org/artifactory/api/npm/npm-public/call-bind/-/call-bind-1.0.9.tgz. Extracting by manifest.
1244 silly tarball no local data for buffer-from@https://packages.applied-caas-gateway1.internal.api.openai.org/artifactory/api/npm/npm-public/buffer-from/-/buffer-from-1.1.2.tgz. Extracting by manifest.
1245 silly tarball no local data for browserslist@https://packages.applied-caas-gateway1.internal.api.openai.org/artifactory/api/npm/npm-public/browserslist/-/browserslist-4.28.2.tgz. Extracting by manifest.
1246 silly tarball no local data for braces@https://packages.applied-caas-gateway1.internal.api.openai.org/artifactory/api/npm/npm-public/braces/-/braces-3.0.3.tgz. Extracting by manifest.
1247 silly tarball no local data for brace-expansion@https://packages.applied-caas-gateway1.internal.api.openai.org/artifactory/api/npm/npm-public/brace-expansion/-/brace-expansion-1.1.14.tgz. Extracting by manifest.
1248 silly tarball no local data for blake3-wasm@https://packages.applied-caas-gateway1.internal.api.openai.org/artifactory/api/npm/npm-public/blake3-wasm/-/blake3-wasm-2.1.5.tgz. Extracting by manifest.
1249 silly tarball no local data for baseline-browser-mapping@https://packages.applied-caas-gateway1.internal.api.openai.org/artifactory/api/npm/npm-public/baseline-browser-mapping/-/baseline-browser-mapping-2.10.30.tgz. Extracting by manifest.
1250 silly tarball no local data for base64-js@https://packages.applied-caas-gateway1.internal.api.openai.org/artifactory/api/npm/npm-public/base64-js/-/base64-js-0.0.8.tgz. Extracting by manifest.
1251 silly tarball no local data for balanced-match@https://packages.applied-caas-gateway1.internal.api.openai.org/artifactory/api/npm/npm-public/balanced-match/-/balanced-match-1.0.2.tgz. Extracting by manifest.
1252 silly tarball no local data for axobject-query@https://packages.applied-caas-gateway1.internal.api.openai.org/artifactory/api/npm/npm-public/axobject-query/-/axobject-query-4.1.0.tgz. Extracting by manifest.
1253 silly tarball no local data for axe-core@https://packages.applied-caas-gateway1.internal.api.openai.org/artifactory/api/npm/npm-public/axe-core/-/axe-core-4.11.4.tgz. Extracting by manifest.
1254 silly tarball no local data for available-typed-arrays@https://packages.applied-caas-gateway1.internal.api.openai.org/artifactory/api/npm/npm-public/available-typed-arrays/-/available-typed-arrays-1.0.7.tgz. Extracting by manifest.
1255 silly tarball no local data for async-function@https://packages.applied-caas-gateway1.internal.api.openai.org/artifactory/api/npm/npm-public/async-function/-/async-function-1.0.0.tgz. Extracting by manifest.
1256 silly tarball no local data for ast-types-flow@https://packages.applied-caas-gateway1.internal.api.openai.org/artifactory/api/npm/npm-public/ast-types-flow/-/ast-types-flow-0.0.8.tgz. Extracting by manifest.
1257 silly tarball no local data for arraybuffer.prototype.slice@https://packages.applied-caas-gateway1.internal.api.openai.org/artifactory/api/npm/npm-public/arraybuffer.prototype.slice/-/arraybuffer.prototype.slice-1.0.4.tgz. Extracting by manifest.
1258 silly tarball no local data for array.prototype.tosorted@https://packages.applied-caas-gateway1.internal.api.openai.org/artifactory/api/npm/npm-public/array.prototype.tosorted/-/array.prototype.tosorted-1.1.4.tgz. Extracting by manifest.
1259 silly tarball no local data for array.prototype.flatmap@https://packages.applied-caas-gateway1.internal.api.openai.org/artifactory/api/npm/npm-public/array.prototype.flatmap/-/array.prototype.flatmap-1.3.3.tgz. Extracting by manifest.
1260 silly tarball no local data for array.prototype.flat@https://packages.applied-caas-gateway1.internal.api.openai.org/artifactory/api/npm/npm-public/array.prototype.flat/-/array.prototype.flat-1.3.3.tgz. Extracting by manifest.
1261 silly tarball no local data for array.prototype.findlastindex@https://packages.applied-caas-gateway1.internal.api.openai.org/artifactory/api/npm/npm-public/array.prototype.findlastindex/-/array.prototype.findlastindex-1.2.6.tgz. Extracting by manifest.
1262 silly tarball no local data for array-includes@https://packages.applied-caas-gateway1.internal.api.openai.org/artifactory/api/npm/npm-public/array-includes/-/array-includes-3.1.9.tgz. Extracting by manifest.
1263 silly tarball no local data for array-buffer-byte-length@https://packages.applied-caas-gateway1.internal.api.openai.org/artifactory/api/npm/npm-public/array-buffer-byte-length/-/array-buffer-byte-length-1.0.2.tgz. Extracting by manifest.
1264 silly tarball no local data for aria-query@https://packages.applied-caas-gateway1.internal.api.openai.org/artifactory/api/npm/npm-public/aria-query/-/aria-query-5.3.2.tgz. Extracting by manifest.
1265 silly tarball no local data for argparse@https://packages.applied-caas-gateway1.internal.api.openai.org/artifactory/api/npm/npm-public/argparse/-/argparse-2.0.1.tgz. Extracting by manifest.
1266 silly tarball no local data for ansi-styles@https://packages.applied-caas-gateway1.internal.api.openai.org/artifactory/api/npm/npm-public/ansi-styles/-/ansi-styles-4.3.0.tgz. Extracting by manifest.
1267 silly tarball no local data for ajv-formats@https://packages.applied-caas-gateway1.internal.api.openai.org/artifactory/api/npm/npm-public/ajv-formats/-/ajv-formats-2.1.1.tgz. Extracting by manifest.
1268 silly tarball no local data for acorn-loose@https://packages.applied-caas-gateway1.internal.api.openai.org/artifactory/api/npm/npm-public/acorn-loose/-/acorn-loose-8.5.2.tgz. Extracting by manifest.
1269 silly tarball no local data for ajv@https://packages.applied-caas-gateway1.internal.api.openai.org/artifactory/api/npm/npm-public/ajv/-/ajv-6.15.0.tgz. Extracting by manifest.
1270 silly tarball no local data for acorn-jsx@https://packages.applied-caas-gateway1.internal.api.openai.org/artifactory/api/npm/npm-public/acorn-jsx/-/acorn-jsx-5.3.2.tgz. Extracting by manifest.
1271 silly tarball no local data for acorn-import-phases@https://packages.applied-caas-gateway1.internal.api.openai.org/artifactory/api/npm/npm-public/acorn-import-phases/-/acorn-import-phases-1.0.4.tgz. Extracting by manifest.
1272 silly tarball no local data for acorn@https://packages.applied-caas-gateway1.internal.api.openai.org/artifactory/api/npm/npm-public/acorn/-/acorn-8.16.0.tgz. Extracting by manifest.
1273 silly tarball no local data for @xtuc/long@https://packages.applied-caas-gateway1.internal.api.openai.org/artifactory/api/npm/npm-public/@xtuc/long/-/long-4.2.2.tgz. Extracting by manifest.
1274 silly tarball no local data for @xtuc/ieee754@https://packages.applied-caas-gateway1.internal.api.openai.org/artifactory/api/npm/npm-public/@xtuc/ieee754/-/ieee754-1.2.0.tgz. Extracting by manifest.
1275 silly tarball no local data for @webassemblyjs/wast-printer@https://packages.applied-caas-gateway1.internal.api.openai.org/artifactory/api/npm/npm-public/@webassemblyjs/wast-printer/-/wast-printer-1.14.1.tgz. Extracting by manifest.
1276 silly tarball no local data for @webassemblyjs/wasm-opt@https://packages.applied-caas-gateway1.internal.api.openai.org/artifactory/api/npm/npm-public/@webassemblyjs/wasm-opt/-/wasm-opt-1.14.1.tgz. Extracting by manifest.
1277 silly tarball no local data for @webassemblyjs/wasm-parser@https://packages.applied-caas-gateway1.internal.api.openai.org/artifactory/api/npm/npm-public/@webassemblyjs/wasm-parser/-/wasm-parser-1.14.1.tgz. Extracting by manifest.
1278 silly tarball no local data for @webassemblyjs/wasm-gen@https://packages.applied-caas-gateway1.internal.api.openai.org/artifactory/api/npm/npm-public/@webassemblyjs/wasm-gen/-/wasm-gen-1.14.1.tgz. Extracting by manifest.
1279 silly tarball no local data for @webassemblyjs/wasm-edit@https://packages.applied-caas-gateway1.internal.api.openai.org/artifactory/api/npm/npm-public/@webassemblyjs/wasm-edit/-/wasm-edit-1.14.1.tgz. Extracting by manifest.
1280 silly tarball no local data for @webassemblyjs/utf8@https://packages.applied-caas-gateway1.internal.api.openai.org/artifactory/api/npm/npm-public/@webassemblyjs/utf8/-/utf8-1.13.2.tgz. Extracting by manifest.
1281 silly tarball no local data for @webassemblyjs/leb128@https://packages.applied-caas-gateway1.internal.api.openai.org/artifactory/api/npm/npm-public/@webassemblyjs/leb128/-/leb128-1.13.2.tgz. Extracting by manifest.
1282 silly tarball no local data for @webassemblyjs/ieee754@https://packages.applied-caas-gateway1.internal.api.openai.org/artifactory/api/npm/npm-public/@webassemblyjs/ieee754/-/ieee754-1.13.2.tgz. Extracting by manifest.
1283 silly tarball no local data for @webassemblyjs/helper-wasm-bytecode@https://packages.applied-caas-gateway1.internal.api.openai.org/artifactory/api/npm/npm-public/@webassemblyjs/helper-wasm-bytecode/-/helper-wasm-bytecode-1.13.2.tgz. Extracting by manifest.
1284 silly tarball no local data for @webassemblyjs/helper-wasm-section@https://packages.applied-caas-gateway1.internal.api.openai.org/artifactory/api/npm/npm-public/@webassemblyjs/helper-wasm-section/-/helper-wasm-section-1.14.1.tgz. Extracting by manifest.
1285 silly tarball no local data for @webassemblyjs/helper-numbers@https://packages.applied-caas-gateway1.internal.api.openai.org/artifactory/api/npm/npm-public/@webassemblyjs/helper-numbers/-/helper-numbers-1.13.2.tgz. Extracting by manifest.
1286 silly tarball no local data for @webassemblyjs/helper-buffer@https://packages.applied-caas-gateway1.internal.api.openai.org/artifactory/api/npm/npm-public/@webassemblyjs/helper-buffer/-/helper-buffer-1.14.1.tgz. Extracting by manifest.
1287 silly tarball no local data for @webassemblyjs/helper-api-error@https://packages.applied-caas-gateway1.internal.api.openai.org/artifactory/api/npm/npm-public/@webassemblyjs/helper-api-error/-/helper-api-error-1.13.2.tgz. Extracting by manifest.
1288 silly tarball no local data for @webassemblyjs/floating-point-hex-parser@https://packages.applied-caas-gateway1.internal.api.openai.org/artifactory/api/npm/npm-public/@webassemblyjs/floating-point-hex-parser/-/floating-point-hex-parser-1.13.2.tgz. Extracting by manifest.
1289 silly tarball no local data for @webassemblyjs/ast@https://packages.applied-caas-gateway1.internal.api.openai.org/artifactory/api/npm/npm-public/@webassemblyjs/ast/-/ast-1.14.1.tgz. Extracting by manifest.
1290 silly tarball no local data for @vitejs/plugin-rsc@https://packages.applied-caas-gateway1.internal.api.openai.org/artifactory/api/npm/npm-public/@vitejs/plugin-rsc/-/plugin-rsc-0.5.26.tgz. Extracting by manifest.
1291 silly tarball no local data for @vitejs/plugin-react@https://packages.applied-caas-gateway1.internal.api.openai.org/artifactory/api/npm/npm-public/@vitejs/plugin-react/-/plugin-react-6.0.2.tgz. Extracting by manifest.
1292 silly tarball no local data for @unrs/resolver-binding-linux-x64-gnu@https://packages.applied-caas-gateway1.internal.api.openai.org/artifactory/api/npm/npm-public/@unrs/resolver-binding-linux-x64-gnu/-/resolver-binding-linux-x64-gnu-1.11.1.tgz. Extracting by manifest.
1293 silly tarball no local data for @vercel/og@https://packages.applied-caas-gateway1.internal.api.openai.org/artifactory/api/npm/npm-public/@vercel/og/-/og-0.8.6.tgz. Extracting by manifest.
1294 silly tarball no local data for @unpic/react@https://packages.applied-caas-gateway1.internal.api.openai.org/artifactory/api/npm/npm-public/@unpic/react/-/react-1.0.2.tgz. Extracting by manifest.
1295 silly tarball no local data for @unpic/core@https://packages.applied-caas-gateway1.internal.api.openai.org/artifactory/api/npm/npm-public/@unpic/core/-/core-1.0.3.tgz. Extracting by manifest.
1296 silly tarball no local data for @typescript-eslint/visitor-keys@https://packages.applied-caas-gateway1.internal.api.openai.org/artifactory/api/npm/npm-public/@typescript-eslint/visitor-keys/-/visitor-keys-8.59.3.tgz. Extracting by manifest.
1297 silly tarball no local data for @typescript-eslint/typescript-estree@https://packages.applied-caas-gateway1.internal.api.openai.org/artifactory/api/npm/npm-public/@typescript-eslint/typescript-estree/-/typescript-estree-8.59.3.tgz. Extracting by manifest.
1298 silly tarball no local data for @typescript-eslint/utils@https://packages.applied-caas-gateway1.internal.api.openai.org/artifactory/api/npm/npm-public/@typescript-eslint/utils/-/utils-8.59.3.tgz. Extracting by manifest.
1299 silly tarball no local data for @typescript-eslint/types@https://packages.applied-caas-gateway1.internal.api.openai.org/artifactory/api/npm/npm-public/@typescript-eslint/types/-/types-8.59.3.tgz. Extracting by manifest.
1300 silly tarball no local data for @typescript-eslint/type-utils@https://packages.applied-caas-gateway1.internal.api.openai.org/artifactory/api/npm/npm-public/@typescript-eslint/type-utils/-/type-utils-8.59.3.tgz. Extracting by manifest.
1301 silly tarball no local data for @typescript-eslint/tsconfig-utils@https://packages.applied-caas-gateway1.internal.api.openai.org/artifactory/api/npm/npm-public/@typescript-eslint/tsconfig-utils/-/tsconfig-utils-8.59.3.tgz. Extracting by manifest.
1302 silly tarball no local data for @typescript-eslint/project-service@https://packages.applied-caas-gateway1.internal.api.openai.org/artifactory/api/npm/npm-public/@typescript-eslint/project-service/-/project-service-8.59.3.tgz. Extracting by manifest.
1303 silly tarball no local data for @typescript-eslint/scope-manager@https://packages.applied-caas-gateway1.internal.api.openai.org/artifactory/api/npm/npm-public/@typescript-eslint/scope-manager/-/scope-manager-8.59.3.tgz. Extracting by manifest.
1304 silly tarball no local data for @typescript-eslint/parser@https://packages.applied-caas-gateway1.internal.api.openai.org/artifactory/api/npm/npm-public/@typescript-eslint/parser/-/parser-8.59.3.tgz. Extracting by manifest.
1305 silly tarball no local data for @typescript-eslint/eslint-plugin@https://packages.applied-caas-gateway1.internal.api.openai.org/artifactory/api/npm/npm-public/@typescript-eslint/eslint-plugin/-/eslint-plugin-8.59.3.tgz. Extracting by manifest.
1306 silly tarball no local data for @types/react-dom@https://packages.applied-caas-gateway1.internal.api.openai.org/artifactory/api/npm/npm-public/@types/react-dom/-/react-dom-19.2.3.tgz. Extracting by manifest.
1307 silly tarball no local data for @types/react@https://packages.applied-caas-gateway1.internal.api.openai.org/artifactory/api/npm/npm-public/@types/react/-/react-19.2.14.tgz. Extracting by manifest.
1308 silly tarball no local data for @types/node@https://packages.applied-caas-gateway1.internal.api.openai.org/artifactory/api/npm/npm-public/@types/node/-/node-22.19.19.tgz. Extracting by manifest.
1309 silly tarball no local data for @types/json5@https://packages.applied-caas-gateway1.internal.api.openai.org/artifactory/api/npm/npm-public/@types/json5/-/json5-0.0.29.tgz. Extracting by manifest.
1310 silly tarball no local data for @types/json-schema@https://packages.applied-caas-gateway1.internal.api.openai.org/artifactory/api/npm/npm-public/@types/json-schema/-/json-schema-7.0.15.tgz. Extracting by manifest.
1311 silly tarball no local data for @types/estree@https://packages.applied-caas-gateway1.internal.api.openai.org/artifactory/api/npm/npm-public/@types/estree/-/estree-1.0.9.tgz. Extracting by manifest.
1312 silly tarball no local data for @types/eslint-scope@https://packages.applied-caas-gateway1.internal.api.openai.org/artifactory/api/npm/npm-public/@types/eslint-scope/-/eslint-scope-3.7.7.tgz. Extracting by manifest.
1313 silly tarball no local data for @types/eslint@https://packages.applied-caas-gateway1.internal.api.openai.org/artifactory/api/npm/npm-public/@types/eslint/-/eslint-9.6.1.tgz. Extracting by manifest.
1314 silly tarball no local data for @tybys/wasm-util@https://packages.applied-caas-gateway1.internal.api.openai.org/artifactory/api/npm/npm-public/@tybys/wasm-util/-/wasm-util-0.10.2.tgz. Extracting by manifest.
1315 silly tarball no local data for @tailwindcss/postcss@https://packages.applied-caas-gateway1.internal.api.openai.org/artifactory/api/npm/npm-public/@tailwindcss/postcss/-/postcss-4.2.1.tgz. Extracting by manifest.
1316 silly tarball no local data for @tailwindcss/oxide@https://packages.applied-caas-gateway1.internal.api.openai.org/artifactory/api/npm/npm-public/@tailwindcss/oxide/-/oxide-4.2.1.tgz. Extracting by manifest.
1317 silly tarball no local data for @tailwindcss/oxide-linux-x64-gnu@https://packages.applied-caas-gateway1.internal.api.openai.org/artifactory/api/npm/npm-public/@tailwindcss/oxide-linux-x64-gnu/-/oxide-linux-x64-gnu-4.2.1.tgz. Extracting by manifest.
1318 silly tarball no local data for @tailwindcss/node@https://packages.applied-caas-gateway1.internal.api.openai.org/artifactory/api/npm/npm-public/@tailwindcss/node/-/node-4.2.1.tgz. Extracting by manifest.
1319 silly tarball no local data for @swc/helpers@https://packages.applied-caas-gateway1.internal.api.openai.org/artifactory/api/npm/npm-public/@swc/helpers/-/helpers-0.5.15.tgz. Extracting by manifest.
1320 silly tarball no local data for @speed-highlight/core@https://packages.applied-caas-gateway1.internal.api.openai.org/artifactory/api/npm/npm-public/@speed-highlight/core/-/core-1.2.15.tgz. Extracting by manifest.
1321 silly tarball no local data for @sindresorhus/is@https://packages.applied-caas-gateway1.internal.api.openai.org/artifactory/api/npm/npm-public/@sindresorhus/is/-/is-7.2.0.tgz. Extracting by manifest.
1322 silly tarball no local data for @shuding/opentype.js@https://packages.applied-caas-gateway1.internal.api.openai.org/artifactory/api/npm/npm-public/@shuding/opentype.js/-/opentype.js-1.4.0-beta.0.tgz. Extracting by manifest.
1323 silly tarball no local data for @rtsao/scc@https://packages.applied-caas-gateway1.internal.api.openai.org/artifactory/api/npm/npm-public/@rtsao/scc/-/scc-1.1.0.tgz. Extracting by manifest.
1324 silly tarball no local data for @rolldown/pluginutils@https://packages.applied-caas-gateway1.internal.api.openai.org/artifactory/api/npm/npm-public/@rolldown/pluginutils/-/pluginutils-1.0.1.tgz. Extracting by manifest.
1325 silly tarball no local data for @resvg/resvg-wasm@https://packages.applied-caas-gateway1.internal.api.openai.org/artifactory/api/npm/npm-public/@resvg/resvg-wasm/-/resvg-wasm-2.4.0.tgz. Extracting by manifest.
1326 silly tarball no local data for @rolldown/binding-linux-x64-gnu@https://packages.applied-caas-gateway1.internal.api.openai.org/artifactory/api/npm/npm-public/@rolldown/binding-linux-x64-gnu/-/binding-linux-x64-gnu-1.0.1.tgz. Extracting by manifest.
1327 silly tarball no local data for @poppinss/exception@https://packages.applied-caas-gateway1.internal.api.openai.org/artifactory/api/npm/npm-public/@poppinss/exception/-/exception-1.2.3.tgz. Extracting by manifest.
1328 silly tarball no local data for @poppinss/colors@https://packages.applied-caas-gateway1.internal.api.openai.org/artifactory/api/npm/npm-public/@poppinss/colors/-/colors-4.1.6.tgz. Extracting by manifest.
1329 silly tarball no local data for array.prototype.findlast@https://packages.applied-caas-gateway1.internal.api.openai.org/artifactory/api/npm/npm-public/array.prototype.findlast/-/array.prototype.findlast-1.2.5.tgz. Extracting by manifest.
1330 silly tarball no local data for @oxc-project/types@https://packages.applied-caas-gateway1.internal.api.openai.org/artifactory/api/npm/npm-public/@oxc-project/types/-/types-0.130.0.tgz. Extracting by manifest.
1331 silly tarball no local data for @nolyfill/is-core-module@https://packages.applied-caas-gateway1.internal.api.openai.org/artifactory/api/npm/npm-public/@nolyfill/is-core-module/-/is-core-module-1.0.39.tgz. Extracting by manifest.
1332 silly tarball no local data for @nodelib/fs.walk@https://packages.applied-caas-gateway1.internal.api.openai.org/artifactory/api/npm/npm-public/@nodelib/fs.walk/-/fs.walk-1.2.8.tgz. Extracting by manifest.
1333 silly tarball no local data for @nodelib/fs.scandir@https://packages.applied-caas-gateway1.internal.api.openai.org/artifactory/api/npm/npm-public/@nodelib/fs.scandir/-/fs.scandir-2.1.5.tgz. Extracting by manifest.
1334 silly tarball no local data for @nodelib/fs.stat@https://packages.applied-caas-gateway1.internal.api.openai.org/artifactory/api/npm/npm-public/@nodelib/fs.stat/-/fs.stat-2.0.5.tgz. Extracting by manifest.
1335 silly tarball no local data for @next/swc-linux-x64-gnu@https://packages.applied-caas-gateway1.internal.api.openai.org/artifactory/api/npm/npm-public/@next/swc-linux-x64-gnu/-/swc-linux-x64-gnu-16.2.6.tgz. Extracting by manifest.
1336 silly tarball no local data for @next/eslint-plugin-next@https://packages.applied-caas-gateway1.internal.api.openai.org/artifactory/api/npm/npm-public/@next/eslint-plugin-next/-/eslint-plugin-next-16.2.6.tgz. Extracting by manifest.
1337 silly tarball no local data for @next/env@https://packages.applied-caas-gateway1.internal.api.openai.org/artifactory/api/npm/npm-public/@next/env/-/env-16.2.6.tgz. Extracting by manifest.
1338 silly tarball no local data for @napi-rs/wasm-runtime@https://packages.applied-caas-gateway1.internal.api.openai.org/artifactory/api/npm/npm-public/@napi-rs/wasm-runtime/-/wasm-runtime-0.2.12.tgz. Extracting by manifest.
1339 silly tarball no local data for @jridgewell/trace-mapping@https://packages.applied-caas-gateway1.internal.api.openai.org/artifactory/api/npm/npm-public/@jridgewell/trace-mapping/-/trace-mapping-0.3.31.tgz. Extracting by manifest.
1340 silly tarball no local data for @jridgewell/source-map@https://packages.applied-caas-gateway1.internal.api.openai.org/artifactory/api/npm/npm-public/@jridgewell/source-map/-/source-map-0.3.11.tgz. Extracting by manifest.
1341 silly tarball no local data for @jridgewell/sourcemap-codec@https://packages.applied-caas-gateway1.internal.api.openai.org/artifactory/api/npm/npm-public/@jridgewell/sourcemap-codec/-/sourcemap-codec-1.5.5.tgz. Extracting by manifest.
1342 silly tarball no local data for @jridgewell/resolve-uri@https://packages.applied-caas-gateway1.internal.api.openai.org/artifactory/api/npm/npm-public/@jridgewell/resolve-uri/-/resolve-uri-3.1.2.tgz. Extracting by manifest.
1343 silly tarball no local data for @jridgewell/remapping@https://packages.applied-caas-gateway1.internal.api.openai.org/artifactory/api/npm/npm-public/@jridgewell/remapping/-/remapping-2.3.5.tgz. Extracting by manifest.
1344 silly tarball no local data for @jridgewell/gen-mapping@https://packages.applied-caas-gateway1.internal.api.openai.org/artifactory/api/npm/npm-public/@jridgewell/gen-mapping/-/gen-mapping-0.3.13.tgz. Extracting by manifest.
1345 silly tarball no local data for @img/sharp-libvips-linux-x64@https://packages.applied-caas-gateway1.internal.api.openai.org/artifactory/api/npm/npm-public/@img/sharp-libvips-linux-x64/-/sharp-libvips-linux-x64-1.2.4.tgz. Extracting by manifest.
1346 silly tarball no local data for @img/sharp-linux-x64@https://packages.applied-caas-gateway1.internal.api.openai.org/artifactory/api/npm/npm-public/@img/sharp-linux-x64/-/sharp-linux-x64-0.34.5.tgz. Extracting by manifest.
1347 silly tarball no local data for @img/colour@https://packages.applied-caas-gateway1.internal.api.openai.org/artifactory/api/npm/npm-public/@img/colour/-/colour-1.1.0.tgz. Extracting by manifest.
1348 silly tarball no local data for @humanwhocodes/retry@https://packages.applied-caas-gateway1.internal.api.openai.org/artifactory/api/npm/npm-public/@humanwhocodes/retry/-/retry-0.4.3.tgz. Extracting by manifest.
1349 silly tarball no local data for @humanwhocodes/module-importer@https://packages.applied-caas-gateway1.internal.api.openai.org/artifactory/api/npm/npm-public/@humanwhocodes/module-importer/-/module-importer-1.0.1.tgz. Extracting by manifest.
1350 silly tarball no local data for @humanfs/types@https://packages.applied-caas-gateway1.internal.api.openai.org/artifactory/api/npm/npm-public/@humanfs/types/-/types-0.15.0.tgz. Extracting by manifest.
1351 silly tarball no local data for @humanfs/node@https://packages.applied-caas-gateway1.internal.api.openai.org/artifactory/api/npm/npm-public/@humanfs/node/-/node-0.16.8.tgz. Extracting by manifest.
1352 silly tarball no local data for @humanfs/core@https://packages.applied-caas-gateway1.internal.api.openai.org/artifactory/api/npm/npm-public/@humanfs/core/-/core-0.19.2.tgz. Extracting by manifest.
1353 silly tarball no local data for @eslint/plugin-kit@https://packages.applied-caas-gateway1.internal.api.openai.org/artifactory/api/npm/npm-public/@eslint/plugin-kit/-/plugin-kit-0.4.1.tgz. Extracting by manifest.
1354 silly tarball no local data for @eslint/js@https://packages.applied-caas-gateway1.internal.api.openai.org/artifactory/api/npm/npm-public/@eslint/js/-/js-9.39.4.tgz. Extracting by manifest.
1355 silly tarball no local data for @eslint/object-schema@https://packages.applied-caas-gateway1.internal.api.openai.org/artifactory/api/npm/npm-public/@eslint/object-schema/-/object-schema-2.1.7.tgz. Extracting by manifest.
1356 silly tarball no local data for @eslint/eslintrc@https://packages.applied-caas-gateway1.internal.api.openai.org/artifactory/api/npm/npm-public/@eslint/eslintrc/-/eslintrc-3.3.5.tgz. Extracting by manifest.
1357 silly tarball no local data for @eslint/core@https://packages.applied-caas-gateway1.internal.api.openai.org/artifactory/api/npm/npm-public/@eslint/core/-/core-0.17.0.tgz. Extracting by manifest.
1358 silly tarball no local data for @eslint/config-helpers@https://packages.applied-caas-gateway1.internal.api.openai.org/artifactory/api/npm/npm-public/@eslint/config-helpers/-/config-helpers-0.4.2.tgz. Extracting by manifest.
1359 silly tarball no local data for @eslint/config-array@https://packages.applied-caas-gateway1.internal.api.openai.org/artifactory/api/npm/npm-public/@eslint/config-array/-/config-array-0.21.2.tgz. Extracting by manifest.
1360 silly tarball no local data for @eslint-community/regexpp@https://packages.applied-caas-gateway1.internal.api.openai.org/artifactory/api/npm/npm-public/@eslint-community/regexpp/-/regexpp-4.12.2.tgz. Extracting by manifest.
1361 silly tarball no local data for @eslint-community/eslint-utils@https://packages.applied-caas-gateway1.internal.api.openai.org/artifactory/api/npm/npm-public/@eslint-community/eslint-utils/-/eslint-utils-4.9.1.tgz. Extracting by manifest.
1362 silly tarball no local data for @esbuild/linux-x64@https://packages.applied-caas-gateway1.internal.api.openai.org/artifactory/api/npm/npm-public/@esbuild/linux-x64/-/linux-x64-0.28.0.tgz. Extracting by manifest.
1363 silly tarball no local data for @esbuild-kit/core-utils@https://packages.applied-caas-gateway1.internal.api.openai.org/artifactory/api/npm/npm-public/@esbuild-kit/core-utils/-/core-utils-3.3.2.tgz. Extracting by manifest.
1364 silly tarball no local data for @esbuild-kit/esm-loader@https://packages.applied-caas-gateway1.internal.api.openai.org/artifactory/api/npm/npm-public/@esbuild-kit/esm-loader/-/esm-loader-2.6.5.tgz. Extracting by manifest.
1365 silly tarball no local data for @emnapi/wasi-threads@https://packages.applied-caas-gateway1.internal.api.openai.org/artifactory/api/npm/npm-public/@emnapi/wasi-threads/-/wasi-threads-1.2.1.tgz. Extracting by manifest.
1366 silly tarball no local data for @emnapi/runtime@https://packages.applied-caas-gateway1.internal.api.openai.org/artifactory/api/npm/npm-public/@emnapi/runtime/-/runtime-1.10.0.tgz. Extracting by manifest.
1367 silly tarball no local data for @emnapi/core@https://packages.applied-caas-gateway1.internal.api.openai.org/artifactory/api/npm/npm-public/@emnapi/core/-/core-1.10.0.tgz. Extracting by manifest.
1368 silly tarball no local data for @cspotcode/source-map-support@https://packages.applied-caas-gateway1.internal.api.openai.org/artifactory/api/npm/npm-public/@cspotcode/source-map-support/-/source-map-support-0.8.1.tgz. Extracting by manifest.
1369 silly tarball no local data for @drizzle-team/brocli@https://packages.applied-caas-gateway1.internal.api.openai.org/artifactory/api/npm/npm-public/@drizzle-team/brocli/-/brocli-0.10.2.tgz. Extracting by manifest.
1370 silly tarball no local data for @cloudflare/workerd-linux-64@https://packages.applied-caas-gateway1.internal.api.openai.org/artifactory/api/npm/npm-public/@cloudflare/workerd-linux-64/-/workerd-linux-64-1.20260515.1.tgz. Extracting by manifest.
1371 silly tarball no local data for @cloudflare/vite-plugin@https://packages.applied-caas-gateway1.internal.api.openai.org/artifactory/api/npm/npm-public/@cloudflare/vite-plugin/-/vite-plugin-1.37.1.tgz. Extracting by manifest.
1372 silly tarball no local data for @cloudflare/unenv-preset@https://packages.applied-caas-gateway1.internal.api.openai.org/artifactory/api/npm/npm-public/@cloudflare/unenv-preset/-/unenv-preset-2.16.1.tgz. Extracting by manifest.
1373 silly tarball no local data for @babel/types@https://packages.applied-caas-gateway1.internal.api.openai.org/artifactory/api/npm/npm-public/@babel/types/-/types-7.29.0.tgz. Extracting by manifest.
1374 silly tarball no local data for @cloudflare/kv-asset-handler@https://packages.applied-caas-gateway1.internal.api.openai.org/artifactory/api/npm/npm-public/@cloudflare/kv-asset-handler/-/kv-asset-handler-0.5.0.tgz. Extracting by manifest.
1375 silly tarball no local data for @babel/traverse@https://packages.applied-caas-gateway1.internal.api.openai.org/artifactory/api/npm/npm-public/@babel/traverse/-/traverse-7.29.0.tgz. Extracting by manifest.
1376 silly tarball no local data for @babel/template@https://packages.applied-caas-gateway1.internal.api.openai.org/artifactory/api/npm/npm-public/@babel/template/-/template-7.28.6.tgz. Extracting by manifest.
1377 silly tarball no local data for @babel/parser@https://packages.applied-caas-gateway1.internal.api.openai.org/artifactory/api/npm/npm-public/@babel/parser/-/parser-7.29.3.tgz. Extracting by manifest.
1378 silly tarball no local data for @babel/helpers@https://packages.applied-caas-gateway1.internal.api.openai.org/artifactory/api/npm/npm-public/@babel/helpers/-/helpers-7.29.2.tgz. Extracting by manifest.
1379 silly tarball no local data for @babel/helper-validator-option@https://packages.applied-caas-gateway1.internal.api.openai.org/artifactory/api/npm/npm-public/@babel/helper-validator-option/-/helper-validator-option-7.27.1.tgz. Extracting by manifest.
1380 silly tarball no local data for @babel/helper-string-parser@https://packages.applied-caas-gateway1.internal.api.openai.org/artifactory/api/npm/npm-public/@babel/helper-string-parser/-/helper-string-parser-7.27.1.tgz. Extracting by manifest.
1381 silly tarball no local data for @babel/helper-validator-identifier@https://packages.applied-caas-gateway1.internal.api.openai.org/artifactory/api/npm/npm-public/@babel/helper-validator-identifier/-/helper-validator-identifier-7.28.5.tgz. Extracting by manifest.
1382 silly tarball no local data for @babel/helper-module-transforms@https://packages.applied-caas-gateway1.internal.api.openai.org/artifactory/api/npm/npm-public/@babel/helper-module-transforms/-/helper-module-transforms-7.28.6.tgz. Extracting by manifest.
1383 silly tarball no local data for @babel/helper-module-imports@https://packages.applied-caas-gateway1.internal.api.openai.org/artifactory/api/npm/npm-public/@babel/helper-module-imports/-/helper-module-imports-7.28.6.tgz. Extracting by manifest.
1384 silly tarball no local data for @babel/helper-globals@https://packages.applied-caas-gateway1.internal.api.openai.org/artifactory/api/npm/npm-public/@babel/helper-globals/-/helper-globals-7.28.0.tgz. Extracting by manifest.
1385 silly tarball no local data for @babel/helper-compilation-targets@https://packages.applied-caas-gateway1.internal.api.openai.org/artifactory/api/npm/npm-public/@babel/helper-compilation-targets/-/helper-compilation-targets-7.28.6.tgz. Extracting by manifest.
1386 silly tarball no local data for @babel/generator@https://packages.applied-caas-gateway1.internal.api.openai.org/artifactory/api/npm/npm-public/@babel/generator/-/generator-7.29.1.tgz. Extracting by manifest.
1387 silly tarball no local data for @babel/core@https://packages.applied-caas-gateway1.internal.api.openai.org/artifactory/api/npm/npm-public/@babel/core/-/core-7.29.0.tgz. Extracting by manifest.
1388 silly tarball no local data for @babel/compat-data@https://packages.applied-caas-gateway1.internal.api.openai.org/artifactory/api/npm/npm-public/@babel/compat-data/-/compat-data-7.29.3.tgz. Extracting by manifest.
1389 silly tarball no local data for @alloc/quick-lru@https://packages.applied-caas-gateway1.internal.api.openai.org/artifactory/api/npm/npm-public/@alloc/quick-lru/-/quick-lru-5.2.0.tgz. Extracting by manifest.
1390 silly tarball no local data for @babel/code-frame@https://packages.applied-caas-gateway1.internal.api.openai.org/artifactory/api/npm/npm-public/@babel/code-frame/-/code-frame-7.29.0.tgz. Extracting by manifest.
1391 silly tarball no local data for esbuild@https://packages.applied-caas-gateway1.internal.api.openai.org/artifactory/api/npm/npm-public/esbuild/-/esbuild-0.27.3.tgz. Extracting by manifest.
1392 silly tarball no local data for @esbuild/linux-x64@https://packages.applied-caas-gateway1.internal.api.openai.org/artifactory/api/npm/npm-public/@esbuild/linux-x64/-/linux-x64-0.27.3.tgz. Extracting by manifest.
1393 silly tarball no local data for estraverse@https://packages.applied-caas-gateway1.internal.api.openai.org/artifactory/api/npm/npm-public/estraverse/-/estraverse-4.3.0.tgz. Extracting by manifest.
1394 silly tarball no local data for eslint-scope@https://packages.applied-caas-gateway1.internal.api.openai.org/artifactory/api/npm/npm-public/eslint-scope/-/eslint-scope-5.1.1.tgz. Extracting by manifest.
1395 silly tarball no local data for glob-parent@https://packages.applied-caas-gateway1.internal.api.openai.org/artifactory/api/npm/npm-public/glob-parent/-/glob-parent-5.1.2.tgz. Extracting by manifest.
1396 silly tarball no local data for fast-glob@https://packages.applied-caas-gateway1.internal.api.openai.org/artifactory/api/npm/npm-public/fast-glob/-/fast-glob-3.3.3.tgz. Extracting by manifest.
1397 silly tarball no local data for es-module-lexer@https://packages.applied-caas-gateway1.internal.api.openai.org/artifactory/api/npm/npm-public/es-module-lexer/-/es-module-lexer-1.7.0.tgz. Extracting by manifest.
1398 silly tarball no local data for lightningcss@https://packages.applied-caas-gateway1.internal.api.openai.org/artifactory/api/npm/npm-public/lightningcss/-/lightningcss-1.32.0.tgz. Extracting by manifest.
1399 silly tarball no local data for picomatch@https://packages.applied-caas-gateway1.internal.api.openai.org/artifactory/api/npm/npm-public/picomatch/-/picomatch-4.0.4.tgz. Extracting by manifest.
1400 silly tarball no local data for json5@https://packages.applied-caas-gateway1.internal.api.openai.org/artifactory/api/npm/npm-public/json5/-/json5-1.0.2.tgz. Extracting by manifest.
1401 silly tarball no local data for lightningcss-linux-x64-gnu@https://packages.applied-caas-gateway1.internal.api.openai.org/artifactory/api/npm/npm-public/lightningcss-linux-x64-gnu/-/lightningcss-linux-x64-gnu-1.32.0.tgz. Extracting by manifest.
1402 silly tarball no local data for picomatch@https://packages.applied-caas-gateway1.internal.api.openai.org/artifactory/api/npm/npm-public/picomatch/-/picomatch-4.0.4.tgz. Extracting by manifest.
1403 silly tarball no local data for fdir@https://packages.applied-caas-gateway1.internal.api.openai.org/artifactory/api/npm/npm-public/fdir/-/fdir-6.5.0.tgz. Extracting by manifest.
1404 silly tarball no local data for js-tokens@https://packages.applied-caas-gateway1.internal.api.openai.org/artifactory/api/npm/npm-public/js-tokens/-/js-tokens-9.0.1.tgz. Extracting by manifest.
1405 silly tarball no local data for semver@https://packages.applied-caas-gateway1.internal.api.openai.org/artifactory/api/npm/npm-public/semver/-/semver-7.8.0.tgz. Extracting by manifest.
1406 silly tarball no local data for json-schema-traverse@https://packages.applied-caas-gateway1.internal.api.openai.org/artifactory/api/npm/npm-public/json-schema-traverse/-/json-schema-traverse-1.0.0.tgz. Extracting by manifest.
1407 silly tarball no local data for ajv@https://packages.applied-caas-gateway1.internal.api.openai.org/artifactory/api/npm/npm-public/ajv/-/ajv-8.20.0.tgz. Extracting by manifest.
1408 silly tarball no local data for ajv-keywords@https://packages.applied-caas-gateway1.internal.api.openai.org/artifactory/api/npm/npm-public/ajv-keywords/-/ajv-keywords-5.1.0.tgz. Extracting by manifest.
1409 silly tarball no local data for postcss@https://packages.applied-caas-gateway1.internal.api.openai.org/artifactory/api/npm/npm-public/postcss/-/postcss-8.4.31.tgz. Extracting by manifest.
1410 silly tarball no local data for supports-color@https://packages.applied-caas-gateway1.internal.api.openai.org/artifactory/api/npm/npm-public/supports-color/-/supports-color-8.1.1.tgz. Extracting by manifest.
1411 silly tarball no local data for semver@https://packages.applied-caas-gateway1.internal.api.openai.org/artifactory/api/npm/npm-public/semver/-/semver-7.8.0.tgz. Extracting by manifest.
1412 silly tarball no local data for glob-parent@https://packages.applied-caas-gateway1.internal.api.openai.org/artifactory/api/npm/npm-public/glob-parent/-/glob-parent-5.1.2.tgz. Extracting by manifest.
1413 silly tarball no local data for debug@https://packages.applied-caas-gateway1.internal.api.openai.org/artifactory/api/npm/npm-public/debug/-/debug-3.2.7.tgz. Extracting by manifest.
1414 silly tarball no local data for debug@https://packages.applied-caas-gateway1.internal.api.openai.org/artifactory/api/npm/npm-public/debug/-/debug-3.2.7.tgz. Extracting by manifest.
1415 silly tarball no local data for debug@https://packages.applied-caas-gateway1.internal.api.openai.org/artifactory/api/npm/npm-public/debug/-/debug-3.2.7.tgz. Extracting by manifest.
1416 silly tarball no local data for globals@https://packages.applied-caas-gateway1.internal.api.openai.org/artifactory/api/npm/npm-public/globals/-/globals-16.4.0.tgz. Extracting by manifest.
1417 silly tarball no local data for esbuild@https://packages.applied-caas-gateway1.internal.api.openai.org/artifactory/api/npm/npm-public/esbuild/-/esbuild-0.25.12.tgz. Extracting by manifest.
1418 silly tarball no local data for @esbuild/linux-x64@https://packages.applied-caas-gateway1.internal.api.openai.org/artifactory/api/npm/npm-public/@esbuild/linux-x64/-/linux-x64-0.25.12.tgz. Extracting by manifest.
1419 silly tarball no local data for json-schema-traverse@https://packages.applied-caas-gateway1.internal.api.openai.org/artifactory/api/npm/npm-public/json-schema-traverse/-/json-schema-traverse-1.0.0.tgz. Extracting by manifest.
1420 silly tarball no local data for ajv@https://packages.applied-caas-gateway1.internal.api.openai.org/artifactory/api/npm/npm-public/ajv/-/ajv-8.20.0.tgz. Extracting by manifest.
1421 silly tarball no local data for @rolldown/pluginutils@https://packages.applied-caas-gateway1.internal.api.openai.org/artifactory/api/npm/npm-public/@rolldown/pluginutils/-/pluginutils-1.0.0-rc.18.tgz. Extracting by manifest.
1422 silly tarball no local data for eslint-visitor-keys@https://packages.applied-caas-gateway1.internal.api.openai.org/artifactory/api/npm/npm-public/eslint-visitor-keys/-/eslint-visitor-keys-5.0.1.tgz. Extracting by manifest.
1423 silly tarball no local data for minimatch@https://packages.applied-caas-gateway1.internal.api.openai.org/artifactory/api/npm/npm-public/minimatch/-/minimatch-10.2.5.tgz. Extracting by manifest.
1424 silly tarball no local data for semver@https://packages.applied-caas-gateway1.internal.api.openai.org/artifactory/api/npm/npm-public/semver/-/semver-7.8.0.tgz. Extracting by manifest.
1425 silly tarball no local data for brace-expansion@https://packages.applied-caas-gateway1.internal.api.openai.org/artifactory/api/npm/npm-public/brace-expansion/-/brace-expansion-5.0.6.tgz. Extracting by manifest.
1426 silly tarball no local data for balanced-match@https://packages.applied-caas-gateway1.internal.api.openai.org/artifactory/api/npm/npm-public/balanced-match/-/balanced-match-4.0.4.tgz. Extracting by manifest.
1427 silly tarball no local data for ignore@https://packages.applied-caas-gateway1.internal.api.openai.org/artifactory/api/npm/npm-public/ignore/-/ignore-7.0.5.tgz. Extracting by manifest.
1428 silly tarball no local data for @napi-rs/wasm-runtime@https://packages.applied-caas-gateway1.internal.api.openai.org/artifactory/api/npm/npm-public/@napi-rs/wasm-runtime/-/wasm-runtime-1.1.4.tgz. Extracting by manifest.
1429 silly tarball no local data for supports-color@https://packages.applied-caas-gateway1.internal.api.openai.org/artifactory/api/npm/npm-public/supports-color/-/supports-color-10.2.2.tgz. Extracting by manifest.
1430 silly tarball no local data for esbuild@https://packages.applied-caas-gateway1.internal.api.openai.org/artifactory/api/npm/npm-public/esbuild/-/esbuild-0.18.20.tgz. Extracting by manifest.
1431 silly tarball no local data for eslint-visitor-keys@https://packages.applied-caas-gateway1.internal.api.openai.org/artifactory/api/npm/npm-public/eslint-visitor-keys/-/eslint-visitor-keys-3.4.3.tgz. Extracting by manifest.
1432 silly tarball no local data for @esbuild/linux-x64@https://packages.applied-caas-gateway1.internal.api.openai.org/artifactory/api/npm/npm-public/@esbuild/linux-x64/-/linux-x64-0.18.20.tgz. Extracting by manifest.
1433 silly tarball no local data for @jridgewell/trace-mapping@https://packages.applied-caas-gateway1.internal.api.openai.org/artifactory/api/npm/npm-public/@jridgewell/trace-mapping/-/trace-mapping-0.3.9.tgz. Extracting by manifest.
1434 silly tarball no local data for @poppinss/dumper@https://packages.applied-caas-gateway1.internal.api.openai.org/artifactory/api/npm/npm-public/@poppinss/dumper/-/dumper-0.6.5.tgz. Extracting by manifest.
1435 http fetch GET https://packages.applied-caas-gateway1.internal.api.openai.org/artifactory/api/npm/npm-public/youch/-/youch-4.1.0-beta.10.tgz attempt 1 failed with 503
1436 http fetch GET https://packages.applied-caas-gateway1.internal.api.openai.org/artifactory/api/npm/npm-public/which-boxed-primitive/-/which-boxed-primitive-1.1.1.tgz attempt 1 failed with 503
1437 http fetch GET https://packages.applied-caas-gateway1.internal.api.openai.org/artifactory/api/npm/npm-public/youch-core/-/youch-core-0.3.3.tgz attempt 1 failed with 503
1438 http fetch GET https://packages.applied-caas-gateway1.internal.api.openai.org/artifactory/api/npm/npm-public/which-typed-array/-/which-typed-array-1.1.20.tgz attempt 1 failed with 503
1439 http fetch GET https://packages.applied-caas-gateway1.internal.api.openai.org/artifactory/api/npm/npm-public/wrangler/-/wrangler-4.92.0.tgz attempt 1 failed with 503
1440 http fetch GET https://packages.applied-caas-gateway1.internal.api.openai.org/artifactory/api/npm/npm-public/which-builtin-type/-/which-builtin-type-1.2.1.tgz attempt 1 failed with 503
1441 http fetch GET https://packages.applied-caas-gateway1.internal.api.openai.org/artifactory/api/npm/npm-public/ws/-/ws-8.18.0.tgz attempt 1 failed with 503
1442 http fetch GET https://packages.applied-caas-gateway1.internal.api.openai.org/artifactory/api/npm/npm-public/yallist/-/yallist-3.1.1.tgz attempt 1 failed with 503
1443 http fetch GET https://packages.applied-caas-gateway1.internal.api.openai.org/artifactory/api/npm/npm-public/which-collection/-/which-collection-1.0.2.tgz attempt 1 failed with 503
1444 http fetch GET https://packages.applied-caas-gateway1.internal.api.openai.org/artifactory/api/npm/npm-public/zod/-/zod-4.4.3.tgz attempt 1 failed with 503
1445 http fetch GET https://packages.applied-caas-gateway1.internal.api.openai.org/artifactory/api/npm/npm-public/workerd/-/workerd-1.20260515.1.tgz attempt 1 failed with 503
1446 http fetch GET https://packages.applied-caas-gateway1.internal.api.openai.org/artifactory/api/npm/npm-public/word-wrap/-/word-wrap-1.2.5.tgz attempt 1 failed with 503
1447 http fetch GET https://packages.applied-caas-gateway1.internal.api.openai.org/artifactory/api/npm/npm-public/which/-/which-2.0.2.tgz attempt 1 failed with 503
1448 http fetch GET https://packages.applied-caas-gateway1.internal.api.openai.org/artifactory/api/npm/npm-public/yoga-layout/-/yoga-layout-3.2.1.tgz attempt 1 failed with 503
1449 http fetch GET https://packages.applied-caas-gateway1.internal.api.openai.org/artifactory/api/npm/npm-public/watchpack/-/watchpack-2.5.1.tgz attempt 1 failed with 503
1450 http fetch GET https://packages.applied-caas-gateway1.internal.api.openai.org/artifactory/api/npm/npm-public/zod-validation-error/-/zod-validation-error-4.0.2.tgz attempt 1 failed with 503
1451 http fetch GET https://packages.applied-caas-gateway1.internal.api.openai.org/artifactory/api/npm/npm-public/webpack-sources/-/webpack-sources-3.4.1.tgz attempt 1 failed with 503
1452 http fetch GET https://packages.applied-caas-gateway1.internal.api.openai.org/artifactory/api/npm/npm-public/web-vitals/-/web-vitals-4.2.4.tgz attempt 1 failed with 503
1453 http fetch GET https://packages.applied-caas-gateway1.internal.api.openai.org/artifactory/api/npm/npm-public/webpack/-/webpack-5.106.2.tgz attempt 1 failed with 503
1454 http fetch GET https://packages.applied-caas-gateway1.internal.api.openai.org/artifactory/api/npm/npm-public/vitefu/-/vitefu-1.1.3.tgz attempt 1 failed with 503
1455 http fetch GET https://packages.applied-caas-gateway1.internal.api.openai.org/artifactory/api/npm/npm-public/vite-plugin-dynamic-import/-/vite-plugin-dynamic-import-1.6.0.tgz attempt 1 failed with 503
1456 http fetch GET https://packages.applied-caas-gateway1.internal.api.openai.org/artifactory/api/npm/npm-public/vite-tsconfig-paths/-/vite-tsconfig-paths-6.1.1.tgz attempt 1 failed with 503
1457 http fetch GET https://packages.applied-caas-gateway1.internal.api.openai.org/artifactory/api/npm/npm-public/yocto-queue/-/yocto-queue-0.1.0.tgz attempt 1 failed with 503
1458 http fetch GET https://packages.applied-caas-gateway1.internal.api.openai.org/artifactory/api/npm/npm-public/unrs-resolver/-/unrs-resolver-1.11.1.tgz attempt 1 failed with 503
1459 http fetch GET https://packages.applied-caas-gateway1.internal.api.openai.org/artifactory/api/npm/npm-public/vite-plugin-commonjs/-/vite-plugin-commonjs-0.10.4.tgz attempt 1 failed with 503
1460 http fetch GET https://packages.applied-caas-gateway1.internal.api.openai.org/artifactory/api/npm/npm-public/vinext/-/vinext-0.0.50.tgz attempt 1 failed with 503
1461 http fetch GET https://packages.applied-caas-gateway1.internal.api.openai.org/artifactory/api/npm/npm-public/vite/-/vite-8.0.13.tgz attempt 1 failed with 503
1462 http fetch GET https://packages.applied-caas-gateway1.internal.api.openai.org/artifactory/api/npm/npm-public/update-browserslist-db/-/update-browserslist-db-1.2.3.tgz attempt 1 failed with 503
1463 http fetch GET https://packages.applied-caas-gateway1.internal.api.openai.org/artifactory/api/npm/npm-public/undici-types/-/undici-types-6.21.0.tgz attempt 1 failed with 503
1464 http fetch GET https://packages.applied-caas-gateway1.internal.api.openai.org/artifactory/api/npm/npm-public/uri-js/-/uri-js-4.4.1.tgz attempt 1 failed with 503
1465 http fetch GET https://packages.applied-caas-gateway1.internal.api.openai.org/artifactory/api/npm/npm-public/typescript-eslint/-/typescript-eslint-8.59.3.tgz attempt 1 failed with 503
1466 http fetch GET https://packages.applied-caas-gateway1.internal.api.openai.org/artifactory/api/npm/npm-public/typescript/-/typescript-5.9.3.tgz attempt 1 failed with 503
1467 http fetch GET https://packages.applied-caas-gateway1.internal.api.openai.org/artifactory/api/npm/npm-public/unbox-primitive/-/unbox-primitive-1.1.0.tgz attempt 1 failed with 503
1468 http fetch GET https://packages.applied-caas-gateway1.internal.api.openai.org/artifactory/api/npm/npm-public/unenv/-/unenv-2.0.0-rc.24.tgz attempt 1 failed with 503
1469 http fetch GET https://packages.applied-caas-gateway1.internal.api.openai.org/artifactory/api/npm/npm-public/unpic/-/unpic-4.2.2.tgz attempt 1 failed with 503
1470 http fetch GET https://packages.applied-caas-gateway1.internal.api.openai.org/artifactory/api/npm/npm-public/undici/-/undici-7.24.8.tgz attempt 1 failed with 503
1471 http fetch GET https://packages.applied-caas-gateway1.internal.api.openai.org/artifactory/api/npm/npm-public/typed-array-byte-offset/-/typed-array-byte-offset-1.0.4.tgz attempt 1 failed with 503
1472 http fetch GET https://packages.applied-caas-gateway1.internal.api.openai.org/artifactory/api/npm/npm-public/unicode-trie/-/unicode-trie-2.0.0.tgz attempt 1 failed with 503
1473 http fetch GET https://packages.applied-caas-gateway1.internal.api.openai.org/artifactory/api/npm/npm-public/typed-array-byte-length/-/typed-array-byte-length-1.0.3.tgz attempt 1 failed with 503
1474 http fetch GET https://packages.applied-caas-gateway1.internal.api.openai.org/artifactory/api/npm/npm-public/turbo-stream/-/turbo-stream-3.2.0.tgz attempt 1 failed with 503
1475 http fetch GET https://packages.applied-caas-gateway1.internal.api.openai.org/artifactory/api/npm/npm-public/typed-array-buffer/-/typed-array-buffer-1.0.3.tgz attempt 1 failed with 503
1476 http fetch GET https://packages.applied-caas-gateway1.internal.api.openai.org/artifactory/api/npm/npm-public/type-check/-/type-check-0.4.0.tgz attempt 1 failed with 503
1477 http fetch GET https://packages.applied-caas-gateway1.internal.api.openai.org/artifactory/api/npm/npm-public/tsx/-/tsx-4.22.1.tgz attempt 1 failed with 503
1478 http fetch GET https://packages.applied-caas-gateway1.internal.api.openai.org/artifactory/api/npm/npm-public/typed-array-length/-/typed-array-length-1.0.7.tgz attempt 1 failed with 503
1479 http fetch GET https://packages.applied-caas-gateway1.internal.api.openai.org/artifactory/api/npm/npm-public/tsconfig-paths/-/tsconfig-paths-3.15.0.tgz attempt 1 failed with 503
1480 http fetch GET https://packages.applied-caas-gateway1.internal.api.openai.org/artifactory/api/npm/npm-public/tsconfck/-/tsconfck-3.1.6.tgz attempt 1 failed with 503
1481 http fetch GET https://packages.applied-caas-gateway1.internal.api.openai.org/artifactory/api/npm/npm-public/ts-api-utils/-/ts-api-utils-2.5.0.tgz attempt 1 failed with 503
1482 http fetch GET https://packages.applied-caas-gateway1.internal.api.openai.org/artifactory/api/npm/npm-public/terser-webpack-plugin/-/terser-webpack-plugin-5.6.0.tgz attempt 1 failed with 503
1483 http fetch GET https://packages.applied-caas-gateway1.internal.api.openai.org/artifactory/api/npm/npm-public/to-regex-range/-/to-regex-range-5.0.1.tgz attempt 1 failed with 503
1484 http fetch GET https://packages.applied-caas-gateway1.internal.api.openai.org/artifactory/api/npm/npm-public/tslib/-/tslib-2.8.1.tgz attempt 1 failed with 503
1485 http fetch GET https://packages.applied-caas-gateway1.internal.api.openai.org/artifactory/api/npm/npm-public/tailwindcss/-/tailwindcss-4.2.1.tgz attempt 1 failed with 503
1486 http fetch GET https://packages.applied-caas-gateway1.internal.api.openai.org/artifactory/api/npm/npm-public/tiny-inflate/-/tiny-inflate-1.0.3.tgz attempt 1 failed with 503
1487 http fetch GET https://packages.applied-caas-gateway1.internal.api.openai.org/artifactory/api/npm/npm-public/tinyglobby/-/tinyglobby-0.2.16.tgz attempt 1 failed with 503
1488 http fetch GET https://packages.applied-caas-gateway1.internal.api.openai.org/artifactory/api/npm/npm-public/styled-jsx/-/styled-jsx-5.1.6.tgz attempt 1 failed with 503
1489 http fetch GET https://packages.applied-caas-gateway1.internal.api.openai.org/artifactory/api/npm/npm-public/strip-json-comments/-/strip-json-comments-3.1.1.tgz attempt 1 failed with 503
1490 http fetch GET https://packages.applied-caas-gateway1.internal.api.openai.org/artifactory/api/npm/npm-public/strip-bom/-/strip-bom-3.0.0.tgz attempt 1 failed with 503
1491 http fetch GET https://packages.applied-caas-gateway1.internal.api.openai.org/artifactory/api/npm/npm-public/terser/-/terser-5.47.1.tgz attempt 1 failed with 503
1492 http fetch GET https://packages.applied-caas-gateway1.internal.api.openai.org/artifactory/api/npm/npm-public/tapable/-/tapable-2.3.3.tgz attempt 1 failed with 503
1493 http fetch GET https://packages.applied-caas-gateway1.internal.api.openai.org/artifactory/api/npm/npm-public/string.prototype.trimstart/-/string.prototype.trimstart-1.0.8.tgz attempt 1 failed with 503
1494 http fetch GET https://packages.applied-caas-gateway1.internal.api.openai.org/artifactory/api/npm/npm-public/supports-preserve-symlinks-flag/-/supports-preserve-symlinks-flag-1.0.0.tgz attempt 1 failed with 503
1495 http fetch GET https://packages.applied-caas-gateway1.internal.api.openai.org/artifactory/api/npm/npm-public/supports-color/-/supports-color-7.2.0.tgz attempt 1 failed with 503
1496 http fetch GET https://packages.applied-caas-gateway1.internal.api.openai.org/artifactory/api/npm/npm-public/string.prototype.trimend/-/string.prototype.trimend-1.0.9.tgz attempt 1 failed with 503
1497 http fetch GET https://packages.applied-caas-gateway1.internal.api.openai.org/artifactory/api/npm/npm-public/strip-literal/-/strip-literal-3.1.0.tgz attempt 1 failed with 503
1498 http fetch GET https://packages.applied-caas-gateway1.internal.api.openai.org/artifactory/api/npm/npm-public/string.prototype.trim/-/string.prototype.trim-1.2.10.tgz attempt 1 failed with 503
1499 http fetch GET https://packages.applied-caas-gateway1.internal.api.openai.org/artifactory/api/npm/npm-public/string.prototype.matchall/-/string.prototype.matchall-4.0.12.tgz attempt 1 failed with 503
1500 http fetch GET https://packages.applied-caas-gateway1.internal.api.openai.org/artifactory/api/npm/npm-public/stop-iteration-iterator/-/stop-iteration-iterator-1.1.0.tgz attempt 1 failed with 503
1501 http fetch GET https://packages.applied-caas-gateway1.internal.api.openai.org/artifactory/api/npm/npm-public/stable-hash/-/stable-hash-0.0.5.tgz attempt 1 failed with 503
1502 http fetch GET https://packages.applied-caas-gateway1.internal.api.openai.org/artifactory/api/npm/npm-public/srvx/-/srvx-0.11.15.tgz attempt 1 failed with 503
1503 http fetch GET https://packages.applied-caas-gateway1.internal.api.openai.org/artifactory/api/npm/npm-public/string.prototype.repeat/-/string.prototype.repeat-1.0.0.tgz attempt 1 failed with 503
1504 http fetch GET https://packages.applied-caas-gateway1.internal.api.openai.org/artifactory/api/npm/npm-public/string.prototype.includes/-/string.prototype.includes-2.0.1.tgz attempt 1 failed with 503
1505 http fetch GET https://packages.applied-caas-gateway1.internal.api.openai.org/artifactory/api/npm/npm-public/source-map/-/source-map-0.6.1.tgz attempt 1 failed with 503
1506 http fetch GET https://packages.applied-caas-gateway1.internal.api.openai.org/artifactory/api/npm/npm-public/side-channel-list/-/side-channel-list-1.0.1.tgz attempt 1 failed with 503
1507 http fetch GET https://packages.applied-caas-gateway1.internal.api.openai.org/artifactory/api/npm/npm-public/source-map-js/-/source-map-js-1.2.1.tgz attempt 1 failed with 503
1508 http fetch GET https://packages.applied-caas-gateway1.internal.api.openai.org/artifactory/api/npm/npm-public/string.prototype.codepointat/-/string.prototype.codepointat-0.2.1.tgz attempt 1 failed with 503
1509 http fetch GET https://packages.applied-caas-gateway1.internal.api.openai.org/artifactory/api/npm/npm-public/side-channel-weakmap/-/side-channel-weakmap-1.0.2.tgz attempt 1 failed with 503
1510 http fetch GET https://packages.applied-caas-gateway1.internal.api.openai.org/artifactory/api/npm/npm-public/side-channel-map/-/side-channel-map-1.0.1.tgz attempt 1 failed with 503
1511 http fetch GET https://packages.applied-caas-gateway1.internal.api.openai.org/artifactory/api/npm/npm-public/source-map-support/-/source-map-support-0.5.21.tgz attempt 1 failed with 503
1512 http fetch GET https://packages.applied-caas-gateway1.internal.api.openai.org/artifactory/api/npm/npm-public/shebang-command/-/shebang-command-2.0.0.tgz attempt 1 failed with 503
1513 http fetch GET https://packages.applied-caas-gateway1.internal.api.openai.org/artifactory/api/npm/npm-public/set-proto/-/set-proto-1.0.0.tgz attempt 1 failed with 503
1514 http fetch GET https://packages.applied-caas-gateway1.internal.api.openai.org/artifactory/api/npm/npm-public/sharp/-/sharp-0.34.5.tgz attempt 1 failed with 503
1515 http fetch GET https://packages.applied-caas-gateway1.internal.api.openai.org/artifactory/api/npm/npm-public/set-function-name/-/set-function-name-2.0.2.tgz attempt 1 failed with 503
1516 http fetch GET https://packages.applied-caas-gateway1.internal.api.openai.org/artifactory/api/npm/npm-public/shebang-regex/-/shebang-regex-3.0.0.tgz attempt 1 failed with 503
1517 http fetch GET https://packages.applied-caas-gateway1.internal.api.openai.org/artifactory/api/npm/npm-public/side-channel/-/side-channel-1.1.0.tgz attempt 1 failed with 503
1518 http fetch GET https://packages.applied-caas-gateway1.internal.api.openai.org/artifactory/api/npm/npm-public/schema-utils/-/schema-utils-4.3.3.tgz attempt 1 failed with 503
1519 http fetch GET https://packages.applied-caas-gateway1.internal.api.openai.org/artifactory/api/npm/npm-public/semver/-/semver-6.3.1.tgz attempt 1 failed with 503
1520 http fetch GET https://packages.applied-caas-gateway1.internal.api.openai.org/artifactory/api/npm/npm-public/scheduler/-/scheduler-0.27.0.tgz attempt 1 failed with 503
1521 http fetch GET https://packages.applied-caas-gateway1.internal.api.openai.org/artifactory/api/npm/npm-public/set-function-length/-/set-function-length-1.2.2.tgz attempt 1 failed with 503
1522 http fetch GET https://packages.applied-caas-gateway1.internal.api.openai.org/artifactory/api/npm/npm-public/rolldown/-/rolldown-1.0.1.tgz attempt 1 failed with 503
1523 http fetch GET https://packages.applied-caas-gateway1.internal.api.openai.org/artifactory/api/npm/npm-public/satori/-/satori-0.16.0.tgz attempt 1 failed with 503
1524 http fetch GET https://packages.applied-caas-gateway1.internal.api.openai.org/artifactory/api/npm/npm-public/safe-push-apply/-/safe-push-apply-1.0.0.tgz attempt 1 failed with 503
1525 http fetch GET https://packages.applied-caas-gateway1.internal.api.openai.org/artifactory/api/npm/npm-public/safe-array-concat/-/safe-array-concat-1.1.4.tgz attempt 1 failed with 503
1526 http fetch GET https://packages.applied-caas-gateway1.internal.api.openai.org/artifactory/api/npm/npm-public/safe-regex-test/-/safe-regex-test-1.1.0.tgz attempt 1 failed with 503
1527 http fetch GET https://packages.applied-caas-gateway1.internal.api.openai.org/artifactory/api/npm/npm-public/reusify/-/reusify-1.1.0.tgz attempt 1 failed with 503
1528 http fetch GET https://packages.applied-caas-gateway1.internal.api.openai.org/artifactory/api/npm/npm-public/resolve-from/-/resolve-from-4.0.0.tgz attempt 1 failed with 503
1529 http fetch GET https://packages.applied-caas-gateway1.internal.api.openai.org/artifactory/api/npm/npm-public/resolve-pkg-maps/-/resolve-pkg-maps-1.0.0.tgz attempt 1 failed with 503
1530 http fetch GET https://packages.applied-caas-gateway1.internal.api.openai.org/artifactory/api/npm/npm-public/run-parallel/-/run-parallel-1.2.0.tgz attempt 1 failed with 503
1531 http fetch GET https://packages.applied-caas-gateway1.internal.api.openai.org/artifactory/api/npm/npm-public/regexp.prototype.flags/-/regexp.prototype.flags-1.5.4.tgz attempt 1 failed with 503
1532 http fetch GET https://packages.applied-caas-gateway1.internal.api.openai.org/artifactory/api/npm/npm-public/react-server-dom-webpack/-/react-server-dom-webpack-19.2.6.tgz attempt 1 failed with 503
1533 http fetch GET https://packages.applied-caas-gateway1.internal.api.openai.org/artifactory/api/npm/npm-public/resolve/-/resolve-2.0.0-next.7.tgz attempt 1 failed with 503
1534 http fetch GET https://packages.applied-caas-gateway1.internal.api.openai.org/artifactory/api/npm/npm-public/reflect.getprototypeof/-/reflect.getprototypeof-1.0.10.tgz attempt 1 failed with 503
1535 http fetch GET https://packages.applied-caas-gateway1.internal.api.openai.org/artifactory/api/npm/npm-public/react-dom/-/react-dom-19.2.6.tgz attempt 1 failed with 503
1536 http fetch GET https://packages.applied-caas-gateway1.internal.api.openai.org/artifactory/api/npm/npm-public/require-from-string/-/require-from-string-2.0.2.tgz attempt 1 failed with 503
1537 http fetch GET https://packages.applied-caas-gateway1.internal.api.openai.org/artifactory/api/npm/npm-public/react/-/react-19.2.6.tgz attempt 1 failed with 503
1538 http fetch GET https://packages.applied-caas-gateway1.internal.api.openai.org/artifactory/api/npm/npm-public/react-is/-/react-is-16.13.1.tgz attempt 1 failed with 503
1539 http fetch GET https://packages.applied-caas-gateway1.internal.api.openai.org/artifactory/api/npm/npm-public/punycode/-/punycode-2.3.1.tgz attempt 1 failed with 503
1540 http fetch GET https://packages.applied-caas-gateway1.internal.api.openai.org/artifactory/api/npm/npm-public/queue-microtask/-/queue-microtask-1.2.3.tgz attempt 1 failed with 503
1541 http fetch GET https://packages.applied-caas-gateway1.internal.api.openai.org/artifactory/api/npm/npm-public/prelude-ls/-/prelude-ls-1.2.1.tgz attempt 1 failed with 503
1542 http fetch GET https://packages.applied-caas-gateway1.internal.api.openai.org/artifactory/api/npm/npm-public/postcss-value-parser/-/postcss-value-parser-4.2.0.tgz attempt 1 failed with 503
1543 http fetch GET https://packages.applied-caas-gateway1.internal.api.openai.org/artifactory/api/npm/npm-public/postcss/-/postcss-8.5.14.tgz attempt 1 failed with 503
1544 http fetch GET https://packages.applied-caas-gateway1.internal.api.openai.org/artifactory/api/npm/npm-public/picomatch/-/picomatch-2.3.2.tgz attempt 1 failed with 503
1545 http fetch GET https://packages.applied-caas-gateway1.internal.api.openai.org/artifactory/api/npm/npm-public/picocolors/-/picocolors-1.1.1.tgz attempt 1 failed with 503
1546 http fetch GET https://packages.applied-caas-gateway1.internal.api.openai.org/artifactory/api/npm/npm-public/prop-types/-/prop-types-15.8.1.tgz attempt 1 failed with 503
1547 http fetch GET https://packages.applied-caas-gateway1.internal.api.openai.org/artifactory/api/npm/npm-public/path-parse/-/path-parse-1.0.7.tgz attempt 1 failed with 503
1548 http fetch GET https://packages.applied-caas-gateway1.internal.api.openai.org/artifactory/api/npm/npm-public/pathe/-/pathe-2.0.3.tgz attempt 1 failed with 503
1549 http fetch GET https://packages.applied-caas-gateway1.internal.api.openai.org/artifactory/api/npm/npm-public/possible-typed-array-names/-/possible-typed-array-names-1.1.0.tgz attempt 1 failed with 503
1550 http fetch GET https://packages.applied-caas-gateway1.internal.api.openai.org/artifactory/api/npm/npm-public/path-to-regexp/-/path-to-regexp-6.3.0.tgz attempt 1 failed with 503
1551 http fetch GET https://packages.applied-caas-gateway1.internal.api.openai.org/artifactory/api/npm/npm-public/p-locate/-/p-locate-5.0.0.tgz attempt 1 failed with 503
1552 http fetch GET https://packages.applied-caas-gateway1.internal.api.openai.org/artifactory/api/npm/npm-public/p-limit/-/p-limit-3.1.0.tgz attempt 1 failed with 503
1553 http fetch GET https://packages.applied-caas-gateway1.internal.api.openai.org/artifactory/api/npm/npm-public/own-keys/-/own-keys-1.0.1.tgz attempt 1 failed with 503
1554 http fetch GET https://packages.applied-caas-gateway1.internal.api.openai.org/artifactory/api/npm/npm-public/object.values/-/object.values-1.2.1.tgz attempt 1 failed with 503
1555 http fetch GET https://packages.applied-caas-gateway1.internal.api.openai.org/artifactory/api/npm/npm-public/optionator/-/optionator-0.9.4.tgz attempt 1 failed with 503
1556 http fetch GET https://packages.applied-caas-gateway1.internal.api.openai.org/artifactory/api/npm/npm-public/path-key/-/path-key-3.1.1.tgz attempt 1 failed with 503
1557 http fetch GET https://packages.applied-caas-gateway1.internal.api.openai.org/artifactory/api/npm/npm-public/path-exists/-/path-exists-4.0.0.tgz attempt 1 failed with 503
1558 http fetch GET https://packages.applied-caas-gateway1.internal.api.openai.org/artifactory/api/npm/npm-public/parent-module/-/parent-module-1.0.1.tgz attempt 1 failed with 503
1559 http fetch GET https://packages.applied-caas-gateway1.internal.api.openai.org/artifactory/api/npm/npm-public/pako/-/pako-0.2.9.tgz attempt 1 failed with 503
1560 http fetch GET https://packages.applied-caas-gateway1.internal.api.openai.org/artifactory/api/npm/npm-public/parse-css-color/-/parse-css-color-0.2.1.tgz attempt 1 failed with 503
1561 http fetch GET https://packages.applied-caas-gateway1.internal.api.openai.org/artifactory/api/npm/npm-public/object.fromentries/-/object.fromentries-2.0.8.tgz attempt 1 failed with 503
1562 http fetch GET https://packages.applied-caas-gateway1.internal.api.openai.org/artifactory/api/npm/npm-public/object-inspect/-/object-inspect-1.13.4.tgz attempt 1 failed with 503
1563 http fetch GET https://packages.applied-caas-gateway1.internal.api.openai.org/artifactory/api/npm/npm-public/object.entries/-/object.entries-1.1.9.tgz attempt 1 failed with 503
1564 http fetch GET https://packages.applied-caas-gateway1.internal.api.openai.org/artifactory/api/npm/npm-public/object-assign/-/object-assign-4.1.1.tgz attempt 1 failed with 503
1565 http fetch GET https://packages.applied-caas-gateway1.internal.api.openai.org/artifactory/api/npm/npm-public/object-keys/-/object-keys-1.1.1.tgz attempt 1 failed with 503
1566 http fetch GET https://packages.applied-caas-gateway1.internal.api.openai.org/artifactory/api/npm/npm-public/node-releases/-/node-releases-2.0.44.tgz attempt 1 failed with 503
1567 http fetch GET https://packages.applied-caas-gateway1.internal.api.openai.org/artifactory/api/npm/npm-public/object.groupby/-/object.groupby-1.0.3.tgz attempt 1 failed with 503
1568 http fetch GET https://packages.applied-caas-gateway1.internal.api.openai.org/artifactory/api/npm/npm-public/node-exports-info/-/node-exports-info-1.6.0.tgz attempt 1 failed with 503
1569 http fetch GET https://packages.applied-caas-gateway1.internal.api.openai.org/artifactory/api/npm/npm-public/next/-/next-16.2.6.tgz attempt 1 failed with 503
1570 http fetch GET https://packages.applied-caas-gateway1.internal.api.openai.org/artifactory/api/npm/npm-public/object.assign/-/object.assign-4.1.7.tgz attempt 1 failed with 503
1571 http fetch GET https://packages.applied-caas-gateway1.internal.api.openai.org/artifactory/api/npm/npm-public/minimist/-/minimist-1.2.8.tgz attempt 1 failed with 503
1572 http fetch GET https://packages.applied-caas-gateway1.internal.api.openai.org/artifactory/api/npm/npm-public/neo-async/-/neo-async-2.6.2.tgz attempt 1 failed with 503
1573 http fetch GET https://packages.applied-caas-gateway1.internal.api.openai.org/artifactory/api/npm/npm-public/natural-compare/-/natural-compare-1.4.0.tgz attempt 1 failed with 503
1574 http fetch GET https://packages.applied-caas-gateway1.internal.api.openai.org/artifactory/api/npm/npm-public/napi-postinstall/-/napi-postinstall-0.3.4.tgz attempt 1 failed with 503
1575 http fetch GET https://packages.applied-caas-gateway1.internal.api.openai.org/artifactory/api/npm/npm-public/minimatch/-/minimatch-3.1.5.tgz attempt 1 failed with 503
1576 http fetch GET https://packages.applied-caas-gateway1.internal.api.openai.org/artifactory/api/npm/npm-public/mime-db/-/mime-db-1.54.0.tgz attempt 1 failed with 503
1577 http fetch GET https://packages.applied-caas-gateway1.internal.api.openai.org/artifactory/api/npm/npm-public/merge2/-/merge2-1.4.1.tgz attempt 1 failed with 503
1578 http fetch GET https://packages.applied-caas-gateway1.internal.api.openai.org/artifactory/api/npm/npm-public/math-intrinsics/-/math-intrinsics-1.1.0.tgz attempt 1 failed with 503
1579 http fetch GET https://packages.applied-caas-gateway1.internal.api.openai.org/artifactory/api/npm/npm-public/nanoid/-/nanoid-3.3.12.tgz attempt 1 failed with 503
1580 http fetch GET https://packages.applied-caas-gateway1.internal.api.openai.org/artifactory/api/npm/npm-public/ms/-/ms-2.1.3.tgz attempt 1 failed with 503
1581 http fetch GET https://packages.applied-caas-gateway1.internal.api.openai.org/artifactory/api/npm/npm-public/miniflare/-/miniflare-4.20260515.0.tgz attempt 1 failed with 503
1582 http fetch GET https://packages.applied-caas-gateway1.internal.api.openai.org/artifactory/api/npm/npm-public/magic-string/-/magic-string-0.30.21.tgz attempt 1 failed with 503
1583 http fetch GET https://packages.applied-caas-gateway1.internal.api.openai.org/artifactory/api/npm/npm-public/micromatch/-/micromatch-4.0.8.tgz attempt 1 failed with 503
1584 http fetch GET https://packages.applied-caas-gateway1.internal.api.openai.org/artifactory/api/npm/npm-public/loose-envify/-/loose-envify-1.4.0.tgz attempt 1 failed with 503
1585 http fetch GET https://packages.applied-caas-gateway1.internal.api.openai.org/artifactory/api/npm/npm-public/merge-stream/-/merge-stream-2.0.0.tgz attempt 1 failed with 503
1586 http fetch GET https://packages.applied-caas-gateway1.internal.api.openai.org/artifactory/api/npm/npm-public/loader-runner/-/loader-runner-4.3.2.tgz attempt 1 failed with 503
1587 http fetch GET https://packages.applied-caas-gateway1.internal.api.openai.org/artifactory/api/npm/npm-public/lru-cache/-/lru-cache-5.1.1.tgz attempt 1 failed with 503
1588 http fetch GET https://packages.applied-caas-gateway1.internal.api.openai.org/artifactory/api/npm/npm-public/lightningcss-linux-x64-gnu/-/lightningcss-linux-x64-gnu-1.31.1.tgz attempt 1 failed with 503
1589 http fetch GET https://packages.applied-caas-gateway1.internal.api.openai.org/artifactory/api/npm/npm-public/language-tags/-/language-tags-1.0.9.tgz attempt 1 failed with 503
1590 http fetch GET https://packages.applied-caas-gateway1.internal.api.openai.org/artifactory/api/npm/npm-public/lightningcss/-/lightningcss-1.31.1.tgz attempt 1 failed with 503
1591 http fetch GET https://packages.applied-caas-gateway1.internal.api.openai.org/artifactory/api/npm/npm-public/locate-path/-/locate-path-6.0.0.tgz attempt 1 failed with 503
1592 http fetch GET https://packages.applied-caas-gateway1.internal.api.openai.org/artifactory/api/npm/npm-public/linebreak/-/linebreak-1.1.0.tgz attempt 1 failed with 503
1593 http fetch GET https://packages.applied-caas-gateway1.internal.api.openai.org/artifactory/api/npm/npm-public/levn/-/levn-0.4.1.tgz attempt 1 failed with 503
1594 http fetch GET https://packages.applied-caas-gateway1.internal.api.openai.org/artifactory/api/npm/npm-public/lodash.merge/-/lodash.merge-4.6.2.tgz attempt 1 failed with 503
1595 http fetch GET https://packages.applied-caas-gateway1.internal.api.openai.org/artifactory/api/npm/npm-public/language-subtag-registry/-/language-subtag-registry-0.3.23.tgz attempt 1 failed with 503
1596 http fetch GET https://packages.applied-caas-gateway1.internal.api.openai.org/artifactory/api/npm/npm-public/keyv/-/keyv-4.5.4.tgz attempt 1 failed with 503
1597 http fetch GET https://packages.applied-caas-gateway1.internal.api.openai.org/artifactory/api/npm/npm-public/json5/-/json5-2.2.3.tgz attempt 1 failed with 503
1598 http fetch GET https://packages.applied-caas-gateway1.internal.api.openai.org/artifactory/api/npm/npm-public/jsx-ast-utils/-/jsx-ast-utils-3.3.5.tgz attempt 1 failed with 503
1599 http fetch GET https://packages.applied-caas-gateway1.internal.api.openai.org/artifactory/api/npm/npm-public/kleur/-/kleur-4.1.5.tgz attempt 1 failed with 503
1600 http fetch GET https://packages.applied-caas-gateway1.internal.api.openai.org/artifactory/api/npm/npm-public/json-schema-traverse/-/json-schema-traverse-0.4.1.tgz attempt 1 failed with 503
1601 http fetch GET https://packages.applied-caas-gateway1.internal.api.openai.org/artifactory/api/npm/npm-public/jsesc/-/jsesc-3.1.0.tgz attempt 1 failed with 503
1602 http fetch GET https://packages.applied-caas-gateway1.internal.api.openai.org/artifactory/api/npm/npm-public/js-yaml/-/js-yaml-4.1.1.tgz attempt 1 failed with 503
1603 http fetch GET https://packages.applied-caas-gateway1.internal.api.openai.org/artifactory/api/npm/npm-public/js-tokens/-/js-tokens-4.0.0.tgz attempt 1 failed with 503
1604 http fetch GET https://packages.applied-caas-gateway1.internal.api.openai.org/artifactory/api/npm/npm-public/json-stable-stringify-without-jsonify/-/json-stable-stringify-without-jsonify-1.0.1.tgz attempt 1 failed with 503
1605 http fetch GET https://packages.applied-caas-gateway1.internal.api.openai.org/artifactory/api/npm/npm-public/iterator.prototype/-/iterator.prototype-1.1.5.tgz attempt 1 failed with 503
1606 http fetch GET https://packages.applied-caas-gateway1.internal.api.openai.org/artifactory/api/npm/npm-public/jiti/-/jiti-2.7.0.tgz attempt 1 failed with 503
1607 http fetch GET https://packages.applied-caas-gateway1.internal.api.openai.org/artifactory/api/npm/npm-public/jest-worker/-/jest-worker-27.5.1.tgz attempt 1 failed with 503
1608 http fetch GET https://packages.applied-caas-gateway1.internal.api.openai.org/artifactory/api/npm/npm-public/json-buffer/-/json-buffer-3.0.1.tgz attempt 1 failed with 503
1609 http fetch GET https://packages.applied-caas-gateway1.internal.api.openai.org/artifactory/api/npm/npm-public/is-weakref/-/is-weakref-1.1.1.tgz attempt 1 failed with 503
1610 http fetch GET https://packages.applied-caas-gateway1.internal.api.openai.org/artifactory/api/npm/npm-public/is-weakset/-/is-weakset-2.0.4.tgz attempt 1 failed with 503
1611 http fetch GET https://packages.applied-caas-gateway1.internal.api.openai.org/artifactory/api/npm/npm-public/is-symbol/-/is-symbol-1.1.1.tgz attempt 1 failed with 503
1612 http fetch GET https://packages.applied-caas-gateway1.internal.api.openai.org/artifactory/api/npm/npm-public/isarray/-/isarray-2.0.5.tgz attempt 1 failed with 503
1613 http fetch GET https://packages.applied-caas-gateway1.internal.api.openai.org/artifactory/api/npm/npm-public/isexe/-/isexe-2.0.0.tgz attempt 1 failed with 503
1614 http fetch GET https://packages.applied-caas-gateway1.internal.api.openai.org/artifactory/api/npm/npm-public/is-string/-/is-string-1.1.1.tgz attempt 1 failed with 503
1615 http fetch GET https://packages.applied-caas-gateway1.internal.api.openai.org/artifactory/api/npm/npm-public/is-weakmap/-/is-weakmap-2.0.2.tgz attempt 1 failed with 503
1616 http fetch GET https://packages.applied-caas-gateway1.internal.api.openai.org/artifactory/api/npm/npm-public/is-shared-array-buffer/-/is-shared-array-buffer-1.0.4.tgz attempt 1 failed with 503
1617 http fetch GET https://packages.applied-caas-gateway1.internal.api.openai.org/artifactory/api/npm/npm-public/is-set/-/is-set-2.0.3.tgz attempt 1 failed with 503
1618 http fetch GET https://packages.applied-caas-gateway1.internal.api.openai.org/artifactory/api/npm/npm-public/is-typed-array/-/is-typed-array-1.1.15.tgz attempt 1 failed with 503
1619 http fetch GET https://packages.applied-caas-gateway1.internal.api.openai.org/artifactory/api/npm/npm-public/is-number-object/-/is-number-object-1.1.1.tgz attempt 1 failed with 503
1620 http fetch GET https://packages.applied-caas-gateway1.internal.api.openai.org/artifactory/api/npm/npm-public/is-glob/-/is-glob-4.0.3.tgz attempt 1 failed with 503
1621 http fetch GET https://packages.applied-caas-gateway1.internal.api.openai.org/artifactory/api/npm/npm-public/is-number/-/is-number-7.0.0.tgz attempt 1 failed with 503
1622 http fetch GET https://packages.applied-caas-gateway1.internal.api.openai.org/artifactory/api/npm/npm-public/is-finalizationregistry/-/is-finalizationregistry-1.1.1.tgz attempt 1 failed with 503
1623 http fetch GET https://packages.applied-caas-gateway1.internal.api.openai.org/artifactory/api/npm/npm-public/is-negative-zero/-/is-negative-zero-2.0.3.tgz attempt 1 failed with 503
1624 http fetch GET https://packages.applied-caas-gateway1.internal.api.openai.org/artifactory/api/npm/npm-public/is-regex/-/is-regex-1.2.1.tgz attempt 1 failed with 503
1625 http fetch GET https://packages.applied-caas-gateway1.internal.api.openai.org/artifactory/api/npm/npm-public/is-data-view/-/is-data-view-1.0.2.tgz attempt 1 failed with 503
1626 http fetch GET https://packages.applied-caas-gateway1.internal.api.openai.org/artifactory/api/npm/npm-public/is-callable/-/is-callable-1.2.7.tgz attempt 1 failed with 503
1627 http fetch GET https://packages.applied-caas-gateway1.internal.api.openai.org/artifactory/api/npm/npm-public/is-bun-module/-/is-bun-module-2.0.0.tgz attempt 1 failed with 503
1628 http fetch GET https://packages.applied-caas-gateway1.internal.api.openai.org/artifactory/api/npm/npm-public/is-generator-function/-/is-generator-function-1.1.2.tgz attempt 1 failed with 503
1629 http fetch GET https://packages.applied-caas-gateway1.internal.api.openai.org/artifactory/api/npm/npm-public/is-extglob/-/is-extglob-2.1.1.tgz attempt 1 failed with 503
1630 http fetch GET https://packages.applied-caas-gateway1.internal.api.openai.org/artifactory/api/npm/npm-public/is-map/-/is-map-2.0.3.tgz attempt 1 failed with 503
1631 http fetch GET https://packages.applied-caas-gateway1.internal.api.openai.org/artifactory/api/npm/npm-public/is-core-module/-/is-core-module-2.16.2.tgz attempt 1 failed with 503
1632 http fetch GET https://packages.applied-caas-gateway1.internal.api.openai.org/artifactory/api/npm/npm-public/is-bigint/-/is-bigint-1.1.0.tgz attempt 1 failed with 503
1633 http fetch GET https://packages.applied-caas-gateway1.internal.api.openai.org/artifactory/api/npm/npm-public/is-date-object/-/is-date-object-1.1.0.tgz attempt 1 failed with 503
1634 http fetch GET https://packages.applied-caas-gateway1.internal.api.openai.org/artifactory/api/npm/npm-public/is-async-function/-/is-async-function-2.1.1.tgz attempt 1 failed with 503
1635 http fetch GET https://packages.applied-caas-gateway1.internal.api.openai.org/artifactory/api/npm/npm-public/ipaddr.js/-/ipaddr.js-2.4.0.tgz attempt 1 failed with 503
1636 http fetch GET https://packages.applied-caas-gateway1.internal.api.openai.org/artifactory/api/npm/npm-public/is-boolean-object/-/is-boolean-object-1.2.2.tgz attempt 1 failed with 503
1637 http fetch GET https://packages.applied-caas-gateway1.internal.api.openai.org/artifactory/api/npm/npm-public/import-fresh/-/import-fresh-3.3.1.tgz attempt 1 failed with 503
1638 http fetch GET https://packages.applied-caas-gateway1.internal.api.openai.org/artifactory/api/npm/npm-public/image-size/-/image-size-2.0.2.tgz attempt 1 failed with 503
1639 http fetch GET https://packages.applied-caas-gateway1.internal.api.openai.org/artifactory/api/npm/npm-public/ignore/-/ignore-5.3.2.tgz attempt 1 failed with 503
1640 http fetch GET https://packages.applied-caas-gateway1.internal.api.openai.org/artifactory/api/npm/npm-public/is-array-buffer/-/is-array-buffer-3.0.5.tgz attempt 1 failed with 503
1641 http fetch GET https://packages.applied-caas-gateway1.internal.api.openai.org/artifactory/api/npm/npm-public/internal-slot/-/internal-slot-1.1.0.tgz attempt 1 failed with 503
1642 http fetch GET https://packages.applied-caas-gateway1.internal.api.openai.org/artifactory/api/npm/npm-public/hex-rgb/-/hex-rgb-4.3.0.tgz attempt 1 failed with 503
1643 http fetch GET https://packages.applied-caas-gateway1.internal.api.openai.org/artifactory/api/npm/npm-public/imurmurhash/-/imurmurhash-0.1.4.tgz attempt 1 failed with 503
1644 http fetch GET https://packages.applied-caas-gateway1.internal.api.openai.org/artifactory/api/npm/npm-public/has-tostringtag/-/has-tostringtag-1.0.2.tgz attempt 1 failed with 503
1645 http fetch GET https://packages.applied-caas-gateway1.internal.api.openai.org/artifactory/api/npm/npm-public/hermes-parser/-/hermes-parser-0.25.1.tgz attempt 1 failed with 503
1646 http fetch GET https://packages.applied-caas-gateway1.internal.api.openai.org/artifactory/api/npm/npm-public/has-proto/-/has-proto-1.2.0.tgz attempt 1 failed with 503
1647 http fetch GET https://packages.applied-caas-gateway1.internal.api.openai.org/artifactory/api/npm/npm-public/hasown/-/hasown-2.0.3.tgz attempt 1 failed with 503
1648 http fetch GET https://packages.applied-caas-gateway1.internal.api.openai.org/artifactory/api/npm/npm-public/has-property-descriptors/-/has-property-descriptors-1.0.2.tgz attempt 1 failed with 503
1649 http fetch GET https://packages.applied-caas-gateway1.internal.api.openai.org/artifactory/api/npm/npm-public/has-bigints/-/has-bigints-1.1.0.tgz attempt 1 failed with 503
1650 http fetch GET https://packages.applied-caas-gateway1.internal.api.openai.org/artifactory/api/npm/npm-public/hermes-estree/-/hermes-estree-0.25.1.tgz attempt 1 failed with 503
1651 http fetch GET https://packages.applied-caas-gateway1.internal.api.openai.org/artifactory/api/npm/npm-public/gopd/-/gopd-1.2.0.tgz attempt 1 failed with 503
1652 http fetch GET https://packages.applied-caas-gateway1.internal.api.openai.org/artifactory/api/npm/npm-public/has-symbols/-/has-symbols-1.1.0.tgz attempt 1 failed with 503
1653 http fetch GET https://packages.applied-caas-gateway1.internal.api.openai.org/artifactory/api/npm/npm-public/has-flag/-/has-flag-4.0.0.tgz attempt 1 failed with 503
1654 http fetch GET https://packages.applied-caas-gateway1.internal.api.openai.org/artifactory/api/npm/npm-public/globrex/-/globrex-0.1.2.tgz attempt 1 failed with 503
1655 http fetch GET https://packages.applied-caas-gateway1.internal.api.openai.org/artifactory/api/npm/npm-public/globalthis/-/globalthis-1.0.4.tgz attempt 1 failed with 503
1656 http fetch GET https://packages.applied-caas-gateway1.internal.api.openai.org/artifactory/api/npm/npm-public/glob-parent/-/glob-parent-6.0.2.tgz attempt 1 failed with 503
1657 http fetch GET https://packages.applied-caas-gateway1.internal.api.openai.org/artifactory/api/npm/npm-public/get-symbol-description/-/get-symbol-description-1.1.0.tgz attempt 1 failed with 503
1658 http fetch GET https://packages.applied-caas-gateway1.internal.api.openai.org/artifactory/api/npm/npm-public/get-intrinsic/-/get-intrinsic-1.3.0.tgz attempt 1 failed with 503
1659 http fetch GET https://packages.applied-caas-gateway1.internal.api.openai.org/artifactory/api/npm/npm-public/globals/-/globals-14.0.0.tgz attempt 1 failed with 503
1660 http fetch GET https://packages.applied-caas-gateway1.internal.api.openai.org/artifactory/api/npm/npm-public/gensync/-/gensync-1.0.0-beta.2.tgz attempt 1 failed with 503
1661 http fetch GET https://packages.applied-caas-gateway1.internal.api.openai.org/artifactory/api/npm/npm-public/graceful-fs/-/graceful-fs-4.2.11.tgz attempt 1 failed with 503
1662 http fetch GET https://packages.applied-caas-gateway1.internal.api.openai.org/artifactory/api/npm/npm-public/get-tsconfig/-/get-tsconfig-4.14.0.tgz attempt 1 failed with 503
1663 http fetch GET https://packages.applied-caas-gateway1.internal.api.openai.org/artifactory/api/npm/npm-public/get-proto/-/get-proto-1.0.1.tgz attempt 1 failed with 503
1664 http fetch GET https://packages.applied-caas-gateway1.internal.api.openai.org/artifactory/api/npm/npm-public/functions-have-names/-/functions-have-names-1.2.3.tgz attempt 1 failed with 503
1665 http fetch GET https://packages.applied-caas-gateway1.internal.api.openai.org/artifactory/api/npm/npm-public/glob-to-regexp/-/glob-to-regexp-0.4.1.tgz attempt 1 failed with 503
1666 http fetch GET https://packages.applied-caas-gateway1.internal.api.openai.org/artifactory/api/npm/npm-public/generator-function/-/generator-function-2.0.1.tgz attempt 1 failed with 503
1667 http fetch GET https://packages.applied-caas-gateway1.internal.api.openai.org/artifactory/api/npm/npm-public/find-up/-/find-up-5.0.0.tgz attempt 1 failed with 503
1668 http fetch GET https://packages.applied-caas-gateway1.internal.api.openai.org/artifactory/api/npm/npm-public/flat-cache/-/flat-cache-4.0.1.tgz attempt 1 failed with 503
1669 http fetch GET https://packages.applied-caas-gateway1.internal.api.openai.org/artifactory/api/npm/npm-public/function.prototype.name/-/function.prototype.name-1.1.8.tgz attempt 1 failed with 503
1670 http fetch GET https://packages.applied-caas-gateway1.internal.api.openai.org/artifactory/api/npm/npm-public/fill-range/-/fill-range-7.1.1.tgz attempt 1 failed with 503
1671 http fetch GET https://packages.applied-caas-gateway1.internal.api.openai.org/artifactory/api/npm/npm-public/fflate/-/fflate-0.7.4.tgz attempt 1 failed with 503
1672 http fetch GET https://packages.applied-caas-gateway1.internal.api.openai.org/artifactory/api/npm/npm-public/for-each/-/for-each-0.3.5.tgz attempt 1 failed with 503
1673 http fetch GET https://packages.applied-caas-gateway1.internal.api.openai.org/artifactory/api/npm/npm-public/flatted/-/flatted-3.4.2.tgz attempt 1 failed with 503
1674 http fetch GET https://packages.applied-caas-gateway1.internal.api.openai.org/artifactory/api/npm/npm-public/fastq/-/fastq-1.20.1.tgz attempt 1 failed with 503
1675 http fetch GET https://packages.applied-caas-gateway1.internal.api.openai.org/artifactory/api/npm/npm-public/function-bind/-/function-bind-1.1.2.tgz attempt 1 failed with 503
1676 http fetch GET https://packages.applied-caas-gateway1.internal.api.openai.org/artifactory/api/npm/npm-public/fast-json-stable-stringify/-/fast-json-stable-stringify-2.1.0.tgz attempt 1 failed with 503
1677 http fetch GET https://packages.applied-caas-gateway1.internal.api.openai.org/artifactory/api/npm/npm-public/file-entry-cache/-/file-entry-cache-8.0.0.tgz attempt 1 failed with 503
1678 http fetch GET https://packages.applied-caas-gateway1.internal.api.openai.org/artifactory/api/npm/npm-public/fast-uri/-/fast-uri-3.1.2.tgz attempt 1 failed with 503
1679 http fetch GET https://packages.applied-caas-gateway1.internal.api.openai.org/artifactory/api/npm/npm-public/fast-levenshtein/-/fast-levenshtein-2.0.6.tgz attempt 1 failed with 503
1680 http fetch GET https://packages.applied-caas-gateway1.internal.api.openai.org/artifactory/api/npm/npm-public/events/-/events-3.3.0.tgz attempt 1 failed with 503
1681 http fetch GET https://packages.applied-caas-gateway1.internal.api.openai.org/artifactory/api/npm/npm-public/estraverse/-/estraverse-5.3.0.tgz attempt 1 failed with 503
1682 http fetch GET https://packages.applied-caas-gateway1.internal.api.openai.org/artifactory/api/npm/npm-public/esutils/-/esutils-2.0.3.tgz attempt 1 failed with 503
1683 http fetch GET https://packages.applied-caas-gateway1.internal.api.openai.org/artifactory/api/npm/npm-public/esrecurse/-/esrecurse-4.3.0.tgz attempt 1 failed with 503
1684 http fetch GET https://packages.applied-caas-gateway1.internal.api.openai.org/artifactory/api/npm/npm-public/fast-glob/-/fast-glob-3.3.1.tgz attempt 1 failed with 503
1685 http fetch GET https://packages.applied-caas-gateway1.internal.api.openai.org/artifactory/api/npm/npm-public/eslint-visitor-keys/-/eslint-visitor-keys-4.2.1.tgz attempt 1 failed with 503
1686 http fetch GET https://packages.applied-caas-gateway1.internal.api.openai.org/artifactory/api/npm/npm-public/eslint-plugin-react-hooks/-/eslint-plugin-react-hooks-7.1.1.tgz attempt 1 failed with 503
1687 http fetch GET https://packages.applied-caas-gateway1.internal.api.openai.org/artifactory/api/npm/npm-public/esquery/-/esquery-1.7.0.tgz attempt 1 failed with 503
1688 http fetch GET https://packages.applied-caas-gateway1.internal.api.openai.org/artifactory/api/npm/npm-public/espree/-/espree-10.4.0.tgz attempt 1 failed with 503
1689 http fetch GET https://packages.applied-caas-gateway1.internal.api.openai.org/artifactory/api/npm/npm-public/fast-deep-equal/-/fast-deep-equal-3.1.3.tgz attempt 1 failed with 503
1690 http fetch GET https://packages.applied-caas-gateway1.internal.api.openai.org/artifactory/api/npm/npm-public/estree-walker/-/estree-walker-3.0.3.tgz attempt 1 failed with 503
1691 http fetch GET https://packages.applied-caas-gateway1.internal.api.openai.org/artifactory/api/npm/npm-public/eslint-plugin-react/-/eslint-plugin-react-7.37.5.tgz attempt 1 failed with 503
1692 http fetch GET https://packages.applied-caas-gateway1.internal.api.openai.org/artifactory/api/npm/npm-public/eslint-scope/-/eslint-scope-8.4.0.tgz attempt 1 failed with 503
1693 http fetch GET https://packages.applied-caas-gateway1.internal.api.openai.org/artifactory/api/npm/npm-public/eslint-plugin-jsx-a11y/-/eslint-plugin-jsx-a11y-6.10.2.tgz attempt 1 failed with 503
1694 http fetch GET https://packages.applied-caas-gateway1.internal.api.openai.org/artifactory/api/npm/npm-public/eslint-import-resolver-typescript/-/eslint-import-resolver-typescript-3.10.1.tgz attempt 1 failed with 503
1695 http fetch GET https://packages.applied-caas-gateway1.internal.api.openai.org/artifactory/api/npm/npm-public/eslint-module-utils/-/eslint-module-utils-2.12.1.tgz attempt 1 failed with 503
1696 http fetch GET https://packages.applied-caas-gateway1.internal.api.openai.org/artifactory/api/npm/npm-public/eslint-config-next/-/eslint-config-next-16.2.6.tgz attempt 1 failed with 503
1697 http fetch GET https://packages.applied-caas-gateway1.internal.api.openai.org/artifactory/api/npm/npm-public/eslint-plugin-import/-/eslint-plugin-import-2.32.0.tgz attempt 1 failed with 503
1698 http fetch GET https://packages.applied-caas-gateway1.internal.api.openai.org/artifactory/api/npm/npm-public/eslint-import-resolver-node/-/eslint-import-resolver-node-0.3.10.tgz attempt 1 failed with 503
1699 http fetch GET https://packages.applied-caas-gateway1.internal.api.openai.org/artifactory/api/npm/npm-public/escape-string-regexp/-/escape-string-regexp-4.0.0.tgz attempt 1 failed with 503
1700 http fetch GET https://packages.applied-caas-gateway1.internal.api.openai.org/artifactory/api/npm/npm-public/escape-html/-/escape-html-1.0.3.tgz attempt 1 failed with 503
1701 http fetch GET https://packages.applied-caas-gateway1.internal.api.openai.org/artifactory/api/npm/npm-public/escalade/-/escalade-3.2.0.tgz attempt 1 failed with 503
1702 http fetch GET https://packages.applied-caas-gateway1.internal.api.openai.org/artifactory/api/npm/npm-public/esbuild/-/esbuild-0.28.0.tgz attempt 1 failed with 503
1703 http fetch GET https://packages.applied-caas-gateway1.internal.api.openai.org/artifactory/api/npm/npm-public/eslint/-/eslint-9.39.4.tgz attempt 1 failed with 503
1704 http fetch GET https://packages.applied-caas-gateway1.internal.api.openai.org/artifactory/api/npm/npm-public/es-set-tostringtag/-/es-set-tostringtag-2.1.0.tgz attempt 1 failed with 503
1705 http fetch GET https://packages.applied-caas-gateway1.internal.api.openai.org/artifactory/api/npm/npm-public/es-iterator-helpers/-/es-iterator-helpers-1.3.2.tgz attempt 1 failed with 503
1706 http fetch GET https://packages.applied-caas-gateway1.internal.api.openai.org/artifactory/api/npm/npm-public/es-errors/-/es-errors-1.3.0.tgz attempt 1 failed with 503
1707 http fetch GET https://packages.applied-caas-gateway1.internal.api.openai.org/artifactory/api/npm/npm-public/es-define-property/-/es-define-property-1.0.1.tgz attempt 1 failed with 503
1708 http fetch GET https://packages.applied-caas-gateway1.internal.api.openai.org/artifactory/api/npm/npm-public/es-to-primitive/-/es-to-primitive-1.3.0.tgz attempt 1 failed with 503
1709 http fetch GET https://packages.applied-caas-gateway1.internal.api.openai.org/artifactory/api/npm/npm-public/es-shim-unscopables/-/es-shim-unscopables-1.1.0.tgz attempt 1 failed with 503
1710 http fetch GET https://packages.applied-caas-gateway1.internal.api.openai.org/artifactory/api/npm/npm-public/enhanced-resolve/-/enhanced-resolve-5.21.3.tgz attempt 1 failed with 503
1711 http fetch GET https://packages.applied-caas-gateway1.internal.api.openai.org/artifactory/api/npm/npm-public/es-module-lexer/-/es-module-lexer-2.1.0.tgz attempt 1 failed with 503
1712 http fetch GET https://packages.applied-caas-gateway1.internal.api.openai.org/artifactory/api/npm/npm-public/emoji-regex-xs/-/emoji-regex-xs-2.0.1.tgz attempt 1 failed with 503
1713 http fetch GET https://packages.applied-caas-gateway1.internal.api.openai.org/artifactory/api/npm/npm-public/error-stack-parser-es/-/error-stack-parser-es-1.0.5.tgz attempt 1 failed with 503
1714 http fetch GET https://packages.applied-caas-gateway1.internal.api.openai.org/artifactory/api/npm/npm-public/es-object-atoms/-/es-object-atoms-1.1.1.tgz attempt 1 failed with 503
1715 http fetch GET https://packages.applied-caas-gateway1.internal.api.openai.org/artifactory/api/npm/npm-public/es-abstract/-/es-abstract-1.24.2.tgz attempt 1 failed with 503
1716 http fetch GET https://packages.applied-caas-gateway1.internal.api.openai.org/artifactory/api/npm/npm-public/drizzle-kit/-/drizzle-kit-0.31.10.tgz attempt 1 failed with 503
1717 http fetch GET https://packages.applied-caas-gateway1.internal.api.openai.org/artifactory/api/npm/npm-public/doctrine/-/doctrine-2.1.0.tgz attempt 1 failed with 503
1718 http fetch GET https://packages.applied-caas-gateway1.internal.api.openai.org/artifactory/api/npm/npm-public/detect-libc/-/detect-libc-2.1.2.tgz attempt 1 failed with 503
1719 http fetch GET https://packages.applied-caas-gateway1.internal.api.openai.org/artifactory/api/npm/npm-public/electron-to-chromium/-/electron-to-chromium-1.5.358.tgz attempt 1 failed with 503
1720 http fetch GET https://packages.applied-caas-gateway1.internal.api.openai.org/artifactory/api/npm/npm-public/emoji-regex/-/emoji-regex-9.2.2.tgz attempt 1 failed with 503
1721 http fetch GET https://packages.applied-caas-gateway1.internal.api.openai.org/artifactory/api/npm/npm-public/deep-is/-/deep-is-0.1.4.tgz attempt 1 failed with 503
1722 http fetch GET https://packages.applied-caas-gateway1.internal.api.openai.org/artifactory/api/npm/npm-public/drizzle-orm/-/drizzle-orm-0.45.2.tgz attempt 1 failed with 503
1723 http fetch GET https://packages.applied-caas-gateway1.internal.api.openai.org/artifactory/api/npm/npm-public/data-view-byte-offset/-/data-view-byte-offset-1.0.1.tgz attempt 1 failed with 503
1724 http fetch GET https://packages.applied-caas-gateway1.internal.api.openai.org/artifactory/api/npm/npm-public/data-view-byte-length/-/data-view-byte-length-1.0.2.tgz attempt 1 failed with 503
1725 http fetch GET https://packages.applied-caas-gateway1.internal.api.openai.org/artifactory/api/npm/npm-public/dunder-proto/-/dunder-proto-1.0.1.tgz attempt 1 failed with 503
1726 http fetch GET https://packages.applied-caas-gateway1.internal.api.openai.org/artifactory/api/npm/npm-public/debug/-/debug-4.4.3.tgz attempt 1 failed with 503
1727 http fetch GET https://packages.applied-caas-gateway1.internal.api.openai.org/artifactory/api/npm/npm-public/damerau-levenshtein/-/damerau-levenshtein-1.0.8.tgz attempt 1 failed with 503
1728 http fetch GET https://packages.applied-caas-gateway1.internal.api.openai.org/artifactory/api/npm/npm-public/define-properties/-/define-properties-1.2.1.tgz attempt 1 failed with 503
1729 http fetch GET https://packages.applied-caas-gateway1.internal.api.openai.org/artifactory/api/npm/npm-public/define-data-property/-/define-data-property-1.1.4.tgz attempt 1 failed with 503
1730 http fetch GET https://packages.applied-caas-gateway1.internal.api.openai.org/artifactory/api/npm/npm-public/data-view-buffer/-/data-view-buffer-1.0.2.tgz attempt 1 failed with 503
1731 http fetch GET https://packages.applied-caas-gateway1.internal.api.openai.org/artifactory/api/npm/npm-public/csstype/-/csstype-3.2.3.tgz attempt 1 failed with 503
1732 http fetch GET https://packages.applied-caas-gateway1.internal.api.openai.org/artifactory/api/npm/npm-public/css-gradient-parser/-/css-gradient-parser-0.0.16.tgz attempt 1 failed with 503
1733 http fetch GET https://packages.applied-caas-gateway1.internal.api.openai.org/artifactory/api/npm/npm-public/css-to-react-native/-/css-to-react-native-3.2.0.tgz attempt 1 failed with 503
1734 http fetch GET https://packages.applied-caas-gateway1.internal.api.openai.org/artifactory/api/npm/npm-public/css-background-parser/-/css-background-parser-0.1.0.tgz attempt 1 failed with 503
1735 http fetch GET https://packages.applied-caas-gateway1.internal.api.openai.org/artifactory/api/npm/npm-public/cookie/-/cookie-1.1.1.tgz attempt 1 failed with 503
1736 http fetch GET https://packages.applied-caas-gateway1.internal.api.openai.org/artifactory/api/npm/npm-public/css-color-keywords/-/css-color-keywords-1.0.0.tgz attempt 1 failed with 503
1737 http fetch GET https://packages.applied-caas-gateway1.internal.api.openai.org/artifactory/api/npm/npm-public/convert-source-map/-/convert-source-map-2.0.0.tgz attempt 1 failed with 503
1738 http fetch GET https://packages.applied-caas-gateway1.internal.api.openai.org/artifactory/api/npm/npm-public/css-box-shadow/-/css-box-shadow-1.0.0-3.tgz attempt 1 failed with 503
1739 http fetch GET https://packages.applied-caas-gateway1.internal.api.openai.org/artifactory/api/npm/npm-public/cross-spawn/-/cross-spawn-7.0.6.tgz attempt 1 failed with 503
1740 http fetch GET https://packages.applied-caas-gateway1.internal.api.openai.org/artifactory/api/npm/npm-public/chalk/-/chalk-4.1.2.tgz attempt 1 failed with 503
1741 http fetch GET https://packages.applied-caas-gateway1.internal.api.openai.org/artifactory/api/npm/npm-public/commander/-/commander-2.20.3.tgz attempt 1 failed with 503
1742 http fetch GET https://packages.applied-caas-gateway1.internal.api.openai.org/artifactory/api/npm/npm-public/color-name/-/color-name-1.1.4.tgz attempt 1 failed with 503
1743 http fetch GET https://packages.applied-caas-gateway1.internal.api.openai.org/artifactory/api/npm/npm-public/caniuse-lite/-/caniuse-lite-1.0.30001793.tgz attempt 1 failed with 503
1744 http fetch GET https://packages.applied-caas-gateway1.internal.api.openai.org/artifactory/api/npm/npm-public/camelize/-/camelize-1.0.1.tgz attempt 1 failed with 503
1745 http fetch GET https://packages.applied-caas-gateway1.internal.api.openai.org/artifactory/api/npm/npm-public/concat-map/-/concat-map-0.0.1.tgz attempt 1 failed with 503
1746 http fetch GET https://packages.applied-caas-gateway1.internal.api.openai.org/artifactory/api/npm/npm-public/callsites/-/callsites-3.1.0.tgz attempt 1 failed with 503
1747 http fetch GET https://packages.applied-caas-gateway1.internal.api.openai.org/artifactory/api/npm/npm-public/call-bound/-/call-bound-1.0.4.tgz attempt 1 failed with 503
1748 http fetch GET https://packages.applied-caas-gateway1.internal.api.openai.org/artifactory/api/npm/npm-public/client-only/-/client-only-0.0.1.tgz attempt 1 failed with 503
1749 http fetch GET https://packages.applied-caas-gateway1.internal.api.openai.org/artifactory/api/npm/npm-public/color-convert/-/color-convert-2.0.1.tgz attempt 1 failed with 503
1750 http fetch GET https://packages.applied-caas-gateway1.internal.api.openai.org/artifactory/api/npm/npm-public/chrome-trace-event/-/chrome-trace-event-1.0.4.tgz attempt 1 failed with 503
1751 http fetch GET https://packages.applied-caas-gateway1.internal.api.openai.org/artifactory/api/npm/npm-public/call-bind/-/call-bind-1.0.9.tgz attempt 1 failed with 503
1752 http fetch GET https://packages.applied-caas-gateway1.internal.api.openai.org/artifactory/api/npm/npm-public/call-bind-apply-helpers/-/call-bind-apply-helpers-1.0.2.tgz attempt 1 failed with 503
1753 http fetch GET https://packages.applied-caas-gateway1.internal.api.openai.org/artifactory/api/npm/npm-public/buffer-from/-/buffer-from-1.1.2.tgz attempt 1 failed with 503
1754 http fetch GET https://packages.applied-caas-gateway1.internal.api.openai.org/artifactory/api/npm/npm-public/browserslist/-/browserslist-4.28.2.tgz attempt 1 failed with 503
1755 http fetch GET https://packages.applied-caas-gateway1.internal.api.openai.org/artifactory/api/npm/npm-public/braces/-/braces-3.0.3.tgz attempt 1 failed with 503
1756 http fetch GET https://packages.applied-caas-gateway1.internal.api.openai.org/artifactory/api/npm/npm-public/baseline-browser-mapping/-/baseline-browser-mapping-2.10.30.tgz attempt 1 failed with 503
1757 http fetch GET https://packages.applied-caas-gateway1.internal.api.openai.org/artifactory/api/npm/npm-public/base64-js/-/base64-js-0.0.8.tgz attempt 1 failed with 503
1758 http fetch GET https://packages.applied-caas-gateway1.internal.api.openai.org/artifactory/api/npm/npm-public/axobject-query/-/axobject-query-4.1.0.tgz attempt 1 failed with 503
1759 http fetch GET https://packages.applied-caas-gateway1.internal.api.openai.org/artifactory/api/npm/npm-public/axe-core/-/axe-core-4.11.4.tgz attempt 1 failed with 503
1760 http fetch GET https://packages.applied-caas-gateway1.internal.api.openai.org/artifactory/api/npm/npm-public/brace-expansion/-/brace-expansion-1.1.14.tgz attempt 1 failed with 503
1761 http fetch GET https://packages.applied-caas-gateway1.internal.api.openai.org/artifactory/api/npm/npm-public/blake3-wasm/-/blake3-wasm-2.1.5.tgz attempt 1 failed with 503
1762 http fetch GET https://packages.applied-caas-gateway1.internal.api.openai.org/artifactory/api/npm/npm-public/arraybuffer.prototype.slice/-/arraybuffer.prototype.slice-1.0.4.tgz attempt 1 failed with 503
1763 http fetch GET https://packages.applied-caas-gateway1.internal.api.openai.org/artifactory/api/npm/npm-public/balanced-match/-/balanced-match-1.0.2.tgz attempt 1 failed with 503
1764 http fetch GET https://packages.applied-caas-gateway1.internal.api.openai.org/artifactory/api/npm/npm-public/array.prototype.findlastindex/-/array.prototype.findlastindex-1.2.6.tgz attempt 1 failed with 503
1765 http fetch GET https://packages.applied-caas-gateway1.internal.api.openai.org/artifactory/api/npm/npm-public/available-typed-arrays/-/available-typed-arrays-1.0.7.tgz attempt 1 failed with 503
1766 http fetch GET https://packages.applied-caas-gateway1.internal.api.openai.org/artifactory/api/npm/npm-public/async-function/-/async-function-1.0.0.tgz attempt 1 failed with 503
1767 http fetch GET https://packages.applied-caas-gateway1.internal.api.openai.org/artifactory/api/npm/npm-public/ast-types-flow/-/ast-types-flow-0.0.8.tgz attempt 1 failed with 503
1768 http fetch GET https://packages.applied-caas-gateway1.internal.api.openai.org/artifactory/api/npm/npm-public/array-includes/-/array-includes-3.1.9.tgz attempt 1 failed with 503
1769 http fetch GET https://packages.applied-caas-gateway1.internal.api.openai.org/artifactory/api/npm/npm-public/array.prototype.tosorted/-/array.prototype.tosorted-1.1.4.tgz attempt 1 failed with 503
1770 http fetch GET https://packages.applied-caas-gateway1.internal.api.openai.org/artifactory/api/npm/npm-public/array.prototype.flat/-/array.prototype.flat-1.3.3.tgz attempt 1 failed with 503
1771 http fetch GET https://packages.applied-caas-gateway1.internal.api.openai.org/artifactory/api/npm/npm-public/array.prototype.flatmap/-/array.prototype.flatmap-1.3.3.tgz attempt 1 failed with 503
1772 http fetch GET https://packages.applied-caas-gateway1.internal.api.openai.org/artifactory/api/npm/npm-public/array-buffer-byte-length/-/array-buffer-byte-length-1.0.2.tgz attempt 1 failed with 503
1773 http fetch GET https://packages.applied-caas-gateway1.internal.api.openai.org/artifactory/api/npm/npm-public/aria-query/-/aria-query-5.3.2.tgz attempt 1 failed with 503
1774 http fetch GET https://packages.applied-caas-gateway1.internal.api.openai.org/artifactory/api/npm/npm-public/argparse/-/argparse-2.0.1.tgz attempt 1 failed with 503
1775 http fetch GET https://packages.applied-caas-gateway1.internal.api.openai.org/artifactory/api/npm/npm-public/ansi-styles/-/ansi-styles-4.3.0.tgz attempt 1 failed with 503
1776 http fetch GET https://packages.applied-caas-gateway1.internal.api.openai.org/artifactory/api/npm/npm-public/ajv-formats/-/ajv-formats-2.1.1.tgz attempt 1 failed with 503
1777 http fetch GET https://packages.applied-caas-gateway1.internal.api.openai.org/artifactory/api/npm/npm-public/acorn-loose/-/acorn-loose-8.5.2.tgz attempt 1 failed with 503
1778 http fetch GET https://packages.applied-caas-gateway1.internal.api.openai.org/artifactory/api/npm/npm-public/acorn-jsx/-/acorn-jsx-5.3.2.tgz attempt 1 failed with 503
1779 http fetch GET https://packages.applied-caas-gateway1.internal.api.openai.org/artifactory/api/npm/npm-public/@xtuc/ieee754/-/ieee754-1.2.0.tgz attempt 1 failed with 503
1780 http fetch GET https://packages.applied-caas-gateway1.internal.api.openai.org/artifactory/api/npm/npm-public/@webassemblyjs/wasm-gen/-/wasm-gen-1.14.1.tgz attempt 1 failed with 503
1781 http fetch GET https://packages.applied-caas-gateway1.internal.api.openai.org/artifactory/api/npm/npm-public/@webassemblyjs/wasm-edit/-/wasm-edit-1.14.1.tgz attempt 1 failed with 503
1782 http fetch GET https://packages.applied-caas-gateway1.internal.api.openai.org/artifactory/api/npm/npm-public/@webassemblyjs/utf8/-/utf8-1.13.2.tgz attempt 1 failed with 503
1783 http fetch GET https://packages.applied-caas-gateway1.internal.api.openai.org/artifactory/api/npm/npm-public/ajv/-/ajv-6.15.0.tgz attempt 1 failed with 503
1784 http fetch GET https://packages.applied-caas-gateway1.internal.api.openai.org/artifactory/api/npm/npm-public/@webassemblyjs/wast-printer/-/wast-printer-1.14.1.tgz attempt 1 failed with 503
1785 http fetch GET https://packages.applied-caas-gateway1.internal.api.openai.org/artifactory/api/npm/npm-public/@webassemblyjs/wasm-opt/-/wasm-opt-1.14.1.tgz attempt 1 failed with 503
1786 http fetch GET https://packages.applied-caas-gateway1.internal.api.openai.org/artifactory/api/npm/npm-public/@webassemblyjs/wasm-parser/-/wasm-parser-1.14.1.tgz attempt 1 failed with 503
1787 http fetch GET https://packages.applied-caas-gateway1.internal.api.openai.org/artifactory/api/npm/npm-public/acorn-import-phases/-/acorn-import-phases-1.0.4.tgz attempt 1 failed with 503
1788 http fetch GET https://packages.applied-caas-gateway1.internal.api.openai.org/artifactory/api/npm/npm-public/@xtuc/long/-/long-4.2.2.tgz attempt 1 failed with 503
1789 http fetch GET https://packages.applied-caas-gateway1.internal.api.openai.org/artifactory/api/npm/npm-public/acorn/-/acorn-8.16.0.tgz attempt 1 failed with 503
1790 http fetch GET https://packages.applied-caas-gateway1.internal.api.openai.org/artifactory/api/npm/npm-public/@webassemblyjs/helper-wasm-bytecode/-/helper-wasm-bytecode-1.13.2.tgz attempt 1 failed with 503
1791 http fetch GET https://packages.applied-caas-gateway1.internal.api.openai.org/artifactory/api/npm/npm-public/@webassemblyjs/helper-wasm-section/-/helper-wasm-section-1.14.1.tgz attempt 1 failed with 503
1792 http fetch GET https://packages.applied-caas-gateway1.internal.api.openai.org/artifactory/api/npm/npm-public/@webassemblyjs/ieee754/-/ieee754-1.13.2.tgz attempt 1 failed with 503
1793 http fetch GET https://packages.applied-caas-gateway1.internal.api.openai.org/artifactory/api/npm/npm-public/@webassemblyjs/leb128/-/leb128-1.13.2.tgz attempt 1 failed with 503
1794 http fetch GET https://packages.applied-caas-gateway1.internal.api.openai.org/artifactory/api/npm/npm-public/@webassemblyjs/helper-numbers/-/helper-numbers-1.13.2.tgz attempt 1 failed with 503
1795 http fetch GET https://packages.applied-caas-gateway1.internal.api.openai.org/artifactory/api/npm/npm-public/@webassemblyjs/helper-buffer/-/helper-buffer-1.14.1.tgz attempt 1 failed with 503
1796 http fetch GET https://packages.applied-caas-gateway1.internal.api.openai.org/artifactory/api/npm/npm-public/@webassemblyjs/helper-api-error/-/helper-api-error-1.13.2.tgz attempt 1 failed with 503
1797 http fetch GET https://packages.applied-caas-gateway1.internal.api.openai.org/artifactory/api/npm/npm-public/@webassemblyjs/floating-point-hex-parser/-/floating-point-hex-parser-1.13.2.tgz attempt 1 failed with 503
1798 http fetch GET https://packages.applied-caas-gateway1.internal.api.openai.org/artifactory/api/npm/npm-public/@vitejs/plugin-react/-/plugin-react-6.0.2.tgz attempt 1 failed with 503
1799 http fetch GET https://packages.applied-caas-gateway1.internal.api.openai.org/artifactory/api/npm/npm-public/@vitejs/plugin-rsc/-/plugin-rsc-0.5.26.tgz attempt 1 failed with 503
1800 http fetch GET https://packages.applied-caas-gateway1.internal.api.openai.org/artifactory/api/npm/npm-public/@typescript-eslint/typescript-estree/-/typescript-estree-8.59.3.tgz attempt 1 failed with 503
1801 http fetch GET https://packages.applied-caas-gateway1.internal.api.openai.org/artifactory/api/npm/npm-public/@typescript-eslint/visitor-keys/-/visitor-keys-8.59.3.tgz attempt 1 failed with 503
1802 http fetch GET https://packages.applied-caas-gateway1.internal.api.openai.org/artifactory/api/npm/npm-public/@unrs/resolver-binding-linux-x64-gnu/-/resolver-binding-linux-x64-gnu-1.11.1.tgz attempt 1 failed with 503
1803 http fetch GET https://packages.applied-caas-gateway1.internal.api.openai.org/artifactory/api/npm/npm-public/@webassemblyjs/ast/-/ast-1.14.1.tgz attempt 1 failed with 503
1804 http fetch GET https://packages.applied-caas-gateway1.internal.api.openai.org/artifactory/api/npm/npm-public/@typescript-eslint/type-utils/-/type-utils-8.59.3.tgz attempt 1 failed with 503
1805 http fetch GET https://packages.applied-caas-gateway1.internal.api.openai.org/artifactory/api/npm/npm-public/@vercel/og/-/og-0.8.6.tgz attempt 1 failed with 503
1806 http fetch GET https://packages.applied-caas-gateway1.internal.api.openai.org/artifactory/api/npm/npm-public/@typescript-eslint/tsconfig-utils/-/tsconfig-utils-8.59.3.tgz attempt 1 failed with 503
1807 http fetch GET https://packages.applied-caas-gateway1.internal.api.openai.org/artifactory/api/npm/npm-public/@unpic/react/-/react-1.0.2.tgz attempt 1 failed with 503
1808 http fetch GET https://packages.applied-caas-gateway1.internal.api.openai.org/artifactory/api/npm/npm-public/@typescript-eslint/project-service/-/project-service-8.59.3.tgz attempt 1 failed with 503
1809 http fetch GET https://packages.applied-caas-gateway1.internal.api.openai.org/artifactory/api/npm/npm-public/@unpic/core/-/core-1.0.3.tgz attempt 1 failed with 503
1810 http fetch GET https://packages.applied-caas-gateway1.internal.api.openai.org/artifactory/api/npm/npm-public/@typescript-eslint/utils/-/utils-8.59.3.tgz attempt 1 failed with 503
1811 http fetch GET https://packages.applied-caas-gateway1.internal.api.openai.org/artifactory/api/npm/npm-public/@typescript-eslint/types/-/types-8.59.3.tgz attempt 1 failed with 503
1812 http fetch GET https://packages.applied-caas-gateway1.internal.api.openai.org/artifactory/api/npm/npm-public/@typescript-eslint/scope-manager/-/scope-manager-8.59.3.tgz attempt 1 failed with 503
1813 http fetch GET https://packages.applied-caas-gateway1.internal.api.openai.org/artifactory/api/npm/npm-public/@types/react-dom/-/react-dom-19.2.3.tgz attempt 1 failed with 503
1814 http fetch GET https://packages.applied-caas-gateway1.internal.api.openai.org/artifactory/api/npm/npm-public/@types/react/-/react-19.2.14.tgz attempt 1 failed with 503
1815 http fetch GET https://packages.applied-caas-gateway1.internal.api.openai.org/artifactory/api/npm/npm-public/@types/json-schema/-/json-schema-7.0.15.tgz attempt 1 failed with 503
1816 http fetch GET https://packages.applied-caas-gateway1.internal.api.openai.org/artifactory/api/npm/npm-public/@typescript-eslint/parser/-/parser-8.59.3.tgz attempt 1 failed with 503
1817 http fetch GET https://packages.applied-caas-gateway1.internal.api.openai.org/artifactory/api/npm/npm-public/@typescript-eslint/eslint-plugin/-/eslint-plugin-8.59.3.tgz attempt 1 failed with 503
1818 http fetch GET https://packages.applied-caas-gateway1.internal.api.openai.org/artifactory/api/npm/npm-public/@types/eslint-scope/-/eslint-scope-3.7.7.tgz attempt 1 failed with 503
1819 http fetch GET https://packages.applied-caas-gateway1.internal.api.openai.org/artifactory/api/npm/npm-public/@types/node/-/node-22.19.19.tgz attempt 1 failed with 503
1820 http fetch GET https://packages.applied-caas-gateway1.internal.api.openai.org/artifactory/api/npm/npm-public/@tybys/wasm-util/-/wasm-util-0.10.2.tgz attempt 1 failed with 503
1821 http fetch GET https://packages.applied-caas-gateway1.internal.api.openai.org/artifactory/api/npm/npm-public/@tailwindcss/node/-/node-4.2.1.tgz attempt 1 failed with 503
1822 http fetch GET https://packages.applied-caas-gateway1.internal.api.openai.org/artifactory/api/npm/npm-public/@types/json5/-/json5-0.0.29.tgz attempt 1 failed with 503
1823 http fetch GET https://packages.applied-caas-gateway1.internal.api.openai.org/artifactory/api/npm/npm-public/@tailwindcss/oxide/-/oxide-4.2.1.tgz attempt 1 failed with 503
1824 http fetch GET https://packages.applied-caas-gateway1.internal.api.openai.org/artifactory/api/npm/npm-public/@types/estree/-/estree-1.0.9.tgz attempt 1 failed with 503
1825 http fetch GET https://packages.applied-caas-gateway1.internal.api.openai.org/artifactory/api/npm/npm-public/@types/eslint/-/eslint-9.6.1.tgz attempt 1 failed with 503
1826 http fetch GET https://packages.applied-caas-gateway1.internal.api.openai.org/artifactory/api/npm/npm-public/@swc/helpers/-/helpers-0.5.15.tgz attempt 1 failed with 503
1827 http fetch GET https://packages.applied-caas-gateway1.internal.api.openai.org/artifactory/api/npm/npm-public/@tailwindcss/oxide-linux-x64-gnu/-/oxide-linux-x64-gnu-4.2.1.tgz attempt 1 failed with 503
1828 http fetch GET https://packages.applied-caas-gateway1.internal.api.openai.org/artifactory/api/npm/npm-public/@speed-highlight/core/-/core-1.2.15.tgz attempt 1 failed with 503
1829 http fetch GET https://packages.applied-caas-gateway1.internal.api.openai.org/artifactory/api/npm/npm-public/@sindresorhus/is/-/is-7.2.0.tgz attempt 1 failed with 503
1830 http fetch GET https://packages.applied-caas-gateway1.internal.api.openai.org/artifactory/api/npm/npm-public/@tailwindcss/postcss/-/postcss-4.2.1.tgz attempt 1 failed with 503
1831 http fetch GET https://packages.applied-caas-gateway1.internal.api.openai.org/artifactory/api/npm/npm-public/@rolldown/pluginutils/-/pluginutils-1.0.1.tgz attempt 1 failed with 503
1832 http fetch GET https://packages.applied-caas-gateway1.internal.api.openai.org/artifactory/api/npm/npm-public/@rolldown/binding-linux-x64-gnu/-/binding-linux-x64-gnu-1.0.1.tgz attempt 1 failed with 503
1833 http fetch GET https://packages.applied-caas-gateway1.internal.api.openai.org/artifactory/api/npm/npm-public/@shuding/opentype.js/-/opentype.js-1.4.0-beta.0.tgz attempt 1 failed with 503
1834 http fetch GET https://packages.applied-caas-gateway1.internal.api.openai.org/artifactory/api/npm/npm-public/@rtsao/scc/-/scc-1.1.0.tgz attempt 1 failed with 503
1835 http fetch GET https://packages.applied-caas-gateway1.internal.api.openai.org/artifactory/api/npm/npm-public/@poppinss/exception/-/exception-1.2.3.tgz attempt 1 failed with 503
1836 http fetch GET https://packages.applied-caas-gateway1.internal.api.openai.org/artifactory/api/npm/npm-public/@resvg/resvg-wasm/-/resvg-wasm-2.4.0.tgz attempt 1 failed with 503
1837 http fetch GET https://packages.applied-caas-gateway1.internal.api.openai.org/artifactory/api/npm/npm-public/@nodelib/fs.walk/-/fs.walk-1.2.8.tgz attempt 1 failed with 503
1838 http fetch GET https://packages.applied-caas-gateway1.internal.api.openai.org/artifactory/api/npm/npm-public/@next/swc-linux-x64-gnu/-/swc-linux-x64-gnu-16.2.6.tgz attempt 1 failed with 503
1839 http fetch GET https://packages.applied-caas-gateway1.internal.api.openai.org/artifactory/api/npm/npm-public/array.prototype.findlast/-/array.prototype.findlast-1.2.5.tgz attempt 1 failed with 503
1840 http fetch GET https://packages.applied-caas-gateway1.internal.api.openai.org/artifactory/api/npm/npm-public/@nodelib/fs.stat/-/fs.stat-2.0.5.tgz attempt 1 failed with 503
1841 http fetch GET https://packages.applied-caas-gateway1.internal.api.openai.org/artifactory/api/npm/npm-public/@nodelib/fs.scandir/-/fs.scandir-2.1.5.tgz attempt 1 failed with 503
1842 http fetch GET https://packages.applied-caas-gateway1.internal.api.openai.org/artifactory/api/npm/npm-public/@next/env/-/env-16.2.6.tgz attempt 1 failed with 503
1843 http fetch GET https://packages.applied-caas-gateway1.internal.api.openai.org/artifactory/api/npm/npm-public/@poppinss/colors/-/colors-4.1.6.tgz attempt 1 failed with 503
1844 http fetch GET https://packages.applied-caas-gateway1.internal.api.openai.org/artifactory/api/npm/npm-public/@napi-rs/wasm-runtime/-/wasm-runtime-0.2.12.tgz attempt 1 failed with 503
1845 http fetch GET https://packages.applied-caas-gateway1.internal.api.openai.org/artifactory/api/npm/npm-public/@nolyfill/is-core-module/-/is-core-module-1.0.39.tgz attempt 1 failed with 503
1846 http fetch GET https://packages.applied-caas-gateway1.internal.api.openai.org/artifactory/api/npm/npm-public/@oxc-project/types/-/types-0.130.0.tgz attempt 1 failed with 503
1847 http fetch GET https://packages.applied-caas-gateway1.internal.api.openai.org/artifactory/api/npm/npm-public/@jridgewell/sourcemap-codec/-/sourcemap-codec-1.5.5.tgz attempt 1 failed with 503
1848 http fetch GET https://packages.applied-caas-gateway1.internal.api.openai.org/artifactory/api/npm/npm-public/@jridgewell/trace-mapping/-/trace-mapping-0.3.31.tgz attempt 1 failed with 503
1849 http fetch GET https://packages.applied-caas-gateway1.internal.api.openai.org/artifactory/api/npm/npm-public/@next/eslint-plugin-next/-/eslint-plugin-next-16.2.6.tgz attempt 1 failed with 503
1850 http fetch GET https://packages.applied-caas-gateway1.internal.api.openai.org/artifactory/api/npm/npm-public/@jridgewell/remapping/-/remapping-2.3.5.tgz attempt 1 failed with 503
1851 http fetch GET https://packages.applied-caas-gateway1.internal.api.openai.org/artifactory/api/npm/npm-public/@jridgewell/source-map/-/source-map-0.3.11.tgz attempt 1 failed with 503
1852 http fetch GET https://packages.applied-caas-gateway1.internal.api.openai.org/artifactory/api/npm/npm-public/@jridgewell/resolve-uri/-/resolve-uri-3.1.2.tgz attempt 1 failed with 503
1853 http fetch GET https://packages.applied-caas-gateway1.internal.api.openai.org/artifactory/api/npm/npm-public/@jridgewell/gen-mapping/-/gen-mapping-0.3.13.tgz attempt 1 failed with 503
1854 http fetch GET https://packages.applied-caas-gateway1.internal.api.openai.org/artifactory/api/npm/npm-public/@img/sharp-linux-x64/-/sharp-linux-x64-0.34.5.tgz attempt 1 failed with 503
1855 http fetch GET https://packages.applied-caas-gateway1.internal.api.openai.org/artifactory/api/npm/npm-public/@humanwhocodes/retry/-/retry-0.4.3.tgz attempt 1 failed with 503
1856 http fetch GET https://packages.applied-caas-gateway1.internal.api.openai.org/artifactory/api/npm/npm-public/@humanfs/types/-/types-0.15.0.tgz attempt 1 failed with 503
1857 http fetch GET https://packages.applied-caas-gateway1.internal.api.openai.org/artifactory/api/npm/npm-public/@img/sharp-libvips-linux-x64/-/sharp-libvips-linux-x64-1.2.4.tgz attempt 1 failed with 503
1858 http fetch GET https://packages.applied-caas-gateway1.internal.api.openai.org/artifactory/api/npm/npm-public/@eslint/plugin-kit/-/plugin-kit-0.4.1.tgz attempt 1 failed with 503
1859 http fetch GET https://packages.applied-caas-gateway1.internal.api.openai.org/artifactory/api/npm/npm-public/@img/colour/-/colour-1.1.0.tgz attempt 1 failed with 503
1860 http fetch GET https://packages.applied-caas-gateway1.internal.api.openai.org/artifactory/api/npm/npm-public/@eslint/eslintrc/-/eslintrc-3.3.5.tgz attempt 1 failed with 503
1861 http fetch GET https://packages.applied-caas-gateway1.internal.api.openai.org/artifactory/api/npm/npm-public/@humanwhocodes/module-importer/-/module-importer-1.0.1.tgz attempt 1 failed with 503
1862 http fetch GET https://packages.applied-caas-gateway1.internal.api.openai.org/artifactory/api/npm/npm-public/@humanfs/node/-/node-0.16.8.tgz attempt 1 failed with 503
1863 http fetch GET https://packages.applied-caas-gateway1.internal.api.openai.org/artifactory/api/npm/npm-public/@eslint/config-array/-/config-array-0.21.2.tgz attempt 1 failed with 503
1864 http fetch GET https://packages.applied-caas-gateway1.internal.api.openai.org/artifactory/api/npm/npm-public/@eslint/js/-/js-9.39.4.tgz attempt 1 failed with 503
1865 http fetch GET https://packages.applied-caas-gateway1.internal.api.openai.org/artifactory/api/npm/npm-public/@humanfs/core/-/core-0.19.2.tgz attempt 1 failed with 503
1866 http fetch GET https://packages.applied-caas-gateway1.internal.api.openai.org/artifactory/api/npm/npm-public/@eslint/core/-/core-0.17.0.tgz attempt 1 failed with 503
1867 http fetch GET https://packages.applied-caas-gateway1.internal.api.openai.org/artifactory/api/npm/npm-public/@eslint-community/regexpp/-/regexpp-4.12.2.tgz attempt 1 failed with 503
1868 http fetch GET https://packages.applied-caas-gateway1.internal.api.openai.org/artifactory/api/npm/npm-public/@eslint/config-helpers/-/config-helpers-0.4.2.tgz attempt 1 failed with 503
1869 http fetch GET https://packages.applied-caas-gateway1.internal.api.openai.org/artifactory/api/npm/npm-public/@eslint-community/eslint-utils/-/eslint-utils-4.9.1.tgz attempt 1 failed with 503
1870 http fetch GET https://packages.applied-caas-gateway1.internal.api.openai.org/artifactory/api/npm/npm-public/@esbuild/linux-x64/-/linux-x64-0.28.0.tgz attempt 1 failed with 503
1871 http fetch GET https://packages.applied-caas-gateway1.internal.api.openai.org/artifactory/api/npm/npm-public/@eslint/object-schema/-/object-schema-2.1.7.tgz attempt 1 failed with 503
1872 http fetch GET https://packages.applied-caas-gateway1.internal.api.openai.org/artifactory/api/npm/npm-public/@esbuild-kit/esm-loader/-/esm-loader-2.6.5.tgz attempt 1 failed with 503
1873 http fetch GET https://packages.applied-caas-gateway1.internal.api.openai.org/artifactory/api/npm/npm-public/@esbuild-kit/core-utils/-/core-utils-3.3.2.tgz attempt 1 failed with 503
1874 http fetch GET https://packages.applied-caas-gateway1.internal.api.openai.org/artifactory/api/npm/npm-public/@emnapi/runtime/-/runtime-1.10.0.tgz attempt 1 failed with 503
1875 http fetch GET https://packages.applied-caas-gateway1.internal.api.openai.org/artifactory/api/npm/npm-public/@emnapi/wasi-threads/-/wasi-threads-1.2.1.tgz attempt 1 failed with 503
1876 http fetch GET https://packages.applied-caas-gateway1.internal.api.openai.org/artifactory/api/npm/npm-public/@drizzle-team/brocli/-/brocli-0.10.2.tgz attempt 1 failed with 503
1877 http fetch GET https://packages.applied-caas-gateway1.internal.api.openai.org/artifactory/api/npm/npm-public/@babel/types/-/types-7.29.0.tgz attempt 1 failed with 503
1878 http fetch GET https://packages.applied-caas-gateway1.internal.api.openai.org/artifactory/api/npm/npm-public/@cloudflare/workerd-linux-64/-/workerd-linux-64-1.20260515.1.tgz attempt 1 failed with 503
1879 http fetch GET https://packages.applied-caas-gateway1.internal.api.openai.org/artifactory/api/npm/npm-public/@babel/template/-/template-7.28.6.tgz attempt 1 failed with 503
1880 http fetch GET https://packages.applied-caas-gateway1.internal.api.openai.org/artifactory/api/npm/npm-public/@babel/traverse/-/traverse-7.29.0.tgz attempt 1 failed with 503
1881 http fetch GET https://packages.applied-caas-gateway1.internal.api.openai.org/artifactory/api/npm/npm-public/@cspotcode/source-map-support/-/source-map-support-0.8.1.tgz attempt 1 failed with 503
1882 http fetch GET https://packages.applied-caas-gateway1.internal.api.openai.org/artifactory/api/npm/npm-public/@emnapi/core/-/core-1.10.0.tgz attempt 1 failed with 503
1883 http fetch GET https://packages.applied-caas-gateway1.internal.api.openai.org/artifactory/api/npm/npm-public/@cloudflare/unenv-preset/-/unenv-preset-2.16.1.tgz attempt 1 failed with 503
1884 http fetch GET https://packages.applied-caas-gateway1.internal.api.openai.org/artifactory/api/npm/npm-public/@babel/helpers/-/helpers-7.29.2.tgz attempt 1 failed with 503
1885 http fetch GET https://packages.applied-caas-gateway1.internal.api.openai.org/artifactory/api/npm/npm-public/@cloudflare/kv-asset-handler/-/kv-asset-handler-0.5.0.tgz attempt 1 failed with 503
1886 http fetch GET https://packages.applied-caas-gateway1.internal.api.openai.org/artifactory/api/npm/npm-public/@cloudflare/vite-plugin/-/vite-plugin-1.37.1.tgz attempt 1 failed with 503
1887 http fetch GET https://packages.applied-caas-gateway1.internal.api.openai.org/artifactory/api/npm/npm-public/@babel/helper-string-parser/-/helper-string-parser-7.27.1.tgz attempt 1 failed with 503
1888 http fetch GET https://packages.applied-caas-gateway1.internal.api.openai.org/artifactory/api/npm/npm-public/@babel/helper-module-transforms/-/helper-module-transforms-7.28.6.tgz attempt 1 failed with 503
1889 http fetch GET https://packages.applied-caas-gateway1.internal.api.openai.org/artifactory/api/npm/npm-public/@babel/helper-validator-option/-/helper-validator-option-7.27.1.tgz attempt 1 failed with 503
1890 http fetch GET https://packages.applied-caas-gateway1.internal.api.openai.org/artifactory/api/npm/npm-public/@babel/parser/-/parser-7.29.3.tgz attempt 1 failed with 503
1891 http fetch GET https://packages.applied-caas-gateway1.internal.api.openai.org/artifactory/api/npm/npm-public/@babel/helper-validator-identifier/-/helper-validator-identifier-7.28.5.tgz attempt 1 failed with 503
1892 http fetch GET https://packages.applied-caas-gateway1.internal.api.openai.org/artifactory/api/npm/npm-public/@babel/helper-compilation-targets/-/helper-compilation-targets-7.28.6.tgz attempt 1 failed with 503
1893 http fetch GET https://packages.applied-caas-gateway1.internal.api.openai.org/artifactory/api/npm/npm-public/@babel/helper-module-imports/-/helper-module-imports-7.28.6.tgz attempt 1 failed with 503
1894 http fetch GET https://packages.applied-caas-gateway1.internal.api.openai.org/artifactory/api/npm/npm-public/@babel/generator/-/generator-7.29.1.tgz attempt 1 failed with 503
1895 http fetch GET https://packages.applied-caas-gateway1.internal.api.openai.org/artifactory/api/npm/npm-public/@babel/code-frame/-/code-frame-7.29.0.tgz attempt 1 failed with 503
1896 http fetch GET https://packages.applied-caas-gateway1.internal.api.openai.org/artifactory/api/npm/npm-public/@babel/helper-globals/-/helper-globals-7.28.0.tgz attempt 1 failed with 503
1897 http fetch GET https://packages.applied-caas-gateway1.internal.api.openai.org/artifactory/api/npm/npm-public/estraverse/-/estraverse-4.3.0.tgz attempt 1 failed with 503
1898 http fetch GET https://packages.applied-caas-gateway1.internal.api.openai.org/artifactory/api/npm/npm-public/@alloc/quick-lru/-/quick-lru-5.2.0.tgz attempt 1 failed with 503
1899 http fetch GET https://packages.applied-caas-gateway1.internal.api.openai.org/artifactory/api/npm/npm-public/eslint-scope/-/eslint-scope-5.1.1.tgz attempt 1 failed with 503
1900 http fetch GET https://packages.applied-caas-gateway1.internal.api.openai.org/artifactory/api/npm/npm-public/esbuild/-/esbuild-0.27.3.tgz attempt 1 failed with 503
1901 http fetch GET https://packages.applied-caas-gateway1.internal.api.openai.org/artifactory/api/npm/npm-public/@babel/core/-/core-7.29.0.tgz attempt 1 failed with 503
1902 http fetch GET https://packages.applied-caas-gateway1.internal.api.openai.org/artifactory/api/npm/npm-public/@babel/compat-data/-/compat-data-7.29.3.tgz attempt 1 failed with 503
1903 http fetch GET https://packages.applied-caas-gateway1.internal.api.openai.org/artifactory/api/npm/npm-public/@esbuild/linux-x64/-/linux-x64-0.27.3.tgz attempt 1 failed with 503
1904 http fetch GET https://packages.applied-caas-gateway1.internal.api.openai.org/artifactory/api/npm/npm-public/lightningcss/-/lightningcss-1.32.0.tgz attempt 1 failed with 503
1905 http fetch GET https://packages.applied-caas-gateway1.internal.api.openai.org/artifactory/api/npm/npm-public/glob-parent/-/glob-parent-5.1.2.tgz attempt 1 failed with 503
1906 http fetch GET https://packages.applied-caas-gateway1.internal.api.openai.org/artifactory/api/npm/npm-public/json5/-/json5-1.0.2.tgz attempt 1 failed with 503
1907 http fetch GET https://packages.applied-caas-gateway1.internal.api.openai.org/artifactory/api/npm/npm-public/picomatch/-/picomatch-4.0.4.tgz attempt 1 failed with 503
1908 http fetch GET https://packages.applied-caas-gateway1.internal.api.openai.org/artifactory/api/npm/npm-public/lightningcss-linux-x64-gnu/-/lightningcss-linux-x64-gnu-1.32.0.tgz attempt 1 failed with 503
1909 http fetch GET https://packages.applied-caas-gateway1.internal.api.openai.org/artifactory/api/npm/npm-public/es-module-lexer/-/es-module-lexer-1.7.0.tgz attempt 1 failed with 503
1910 http fetch GET https://packages.applied-caas-gateway1.internal.api.openai.org/artifactory/api/npm/npm-public/fdir/-/fdir-6.5.0.tgz attempt 1 failed with 503
1911 http fetch GET https://packages.applied-caas-gateway1.internal.api.openai.org/artifactory/api/npm/npm-public/fast-glob/-/fast-glob-3.3.3.tgz attempt 1 failed with 503
1912 http fetch GET https://packages.applied-caas-gateway1.internal.api.openai.org/artifactory/api/npm/npm-public/semver/-/semver-7.8.0.tgz attempt 1 failed with 503
1913 http fetch GET https://packages.applied-caas-gateway1.internal.api.openai.org/artifactory/api/npm/npm-public/picomatch/-/picomatch-4.0.4.tgz attempt 1 failed with 503
1914 http fetch GET https://packages.applied-caas-gateway1.internal.api.openai.org/artifactory/api/npm/npm-public/js-tokens/-/js-tokens-9.0.1.tgz attempt 1 failed with 503
1915 http fetch GET https://packages.applied-caas-gateway1.internal.api.openai.org/artifactory/api/npm/npm-public/supports-color/-/supports-color-8.1.1.tgz attempt 1 failed with 503
1916 http fetch GET https://packages.applied-caas-gateway1.internal.api.openai.org/artifactory/api/npm/npm-public/json-schema-traverse/-/json-schema-traverse-1.0.0.tgz attempt 1 failed with 503
1917 http fetch GET https://packages.applied-caas-gateway1.internal.api.openai.org/artifactory/api/npm/npm-public/glob-parent/-/glob-parent-5.1.2.tgz attempt 1 failed with 503
1918 http fetch GET https://packages.applied-caas-gateway1.internal.api.openai.org/artifactory/api/npm/npm-public/debug/-/debug-3.2.7.tgz attempt 1 failed with 503
1919 http fetch GET https://packages.applied-caas-gateway1.internal.api.openai.org/artifactory/api/npm/npm-public/ajv/-/ajv-8.20.0.tgz attempt 1 failed with 503
1920 http fetch GET https://packages.applied-caas-gateway1.internal.api.openai.org/artifactory/api/npm/npm-public/debug/-/debug-3.2.7.tgz attempt 1 failed with 503
1921 http fetch GET https://packages.applied-caas-gateway1.internal.api.openai.org/artifactory/api/npm/npm-public/semver/-/semver-7.8.0.tgz attempt 1 failed with 503
1922 http fetch GET https://packages.applied-caas-gateway1.internal.api.openai.org/artifactory/api/npm/npm-public/globals/-/globals-16.4.0.tgz attempt 1 failed with 503
1923 http fetch GET https://packages.applied-caas-gateway1.internal.api.openai.org/artifactory/api/npm/npm-public/ajv-keywords/-/ajv-keywords-5.1.0.tgz attempt 1 failed with 503
1924 http fetch GET https://packages.applied-caas-gateway1.internal.api.openai.org/artifactory/api/npm/npm-public/postcss/-/postcss-8.4.31.tgz attempt 1 failed with 503
1925 http fetch GET https://packages.applied-caas-gateway1.internal.api.openai.org/artifactory/api/npm/npm-public/@esbuild/linux-x64/-/linux-x64-0.25.12.tgz attempt 1 failed with 503
1926 http fetch GET https://packages.applied-caas-gateway1.internal.api.openai.org/artifactory/api/npm/npm-public/debug/-/debug-3.2.7.tgz attempt 1 failed with 503
1927 http fetch GET https://packages.applied-caas-gateway1.internal.api.openai.org/artifactory/api/npm/npm-public/json-schema-traverse/-/json-schema-traverse-1.0.0.tgz attempt 1 failed with 503
1928 http fetch GET https://packages.applied-caas-gateway1.internal.api.openai.org/artifactory/api/npm/npm-public/@rolldown/pluginutils/-/pluginutils-1.0.0-rc.18.tgz attempt 1 failed with 503
1929 http fetch GET https://packages.applied-caas-gateway1.internal.api.openai.org/artifactory/api/npm/npm-public/minimatch/-/minimatch-10.2.5.tgz attempt 1 failed with 503
1930 http fetch GET https://packages.applied-caas-gateway1.internal.api.openai.org/artifactory/api/npm/npm-public/esbuild/-/esbuild-0.25.12.tgz attempt 1 failed with 503
1931 http fetch GET https://packages.applied-caas-gateway1.internal.api.openai.org/artifactory/api/npm/npm-public/semver/-/semver-7.8.0.tgz attempt 1 failed with 503
1932 http fetch GET https://packages.applied-caas-gateway1.internal.api.openai.org/artifactory/api/npm/npm-public/ajv/-/ajv-8.20.0.tgz attempt 1 failed with 503
1933 http fetch GET https://packages.applied-caas-gateway1.internal.api.openai.org/artifactory/api/npm/npm-public/balanced-match/-/balanced-match-4.0.4.tgz attempt 1 failed with 503
1934 http fetch GET https://packages.applied-caas-gateway1.internal.api.openai.org/artifactory/api/npm/npm-public/@napi-rs/wasm-runtime/-/wasm-runtime-1.1.4.tgz attempt 1 failed with 503
1935 http fetch GET https://packages.applied-caas-gateway1.internal.api.openai.org/artifactory/api/npm/npm-public/eslint-visitor-keys/-/eslint-visitor-keys-5.0.1.tgz attempt 1 failed with 503
1936 http fetch GET https://packages.applied-caas-gateway1.internal.api.openai.org/artifactory/api/npm/npm-public/eslint-visitor-keys/-/eslint-visitor-keys-3.4.3.tgz attempt 1 failed with 503
1937 http fetch GET https://packages.applied-caas-gateway1.internal.api.openai.org/artifactory/api/npm/npm-public/ignore/-/ignore-7.0.5.tgz attempt 1 failed with 503
1938 http fetch GET https://packages.applied-caas-gateway1.internal.api.openai.org/artifactory/api/npm/npm-public/brace-expansion/-/brace-expansion-5.0.6.tgz attempt 1 failed with 503
1939 http fetch GET https://packages.applied-caas-gateway1.internal.api.openai.org/artifactory/api/npm/npm-public/@poppinss/dumper/-/dumper-0.6.5.tgz attempt 1 failed with 503
1940 http fetch GET https://packages.applied-caas-gateway1.internal.api.openai.org/artifactory/api/npm/npm-public/@esbuild/linux-x64/-/linux-x64-0.18.20.tgz attempt 1 failed with 503
1941 http fetch GET https://packages.applied-caas-gateway1.internal.api.openai.org/artifactory/api/npm/npm-public/supports-color/-/supports-color-10.2.2.tgz attempt 1 failed with 503
1942 http fetch GET https://packages.applied-caas-gateway1.internal.api.openai.org/artifactory/api/npm/npm-public/esbuild/-/esbuild-0.18.20.tgz attempt 1 failed with 503
1943 http fetch GET https://packages.applied-caas-gateway1.internal.api.openai.org/artifactory/api/npm/npm-public/@jridgewell/trace-mapping/-/trace-mapping-0.3.9.tgz attempt 1 failed with 503
1944 http fetch GET https://packages.applied-caas-gateway1.internal.api.openai.org/artifactory/api/npm/npm-public/youch/-/youch-4.1.0-beta.10.tgz attempt 2 failed with 503
1945 http fetch GET https://packages.applied-caas-gateway1.internal.api.openai.org/artifactory/api/npm/npm-public/youch-core/-/youch-core-0.3.3.tgz attempt 2 failed with 503
1946 http fetch GET https://packages.applied-caas-gateway1.internal.api.openai.org/artifactory/api/npm/npm-public/wrangler/-/wrangler-4.92.0.tgz attempt 2 failed with 503
1947 http fetch GET https://packages.applied-caas-gateway1.internal.api.openai.org/artifactory/api/npm/npm-public/which-builtin-type/-/which-builtin-type-1.2.1.tgz attempt 2 failed with 503
1948 http fetch GET https://packages.applied-caas-gateway1.internal.api.openai.org/artifactory/api/npm/npm-public/yallist/-/yallist-3.1.1.tgz attempt 2 failed with 503
1949 http fetch GET https://packages.applied-caas-gateway1.internal.api.openai.org/artifactory/api/npm/npm-public/workerd/-/workerd-1.20260515.1.tgz attempt 2 failed with 503
1950 http fetch GET https://packages.applied-caas-gateway1.internal.api.openai.org/artifactory/api/npm/npm-public/which-typed-array/-/which-typed-array-1.1.20.tgz attempt 2 failed with 503
1951 http fetch GET https://packages.applied-caas-gateway1.internal.api.openai.org/artifactory/api/npm/npm-public/ws/-/ws-8.18.0.tgz attempt 2 failed with 503
1952 http fetch GET https://packages.applied-caas-gateway1.internal.api.openai.org/artifactory/api/npm/npm-public/which-collection/-/which-collection-1.0.2.tgz attempt 2 failed with 503
1953 http fetch GET https://packages.applied-caas-gateway1.internal.api.openai.org/artifactory/api/npm/npm-public/which-boxed-primitive/-/which-boxed-primitive-1.1.1.tgz attempt 2 failed with 503
1954 http fetch GET https://packages.applied-caas-gateway1.internal.api.openai.org/artifactory/api/npm/npm-public/zod/-/zod-4.4.3.tgz attempt 2 failed with 503
1955 http fetch GET https://packages.applied-caas-gateway1.internal.api.openai.org/artifactory/api/npm/npm-public/word-wrap/-/word-wrap-1.2.5.tgz attempt 2 failed with 503
1956 http fetch GET https://packages.applied-caas-gateway1.internal.api.openai.org/artifactory/api/npm/npm-public/zod-validation-error/-/zod-validation-error-4.0.2.tgz attempt 2 failed with 503
1957 http fetch GET https://packages.applied-caas-gateway1.internal.api.openai.org/artifactory/api/npm/npm-public/webpack-sources/-/webpack-sources-3.4.1.tgz attempt 2 failed with 503
1958 http fetch GET https://packages.applied-caas-gateway1.internal.api.openai.org/artifactory/api/npm/npm-public/web-vitals/-/web-vitals-4.2.4.tgz attempt 2 failed with 503
1959 http fetch GET https://packages.applied-caas-gateway1.internal.api.openai.org/artifactory/api/npm/npm-public/webpack/-/webpack-5.106.2.tgz attempt 2 failed with 503
1960 http fetch GET https://packages.applied-caas-gateway1.internal.api.openai.org/artifactory/api/npm/npm-public/which/-/which-2.0.2.tgz attempt 2 failed with 503
1961 http fetch GET https://packages.applied-caas-gateway1.internal.api.openai.org/artifactory/api/npm/npm-public/watchpack/-/watchpack-2.5.1.tgz attempt 2 failed with 503
1962 http fetch GET https://packages.applied-caas-gateway1.internal.api.openai.org/artifactory/api/npm/npm-public/vitefu/-/vitefu-1.1.3.tgz attempt 2 failed with 503
1963 http fetch GET https://packages.applied-caas-gateway1.internal.api.openai.org/artifactory/api/npm/npm-public/vite-plugin-dynamic-import/-/vite-plugin-dynamic-import-1.6.0.tgz attempt 2 failed with 503
1964 http fetch GET https://packages.applied-caas-gateway1.internal.api.openai.org/artifactory/api/npm/npm-public/yoga-layout/-/yoga-layout-3.2.1.tgz attempt 2 failed with 503
1965 http fetch GET https://packages.applied-caas-gateway1.internal.api.openai.org/artifactory/api/npm/npm-public/vite-tsconfig-paths/-/vite-tsconfig-paths-6.1.1.tgz attempt 2 failed with 503
1966 http fetch GET https://packages.applied-caas-gateway1.internal.api.openai.org/artifactory/api/npm/npm-public/update-browserslist-db/-/update-browserslist-db-1.2.3.tgz attempt 2 failed with 503
1967 http fetch GET https://packages.applied-caas-gateway1.internal.api.openai.org/artifactory/api/npm/npm-public/unrs-resolver/-/unrs-resolver-1.11.1.tgz attempt 2 failed with 503
1968 http fetch GET https://packages.applied-caas-gateway1.internal.api.openai.org/artifactory/api/npm/npm-public/yocto-queue/-/yocto-queue-0.1.0.tgz attempt 2 failed with 503
1969 http fetch GET https://packages.applied-caas-gateway1.internal.api.openai.org/artifactory/api/npm/npm-public/uri-js/-/uri-js-4.4.1.tgz attempt 2 failed with 503
1970 http fetch GET https://packages.applied-caas-gateway1.internal.api.openai.org/artifactory/api/npm/npm-public/typescript-eslint/-/typescript-eslint-8.59.3.tgz attempt 2 failed with 503
1971 http fetch GET https://packages.applied-caas-gateway1.internal.api.openai.org/artifactory/api/npm/npm-public/undici-types/-/undici-types-6.21.0.tgz attempt 2 failed with 503
1972 http fetch GET https://packages.applied-caas-gateway1.internal.api.openai.org/artifactory/api/npm/npm-public/unenv/-/unenv-2.0.0-rc.24.tgz attempt 2 failed with 503
1973 http fetch GET https://packages.applied-caas-gateway1.internal.api.openai.org/artifactory/api/npm/npm-public/unpic/-/unpic-4.2.2.tgz attempt 2 failed with 503
1974 http fetch GET https://packages.applied-caas-gateway1.internal.api.openai.org/artifactory/api/npm/npm-public/vite/-/vite-8.0.13.tgz attempt 2 failed with 503
1975 http fetch GET https://packages.applied-caas-gateway1.internal.api.openai.org/artifactory/api/npm/npm-public/vinext/-/vinext-0.0.50.tgz attempt 2 failed with 503
1976 http fetch GET https://packages.applied-caas-gateway1.internal.api.openai.org/artifactory/api/npm/npm-public/unbox-primitive/-/unbox-primitive-1.1.0.tgz attempt 2 failed with 503
1977 http fetch GET https://packages.applied-caas-gateway1.internal.api.openai.org/artifactory/api/npm/npm-public/vite-plugin-commonjs/-/vite-plugin-commonjs-0.10.4.tgz attempt 2 failed with 503
1978 http fetch GET https://packages.applied-caas-gateway1.internal.api.openai.org/artifactory/api/npm/npm-public/typescript/-/typescript-5.9.3.tgz attempt 2 failed with 503
1979 http fetch GET https://packages.applied-caas-gateway1.internal.api.openai.org/artifactory/api/npm/npm-public/typed-array-byte-offset/-/typed-array-byte-offset-1.0.4.tgz attempt 2 failed with 503
1980 http fetch GET https://packages.applied-caas-gateway1.internal.api.openai.org/artifactory/api/npm/npm-public/undici/-/undici-7.24.8.tgz attempt 2 failed with 503
1981 http fetch GET https://packages.applied-caas-gateway1.internal.api.openai.org/artifactory/api/npm/npm-public/unicode-trie/-/unicode-trie-2.0.0.tgz attempt 2 failed with 503
1982 http fetch GET https://packages.applied-caas-gateway1.internal.api.openai.org/artifactory/api/npm/npm-public/type-check/-/type-check-0.4.0.tgz attempt 2 failed with 503
1983 http fetch GET https://packages.applied-caas-gateway1.internal.api.openai.org/artifactory/api/npm/npm-public/typed-array-buffer/-/typed-array-buffer-1.0.3.tgz attempt 2 failed with 503
1984 http fetch GET https://packages.applied-caas-gateway1.internal.api.openai.org/artifactory/api/npm/npm-public/tsx/-/tsx-4.22.1.tgz attempt 2 failed with 503
1985 http fetch GET https://packages.applied-caas-gateway1.internal.api.openai.org/artifactory/api/npm/npm-public/typed-array-length/-/typed-array-length-1.0.7.tgz attempt 2 failed with 503
1986 http fetch GET https://packages.applied-caas-gateway1.internal.api.openai.org/artifactory/api/npm/npm-public/tsconfig-paths/-/tsconfig-paths-3.15.0.tgz attempt 2 failed with 503
1987 http fetch GET https://packages.applied-caas-gateway1.internal.api.openai.org/artifactory/api/npm/npm-public/typed-array-byte-length/-/typed-array-byte-length-1.0.3.tgz attempt 2 failed with 503
1988 http fetch GET https://packages.applied-caas-gateway1.internal.api.openai.org/artifactory/api/npm/npm-public/turbo-stream/-/turbo-stream-3.2.0.tgz attempt 2 failed with 503
1989 http fetch GET https://packages.applied-caas-gateway1.internal.api.openai.org/artifactory/api/npm/npm-public/tsconfck/-/tsconfck-3.1.6.tgz attempt 2 failed with 503
1990 http fetch GET https://packages.applied-caas-gateway1.internal.api.openai.org/artifactory/api/npm/npm-public/ts-api-utils/-/ts-api-utils-2.5.0.tgz attempt 2 failed with 503
1991 http fetch GET https://packages.applied-caas-gateway1.internal.api.openai.org/artifactory/api/npm/npm-public/tinyglobby/-/tinyglobby-0.2.16.tgz attempt 2 failed with 503
1992 http fetch GET https://packages.applied-caas-gateway1.internal.api.openai.org/artifactory/api/npm/npm-public/styled-jsx/-/styled-jsx-5.1.6.tgz attempt 2 failed with 503
1993 http fetch GET https://packages.applied-caas-gateway1.internal.api.openai.org/artifactory/api/npm/npm-public/strip-json-comments/-/strip-json-comments-3.1.1.tgz attempt 2 failed with 503
1994 http fetch GET https://packages.applied-caas-gateway1.internal.api.openai.org/artifactory/api/npm/npm-public/terser/-/terser-5.47.1.tgz attempt 2 failed with 503
1995 http fetch GET https://packages.applied-caas-gateway1.internal.api.openai.org/artifactory/api/npm/npm-public/tapable/-/tapable-2.3.3.tgz attempt 2 failed with 503
1996 http fetch GET https://packages.applied-caas-gateway1.internal.api.openai.org/artifactory/api/npm/npm-public/terser-webpack-plugin/-/terser-webpack-plugin-5.6.0.tgz attempt 2 failed with 503
1997 http fetch GET https://packages.applied-caas-gateway1.internal.api.openai.org/artifactory/api/npm/npm-public/strip-bom/-/strip-bom-3.0.0.tgz attempt 2 failed with 503
1998 http fetch GET https://packages.applied-caas-gateway1.internal.api.openai.org/artifactory/api/npm/npm-public/tailwindcss/-/tailwindcss-4.2.1.tgz attempt 2 failed with 503
1999 http fetch GET https://packages.applied-caas-gateway1.internal.api.openai.org/artifactory/api/npm/npm-public/string.prototype.trimstart/-/string.prototype.trimstart-1.0.8.tgz attempt 2 failed with 503
2000 http fetch GET https://packages.applied-caas-gateway1.internal.api.openai.org/artifactory/api/npm/npm-public/tslib/-/tslib-2.8.1.tgz attempt 2 failed with 503
2001 http fetch GET https://packages.applied-caas-gateway1.internal.api.openai.org/artifactory/api/npm/npm-public/to-regex-range/-/to-regex-range-5.0.1.tgz attempt 2 failed with 503
2002 http fetch GET https://packages.applied-caas-gateway1.internal.api.openai.org/artifactory/api/npm/npm-public/supports-preserve-symlinks-flag/-/supports-preserve-symlinks-flag-1.0.0.tgz attempt 2 failed with 503
2003 http fetch GET https://packages.applied-caas-gateway1.internal.api.openai.org/artifactory/api/npm/npm-public/tiny-inflate/-/tiny-inflate-1.0.3.tgz attempt 2 failed with 503
2004 http fetch GET https://packages.applied-caas-gateway1.internal.api.openai.org/artifactory/api/npm/npm-public/supports-color/-/supports-color-7.2.0.tgz attempt 2 failed with 503
2005 http fetch GET https://packages.applied-caas-gateway1.internal.api.openai.org/artifactory/api/npm/npm-public/strip-literal/-/strip-literal-3.1.0.tgz attempt 2 failed with 503
2006 http fetch GET https://packages.applied-caas-gateway1.internal.api.openai.org/artifactory/api/npm/npm-public/string.prototype.trim/-/string.prototype.trim-1.2.10.tgz attempt 2 failed with 503
2007 http fetch GET https://packages.applied-caas-gateway1.internal.api.openai.org/artifactory/api/npm/npm-public/string.prototype.matchall/-/string.prototype.matchall-4.0.12.tgz attempt 2 failed with 503
2008 http fetch GET https://packages.applied-caas-gateway1.internal.api.openai.org/artifactory/api/npm/npm-public/stop-iteration-iterator/-/stop-iteration-iterator-1.1.0.tgz attempt 2 failed with 503
2009 http fetch GET https://packages.applied-caas-gateway1.internal.api.openai.org/artifactory/api/npm/npm-public/stable-hash/-/stable-hash-0.0.5.tgz attempt 2 failed with 503
2010 http fetch GET https://packages.applied-caas-gateway1.internal.api.openai.org/artifactory/api/npm/npm-public/string.prototype.trimend/-/string.prototype.trimend-1.0.9.tgz attempt 2 failed with 503
2011 http fetch GET https://packages.applied-caas-gateway1.internal.api.openai.org/artifactory/api/npm/npm-public/string.prototype.repeat/-/string.prototype.repeat-1.0.0.tgz attempt 2 failed with 503
2012 http fetch GET https://packages.applied-caas-gateway1.internal.api.openai.org/artifactory/api/npm/npm-public/srvx/-/srvx-0.11.15.tgz attempt 2 failed with 503
2013 http fetch GET https://packages.applied-caas-gateway1.internal.api.openai.org/artifactory/api/npm/npm-public/string.prototype.includes/-/string.prototype.includes-2.0.1.tgz attempt 2 failed with 503
2014 http fetch GET https://packages.applied-caas-gateway1.internal.api.openai.org/artifactory/api/npm/npm-public/source-map/-/source-map-0.6.1.tgz attempt 2 failed with 503
2015 http fetch GET https://packages.applied-caas-gateway1.internal.api.openai.org/artifactory/api/npm/npm-public/string.prototype.codepointat/-/string.prototype.codepointat-0.2.1.tgz attempt 2 failed with 503
2016 http fetch GET https://packages.applied-caas-gateway1.internal.api.openai.org/artifactory/api/npm/npm-public/source-map-support/-/source-map-support-0.5.21.tgz attempt 2 failed with 503
2017 http fetch GET https://packages.applied-caas-gateway1.internal.api.openai.org/artifactory/api/npm/npm-public/side-channel-map/-/side-channel-map-1.0.1.tgz attempt 2 failed with 503
2018 http fetch GET https://packages.applied-caas-gateway1.internal.api.openai.org/artifactory/api/npm/npm-public/shebang-command/-/shebang-command-2.0.0.tgz attempt 2 failed with 503
2019 http fetch GET https://packages.applied-caas-gateway1.internal.api.openai.org/artifactory/api/npm/npm-public/set-proto/-/set-proto-1.0.0.tgz attempt 2 failed with 503
2020 http fetch GET https://packages.applied-caas-gateway1.internal.api.openai.org/artifactory/api/npm/npm-public/side-channel-list/-/side-channel-list-1.0.1.tgz attempt 2 failed with 503
2021 http fetch GET https://packages.applied-caas-gateway1.internal.api.openai.org/artifactory/api/npm/npm-public/sharp/-/sharp-0.34.5.tgz attempt 2 failed with 503
2022 http fetch GET https://packages.applied-caas-gateway1.internal.api.openai.org/artifactory/api/npm/npm-public/side-channel-weakmap/-/side-channel-weakmap-1.0.2.tgz attempt 2 failed with 503
2023 http fetch GET https://packages.applied-caas-gateway1.internal.api.openai.org/artifactory/api/npm/npm-public/set-function-name/-/set-function-name-2.0.2.tgz attempt 2 failed with 503
2024 http fetch GET https://packages.applied-caas-gateway1.internal.api.openai.org/artifactory/api/npm/npm-public/source-map-js/-/source-map-js-1.2.1.tgz attempt 2 failed with 503
2025 http fetch GET https://packages.applied-caas-gateway1.internal.api.openai.org/artifactory/api/npm/npm-public/side-channel/-/side-channel-1.1.0.tgz attempt 2 failed with 503
2026 http fetch GET https://packages.applied-caas-gateway1.internal.api.openai.org/artifactory/api/npm/npm-public/schema-utils/-/schema-utils-4.3.3.tgz attempt 2 failed with 503
2027 http fetch GET https://packages.applied-caas-gateway1.internal.api.openai.org/artifactory/api/npm/npm-public/shebang-regex/-/shebang-regex-3.0.0.tgz attempt 2 failed with 503
2028 http fetch GET https://packages.applied-caas-gateway1.internal.api.openai.org/artifactory/api/npm/npm-public/rolldown/-/rolldown-1.0.1.tgz attempt 2 failed with 503
2029 http fetch GET https://packages.applied-caas-gateway1.internal.api.openai.org/artifactory/api/npm/npm-public/safe-push-apply/-/safe-push-apply-1.0.0.tgz attempt 2 failed with 503
2030 http fetch GET https://packages.applied-caas-gateway1.internal.api.openai.org/artifactory/api/npm/npm-public/semver/-/semver-6.3.1.tgz attempt 2 failed with 503
2031 http fetch GET https://packages.applied-caas-gateway1.internal.api.openai.org/artifactory/api/npm/npm-public/safe-array-concat/-/safe-array-concat-1.1.4.tgz attempt 2 failed with 503
2032 http fetch GET https://packages.applied-caas-gateway1.internal.api.openai.org/artifactory/api/npm/npm-public/reusify/-/reusify-1.1.0.tgz attempt 2 failed with 503
2033 http fetch GET https://packages.applied-caas-gateway1.internal.api.openai.org/artifactory/api/npm/npm-public/scheduler/-/scheduler-0.27.0.tgz attempt 2 failed with 503
2034 http fetch GET https://packages.applied-caas-gateway1.internal.api.openai.org/artifactory/api/npm/npm-public/resolve-pkg-maps/-/resolve-pkg-maps-1.0.0.tgz attempt 2 failed with 503
2035 http fetch GET https://packages.applied-caas-gateway1.internal.api.openai.org/artifactory/api/npm/npm-public/set-function-length/-/set-function-length-1.2.2.tgz attempt 2 failed with 503
2036 http fetch GET https://packages.applied-caas-gateway1.internal.api.openai.org/artifactory/api/npm/npm-public/satori/-/satori-0.16.0.tgz attempt 2 failed with 503
2037 http fetch GET https://packages.applied-caas-gateway1.internal.api.openai.org/artifactory/api/npm/npm-public/regexp.prototype.flags/-/regexp.prototype.flags-1.5.4.tgz attempt 2 failed with 503
2038 http fetch GET https://packages.applied-caas-gateway1.internal.api.openai.org/artifactory/api/npm/npm-public/safe-regex-test/-/safe-regex-test-1.1.0.tgz attempt 2 failed with 503
2039 http fetch GET https://packages.applied-caas-gateway1.internal.api.openai.org/artifactory/api/npm/npm-public/resolve-from/-/resolve-from-4.0.0.tgz attempt 2 failed with 503
2040 http fetch GET https://packages.applied-caas-gateway1.internal.api.openai.org/artifactory/api/npm/npm-public/run-parallel/-/run-parallel-1.2.0.tgz attempt 2 failed with 503
2041 http fetch GET https://packages.applied-caas-gateway1.internal.api.openai.org/artifactory/api/npm/npm-public/react-server-dom-webpack/-/react-server-dom-webpack-19.2.6.tgz attempt 2 failed with 503
2042 http fetch GET https://packages.applied-caas-gateway1.internal.api.openai.org/artifactory/api/npm/npm-public/reflect.getprototypeof/-/reflect.getprototypeof-1.0.10.tgz attempt 2 failed with 503
2043 http fetch GET https://packages.applied-caas-gateway1.internal.api.openai.org/artifactory/api/npm/npm-public/react-dom/-/react-dom-19.2.6.tgz attempt 2 failed with 503
2044 http fetch GET https://packages.applied-caas-gateway1.internal.api.openai.org/artifactory/api/npm/npm-public/react/-/react-19.2.6.tgz attempt 2 failed with 503
2045 http fetch GET https://packages.applied-caas-gateway1.internal.api.openai.org/artifactory/api/npm/npm-public/resolve/-/resolve-2.0.0-next.7.tgz attempt 2 failed with 503
2046 http fetch GET https://packages.applied-caas-gateway1.internal.api.openai.org/artifactory/api/npm/npm-public/react-is/-/react-is-16.13.1.tgz attempt 2 failed with 503
2047 http fetch GET https://packages.applied-caas-gateway1.internal.api.openai.org/artifactory/api/npm/npm-public/queue-microtask/-/queue-microtask-1.2.3.tgz attempt 2 failed with 503
2048 http fetch GET https://packages.applied-caas-gateway1.internal.api.openai.org/artifactory/api/npm/npm-public/postcss/-/postcss-8.5.14.tgz attempt 2 failed with 503
2049 http fetch GET https://packages.applied-caas-gateway1.internal.api.openai.org/artifactory/api/npm/npm-public/require-from-string/-/require-from-string-2.0.2.tgz attempt 2 failed with 503
2050 http fetch GET https://packages.applied-caas-gateway1.internal.api.openai.org/artifactory/api/npm/npm-public/punycode/-/punycode-2.3.1.tgz attempt 2 failed with 503
2051 http fetch GET https://packages.applied-caas-gateway1.internal.api.openai.org/artifactory/api/npm/npm-public/prelude-ls/-/prelude-ls-1.2.1.tgz attempt 2 failed with 503
2052 http fetch GET https://packages.applied-caas-gateway1.internal.api.openai.org/artifactory/api/npm/npm-public/postcss-value-parser/-/postcss-value-parser-4.2.0.tgz attempt 2 failed with 503
2053 http fetch GET https://packages.applied-caas-gateway1.internal.api.openai.org/artifactory/api/npm/npm-public/pathe/-/pathe-2.0.3.tgz attempt 2 failed with 503
2054 http fetch GET https://packages.applied-caas-gateway1.internal.api.openai.org/artifactory/api/npm/npm-public/picomatch/-/picomatch-2.3.2.tgz attempt 2 failed with 503
2055 http fetch GET https://packages.applied-caas-gateway1.internal.api.openai.org/artifactory/api/npm/npm-public/possible-typed-array-names/-/possible-typed-array-names-1.1.0.tgz attempt 2 failed with 503
2056 http fetch GET https://packages.applied-caas-gateway1.internal.api.openai.org/artifactory/api/npm/npm-public/path-parse/-/path-parse-1.0.7.tgz attempt 2 failed with 503
2057 http fetch GET https://packages.applied-caas-gateway1.internal.api.openai.org/artifactory/api/npm/npm-public/picocolors/-/picocolors-1.1.1.tgz attempt 2 failed with 503
2058 http fetch GET https://packages.applied-caas-gateway1.internal.api.openai.org/artifactory/api/npm/npm-public/path-to-regexp/-/path-to-regexp-6.3.0.tgz attempt 2 failed with 503
2059 http fetch GET https://packages.applied-caas-gateway1.internal.api.openai.org/artifactory/api/npm/npm-public/p-limit/-/p-limit-3.1.0.tgz attempt 2 failed with 503
2060 http fetch GET https://packages.applied-caas-gateway1.internal.api.openai.org/artifactory/api/npm/npm-public/prop-types/-/prop-types-15.8.1.tgz attempt 2 failed with 503
2061 http fetch GET https://packages.applied-caas-gateway1.internal.api.openai.org/artifactory/api/npm/npm-public/own-keys/-/own-keys-1.0.1.tgz attempt 2 failed with 503
2062 http fetch GET https://packages.applied-caas-gateway1.internal.api.openai.org/artifactory/api/npm/npm-public/object.values/-/object.values-1.2.1.tgz attempt 2 failed with 503
2063 http fetch GET https://packages.applied-caas-gateway1.internal.api.openai.org/artifactory/api/npm/npm-public/p-locate/-/p-locate-5.0.0.tgz attempt 2 failed with 503
2064 http fetch GET https://packages.applied-caas-gateway1.internal.api.openai.org/artifactory/api/npm/npm-public/path-key/-/path-key-3.1.1.tgz attempt 2 failed with 503
2065 http fetch GET https://packages.applied-caas-gateway1.internal.api.openai.org/artifactory/api/npm/npm-public/optionator/-/optionator-0.9.4.tgz attempt 2 failed with 503
2066 http fetch GET https://packages.applied-caas-gateway1.internal.api.openai.org/artifactory/api/npm/npm-public/parent-module/-/parent-module-1.0.1.tgz attempt 2 failed with 503
2067 http fetch GET https://packages.applied-caas-gateway1.internal.api.openai.org/artifactory/api/npm/npm-public/path-exists/-/path-exists-4.0.0.tgz attempt 2 failed with 503
2068 http fetch GET https://packages.applied-caas-gateway1.internal.api.openai.org/artifactory/api/npm/npm-public/pako/-/pako-0.2.9.tgz attempt 2 failed with 503
2069 http fetch GET https://packages.applied-caas-gateway1.internal.api.openai.org/artifactory/api/npm/npm-public/object.fromentries/-/object.fromentries-2.0.8.tgz attempt 2 failed with 503
2070 http fetch GET https://packages.applied-caas-gateway1.internal.api.openai.org/artifactory/api/npm/npm-public/object-keys/-/object-keys-1.1.1.tgz attempt 2 failed with 503
2071 http fetch GET https://packages.applied-caas-gateway1.internal.api.openai.org/artifactory/api/npm/npm-public/object-assign/-/object-assign-4.1.1.tgz attempt 2 failed with 503
2072 http fetch GET https://packages.applied-caas-gateway1.internal.api.openai.org/artifactory/api/npm/npm-public/object.groupby/-/object.groupby-1.0.3.tgz attempt 2 failed with 503
2073 http fetch GET https://packages.applied-caas-gateway1.internal.api.openai.org/artifactory/api/npm/npm-public/object-inspect/-/object-inspect-1.13.4.tgz attempt 2 failed with 503
2074 http fetch GET https://packages.applied-caas-gateway1.internal.api.openai.org/artifactory/api/npm/npm-public/node-exports-info/-/node-exports-info-1.6.0.tgz attempt 2 failed with 503
2075 http fetch GET https://packages.applied-caas-gateway1.internal.api.openai.org/artifactory/api/npm/npm-public/parse-css-color/-/parse-css-color-0.2.1.tgz attempt 2 failed with 503
2076 http fetch GET https://packages.applied-caas-gateway1.internal.api.openai.org/artifactory/api/npm/npm-public/object.entries/-/object.entries-1.1.9.tgz attempt 2 failed with 503
2077 http fetch GET https://packages.applied-caas-gateway1.internal.api.openai.org/artifactory/api/npm/npm-public/node-releases/-/node-releases-2.0.44.tgz attempt 2 failed with 503
2078 http fetch GET https://packages.applied-caas-gateway1.internal.api.openai.org/artifactory/api/npm/npm-public/napi-postinstall/-/napi-postinstall-0.3.4.tgz attempt 2 failed with 503
2079 http fetch GET https://packages.applied-caas-gateway1.internal.api.openai.org/artifactory/api/npm/npm-public/object.assign/-/object.assign-4.1.7.tgz attempt 2 failed with 503
2080 http fetch GET https://packages.applied-caas-gateway1.internal.api.openai.org/artifactory/api/npm/npm-public/minimatch/-/minimatch-3.1.5.tgz attempt 2 failed with 503
2081 http fetch GET https://packages.applied-caas-gateway1.internal.api.openai.org/artifactory/api/npm/npm-public/minimist/-/minimist-1.2.8.tgz attempt 2 failed with 503
2082 http fetch GET https://packages.applied-caas-gateway1.internal.api.openai.org/artifactory/api/npm/npm-public/next/-/next-16.2.6.tgz attempt 2 failed with 503
2083 http fetch GET https://packages.applied-caas-gateway1.internal.api.openai.org/artifactory/api/npm/npm-public/neo-async/-/neo-async-2.6.2.tgz attempt 2 failed with 503
2084 http fetch GET https://packages.applied-caas-gateway1.internal.api.openai.org/artifactory/api/npm/npm-public/natural-compare/-/natural-compare-1.4.0.tgz attempt 2 failed with 503
2085 http fetch GET https://packages.applied-caas-gateway1.internal.api.openai.org/artifactory/api/npm/npm-public/mime-db/-/mime-db-1.54.0.tgz attempt 2 failed with 503
2086 http fetch GET https://packages.applied-caas-gateway1.internal.api.openai.org/artifactory/api/npm/npm-public/math-intrinsics/-/math-intrinsics-1.1.0.tgz attempt 2 failed with 503
2087 http fetch GET https://packages.applied-caas-gateway1.internal.api.openai.org/artifactory/api/npm/npm-public/merge2/-/merge2-1.4.1.tgz attempt 2 failed with 503
2088 http fetch GET https://packages.applied-caas-gateway1.internal.api.openai.org/artifactory/api/npm/npm-public/ms/-/ms-2.1.3.tgz attempt 2 failed with 503
2089 http fetch GET https://packages.applied-caas-gateway1.internal.api.openai.org/artifactory/api/npm/npm-public/nanoid/-/nanoid-3.3.12.tgz attempt 2 failed with 503
2090 http fetch GET https://packages.applied-caas-gateway1.internal.api.openai.org/artifactory/api/npm/npm-public/loose-envify/-/loose-envify-1.4.0.tgz attempt 2 failed with 503
2091 http fetch GET https://packages.applied-caas-gateway1.internal.api.openai.org/artifactory/api/npm/npm-public/loader-runner/-/loader-runner-4.3.2.tgz attempt 2 failed with 503
2092 http fetch GET https://packages.applied-caas-gateway1.internal.api.openai.org/artifactory/api/npm/npm-public/miniflare/-/miniflare-4.20260515.0.tgz attempt 2 failed with 503
2093 http fetch GET https://packages.applied-caas-gateway1.internal.api.openai.org/artifactory/api/npm/npm-public/merge-stream/-/merge-stream-2.0.0.tgz attempt 2 failed with 503
2094 http fetch GET https://packages.applied-caas-gateway1.internal.api.openai.org/artifactory/api/npm/npm-public/locate-path/-/locate-path-6.0.0.tgz attempt 2 failed with 503
2095 http fetch GET https://packages.applied-caas-gateway1.internal.api.openai.org/artifactory/api/npm/npm-public/linebreak/-/linebreak-1.1.0.tgz attempt 2 failed with 503
2096 http fetch GET https://packages.applied-caas-gateway1.internal.api.openai.org/artifactory/api/npm/npm-public/levn/-/levn-0.4.1.tgz attempt 2 failed with 503
2097 http fetch GET https://packages.applied-caas-gateway1.internal.api.openai.org/artifactory/api/npm/npm-public/lru-cache/-/lru-cache-5.1.1.tgz attempt 2 failed with 503
2098 http fetch GET https://packages.applied-caas-gateway1.internal.api.openai.org/artifactory/api/npm/npm-public/magic-string/-/magic-string-0.30.21.tgz attempt 2 failed with 503
2099 http fetch GET https://packages.applied-caas-gateway1.internal.api.openai.org/artifactory/api/npm/npm-public/micromatch/-/micromatch-4.0.8.tgz attempt 2 failed with 503
2100 http fetch GET https://packages.applied-caas-gateway1.internal.api.openai.org/artifactory/api/npm/npm-public/lightningcss/-/lightningcss-1.31.1.tgz attempt 2 failed with 503
2101 http fetch GET https://packages.applied-caas-gateway1.internal.api.openai.org/artifactory/api/npm/npm-public/language-tags/-/language-tags-1.0.9.tgz attempt 2 failed with 503
2102 http fetch GET https://packages.applied-caas-gateway1.internal.api.openai.org/artifactory/api/npm/npm-public/lightningcss-linux-x64-gnu/-/lightningcss-linux-x64-gnu-1.31.1.tgz attempt 2 failed with 503
2103 http fetch GET https://packages.applied-caas-gateway1.internal.api.openai.org/artifactory/api/npm/npm-public/lodash.merge/-/lodash.merge-4.6.2.tgz attempt 2 failed with 503
2104 http fetch GET https://packages.applied-caas-gateway1.internal.api.openai.org/artifactory/api/npm/npm-public/keyv/-/keyv-4.5.4.tgz attempt 2 failed with 503
2105 http fetch GET https://packages.applied-caas-gateway1.internal.api.openai.org/artifactory/api/npm/npm-public/json5/-/json5-2.2.3.tgz attempt 2 failed with 503
2106 http fetch GET https://packages.applied-caas-gateway1.internal.api.openai.org/artifactory/api/npm/npm-public/language-subtag-registry/-/language-subtag-registry-0.3.23.tgz attempt 2 failed with 503
2107 http fetch GET https://packages.applied-caas-gateway1.internal.api.openai.org/artifactory/api/npm/npm-public/json-schema-traverse/-/json-schema-traverse-0.4.1.tgz attempt 2 failed with 503
2108 http fetch GET https://packages.applied-caas-gateway1.internal.api.openai.org/artifactory/api/npm/npm-public/jsesc/-/jsesc-3.1.0.tgz attempt 2 failed with 503
2109 http fetch GET https://packages.applied-caas-gateway1.internal.api.openai.org/artifactory/api/npm/npm-public/js-yaml/-/js-yaml-4.1.1.tgz attempt 2 failed with 503
2110 http fetch GET https://packages.applied-caas-gateway1.internal.api.openai.org/artifactory/api/npm/npm-public/kleur/-/kleur-4.1.5.tgz attempt 2 failed with 503
2111 http fetch GET https://packages.applied-caas-gateway1.internal.api.openai.org/artifactory/api/npm/npm-public/js-tokens/-/js-tokens-4.0.0.tgz attempt 2 failed with 503
2112 http fetch GET https://packages.applied-caas-gateway1.internal.api.openai.org/artifactory/api/npm/npm-public/jsx-ast-utils/-/jsx-ast-utils-3.3.5.tgz attempt 2 failed with 503
2113 http fetch GET https://packages.applied-caas-gateway1.internal.api.openai.org/artifactory/api/npm/npm-public/is-weakref/-/is-weakref-1.1.1.tgz attempt 2 failed with 503
2114 http fetch GET https://packages.applied-caas-gateway1.internal.api.openai.org/artifactory/api/npm/npm-public/jiti/-/jiti-2.7.0.tgz attempt 2 failed with 503
2115 http fetch GET https://packages.applied-caas-gateway1.internal.api.openai.org/artifactory/api/npm/npm-public/is-weakset/-/is-weakset-2.0.4.tgz attempt 2 failed with 503
2116 http fetch GET https://packages.applied-caas-gateway1.internal.api.openai.org/artifactory/api/npm/npm-public/jest-worker/-/jest-worker-27.5.1.tgz attempt 2 failed with 503
2117 http fetch GET https://packages.applied-caas-gateway1.internal.api.openai.org/artifactory/api/npm/npm-public/is-symbol/-/is-symbol-1.1.1.tgz attempt 2 failed with 503
2118 http fetch GET https://packages.applied-caas-gateway1.internal.api.openai.org/artifactory/api/npm/npm-public/json-stable-stringify-without-jsonify/-/json-stable-stringify-without-jsonify-1.0.1.tgz attempt 2 failed with 503
2119 http fetch GET https://packages.applied-caas-gateway1.internal.api.openai.org/artifactory/api/npm/npm-public/iterator.prototype/-/iterator.prototype-1.1.5.tgz attempt 2 failed with 503
2120 http fetch GET https://packages.applied-caas-gateway1.internal.api.openai.org/artifactory/api/npm/npm-public/json-buffer/-/json-buffer-3.0.1.tgz attempt 2 failed with 503
2121 http fetch GET https://packages.applied-caas-gateway1.internal.api.openai.org/artifactory/api/npm/npm-public/isexe/-/isexe-2.0.0.tgz attempt 2 failed with 503
2122 http fetch GET https://packages.applied-caas-gateway1.internal.api.openai.org/artifactory/api/npm/npm-public/is-string/-/is-string-1.1.1.tgz attempt 2 failed with 503
2123 http fetch GET https://packages.applied-caas-gateway1.internal.api.openai.org/artifactory/api/npm/npm-public/isarray/-/isarray-2.0.5.tgz attempt 2 failed with 503
2124 http fetch GET https://packages.applied-caas-gateway1.internal.api.openai.org/artifactory/api/npm/npm-public/is-weakmap/-/is-weakmap-2.0.2.tgz attempt 2 failed with 503
2125 http fetch GET https://packages.applied-caas-gateway1.internal.api.openai.org/artifactory/api/npm/npm-public/is-number-object/-/is-number-object-1.1.1.tgz attempt 2 failed with 503
2126 http fetch GET https://packages.applied-caas-gateway1.internal.api.openai.org/artifactory/api/npm/npm-public/is-number/-/is-number-7.0.0.tgz attempt 2 failed with 503
2127 http fetch GET https://packages.applied-caas-gateway1.internal.api.openai.org/artifactory/api/npm/npm-public/is-shared-array-buffer/-/is-shared-array-buffer-1.0.4.tgz attempt 2 failed with 503
2128 http fetch GET https://packages.applied-caas-gateway1.internal.api.openai.org/artifactory/api/npm/npm-public/is-negative-zero/-/is-negative-zero-2.0.3.tgz attempt 2 failed with 503
2129 http fetch GET https://packages.applied-caas-gateway1.internal.api.openai.org/artifactory/api/npm/npm-public/is-set/-/is-set-2.0.3.tgz attempt 2 failed with 503
2130 http fetch GET https://packages.applied-caas-gateway1.internal.api.openai.org/artifactory/api/npm/npm-public/is-glob/-/is-glob-4.0.3.tgz attempt 2 failed with 503
2131 http fetch GET https://packages.applied-caas-gateway1.internal.api.openai.org/artifactory/api/npm/npm-public/is-bun-module/-/is-bun-module-2.0.0.tgz attempt 2 failed with 503
2132 http fetch GET https://packages.applied-caas-gateway1.internal.api.openai.org/artifactory/api/npm/npm-public/is-generator-function/-/is-generator-function-1.1.2.tgz attempt 2 failed with 503
2133 http fetch GET https://packages.applied-caas-gateway1.internal.api.openai.org/artifactory/api/npm/npm-public/is-finalizationregistry/-/is-finalizationregistry-1.1.1.tgz attempt 2 failed with 503
2134 http fetch GET https://packages.applied-caas-gateway1.internal.api.openai.org/artifactory/api/npm/npm-public/is-typed-array/-/is-typed-array-1.1.15.tgz attempt 2 failed with 503
2135 http fetch GET https://packages.applied-caas-gateway1.internal.api.openai.org/artifactory/api/npm/npm-public/is-map/-/is-map-2.0.3.tgz attempt 2 failed with 503
2136 http fetch GET https://packages.applied-caas-gateway1.internal.api.openai.org/artifactory/api/npm/npm-public/is-regex/-/is-regex-1.2.1.tgz attempt 2 failed with 503
2137 http fetch GET https://packages.applied-caas-gateway1.internal.api.openai.org/artifactory/api/npm/npm-public/is-extglob/-/is-extglob-2.1.1.tgz attempt 2 failed with 503
2138 http fetch GET https://packages.applied-caas-gateway1.internal.api.openai.org/artifactory/api/npm/npm-public/is-callable/-/is-callable-1.2.7.tgz attempt 2 failed with 503
2139 http fetch GET https://packages.applied-caas-gateway1.internal.api.openai.org/artifactory/api/npm/npm-public/is-data-view/-/is-data-view-1.0.2.tgz attempt 2 failed with 503
2140 http fetch GET https://packages.applied-caas-gateway1.internal.api.openai.org/artifactory/api/npm/npm-public/is-core-module/-/is-core-module-2.16.2.tgz attempt 2 failed with 503
2141 http fetch GET https://packages.applied-caas-gateway1.internal.api.openai.org/artifactory/api/npm/npm-public/is-async-function/-/is-async-function-2.1.1.tgz attempt 2 failed with 503
2142 http fetch GET https://packages.applied-caas-gateway1.internal.api.openai.org/artifactory/api/npm/npm-public/is-bigint/-/is-bigint-1.1.0.tgz attempt 2 failed with 503
2143 http fetch GET https://packages.applied-caas-gateway1.internal.api.openai.org/artifactory/api/npm/npm-public/import-fresh/-/import-fresh-3.3.1.tgz attempt 2 failed with 503
2144 http fetch GET https://packages.applied-caas-gateway1.internal.api.openai.org/artifactory/api/npm/npm-public/image-size/-/image-size-2.0.2.tgz attempt 2 failed with 503
2145 http fetch GET https://packages.applied-caas-gateway1.internal.api.openai.org/artifactory/api/npm/npm-public/is-date-object/-/is-date-object-1.1.0.tgz attempt 2 failed with 503
2146 http fetch GET https://packages.applied-caas-gateway1.internal.api.openai.org/artifactory/api/npm/npm-public/ipaddr.js/-/ipaddr.js-2.4.0.tgz attempt 2 failed with 503
2147 http fetch GET https://packages.applied-caas-gateway1.internal.api.openai.org/artifactory/api/npm/npm-public/internal-slot/-/internal-slot-1.1.0.tgz attempt 2 failed with 503
2148 http fetch GET https://packages.applied-caas-gateway1.internal.api.openai.org/artifactory/api/npm/npm-public/is-boolean-object/-/is-boolean-object-1.2.2.tgz attempt 2 failed with 503
2149 http fetch GET https://packages.applied-caas-gateway1.internal.api.openai.org/artifactory/api/npm/npm-public/ignore/-/ignore-5.3.2.tgz attempt 2 failed with 503
2150 http fetch GET https://packages.applied-caas-gateway1.internal.api.openai.org/artifactory/api/npm/npm-public/is-array-buffer/-/is-array-buffer-3.0.5.tgz attempt 2 failed with 503
2151 http fetch GET https://packages.applied-caas-gateway1.internal.api.openai.org/artifactory/api/npm/npm-public/imurmurhash/-/imurmurhash-0.1.4.tgz attempt 2 failed with 503
2152 http fetch GET https://packages.applied-caas-gateway1.internal.api.openai.org/artifactory/api/npm/npm-public/has-proto/-/has-proto-1.2.0.tgz attempt 2 failed with 503
2153 http fetch GET https://packages.applied-caas-gateway1.internal.api.openai.org/artifactory/api/npm/npm-public/hasown/-/hasown-2.0.3.tgz attempt 2 failed with 503
2154 http fetch GET https://packages.applied-caas-gateway1.internal.api.openai.org/artifactory/api/npm/npm-public/has-property-descriptors/-/has-property-descriptors-1.0.2.tgz attempt 2 failed with 503
2155 http fetch GET https://packages.applied-caas-gateway1.internal.api.openai.org/artifactory/api/npm/npm-public/has-bigints/-/has-bigints-1.1.0.tgz attempt 2 failed with 503
2156 http fetch GET https://packages.applied-caas-gateway1.internal.api.openai.org/artifactory/api/npm/npm-public/hex-rgb/-/hex-rgb-4.3.0.tgz attempt 2 failed with 503
2157 http fetch GET https://packages.applied-caas-gateway1.internal.api.openai.org/artifactory/api/npm/npm-public/has-tostringtag/-/has-tostringtag-1.0.2.tgz attempt 2 failed with 503
2158 http fetch GET https://packages.applied-caas-gateway1.internal.api.openai.org/artifactory/api/npm/npm-public/hermes-parser/-/hermes-parser-0.25.1.tgz attempt 2 failed with 503
2159 http fetch GET https://packages.applied-caas-gateway1.internal.api.openai.org/artifactory/api/npm/npm-public/hermes-estree/-/hermes-estree-0.25.1.tgz attempt 2 failed with 503
2160 http fetch GET https://packages.applied-caas-gateway1.internal.api.openai.org/artifactory/api/npm/npm-public/has-flag/-/has-flag-4.0.0.tgz attempt 2 failed with 503
2161 http fetch GET https://packages.applied-caas-gateway1.internal.api.openai.org/artifactory/api/npm/npm-public/gopd/-/gopd-1.2.0.tgz attempt 2 failed with 503
2162 http fetch GET https://packages.applied-caas-gateway1.internal.api.openai.org/artifactory/api/npm/npm-public/has-symbols/-/has-symbols-1.1.0.tgz attempt 2 failed with 503
2163 http fetch GET https://packages.applied-caas-gateway1.internal.api.openai.org/artifactory/api/npm/npm-public/globrex/-/globrex-0.1.2.tgz attempt 2 failed with 503
2164 http fetch GET https://packages.applied-caas-gateway1.internal.api.openai.org/artifactory/api/npm/npm-public/globalthis/-/globalthis-1.0.4.tgz attempt 2 failed with 503
2165 http fetch GET https://packages.applied-caas-gateway1.internal.api.openai.org/artifactory/api/npm/npm-public/globals/-/globals-14.0.0.tgz attempt 2 failed with 503
2166 http fetch GET https://packages.applied-caas-gateway1.internal.api.openai.org/artifactory/api/npm/npm-public/gensync/-/gensync-1.0.0-beta.2.tgz attempt 2 failed with 503
2167 http fetch GET https://packages.applied-caas-gateway1.internal.api.openai.org/artifactory/api/npm/npm-public/get-intrinsic/-/get-intrinsic-1.3.0.tgz attempt 2 failed with 503
2168 http fetch GET https://packages.applied-caas-gateway1.internal.api.openai.org/artifactory/api/npm/npm-public/graceful-fs/-/graceful-fs-4.2.11.tgz attempt 2 failed with 503
2169 http fetch GET https://packages.applied-caas-gateway1.internal.api.openai.org/artifactory/api/npm/npm-public/get-symbol-description/-/get-symbol-description-1.1.0.tgz attempt 2 failed with 503
2170 http fetch GET https://packages.applied-caas-gateway1.internal.api.openai.org/artifactory/api/npm/npm-public/glob-to-regexp/-/glob-to-regexp-0.4.1.tgz attempt 2 failed with 503
2171 http fetch GET https://packages.applied-caas-gateway1.internal.api.openai.org/artifactory/api/npm/npm-public/generator-function/-/generator-function-2.0.1.tgz attempt 2 failed with 503
2172 http fetch GET https://packages.applied-caas-gateway1.internal.api.openai.org/artifactory/api/npm/npm-public/glob-parent/-/glob-parent-6.0.2.tgz attempt 2 failed with 503
2173 http fetch GET https://packages.applied-caas-gateway1.internal.api.openai.org/artifactory/api/npm/npm-public/get-tsconfig/-/get-tsconfig-4.14.0.tgz attempt 2 failed with 503
2174 http fetch GET https://packages.applied-caas-gateway1.internal.api.openai.org/artifactory/api/npm/npm-public/get-proto/-/get-proto-1.0.1.tgz attempt 2 failed with 503
2175 http fetch GET https://packages.applied-caas-gateway1.internal.api.openai.org/artifactory/api/npm/npm-public/find-up/-/find-up-5.0.0.tgz attempt 2 failed with 503
2176 http fetch GET https://packages.applied-caas-gateway1.internal.api.openai.org/artifactory/api/npm/npm-public/functions-have-names/-/functions-have-names-1.2.3.tgz attempt 2 failed with 503
2177 http fetch GET https://packages.applied-caas-gateway1.internal.api.openai.org/artifactory/api/npm/npm-public/fflate/-/fflate-0.7.4.tgz attempt 2 failed with 503
2178 http fetch GET https://packages.applied-caas-gateway1.internal.api.openai.org/artifactory/api/npm/npm-public/for-each/-/for-each-0.3.5.tgz attempt 2 failed with 503
2179 http fetch GET https://packages.applied-caas-gateway1.internal.api.openai.org/artifactory/api/npm/npm-public/flat-cache/-/flat-cache-4.0.1.tgz attempt 2 failed with 503
2180 http fetch GET https://packages.applied-caas-gateway1.internal.api.openai.org/artifactory/api/npm/npm-public/fastq/-/fastq-1.20.1.tgz attempt 2 failed with 503
2181 http fetch GET https://packages.applied-caas-gateway1.internal.api.openai.org/artifactory/api/npm/npm-public/flatted/-/flatted-3.4.2.tgz attempt 2 failed with 503
2182 http fetch GET https://packages.applied-caas-gateway1.internal.api.openai.org/artifactory/api/npm/npm-public/function.prototype.name/-/function.prototype.name-1.1.8.tgz attempt 2 failed with 503
2183 http fetch GET https://packages.applied-caas-gateway1.internal.api.openai.org/artifactory/api/npm/npm-public/fill-range/-/fill-range-7.1.1.tgz attempt 2 failed with 503
2184 http fetch GET https://packages.applied-caas-gateway1.internal.api.openai.org/artifactory/api/npm/npm-public/fast-json-stable-stringify/-/fast-json-stable-stringify-2.1.0.tgz attempt 2 failed with 503
2185 http fetch GET https://packages.applied-caas-gateway1.internal.api.openai.org/artifactory/api/npm/npm-public/file-entry-cache/-/file-entry-cache-8.0.0.tgz attempt 2 failed with 503
2186 http fetch GET https://packages.applied-caas-gateway1.internal.api.openai.org/artifactory/api/npm/npm-public/function-bind/-/function-bind-1.1.2.tgz attempt 2 failed with 503
2187 http fetch GET https://packages.applied-caas-gateway1.internal.api.openai.org/artifactory/api/npm/npm-public/esrecurse/-/esrecurse-4.3.0.tgz attempt 2 failed with 503
2188 http fetch GET https://packages.applied-caas-gateway1.internal.api.openai.org/artifactory/api/npm/npm-public/fast-uri/-/fast-uri-3.1.2.tgz attempt 2 failed with 503
2189 http fetch GET https://packages.applied-caas-gateway1.internal.api.openai.org/artifactory/api/npm/npm-public/fast-glob/-/fast-glob-3.3.1.tgz attempt 2 failed with 503
2190 http fetch GET https://packages.applied-caas-gateway1.internal.api.openai.org/artifactory/api/npm/npm-public/eslint-plugin-react-hooks/-/eslint-plugin-react-hooks-7.1.1.tgz attempt 2 failed with 503
2191 http fetch GET https://packages.applied-caas-gateway1.internal.api.openai.org/artifactory/api/npm/npm-public/esquery/-/esquery-1.7.0.tgz attempt 2 failed with 503
2192 http fetch GET https://packages.applied-caas-gateway1.internal.api.openai.org/artifactory/api/npm/npm-public/estraverse/-/estraverse-5.3.0.tgz attempt 2 failed with 503
2193 http fetch GET https://packages.applied-caas-gateway1.internal.api.openai.org/artifactory/api/npm/npm-public/events/-/events-3.3.0.tgz attempt 2 failed with 503
2194 http fetch GET https://packages.applied-caas-gateway1.internal.api.openai.org/artifactory/api/npm/npm-public/estree-walker/-/estree-walker-3.0.3.tgz attempt 2 failed with 503
2195 http fetch GET https://packages.applied-caas-gateway1.internal.api.openai.org/artifactory/api/npm/npm-public/fast-levenshtein/-/fast-levenshtein-2.0.6.tgz attempt 2 failed with 503
2196 http fetch GET https://packages.applied-caas-gateway1.internal.api.openai.org/artifactory/api/npm/npm-public/eslint-plugin-react/-/eslint-plugin-react-7.37.5.tgz attempt 2 failed with 503
2197 http fetch GET https://packages.applied-caas-gateway1.internal.api.openai.org/artifactory/api/npm/npm-public/eslint-visitor-keys/-/eslint-visitor-keys-4.2.1.tgz attempt 2 failed with 503
2198 http fetch GET https://packages.applied-caas-gateway1.internal.api.openai.org/artifactory/api/npm/npm-public/espree/-/espree-10.4.0.tgz attempt 2 failed with 503
2199 http fetch GET https://packages.applied-caas-gateway1.internal.api.openai.org/artifactory/api/npm/npm-public/esutils/-/esutils-2.0.3.tgz attempt 2 failed with 503
2200 http fetch GET https://packages.applied-caas-gateway1.internal.api.openai.org/artifactory/api/npm/npm-public/fast-deep-equal/-/fast-deep-equal-3.1.3.tgz attempt 2 failed with 503
2201 http fetch GET https://packages.applied-caas-gateway1.internal.api.openai.org/artifactory/api/npm/npm-public/eslint-scope/-/eslint-scope-8.4.0.tgz attempt 2 failed with 503
2202 http fetch GET https://packages.applied-caas-gateway1.internal.api.openai.org/artifactory/api/npm/npm-public/eslint-plugin-jsx-a11y/-/eslint-plugin-jsx-a11y-6.10.2.tgz attempt 2 failed with 503
2203 http fetch GET https://packages.applied-caas-gateway1.internal.api.openai.org/artifactory/api/npm/npm-public/eslint-config-next/-/eslint-config-next-16.2.6.tgz attempt 2 failed with 503
2204 http fetch GET https://packages.applied-caas-gateway1.internal.api.openai.org/artifactory/api/npm/npm-public/eslint-module-utils/-/eslint-module-utils-2.12.1.tgz attempt 2 failed with 503
2205 http fetch GET https://packages.applied-caas-gateway1.internal.api.openai.org/artifactory/api/npm/npm-public/eslint-plugin-import/-/eslint-plugin-import-2.32.0.tgz attempt 2 failed with 503
2206 http fetch GET https://packages.applied-caas-gateway1.internal.api.openai.org/artifactory/api/npm/npm-public/escape-html/-/escape-html-1.0.3.tgz attempt 2 failed with 503
2207 http fetch GET https://packages.applied-caas-gateway1.internal.api.openai.org/artifactory/api/npm/npm-public/esbuild/-/esbuild-0.28.0.tgz attempt 2 failed with 503
2208 http fetch GET https://packages.applied-caas-gateway1.internal.api.openai.org/artifactory/api/npm/npm-public/eslint-import-resolver-node/-/eslint-import-resolver-node-0.3.10.tgz attempt 2 failed with 503
2209 http fetch GET https://packages.applied-caas-gateway1.internal.api.openai.org/artifactory/api/npm/npm-public/eslint/-/eslint-9.39.4.tgz attempt 2 failed with 503
2210 http fetch GET https://packages.applied-caas-gateway1.internal.api.openai.org/artifactory/api/npm/npm-public/es-set-tostringtag/-/es-set-tostringtag-2.1.0.tgz attempt 2 failed with 503
2211 http fetch GET https://packages.applied-caas-gateway1.internal.api.openai.org/artifactory/api/npm/npm-public/eslint-import-resolver-typescript/-/eslint-import-resolver-typescript-3.10.1.tgz attempt 2 failed with 503
2212 http fetch GET https://packages.applied-caas-gateway1.internal.api.openai.org/artifactory/api/npm/npm-public/escape-string-regexp/-/escape-string-regexp-4.0.0.tgz attempt 2 failed with 503
2213 http fetch GET https://packages.applied-caas-gateway1.internal.api.openai.org/artifactory/api/npm/npm-public/es-define-property/-/es-define-property-1.0.1.tgz attempt 2 failed with 503
2214 http fetch GET https://packages.applied-caas-gateway1.internal.api.openai.org/artifactory/api/npm/npm-public/es-errors/-/es-errors-1.3.0.tgz attempt 2 failed with 503
2215 http fetch GET https://packages.applied-caas-gateway1.internal.api.openai.org/artifactory/api/npm/npm-public/es-to-primitive/-/es-to-primitive-1.3.0.tgz attempt 2 failed with 503
2216 http fetch GET https://packages.applied-caas-gateway1.internal.api.openai.org/artifactory/api/npm/npm-public/escalade/-/escalade-3.2.0.tgz attempt 2 failed with 503
2217 http fetch GET https://packages.applied-caas-gateway1.internal.api.openai.org/artifactory/api/npm/npm-public/es-iterator-helpers/-/es-iterator-helpers-1.3.2.tgz attempt 2 failed with 503
2218 http fetch GET https://packages.applied-caas-gateway1.internal.api.openai.org/artifactory/api/npm/npm-public/es-shim-unscopables/-/es-shim-unscopables-1.1.0.tgz attempt 2 failed with 503
2219 http fetch GET https://packages.applied-caas-gateway1.internal.api.openai.org/artifactory/api/npm/npm-public/enhanced-resolve/-/enhanced-resolve-5.21.3.tgz attempt 2 failed with 503
2220 http fetch GET https://packages.applied-caas-gateway1.internal.api.openai.org/artifactory/api/npm/npm-public/es-module-lexer/-/es-module-lexer-2.1.0.tgz attempt 2 failed with 503
2221 http fetch GET https://packages.applied-caas-gateway1.internal.api.openai.org/artifactory/api/npm/npm-public/emoji-regex-xs/-/emoji-regex-xs-2.0.1.tgz attempt 2 failed with 503
2222 http fetch GET https://packages.applied-caas-gateway1.internal.api.openai.org/artifactory/api/npm/npm-public/error-stack-parser-es/-/error-stack-parser-es-1.0.5.tgz attempt 2 failed with 503
2223 http fetch GET https://packages.applied-caas-gateway1.internal.api.openai.org/artifactory/api/npm/npm-public/deep-is/-/deep-is-0.1.4.tgz attempt 2 failed with 503
2224 http fetch GET https://packages.applied-caas-gateway1.internal.api.openai.org/artifactory/api/npm/npm-public/es-object-atoms/-/es-object-atoms-1.1.1.tgz attempt 2 failed with 503
2225 http fetch GET https://packages.applied-caas-gateway1.internal.api.openai.org/artifactory/api/npm/npm-public/es-abstract/-/es-abstract-1.24.2.tgz attempt 2 failed with 503
2226 http fetch GET https://packages.applied-caas-gateway1.internal.api.openai.org/artifactory/api/npm/npm-public/drizzle-kit/-/drizzle-kit-0.31.10.tgz attempt 2 failed with 503
2227 http fetch GET https://packages.applied-caas-gateway1.internal.api.openai.org/artifactory/api/npm/npm-public/electron-to-chromium/-/electron-to-chromium-1.5.358.tgz attempt 2 failed with 503
2228 http fetch GET https://packages.applied-caas-gateway1.internal.api.openai.org/artifactory/api/npm/npm-public/data-view-byte-length/-/data-view-byte-length-1.0.2.tgz attempt 2 failed with 503
2229 http fetch GET https://packages.applied-caas-gateway1.internal.api.openai.org/artifactory/api/npm/npm-public/emoji-regex/-/emoji-regex-9.2.2.tgz attempt 2 failed with 503
2230 http fetch GET https://packages.applied-caas-gateway1.internal.api.openai.org/artifactory/api/npm/npm-public/dunder-proto/-/dunder-proto-1.0.1.tgz attempt 2 failed with 503
2231 http fetch GET https://packages.applied-caas-gateway1.internal.api.openai.org/artifactory/api/npm/npm-public/detect-libc/-/detect-libc-2.1.2.tgz attempt 2 failed with 503
2232 http fetch GET https://packages.applied-caas-gateway1.internal.api.openai.org/artifactory/api/npm/npm-public/doctrine/-/doctrine-2.1.0.tgz attempt 2 failed with 503
2233 http fetch GET https://packages.applied-caas-gateway1.internal.api.openai.org/artifactory/api/npm/npm-public/drizzle-orm/-/drizzle-orm-0.45.2.tgz attempt 2 failed with 503
2234 http fetch GET https://packages.applied-caas-gateway1.internal.api.openai.org/artifactory/api/npm/npm-public/damerau-levenshtein/-/damerau-levenshtein-1.0.8.tgz attempt 2 failed with 503
2235 http fetch GET https://packages.applied-caas-gateway1.internal.api.openai.org/artifactory/api/npm/npm-public/debug/-/debug-4.4.3.tgz attempt 2 failed with 503
2236 http fetch GET https://packages.applied-caas-gateway1.internal.api.openai.org/artifactory/api/npm/npm-public/define-properties/-/define-properties-1.2.1.tgz attempt 2 failed with 503
2237 http fetch GET https://packages.applied-caas-gateway1.internal.api.openai.org/artifactory/api/npm/npm-public/data-view-byte-offset/-/data-view-byte-offset-1.0.1.tgz attempt 2 failed with 503
2238 http fetch GET https://packages.applied-caas-gateway1.internal.api.openai.org/artifactory/api/npm/npm-public/define-data-property/-/define-data-property-1.1.4.tgz attempt 2 failed with 503
2239 http fetch GET https://packages.applied-caas-gateway1.internal.api.openai.org/artifactory/api/npm/npm-public/css-background-parser/-/css-background-parser-0.1.0.tgz attempt 2 failed with 503
2240 http fetch GET https://packages.applied-caas-gateway1.internal.api.openai.org/artifactory/api/npm/npm-public/data-view-buffer/-/data-view-buffer-1.0.2.tgz attempt 2 failed with 503
2241 http fetch GET https://packages.applied-caas-gateway1.internal.api.openai.org/artifactory/api/npm/npm-public/css-color-keywords/-/css-color-keywords-1.0.0.tgz attempt 2 failed with 503
2242 http fetch GET https://packages.applied-caas-gateway1.internal.api.openai.org/artifactory/api/npm/npm-public/csstype/-/csstype-3.2.3.tgz attempt 2 failed with 503
2243 http fetch GET https://packages.applied-caas-gateway1.internal.api.openai.org/artifactory/api/npm/npm-public/css-gradient-parser/-/css-gradient-parser-0.0.16.tgz attempt 2 failed with 503
2244 http fetch GET https://packages.applied-caas-gateway1.internal.api.openai.org/artifactory/api/npm/npm-public/css-to-react-native/-/css-to-react-native-3.2.0.tgz attempt 2 failed with 503
2245 http fetch GET https://packages.applied-caas-gateway1.internal.api.openai.org/artifactory/api/npm/npm-public/cookie/-/cookie-1.1.1.tgz attempt 2 failed with 503
2246 http fetch GET https://packages.applied-caas-gateway1.internal.api.openai.org/artifactory/api/npm/npm-public/chalk/-/chalk-4.1.2.tgz attempt 2 failed with 503
2247 http fetch GET https://packages.applied-caas-gateway1.internal.api.openai.org/artifactory/api/npm/npm-public/color-name/-/color-name-1.1.4.tgz attempt 2 failed with 503
2248 http fetch GET https://packages.applied-caas-gateway1.internal.api.openai.org/artifactory/api/npm/npm-public/commander/-/commander-2.20.3.tgz attempt 2 failed with 503
2249 http fetch GET https://packages.applied-caas-gateway1.internal.api.openai.org/artifactory/api/npm/npm-public/camelize/-/camelize-1.0.1.tgz attempt 2 failed with 503
2250 http fetch GET https://packages.applied-caas-gateway1.internal.api.openai.org/artifactory/api/npm/npm-public/convert-source-map/-/convert-source-map-2.0.0.tgz attempt 2 failed with 503
2251 http fetch GET https://packages.applied-caas-gateway1.internal.api.openai.org/artifactory/api/npm/npm-public/css-box-shadow/-/css-box-shadow-1.0.0-3.tgz attempt 2 failed with 503
2252 http fetch GET https://packages.applied-caas-gateway1.internal.api.openai.org/artifactory/api/npm/npm-public/cross-spawn/-/cross-spawn-7.0.6.tgz attempt 2 failed with 503
2253 http fetch GET https://packages.applied-caas-gateway1.internal.api.openai.org/artifactory/api/npm/npm-public/concat-map/-/concat-map-0.0.1.tgz attempt 2 failed with 503
2254 http fetch GET https://packages.applied-caas-gateway1.internal.api.openai.org/artifactory/api/npm/npm-public/call-bound/-/call-bound-1.0.4.tgz attempt 2 failed with 503
2255 http fetch GET https://packages.applied-caas-gateway1.internal.api.openai.org/artifactory/api/npm/npm-public/caniuse-lite/-/caniuse-lite-1.0.30001793.tgz attempt 2 failed with 503
2256 http fetch GET https://packages.applied-caas-gateway1.internal.api.openai.org/artifactory/api/npm/npm-public/callsites/-/callsites-3.1.0.tgz attempt 2 failed with 503
2257 http fetch GET https://packages.applied-caas-gateway1.internal.api.openai.org/artifactory/api/npm/npm-public/call-bind-apply-helpers/-/call-bind-apply-helpers-1.0.2.tgz attempt 2 failed with 503
2258 http fetch GET https://packages.applied-caas-gateway1.internal.api.openai.org/artifactory/api/npm/npm-public/buffer-from/-/buffer-from-1.1.2.tgz attempt 2 failed with 503
2259 http fetch GET https://packages.applied-caas-gateway1.internal.api.openai.org/artifactory/api/npm/npm-public/client-only/-/client-only-0.0.1.tgz attempt 2 failed with 503
2260 http fetch GET https://packages.applied-caas-gateway1.internal.api.openai.org/artifactory/api/npm/npm-public/color-convert/-/color-convert-2.0.1.tgz attempt 2 failed with 503
2261 http fetch GET https://packages.applied-caas-gateway1.internal.api.openai.org/artifactory/api/npm/npm-public/browserslist/-/browserslist-4.28.2.tgz attempt 2 failed with 503
2262 http fetch GET https://packages.applied-caas-gateway1.internal.api.openai.org/artifactory/api/npm/npm-public/chrome-trace-event/-/chrome-trace-event-1.0.4.tgz attempt 2 failed with 503
2263 http fetch GET https://packages.applied-caas-gateway1.internal.api.openai.org/artifactory/api/npm/npm-public/braces/-/braces-3.0.3.tgz attempt 2 failed with 503
2264 http fetch GET https://packages.applied-caas-gateway1.internal.api.openai.org/artifactory/api/npm/npm-public/call-bind/-/call-bind-1.0.9.tgz attempt 2 failed with 503
2265 http fetch GET https://packages.applied-caas-gateway1.internal.api.openai.org/artifactory/api/npm/npm-public/axe-core/-/axe-core-4.11.4.tgz attempt 2 failed with 503
2266 http fetch GET https://packages.applied-caas-gateway1.internal.api.openai.org/artifactory/api/npm/npm-public/brace-expansion/-/brace-expansion-1.1.14.tgz attempt 2 failed with 503
2267 http fetch GET https://packages.applied-caas-gateway1.internal.api.openai.org/artifactory/api/npm/npm-public/baseline-browser-mapping/-/baseline-browser-mapping-2.10.30.tgz attempt 2 failed with 503
2268 http fetch GET https://packages.applied-caas-gateway1.internal.api.openai.org/artifactory/api/npm/npm-public/balanced-match/-/balanced-match-1.0.2.tgz attempt 2 failed with 503
2269 http fetch GET https://packages.applied-caas-gateway1.internal.api.openai.org/artifactory/api/npm/npm-public/array.prototype.findlastindex/-/array.prototype.findlastindex-1.2.6.tgz attempt 2 failed with 503
2270 http fetch GET https://packages.applied-caas-gateway1.internal.api.openai.org/artifactory/api/npm/npm-public/base64-js/-/base64-js-0.0.8.tgz attempt 2 failed with 503
2271 http fetch GET https://packages.applied-caas-gateway1.internal.api.openai.org/artifactory/api/npm/npm-public/axobject-query/-/axobject-query-4.1.0.tgz attempt 2 failed with 503
2272 http fetch GET https://packages.applied-caas-gateway1.internal.api.openai.org/artifactory/api/npm/npm-public/array.prototype.tosorted/-/array.prototype.tosorted-1.1.4.tgz attempt 2 failed with 503
2273 http fetch GET https://packages.applied-caas-gateway1.internal.api.openai.org/artifactory/api/npm/npm-public/ast-types-flow/-/ast-types-flow-0.0.8.tgz attempt 2 failed with 503
2274 http fetch GET https://packages.applied-caas-gateway1.internal.api.openai.org/artifactory/api/npm/npm-public/arraybuffer.prototype.slice/-/arraybuffer.prototype.slice-1.0.4.tgz attempt 2 failed with 503
2275 http fetch GET https://packages.applied-caas-gateway1.internal.api.openai.org/artifactory/api/npm/npm-public/blake3-wasm/-/blake3-wasm-2.1.5.tgz attempt 2 failed with 503
2276 http fetch GET https://packages.applied-caas-gateway1.internal.api.openai.org/artifactory/api/npm/npm-public/available-typed-arrays/-/available-typed-arrays-1.0.7.tgz attempt 2 failed with 503
2277 http fetch GET https://packages.applied-caas-gateway1.internal.api.openai.org/artifactory/api/npm/npm-public/async-function/-/async-function-1.0.0.tgz attempt 2 failed with 503
2278 http fetch GET https://packages.applied-caas-gateway1.internal.api.openai.org/artifactory/api/npm/npm-public/array-includes/-/array-includes-3.1.9.tgz attempt 2 failed with 503
2279 http fetch GET https://packages.applied-caas-gateway1.internal.api.openai.org/artifactory/api/npm/npm-public/array.prototype.flatmap/-/array.prototype.flatmap-1.3.3.tgz attempt 2 failed with 503
2280 http fetch GET https://packages.applied-caas-gateway1.internal.api.openai.org/artifactory/api/npm/npm-public/array.prototype.flat/-/array.prototype.flat-1.3.3.tgz attempt 2 failed with 503
2281 http fetch GET https://packages.applied-caas-gateway1.internal.api.openai.org/artifactory/api/npm/npm-public/array-buffer-byte-length/-/array-buffer-byte-length-1.0.2.tgz attempt 2 failed with 503
2282 http fetch GET https://packages.applied-caas-gateway1.internal.api.openai.org/artifactory/api/npm/npm-public/argparse/-/argparse-2.0.1.tgz attempt 2 failed with 503
2283 http fetch GET https://packages.applied-caas-gateway1.internal.api.openai.org/artifactory/api/npm/npm-public/ansi-styles/-/ansi-styles-4.3.0.tgz attempt 2 failed with 503
2284 http fetch GET https://packages.applied-caas-gateway1.internal.api.openai.org/artifactory/api/npm/npm-public/acorn-jsx/-/acorn-jsx-5.3.2.tgz attempt 2 failed with 503
2285 http fetch GET https://packages.applied-caas-gateway1.internal.api.openai.org/artifactory/api/npm/npm-public/@xtuc/ieee754/-/ieee754-1.2.0.tgz attempt 2 failed with 503
2286 http fetch GET https://packages.applied-caas-gateway1.internal.api.openai.org/artifactory/api/npm/npm-public/aria-query/-/aria-query-5.3.2.tgz attempt 2 failed with 503
2287 http fetch GET https://packages.applied-caas-gateway1.internal.api.openai.org/artifactory/api/npm/npm-public/@webassemblyjs/wasm-gen/-/wasm-gen-1.14.1.tgz attempt 2 failed with 503
2288 http fetch GET https://packages.applied-caas-gateway1.internal.api.openai.org/artifactory/api/npm/npm-public/@webassemblyjs/wasm-opt/-/wasm-opt-1.14.1.tgz attempt 2 failed with 503
2289 http fetch GET https://packages.applied-caas-gateway1.internal.api.openai.org/artifactory/api/npm/npm-public/ajv-formats/-/ajv-formats-2.1.1.tgz attempt 2 failed with 503
2290 http fetch GET https://packages.applied-caas-gateway1.internal.api.openai.org/artifactory/api/npm/npm-public/acorn-loose/-/acorn-loose-8.5.2.tgz attempt 2 failed with 503
2291 http fetch GET https://packages.applied-caas-gateway1.internal.api.openai.org/artifactory/api/npm/npm-public/@webassemblyjs/utf8/-/utf8-1.13.2.tgz attempt 2 failed with 503
2292 http fetch GET https://packages.applied-caas-gateway1.internal.api.openai.org/artifactory/api/npm/npm-public/acorn-import-phases/-/acorn-import-phases-1.0.4.tgz attempt 2 failed with 503
2293 http fetch GET https://packages.applied-caas-gateway1.internal.api.openai.org/artifactory/api/npm/npm-public/@webassemblyjs/wast-printer/-/wast-printer-1.14.1.tgz attempt 2 failed with 503
2294 http fetch GET https://packages.applied-caas-gateway1.internal.api.openai.org/artifactory/api/npm/npm-public/ajv/-/ajv-6.15.0.tgz attempt 2 failed with 503
2295 http fetch GET https://packages.applied-caas-gateway1.internal.api.openai.org/artifactory/api/npm/npm-public/@webassemblyjs/wasm-parser/-/wasm-parser-1.14.1.tgz attempt 2 failed with 503
2296 http fetch GET https://packages.applied-caas-gateway1.internal.api.openai.org/artifactory/api/npm/npm-public/@webassemblyjs/wasm-edit/-/wasm-edit-1.14.1.tgz attempt 2 failed with 503
2297 http fetch GET https://packages.applied-caas-gateway1.internal.api.openai.org/artifactory/api/npm/npm-public/@xtuc/long/-/long-4.2.2.tgz attempt 2 failed with 503
2298 http fetch GET https://packages.applied-caas-gateway1.internal.api.openai.org/artifactory/api/npm/npm-public/acorn/-/acorn-8.16.0.tgz attempt 2 failed with 503
2299 http fetch GET https://packages.applied-caas-gateway1.internal.api.openai.org/artifactory/api/npm/npm-public/@webassemblyjs/helper-wasm-bytecode/-/helper-wasm-bytecode-1.13.2.tgz attempt 2 failed with 503
2300 http fetch GET https://packages.applied-caas-gateway1.internal.api.openai.org/artifactory/api/npm/npm-public/@webassemblyjs/helper-wasm-section/-/helper-wasm-section-1.14.1.tgz attempt 2 failed with 503
2301 http fetch GET https://packages.applied-caas-gateway1.internal.api.openai.org/artifactory/api/npm/npm-public/@webassemblyjs/helper-numbers/-/helper-numbers-1.13.2.tgz attempt 2 failed with 503
2302 http fetch GET https://packages.applied-caas-gateway1.internal.api.openai.org/artifactory/api/npm/npm-public/@vitejs/plugin-react/-/plugin-react-6.0.2.tgz attempt 2 failed with 503
2303 http fetch GET https://packages.applied-caas-gateway1.internal.api.openai.org/artifactory/api/npm/npm-public/@webassemblyjs/leb128/-/leb128-1.13.2.tgz attempt 2 failed with 503
2304 http fetch GET https://packages.applied-caas-gateway1.internal.api.openai.org/artifactory/api/npm/npm-public/@webassemblyjs/floating-point-hex-parser/-/floating-point-hex-parser-1.13.2.tgz attempt 2 failed with 503
2305 http fetch GET https://packages.applied-caas-gateway1.internal.api.openai.org/artifactory/api/npm/npm-public/@webassemblyjs/ast/-/ast-1.14.1.tgz attempt 2 failed with 503
2306 http fetch GET https://packages.applied-caas-gateway1.internal.api.openai.org/artifactory/api/npm/npm-public/@webassemblyjs/ieee754/-/ieee754-1.13.2.tgz attempt 2 failed with 503
2307 http fetch GET https://packages.applied-caas-gateway1.internal.api.openai.org/artifactory/api/npm/npm-public/@vercel/og/-/og-0.8.6.tgz attempt 2 failed with 503
2308 http fetch GET https://packages.applied-caas-gateway1.internal.api.openai.org/artifactory/api/npm/npm-public/@typescript-eslint/type-utils/-/type-utils-8.59.3.tgz attempt 2 failed with 503
2309 http fetch GET https://packages.applied-caas-gateway1.internal.api.openai.org/artifactory/api/npm/npm-public/@vitejs/plugin-rsc/-/plugin-rsc-0.5.26.tgz attempt 2 failed with 503
2310 http fetch GET https://packages.applied-caas-gateway1.internal.api.openai.org/artifactory/api/npm/npm-public/@typescript-eslint/typescript-estree/-/typescript-estree-8.59.3.tgz attempt 2 failed with 503
2311 http fetch GET https://packages.applied-caas-gateway1.internal.api.openai.org/artifactory/api/npm/npm-public/@webassemblyjs/helper-buffer/-/helper-buffer-1.14.1.tgz attempt 2 failed with 503
2312 http fetch GET https://packages.applied-caas-gateway1.internal.api.openai.org/artifactory/api/npm/npm-public/@webassemblyjs/helper-api-error/-/helper-api-error-1.13.2.tgz attempt 2 failed with 503
2313 http fetch GET https://packages.applied-caas-gateway1.internal.api.openai.org/artifactory/api/npm/npm-public/@typescript-eslint/visitor-keys/-/visitor-keys-8.59.3.tgz attempt 2 failed with 503
2314 http fetch GET https://packages.applied-caas-gateway1.internal.api.openai.org/artifactory/api/npm/npm-public/@typescript-eslint/tsconfig-utils/-/tsconfig-utils-8.59.3.tgz attempt 2 failed with 503
2315 http fetch GET https://packages.applied-caas-gateway1.internal.api.openai.org/artifactory/api/npm/npm-public/@unpic/react/-/react-1.0.2.tgz attempt 2 failed with 503
2316 http fetch GET https://packages.applied-caas-gateway1.internal.api.openai.org/artifactory/api/npm/npm-public/@unrs/resolver-binding-linux-x64-gnu/-/resolver-binding-linux-x64-gnu-1.11.1.tgz attempt 2 failed with 503
2317 http fetch GET https://packages.applied-caas-gateway1.internal.api.openai.org/artifactory/api/npm/npm-public/@typescript-eslint/project-service/-/project-service-8.59.3.tgz attempt 2 failed with 503
2318 http fetch GET https://packages.applied-caas-gateway1.internal.api.openai.org/artifactory/api/npm/npm-public/@typescript-eslint/types/-/types-8.59.3.tgz attempt 2 failed with 503
2319 http fetch GET https://packages.applied-caas-gateway1.internal.api.openai.org/artifactory/api/npm/npm-public/@types/react-dom/-/react-dom-19.2.3.tgz attempt 2 failed with 503
2320 http fetch GET https://packages.applied-caas-gateway1.internal.api.openai.org/artifactory/api/npm/npm-public/@unpic/core/-/core-1.0.3.tgz attempt 2 failed with 503
2321 http fetch GET https://packages.applied-caas-gateway1.internal.api.openai.org/artifactory/api/npm/npm-public/@types/react/-/react-19.2.14.tgz attempt 2 failed with 503
2322 http fetch GET https://packages.applied-caas-gateway1.internal.api.openai.org/artifactory/api/npm/npm-public/@typescript-eslint/utils/-/utils-8.59.3.tgz attempt 2 failed with 503
2323 http fetch GET https://packages.applied-caas-gateway1.internal.api.openai.org/artifactory/api/npm/npm-public/@tybys/wasm-util/-/wasm-util-0.10.2.tgz attempt 2 failed with 503
2324 http fetch GET https://packages.applied-caas-gateway1.internal.api.openai.org/artifactory/api/npm/npm-public/@types/json-schema/-/json-schema-7.0.15.tgz attempt 2 failed with 503
2325 http fetch GET https://packages.applied-caas-gateway1.internal.api.openai.org/artifactory/api/npm/npm-public/@tailwindcss/node/-/node-4.2.1.tgz attempt 2 failed with 503
2326 http fetch GET https://packages.applied-caas-gateway1.internal.api.openai.org/artifactory/api/npm/npm-public/@typescript-eslint/parser/-/parser-8.59.3.tgz attempt 2 failed with 503
2327 http fetch GET https://packages.applied-caas-gateway1.internal.api.openai.org/artifactory/api/npm/npm-public/@types/node/-/node-22.19.19.tgz attempt 2 failed with 503
2328 http fetch GET https://packages.applied-caas-gateway1.internal.api.openai.org/artifactory/api/npm/npm-public/@typescript-eslint/scope-manager/-/scope-manager-8.59.3.tgz attempt 2 failed with 503
2329 http fetch GET https://packages.applied-caas-gateway1.internal.api.openai.org/artifactory/api/npm/npm-public/@tailwindcss/oxide/-/oxide-4.2.1.tgz attempt 2 failed with 503
2330 http fetch GET https://packages.applied-caas-gateway1.internal.api.openai.org/artifactory/api/npm/npm-public/@typescript-eslint/eslint-plugin/-/eslint-plugin-8.59.3.tgz attempt 2 failed with 503
2331 http fetch GET https://packages.applied-caas-gateway1.internal.api.openai.org/artifactory/api/npm/npm-public/@types/eslint-scope/-/eslint-scope-3.7.7.tgz attempt 2 failed with 503
2332 http fetch GET https://packages.applied-caas-gateway1.internal.api.openai.org/artifactory/api/npm/npm-public/@types/estree/-/estree-1.0.9.tgz attempt 2 failed with 503
2333 http fetch GET https://packages.applied-caas-gateway1.internal.api.openai.org/artifactory/api/npm/npm-public/@types/eslint/-/eslint-9.6.1.tgz attempt 2 failed with 503
2334 http fetch GET https://packages.applied-caas-gateway1.internal.api.openai.org/artifactory/api/npm/npm-public/@tailwindcss/oxide-linux-x64-gnu/-/oxide-linux-x64-gnu-4.2.1.tgz attempt 2 failed with 503
2335 http fetch GET https://packages.applied-caas-gateway1.internal.api.openai.org/artifactory/api/npm/npm-public/@types/json5/-/json5-0.0.29.tgz attempt 2 failed with 503
2336 http fetch GET https://packages.applied-caas-gateway1.internal.api.openai.org/artifactory/api/npm/npm-public/@sindresorhus/is/-/is-7.2.0.tgz attempt 2 failed with 503
2337 http fetch GET https://packages.applied-caas-gateway1.internal.api.openai.org/artifactory/api/npm/npm-public/@swc/helpers/-/helpers-0.5.15.tgz attempt 2 failed with 503
2338 http fetch GET https://packages.applied-caas-gateway1.internal.api.openai.org/artifactory/api/npm/npm-public/@rolldown/pluginutils/-/pluginutils-1.0.1.tgz attempt 2 failed with 503
2339 http fetch GET https://packages.applied-caas-gateway1.internal.api.openai.org/artifactory/api/npm/npm-public/@speed-highlight/core/-/core-1.2.15.tgz attempt 2 failed with 503
2340 http fetch GET https://packages.applied-caas-gateway1.internal.api.openai.org/artifactory/api/npm/npm-public/@poppinss/exception/-/exception-1.2.3.tgz attempt 2 failed with 503
2341 http fetch GET https://packages.applied-caas-gateway1.internal.api.openai.org/artifactory/api/npm/npm-public/@tailwindcss/postcss/-/postcss-4.2.1.tgz attempt 2 failed with 503
2342 http fetch GET https://packages.applied-caas-gateway1.internal.api.openai.org/artifactory/api/npm/npm-public/@rolldown/binding-linux-x64-gnu/-/binding-linux-x64-gnu-1.0.1.tgz attempt 2 failed with 503
2343 http fetch GET https://packages.applied-caas-gateway1.internal.api.openai.org/artifactory/api/npm/npm-public/@next/swc-linux-x64-gnu/-/swc-linux-x64-gnu-16.2.6.tgz attempt 2 failed with 503
2344 http fetch GET https://packages.applied-caas-gateway1.internal.api.openai.org/artifactory/api/npm/npm-public/@shuding/opentype.js/-/opentype.js-1.4.0-beta.0.tgz attempt 2 failed with 503
2345 http fetch GET https://packages.applied-caas-gateway1.internal.api.openai.org/artifactory/api/npm/npm-public/array.prototype.findlast/-/array.prototype.findlast-1.2.5.tgz attempt 2 failed with 503
2346 http fetch GET https://packages.applied-caas-gateway1.internal.api.openai.org/artifactory/api/npm/npm-public/@nodelib/fs.stat/-/fs.stat-2.0.5.tgz attempt 2 failed with 503
2347 http fetch GET https://packages.applied-caas-gateway1.internal.api.openai.org/artifactory/api/npm/npm-public/@rtsao/scc/-/scc-1.1.0.tgz attempt 2 failed with 503
2348 http fetch GET https://packages.applied-caas-gateway1.internal.api.openai.org/artifactory/api/npm/npm-public/@resvg/resvg-wasm/-/resvg-wasm-2.4.0.tgz attempt 2 failed with 503
2349 http fetch GET https://packages.applied-caas-gateway1.internal.api.openai.org/artifactory/api/npm/npm-public/@next/env/-/env-16.2.6.tgz attempt 2 failed with 503
2350 http fetch GET https://packages.applied-caas-gateway1.internal.api.openai.org/artifactory/api/npm/npm-public/@napi-rs/wasm-runtime/-/wasm-runtime-0.2.12.tgz attempt 2 failed with 503
2351 http fetch GET https://packages.applied-caas-gateway1.internal.api.openai.org/artifactory/api/npm/npm-public/@nodelib/fs.walk/-/fs.walk-1.2.8.tgz attempt 2 failed with 503
2352 http fetch GET https://packages.applied-caas-gateway1.internal.api.openai.org/artifactory/api/npm/npm-public/@oxc-project/types/-/types-0.130.0.tgz attempt 2 failed with 503
2353 http fetch GET https://packages.applied-caas-gateway1.internal.api.openai.org/artifactory/api/npm/npm-public/@poppinss/colors/-/colors-4.1.6.tgz attempt 2 failed with 503
2354 http fetch GET https://packages.applied-caas-gateway1.internal.api.openai.org/artifactory/api/npm/npm-public/@nodelib/fs.scandir/-/fs.scandir-2.1.5.tgz attempt 2 failed with 503
2355 http fetch GET https://packages.applied-caas-gateway1.internal.api.openai.org/artifactory/api/npm/npm-public/@nolyfill/is-core-module/-/is-core-module-1.0.39.tgz attempt 2 failed with 503
2356 http fetch GET https://packages.applied-caas-gateway1.internal.api.openai.org/artifactory/api/npm/npm-public/@jridgewell/sourcemap-codec/-/sourcemap-codec-1.5.5.tgz attempt 2 failed with 503
2357 http fetch GET https://packages.applied-caas-gateway1.internal.api.openai.org/artifactory/api/npm/npm-public/@next/eslint-plugin-next/-/eslint-plugin-next-16.2.6.tgz attempt 2 failed with 503
2358 http fetch GET https://packages.applied-caas-gateway1.internal.api.openai.org/artifactory/api/npm/npm-public/@jridgewell/source-map/-/source-map-0.3.11.tgz attempt 2 failed with 503
2359 http fetch GET https://packages.applied-caas-gateway1.internal.api.openai.org/artifactory/api/npm/npm-public/@jridgewell/resolve-uri/-/resolve-uri-3.1.2.tgz attempt 2 failed with 503
2360 http fetch GET https://packages.applied-caas-gateway1.internal.api.openai.org/artifactory/api/npm/npm-public/@jridgewell/trace-mapping/-/trace-mapping-0.3.31.tgz attempt 2 failed with 503
2361 http fetch GET https://packages.applied-caas-gateway1.internal.api.openai.org/artifactory/api/npm/npm-public/@jridgewell/remapping/-/remapping-2.3.5.tgz attempt 2 failed with 503
2362 http fetch GET https://packages.applied-caas-gateway1.internal.api.openai.org/artifactory/api/npm/npm-public/@humanfs/types/-/types-0.15.0.tgz attempt 2 failed with 503
2363 http fetch GET https://packages.applied-caas-gateway1.internal.api.openai.org/artifactory/api/npm/npm-public/@humanwhocodes/retry/-/retry-0.4.3.tgz attempt 2 failed with 503
2364 http fetch GET https://packages.applied-caas-gateway1.internal.api.openai.org/artifactory/api/npm/npm-public/@eslint/plugin-kit/-/plugin-kit-0.4.1.tgz attempt 2 failed with 503
2365 http fetch GET https://packages.applied-caas-gateway1.internal.api.openai.org/artifactory/api/npm/npm-public/@jridgewell/gen-mapping/-/gen-mapping-0.3.13.tgz attempt 2 failed with 503
2366 http fetch GET https://packages.applied-caas-gateway1.internal.api.openai.org/artifactory/api/npm/npm-public/@eslint/config-array/-/config-array-0.21.2.tgz attempt 2 failed with 503
2367 http fetch GET https://packages.applied-caas-gateway1.internal.api.openai.org/artifactory/api/npm/npm-public/@img/sharp-linux-x64/-/sharp-linux-x64-0.34.5.tgz attempt 2 failed with 503
2368 http fetch GET https://packages.applied-caas-gateway1.internal.api.openai.org/artifactory/api/npm/npm-public/@img/colour/-/colour-1.1.0.tgz attempt 2 failed with 503
2369 http fetch GET https://packages.applied-caas-gateway1.internal.api.openai.org/artifactory/api/npm/npm-public/@eslint/js/-/js-9.39.4.tgz attempt 2 failed with 503
2370 http fetch GET https://packages.applied-caas-gateway1.internal.api.openai.org/artifactory/api/npm/npm-public/@img/sharp-libvips-linux-x64/-/sharp-libvips-linux-x64-1.2.4.tgz attempt 2 failed with 503
2371 http fetch GET https://packages.applied-caas-gateway1.internal.api.openai.org/artifactory/api/npm/npm-public/@humanfs/core/-/core-0.19.2.tgz attempt 2 failed with 503
2372 http fetch GET https://packages.applied-caas-gateway1.internal.api.openai.org/artifactory/api/npm/npm-public/@humanwhocodes/module-importer/-/module-importer-1.0.1.tgz attempt 2 failed with 503
2373 http fetch GET https://packages.applied-caas-gateway1.internal.api.openai.org/artifactory/api/npm/npm-public/@humanfs/node/-/node-0.16.8.tgz attempt 2 failed with 503
2374 http fetch GET https://packages.applied-caas-gateway1.internal.api.openai.org/artifactory/api/npm/npm-public/@eslint/config-helpers/-/config-helpers-0.4.2.tgz attempt 2 failed with 503
2375 http fetch GET https://packages.applied-caas-gateway1.internal.api.openai.org/artifactory/api/npm/npm-public/@eslint-community/eslint-utils/-/eslint-utils-4.9.1.tgz attempt 2 failed with 503
2376 http fetch GET https://packages.applied-caas-gateway1.internal.api.openai.org/artifactory/api/npm/npm-public/@eslint/eslintrc/-/eslintrc-3.3.5.tgz attempt 2 failed with 503
2377 http fetch GET https://packages.applied-caas-gateway1.internal.api.openai.org/artifactory/api/npm/npm-public/@eslint/core/-/core-0.17.0.tgz attempt 2 failed with 503
2378 http fetch GET https://packages.applied-caas-gateway1.internal.api.openai.org/artifactory/api/npm/npm-public/@esbuild/linux-x64/-/linux-x64-0.28.0.tgz attempt 2 failed with 503
2379 http fetch GET https://packages.applied-caas-gateway1.internal.api.openai.org/artifactory/api/npm/npm-public/@eslint-community/regexpp/-/regexpp-4.12.2.tgz attempt 2 failed with 503
2380 http fetch GET https://packages.applied-caas-gateway1.internal.api.openai.org/artifactory/api/npm/npm-public/@esbuild-kit/esm-loader/-/esm-loader-2.6.5.tgz attempt 2 failed with 503
2381 http fetch GET https://packages.applied-caas-gateway1.internal.api.openai.org/artifactory/api/npm/npm-public/@emnapi/wasi-threads/-/wasi-threads-1.2.1.tgz attempt 2 failed with 503
2382 http fetch GET https://packages.applied-caas-gateway1.internal.api.openai.org/artifactory/api/npm/npm-public/@babel/types/-/types-7.29.0.tgz attempt 2 failed with 503
2383 http fetch GET https://packages.applied-caas-gateway1.internal.api.openai.org/artifactory/api/npm/npm-public/@eslint/object-schema/-/object-schema-2.1.7.tgz attempt 2 failed with 503
2384 http fetch GET https://packages.applied-caas-gateway1.internal.api.openai.org/artifactory/api/npm/npm-public/@babel/traverse/-/traverse-7.29.0.tgz attempt 2 failed with 503
2385 http fetch GET https://packages.applied-caas-gateway1.internal.api.openai.org/artifactory/api/npm/npm-public/@emnapi/runtime/-/runtime-1.10.0.tgz attempt 2 failed with 503
2386 http fetch GET https://packages.applied-caas-gateway1.internal.api.openai.org/artifactory/api/npm/npm-public/@cloudflare/workerd-linux-64/-/workerd-linux-64-1.20260515.1.tgz attempt 2 failed with 503
2387 http fetch GET https://packages.applied-caas-gateway1.internal.api.openai.org/artifactory/api/npm/npm-public/@babel/template/-/template-7.28.6.tgz attempt 2 failed with 503
2388 http fetch GET https://packages.applied-caas-gateway1.internal.api.openai.org/artifactory/api/npm/npm-public/@cspotcode/source-map-support/-/source-map-support-0.8.1.tgz attempt 2 failed with 503
2389 http fetch GET https://packages.applied-caas-gateway1.internal.api.openai.org/artifactory/api/npm/npm-public/@babel/helpers/-/helpers-7.29.2.tgz attempt 2 failed with 503
2390 http fetch GET https://packages.applied-caas-gateway1.internal.api.openai.org/artifactory/api/npm/npm-public/@esbuild-kit/core-utils/-/core-utils-3.3.2.tgz attempt 2 failed with 503
2391 http fetch GET https://packages.applied-caas-gateway1.internal.api.openai.org/artifactory/api/npm/npm-public/@drizzle-team/brocli/-/brocli-0.10.2.tgz attempt 2 failed with 503
2392 http fetch GET https://packages.applied-caas-gateway1.internal.api.openai.org/artifactory/api/npm/npm-public/@cloudflare/unenv-preset/-/unenv-preset-2.16.1.tgz attempt 2 failed with 503
2393 http fetch GET https://packages.applied-caas-gateway1.internal.api.openai.org/artifactory/api/npm/npm-public/@cloudflare/vite-plugin/-/vite-plugin-1.37.1.tgz attempt 2 failed with 503
2394 http fetch GET https://packages.applied-caas-gateway1.internal.api.openai.org/artifactory/api/npm/npm-public/@babel/helper-string-parser/-/helper-string-parser-7.27.1.tgz attempt 2 failed with 503
2395 http fetch GET https://packages.applied-caas-gateway1.internal.api.openai.org/artifactory/api/npm/npm-public/@cloudflare/kv-asset-handler/-/kv-asset-handler-0.5.0.tgz attempt 2 failed with 503
2396 http fetch GET https://packages.applied-caas-gateway1.internal.api.openai.org/artifactory/api/npm/npm-public/@emnapi/core/-/core-1.10.0.tgz attempt 2 failed with 503
2397 http fetch GET https://packages.applied-caas-gateway1.internal.api.openai.org/artifactory/api/npm/npm-public/@babel/helper-module-transforms/-/helper-module-transforms-7.28.6.tgz attempt 2 failed with 503
2398 http fetch GET https://packages.applied-caas-gateway1.internal.api.openai.org/artifactory/api/npm/npm-public/@babel/parser/-/parser-7.29.3.tgz attempt 2 failed with 503
2399 http fetch GET https://packages.applied-caas-gateway1.internal.api.openai.org/artifactory/api/npm/npm-public/@babel/code-frame/-/code-frame-7.29.0.tgz attempt 2 failed with 503
2400 http fetch GET https://packages.applied-caas-gateway1.internal.api.openai.org/artifactory/api/npm/npm-public/@babel/generator/-/generator-7.29.1.tgz attempt 2 failed with 503
2401 http fetch GET https://packages.applied-caas-gateway1.internal.api.openai.org/artifactory/api/npm/npm-public/@babel/helper-validator-identifier/-/helper-validator-identifier-7.28.5.tgz attempt 2 failed with 503
2402 http fetch GET https://packages.applied-caas-gateway1.internal.api.openai.org/artifactory/api/npm/npm-public/@babel/helper-validator-option/-/helper-validator-option-7.27.1.tgz attempt 2 failed with 503
2403 http fetch GET https://packages.applied-caas-gateway1.internal.api.openai.org/artifactory/api/npm/npm-public/@babel/helper-module-imports/-/helper-module-imports-7.28.6.tgz attempt 2 failed with 503
2404 http fetch GET https://packages.applied-caas-gateway1.internal.api.openai.org/artifactory/api/npm/npm-public/@babel/helper-compilation-targets/-/helper-compilation-targets-7.28.6.tgz attempt 2 failed with 503
2405 http fetch GET https://packages.applied-caas-gateway1.internal.api.openai.org/artifactory/api/npm/npm-public/eslint-scope/-/eslint-scope-5.1.1.tgz attempt 2 failed with 503
2406 http fetch GET https://packages.applied-caas-gateway1.internal.api.openai.org/artifactory/api/npm/npm-public/esbuild/-/esbuild-0.27.3.tgz attempt 2 failed with 503
2407 http fetch GET https://packages.applied-caas-gateway1.internal.api.openai.org/artifactory/api/npm/npm-public/@esbuild/linux-x64/-/linux-x64-0.27.3.tgz attempt 2 failed with 503
2408 http fetch GET https://packages.applied-caas-gateway1.internal.api.openai.org/artifactory/api/npm/npm-public/@alloc/quick-lru/-/quick-lru-5.2.0.tgz attempt 2 failed with 503
2409 http fetch GET https://packages.applied-caas-gateway1.internal.api.openai.org/artifactory/api/npm/npm-public/@babel/helper-globals/-/helper-globals-7.28.0.tgz attempt 2 failed with 503
2410 http fetch GET https://packages.applied-caas-gateway1.internal.api.openai.org/artifactory/api/npm/npm-public/lightningcss/-/lightningcss-1.32.0.tgz attempt 2 failed with 503
2411 http fetch GET https://packages.applied-caas-gateway1.internal.api.openai.org/artifactory/api/npm/npm-public/estraverse/-/estraverse-4.3.0.tgz attempt 2 failed with 503
2412 http fetch GET https://packages.applied-caas-gateway1.internal.api.openai.org/artifactory/api/npm/npm-public/@babel/core/-/core-7.29.0.tgz attempt 2 failed with 503
2413 http fetch GET https://packages.applied-caas-gateway1.internal.api.openai.org/artifactory/api/npm/npm-public/glob-parent/-/glob-parent-5.1.2.tgz attempt 2 failed with 503
2414 http fetch GET https://packages.applied-caas-gateway1.internal.api.openai.org/artifactory/api/npm/npm-public/json5/-/json5-1.0.2.tgz attempt 2 failed with 503
2415 http fetch GET https://packages.applied-caas-gateway1.internal.api.openai.org/artifactory/api/npm/npm-public/@babel/compat-data/-/compat-data-7.29.3.tgz attempt 2 failed with 503
2416 http fetch GET https://packages.applied-caas-gateway1.internal.api.openai.org/artifactory/api/npm/npm-public/picomatch/-/picomatch-4.0.4.tgz attempt 2 failed with 503
2417 http fetch GET https://packages.applied-caas-gateway1.internal.api.openai.org/artifactory/api/npm/npm-public/fast-glob/-/fast-glob-3.3.3.tgz attempt 2 failed with 503
2418 http fetch GET https://packages.applied-caas-gateway1.internal.api.openai.org/artifactory/api/npm/npm-public/es-module-lexer/-/es-module-lexer-1.7.0.tgz attempt 2 failed with 503
2419 http fetch GET https://packages.applied-caas-gateway1.internal.api.openai.org/artifactory/api/npm/npm-public/picomatch/-/picomatch-4.0.4.tgz attempt 2 failed with 503
2420 http fetch GET https://packages.applied-caas-gateway1.internal.api.openai.org/artifactory/api/npm/npm-public/fdir/-/fdir-6.5.0.tgz attempt 2 failed with 503
2421 http fetch GET https://packages.applied-caas-gateway1.internal.api.openai.org/artifactory/api/npm/npm-public/lightningcss-linux-x64-gnu/-/lightningcss-linux-x64-gnu-1.32.0.tgz attempt 2 failed with 503
2422 http fetch GET https://packages.applied-caas-gateway1.internal.api.openai.org/artifactory/api/npm/npm-public/json-schema-traverse/-/json-schema-traverse-1.0.0.tgz attempt 2 failed with 503
2423 http fetch GET https://packages.applied-caas-gateway1.internal.api.openai.org/artifactory/api/npm/npm-public/semver/-/semver-7.8.0.tgz attempt 2 failed with 503
2424 http fetch GET https://packages.applied-caas-gateway1.internal.api.openai.org/artifactory/api/npm/npm-public/js-tokens/-/js-tokens-9.0.1.tgz attempt 2 failed with 503
2425 http fetch GET https://packages.applied-caas-gateway1.internal.api.openai.org/artifactory/api/npm/npm-public/ajv/-/ajv-8.20.0.tgz attempt 2 failed with 503
2426 http fetch GET https://packages.applied-caas-gateway1.internal.api.openai.org/artifactory/api/npm/npm-public/debug/-/debug-3.2.7.tgz attempt 2 failed with 503
2427 http fetch GET https://packages.applied-caas-gateway1.internal.api.openai.org/artifactory/api/npm/npm-public/debug/-/debug-3.2.7.tgz attempt 2 failed with 503
2428 http fetch GET https://packages.applied-caas-gateway1.internal.api.openai.org/artifactory/api/npm/npm-public/supports-color/-/supports-color-8.1.1.tgz attempt 2 failed with 503
2429 http fetch GET https://packages.applied-caas-gateway1.internal.api.openai.org/artifactory/api/npm/npm-public/glob-parent/-/glob-parent-5.1.2.tgz attempt 2 failed with 503
2430 http fetch GET https://packages.applied-caas-gateway1.internal.api.openai.org/artifactory/api/npm/npm-public/ajv-keywords/-/ajv-keywords-5.1.0.tgz attempt 2 failed with 503
2431 http fetch GET https://packages.applied-caas-gateway1.internal.api.openai.org/artifactory/api/npm/npm-public/@esbuild/linux-x64/-/linux-x64-0.25.12.tgz attempt 2 failed with 503
2432 http fetch GET https://packages.applied-caas-gateway1.internal.api.openai.org/artifactory/api/npm/npm-public/globals/-/globals-16.4.0.tgz attempt 2 failed with 503
2433 http fetch GET https://packages.applied-caas-gateway1.internal.api.openai.org/artifactory/api/npm/npm-public/@rolldown/pluginutils/-/pluginutils-1.0.0-rc.18.tgz attempt 2 failed with 503
2434 http fetch GET https://packages.applied-caas-gateway1.internal.api.openai.org/artifactory/api/npm/npm-public/postcss/-/postcss-8.4.31.tgz attempt 2 failed with 503
2435 http fetch GET https://packages.applied-caas-gateway1.internal.api.openai.org/artifactory/api/npm/npm-public/semver/-/semver-7.8.0.tgz attempt 2 failed with 503
2436 http fetch GET https://packages.applied-caas-gateway1.internal.api.openai.org/artifactory/api/npm/npm-public/minimatch/-/minimatch-10.2.5.tgz attempt 2 failed with 503
2437 http fetch GET https://packages.applied-caas-gateway1.internal.api.openai.org/artifactory/api/npm/npm-public/debug/-/debug-3.2.7.tgz attempt 2 failed with 503
2438 http fetch GET https://packages.applied-caas-gateway1.internal.api.openai.org/artifactory/api/npm/npm-public/semver/-/semver-7.8.0.tgz attempt 2 failed with 503
2439 http fetch GET https://packages.applied-caas-gateway1.internal.api.openai.org/artifactory/api/npm/npm-public/ajv/-/ajv-8.20.0.tgz attempt 2 failed with 503
2440 http fetch GET https://packages.applied-caas-gateway1.internal.api.openai.org/artifactory/api/npm/npm-public/json-schema-traverse/-/json-schema-traverse-1.0.0.tgz attempt 2 failed with 503
2441 http fetch GET https://packages.applied-caas-gateway1.internal.api.openai.org/artifactory/api/npm/npm-public/esbuild/-/esbuild-0.25.12.tgz attempt 2 failed with 503
2442 http fetch GET https://packages.applied-caas-gateway1.internal.api.openai.org/artifactory/api/npm/npm-public/eslint-visitor-keys/-/eslint-visitor-keys-3.4.3.tgz attempt 2 failed with 503
2443 http fetch GET https://packages.applied-caas-gateway1.internal.api.openai.org/artifactory/api/npm/npm-public/balanced-match/-/balanced-match-4.0.4.tgz attempt 2 failed with 503
2444 http fetch GET https://packages.applied-caas-gateway1.internal.api.openai.org/artifactory/api/npm/npm-public/ignore/-/ignore-7.0.5.tgz attempt 2 failed with 503
2445 http fetch GET https://packages.applied-caas-gateway1.internal.api.openai.org/artifactory/api/npm/npm-public/@poppinss/dumper/-/dumper-0.6.5.tgz attempt 2 failed with 503
2446 http fetch GET https://packages.applied-caas-gateway1.internal.api.openai.org/artifactory/api/npm/npm-public/@napi-rs/wasm-runtime/-/wasm-runtime-1.1.4.tgz attempt 2 failed with 503
2447 http fetch GET https://packages.applied-caas-gateway1.internal.api.openai.org/artifactory/api/npm/npm-public/esbuild/-/esbuild-0.18.20.tgz attempt 2 failed with 503
2448 http fetch GET https://packages.applied-caas-gateway1.internal.api.openai.org/artifactory/api/npm/npm-public/eslint-visitor-keys/-/eslint-visitor-keys-5.0.1.tgz attempt 2 failed with 503
2449 http fetch GET https://packages.applied-caas-gateway1.internal.api.openai.org/artifactory/api/npm/npm-public/brace-expansion/-/brace-expansion-5.0.6.tgz attempt 2 failed with 503
2450 http fetch GET https://packages.applied-caas-gateway1.internal.api.openai.org/artifactory/api/npm/npm-public/@esbuild/linux-x64/-/linux-x64-0.18.20.tgz attempt 2 failed with 503
2451 http fetch GET https://packages.applied-caas-gateway1.internal.api.openai.org/artifactory/api/npm/npm-public/@jridgewell/trace-mapping/-/trace-mapping-0.3.9.tgz attempt 2 failed with 503
2452 http fetch GET https://packages.applied-caas-gateway1.internal.api.openai.org/artifactory/api/npm/npm-public/supports-color/-/supports-color-10.2.2.tgz attempt 2 failed with 503
2453 http fetch GET https://packages.applied-caas-gateway1.internal.api.openai.org/artifactory/api/npm/npm-public/youch/-/youch-4.1.0-beta.10.tgz attempt 3 failed with 503
2454 http fetch GET 503 https://packages.applied-caas-gateway1.internal.api.openai.org/artifactory/api/npm/npm-public/youch/-/youch-4.1.0-beta.10.tgz 70444ms attempt #3 (cache skip)
2455 http fetch GET https://packages.applied-caas-gateway1.internal.api.openai.org/artifactory/api/npm/npm-public/yallist/-/yallist-3.1.1.tgz attempt 3 failed with 503
2456 http fetch GET 503 https://packages.applied-caas-gateway1.internal.api.openai.org/artifactory/api/npm/npm-public/yallist/-/yallist-3.1.1.tgz 70447ms attempt #3 (cache skip)
2457 http fetch GET https://packages.applied-caas-gateway1.internal.api.openai.org/artifactory/api/npm/npm-public/ws/-/ws-8.18.0.tgz attempt 3 failed with 503
2458 http fetch GET 503 https://packages.applied-caas-gateway1.internal.api.openai.org/artifactory/api/npm/npm-public/ws/-/ws-8.18.0.tgz 70448ms attempt #3 (cache skip)
2459 http fetch GET https://packages.applied-caas-gateway1.internal.api.openai.org/artifactory/api/npm/npm-public/word-wrap/-/word-wrap-1.2.5.tgz attempt 3 failed with 503
2460 http fetch GET 503 https://packages.applied-caas-gateway1.internal.api.openai.org/artifactory/api/npm/npm-public/word-wrap/-/word-wrap-1.2.5.tgz 70446ms attempt #3 (cache skip)
2461 http fetch GET https://packages.applied-caas-gateway1.internal.api.openai.org/artifactory/api/npm/npm-public/youch-core/-/youch-core-0.3.3.tgz attempt 3 failed with 503
2462 http fetch GET 503 https://packages.applied-caas-gateway1.internal.api.openai.org/artifactory/api/npm/npm-public/youch-core/-/youch-core-0.3.3.tgz 70449ms attempt #3 (cache skip)
2463 http fetch GET https://packages.applied-caas-gateway1.internal.api.openai.org/artifactory/api/npm/npm-public/which-builtin-type/-/which-builtin-type-1.2.1.tgz attempt 3 failed with 503
2464 http fetch GET 503 https://packages.applied-caas-gateway1.internal.api.openai.org/artifactory/api/npm/npm-public/which-builtin-type/-/which-builtin-type-1.2.1.tgz 70446ms attempt #3 (cache skip)
2465 http fetch GET https://packages.applied-caas-gateway1.internal.api.openai.org/artifactory/api/npm/npm-public/which-typed-array/-/which-typed-array-1.1.20.tgz attempt 3 failed with 503
2466 http fetch GET 503 https://packages.applied-caas-gateway1.internal.api.openai.org/artifactory/api/npm/npm-public/which-typed-array/-/which-typed-array-1.1.20.tgz 70447ms attempt #3 (cache skip)
2467 http fetch GET https://packages.applied-caas-gateway1.internal.api.openai.org/artifactory/api/npm/npm-public/workerd/-/workerd-1.20260515.1.tgz attempt 3 failed with 503
2468 http fetch GET 503 https://packages.applied-caas-gateway1.internal.api.openai.org/artifactory/api/npm/npm-public/workerd/-/workerd-1.20260515.1.tgz 70448ms attempt #3 (cache skip)
2469 http fetch GET https://packages.applied-caas-gateway1.internal.api.openai.org/artifactory/api/npm/npm-public/which-boxed-primitive/-/which-boxed-primitive-1.1.1.tgz attempt 3 failed with 503
2470 http fetch GET 503 https://packages.applied-caas-gateway1.internal.api.openai.org/artifactory/api/npm/npm-public/which-boxed-primitive/-/which-boxed-primitive-1.1.1.tgz 70446ms attempt #3 (cache skip)
2471 http fetch GET https://packages.applied-caas-gateway1.internal.api.openai.org/artifactory/api/npm/npm-public/wrangler/-/wrangler-4.92.0.tgz attempt 3 failed with 503
2472 http fetch GET 503 https://packages.applied-caas-gateway1.internal.api.openai.org/artifactory/api/npm/npm-public/wrangler/-/wrangler-4.92.0.tgz 70450ms attempt #3 (cache skip)
2473 http fetch GET https://packages.applied-caas-gateway1.internal.api.openai.org/artifactory/api/npm/npm-public/zod-validation-error/-/zod-validation-error-4.0.2.tgz attempt 3 failed with 503
2474 http fetch GET 503 https://packages.applied-caas-gateway1.internal.api.openai.org/artifactory/api/npm/npm-public/zod-validation-error/-/zod-validation-error-4.0.2.tgz 70454ms attempt #3 (cache skip)
2475 http fetch GET https://packages.applied-caas-gateway1.internal.api.openai.org/artifactory/api/npm/npm-public/webpack-sources/-/webpack-sources-3.4.1.tgz attempt 3 failed with 503
2476 http fetch GET 503 https://packages.applied-caas-gateway1.internal.api.openai.org/artifactory/api/npm/npm-public/webpack-sources/-/webpack-sources-3.4.1.tgz 70449ms attempt #3 (cache skip)
2477 http fetch GET https://packages.applied-caas-gateway1.internal.api.openai.org/artifactory/api/npm/npm-public/which-collection/-/which-collection-1.0.2.tgz attempt 3 failed with 503
2478 http fetch GET 503 https://packages.applied-caas-gateway1.internal.api.openai.org/artifactory/api/npm/npm-public/which-collection/-/which-collection-1.0.2.tgz 70450ms attempt #3 (cache skip)
2479 http fetch GET https://packages.applied-caas-gateway1.internal.api.openai.org/artifactory/api/npm/npm-public/zod/-/zod-4.4.3.tgz attempt 3 failed with 503
2480 http fetch GET 503 https://packages.applied-caas-gateway1.internal.api.openai.org/artifactory/api/npm/npm-public/zod/-/zod-4.4.3.tgz 70457ms attempt #3 (cache skip)
2481 http fetch GET https://packages.applied-caas-gateway1.internal.api.openai.org/artifactory/api/npm/npm-public/webpack/-/webpack-5.106.2.tgz attempt 3 failed with 503
2482 http fetch GET 503 https://packages.applied-caas-gateway1.internal.api.openai.org/artifactory/api/npm/npm-public/webpack/-/webpack-5.106.2.tgz 70450ms attempt #3 (cache skip)
2483 http fetch GET https://packages.applied-caas-gateway1.internal.api.openai.org/artifactory/api/npm/npm-public/web-vitals/-/web-vitals-4.2.4.tgz attempt 3 failed with 503
2484 http fetch GET 503 https://packages.applied-caas-gateway1.internal.api.openai.org/artifactory/api/npm/npm-public/web-vitals/-/web-vitals-4.2.4.tgz 70450ms attempt #3 (cache skip)
2485 http fetch GET https://packages.applied-caas-gateway1.internal.api.openai.org/artifactory/api/npm/npm-public/which/-/which-2.0.2.tgz attempt 3 failed with 503
2486 http fetch GET 503 https://packages.applied-caas-gateway1.internal.api.openai.org/artifactory/api/npm/npm-public/which/-/which-2.0.2.tgz 70452ms attempt #3 (cache skip)
2487 http fetch GET https://packages.applied-caas-gateway1.internal.api.openai.org/artifactory/api/npm/npm-public/watchpack/-/watchpack-2.5.1.tgz attempt 3 failed with 503
2488 http fetch GET 503 https://packages.applied-caas-gateway1.internal.api.openai.org/artifactory/api/npm/npm-public/watchpack/-/watchpack-2.5.1.tgz 70453ms attempt #3 (cache skip)
2489 http fetch GET https://packages.applied-caas-gateway1.internal.api.openai.org/artifactory/api/npm/npm-public/vitefu/-/vitefu-1.1.3.tgz attempt 3 failed with 503
2490 http fetch GET 503 https://packages.applied-caas-gateway1.internal.api.openai.org/artifactory/api/npm/npm-public/vitefu/-/vitefu-1.1.3.tgz 70453ms attempt #3 (cache skip)
2491 http fetch GET https://packages.applied-caas-gateway1.internal.api.openai.org/artifactory/api/npm/npm-public/vite-plugin-dynamic-import/-/vite-plugin-dynamic-import-1.6.0.tgz attempt 3 failed with 503
2492 http fetch GET 503 https://packages.applied-caas-gateway1.internal.api.openai.org/artifactory/api/npm/npm-public/vite-plugin-dynamic-import/-/vite-plugin-dynamic-import-1.6.0.tgz 70455ms attempt #3 (cache skip)
2493 http fetch GET https://packages.applied-caas-gateway1.internal.api.openai.org/artifactory/api/npm/npm-public/vite-tsconfig-paths/-/vite-tsconfig-paths-6.1.1.tgz attempt 3 failed with 503
2494 http fetch GET 503 https://packages.applied-caas-gateway1.internal.api.openai.org/artifactory/api/npm/npm-public/vite-tsconfig-paths/-/vite-tsconfig-paths-6.1.1.tgz 70455ms attempt #3 (cache skip)
2495 http fetch GET https://packages.applied-caas-gateway1.internal.api.openai.org/artifactory/api/npm/npm-public/yoga-layout/-/yoga-layout-3.2.1.tgz attempt 3 failed with 503
2496 http fetch GET 503 https://packages.applied-caas-gateway1.internal.api.openai.org/artifactory/api/npm/npm-public/yoga-layout/-/yoga-layout-3.2.1.tgz 70463ms attempt #3 (cache skip)
2497 http fetch GET https://packages.applied-caas-gateway1.internal.api.openai.org/artifactory/api/npm/npm-public/update-browserslist-db/-/update-browserslist-db-1.2.3.tgz attempt 3 failed with 503
2498 http fetch GET 503 https://packages.applied-caas-gateway1.internal.api.openai.org/artifactory/api/npm/npm-public/update-browserslist-db/-/update-browserslist-db-1.2.3.tgz 70454ms attempt #3 (cache skip)
2499 http fetch GET https://packages.applied-caas-gateway1.internal.api.openai.org/artifactory/api/npm/npm-public/unrs-resolver/-/unrs-resolver-1.11.1.tgz attempt 3 failed with 503
2500 http fetch GET 503 https://packages.applied-caas-gateway1.internal.api.openai.org/artifactory/api/npm/npm-public/unrs-resolver/-/unrs-resolver-1.11.1.tgz 70456ms attempt #3 (cache skip)
2501 http fetch GET https://packages.applied-caas-gateway1.internal.api.openai.org/artifactory/api/npm/npm-public/unpic/-/unpic-4.2.2.tgz attempt 3 failed with 503
2502 http fetch GET 503 https://packages.applied-caas-gateway1.internal.api.openai.org/artifactory/api/npm/npm-public/unpic/-/unpic-4.2.2.tgz 70456ms attempt #3 (cache skip)
2503 http fetch GET https://packages.applied-caas-gateway1.internal.api.openai.org/artifactory/api/npm/npm-public/uri-js/-/uri-js-4.4.1.tgz attempt 3 failed with 503
2504 http fetch GET 503 https://packages.applied-caas-gateway1.internal.api.openai.org/artifactory/api/npm/npm-public/uri-js/-/uri-js-4.4.1.tgz 70458ms attempt #3 (cache skip)
2505 http fetch GET https://packages.applied-caas-gateway1.internal.api.openai.org/artifactory/api/npm/npm-public/typescript-eslint/-/typescript-eslint-8.59.3.tgz attempt 3 failed with 503
2506 http fetch GET 503 https://packages.applied-caas-gateway1.internal.api.openai.org/artifactory/api/npm/npm-public/typescript-eslint/-/typescript-eslint-8.59.3.tgz 70455ms attempt #3 (cache skip)
2507 http fetch GET https://packages.applied-caas-gateway1.internal.api.openai.org/artifactory/api/npm/npm-public/yocto-queue/-/yocto-queue-0.1.0.tgz attempt 3 failed with 503
2508 http fetch GET 503 https://packages.applied-caas-gateway1.internal.api.openai.org/artifactory/api/npm/npm-public/yocto-queue/-/yocto-queue-0.1.0.tgz 70465ms attempt #3 (cache skip)
2509 http fetch GET https://packages.applied-caas-gateway1.internal.api.openai.org/artifactory/api/npm/npm-public/vinext/-/vinext-0.0.50.tgz attempt 3 failed with 503
2510 http fetch GET 503 https://packages.applied-caas-gateway1.internal.api.openai.org/artifactory/api/npm/npm-public/vinext/-/vinext-0.0.50.tgz 70460ms attempt #3 (cache skip)
2511 http fetch GET https://packages.applied-caas-gateway1.internal.api.openai.org/artifactory/api/npm/npm-public/unbox-primitive/-/unbox-primitive-1.1.0.tgz attempt 3 failed with 503
2512 http fetch GET 503 https://packages.applied-caas-gateway1.internal.api.openai.org/artifactory/api/npm/npm-public/unbox-primitive/-/unbox-primitive-1.1.0.tgz 70457ms attempt #3 (cache skip)
2513 http fetch GET https://packages.applied-caas-gateway1.internal.api.openai.org/artifactory/api/npm/npm-public/vite-plugin-commonjs/-/vite-plugin-commonjs-0.10.4.tgz attempt 3 failed with 503
2514 http fetch GET 503 https://packages.applied-caas-gateway1.internal.api.openai.org/artifactory/api/npm/npm-public/vite-plugin-commonjs/-/vite-plugin-commonjs-0.10.4.tgz 70461ms attempt #3 (cache skip)
2515 http fetch GET https://packages.applied-caas-gateway1.internal.api.openai.org/artifactory/api/npm/npm-public/undici-types/-/undici-types-6.21.0.tgz attempt 3 failed with 503
2516 http fetch GET 503 https://packages.applied-caas-gateway1.internal.api.openai.org/artifactory/api/npm/npm-public/undici-types/-/undici-types-6.21.0.tgz 70458ms attempt #3 (cache skip)
2517 http fetch GET https://packages.applied-caas-gateway1.internal.api.openai.org/artifactory/api/npm/npm-public/unenv/-/unenv-2.0.0-rc.24.tgz attempt 3 failed with 503
2518 http fetch GET 503 https://packages.applied-caas-gateway1.internal.api.openai.org/artifactory/api/npm/npm-public/unenv/-/unenv-2.0.0-rc.24.tgz 70460ms attempt #3 (cache skip)
2519 http fetch GET https://packages.applied-caas-gateway1.internal.api.openai.org/artifactory/api/npm/npm-public/vite/-/vite-8.0.13.tgz attempt 3 failed with 503
2520 http fetch GET 503 https://packages.applied-caas-gateway1.internal.api.openai.org/artifactory/api/npm/npm-public/vite/-/vite-8.0.13.tgz 70462ms attempt #3 (cache skip)
2521 http fetch GET https://packages.applied-caas-gateway1.internal.api.openai.org/artifactory/api/npm/npm-public/typescript/-/typescript-5.9.3.tgz attempt 3 failed with 503
2522 http fetch GET 503 https://packages.applied-caas-gateway1.internal.api.openai.org/artifactory/api/npm/npm-public/typescript/-/typescript-5.9.3.tgz 70462ms attempt #3 (cache skip)
2523 http fetch GET https://packages.applied-caas-gateway1.internal.api.openai.org/artifactory/api/npm/npm-public/typed-array-byte-offset/-/typed-array-byte-offset-1.0.4.tgz attempt 3 failed with 503
2524 http fetch GET 503 https://packages.applied-caas-gateway1.internal.api.openai.org/artifactory/api/npm/npm-public/typed-array-byte-offset/-/typed-array-byte-offset-1.0.4.tgz 70463ms attempt #3 (cache skip)
2525 http fetch GET https://packages.applied-caas-gateway1.internal.api.openai.org/artifactory/api/npm/npm-public/typed-array-buffer/-/typed-array-buffer-1.0.3.tgz attempt 3 failed with 503
2526 http fetch GET 503 https://packages.applied-caas-gateway1.internal.api.openai.org/artifactory/api/npm/npm-public/typed-array-buffer/-/typed-array-buffer-1.0.3.tgz 70462ms attempt #3 (cache skip)
2527 http fetch GET https://packages.applied-caas-gateway1.internal.api.openai.org/artifactory/api/npm/npm-public/undici/-/undici-7.24.8.tgz attempt 3 failed with 503
2528 http fetch GET 503 https://packages.applied-caas-gateway1.internal.api.openai.org/artifactory/api/npm/npm-public/undici/-/undici-7.24.8.tgz 70465ms attempt #3 (cache skip)
2529 http fetch GET https://packages.applied-caas-gateway1.internal.api.openai.org/artifactory/api/npm/npm-public/unicode-trie/-/unicode-trie-2.0.0.tgz attempt 3 failed with 503
2530 http fetch GET 503 https://packages.applied-caas-gateway1.internal.api.openai.org/artifactory/api/npm/npm-public/unicode-trie/-/unicode-trie-2.0.0.tgz 70467ms attempt #3 (cache skip)
2531 http fetch GET https://packages.applied-caas-gateway1.internal.api.openai.org/artifactory/api/npm/npm-public/typed-array-byte-length/-/typed-array-byte-length-1.0.3.tgz attempt 3 failed with 503
2532 http fetch GET 503 https://packages.applied-caas-gateway1.internal.api.openai.org/artifactory/api/npm/npm-public/typed-array-byte-length/-/typed-array-byte-length-1.0.3.tgz 70464ms attempt #3 (cache skip)
2533 http fetch GET https://packages.applied-caas-gateway1.internal.api.openai.org/artifactory/api/npm/npm-public/type-check/-/type-check-0.4.0.tgz attempt 3 failed with 503
2534 http fetch GET 503 https://packages.applied-caas-gateway1.internal.api.openai.org/artifactory/api/npm/npm-public/type-check/-/type-check-0.4.0.tgz 70465ms attempt #3 (cache skip)
2535 http fetch GET https://packages.applied-caas-gateway1.internal.api.openai.org/artifactory/api/npm/npm-public/turbo-stream/-/turbo-stream-3.2.0.tgz attempt 3 failed with 503
2536 http fetch GET 503 https://packages.applied-caas-gateway1.internal.api.openai.org/artifactory/api/npm/npm-public/turbo-stream/-/turbo-stream-3.2.0.tgz 70464ms attempt #3 (cache skip)
2537 http fetch GET https://packages.applied-caas-gateway1.internal.api.openai.org/artifactory/api/npm/npm-public/tsconfck/-/tsconfck-3.1.6.tgz attempt 3 failed with 503
2538 http fetch GET 503 https://packages.applied-caas-gateway1.internal.api.openai.org/artifactory/api/npm/npm-public/tsconfck/-/tsconfck-3.1.6.tgz 70463ms attempt #3 (cache skip)
2539 http fetch GET https://packages.applied-caas-gateway1.internal.api.openai.org/artifactory/api/npm/npm-public/tsx/-/tsx-4.22.1.tgz attempt 3 failed with 503
2540 http fetch GET 503 https://packages.applied-caas-gateway1.internal.api.openai.org/artifactory/api/npm/npm-public/tsx/-/tsx-4.22.1.tgz 70465ms attempt #3 (cache skip)
2541 http fetch GET https://packages.applied-caas-gateway1.internal.api.openai.org/artifactory/api/npm/npm-public/typed-array-length/-/typed-array-length-1.0.7.tgz attempt 3 failed with 503
2542 http fetch GET 503 https://packages.applied-caas-gateway1.internal.api.openai.org/artifactory/api/npm/npm-public/typed-array-length/-/typed-array-length-1.0.7.tgz 70467ms attempt #3 (cache skip)
2543 http fetch GET https://packages.applied-caas-gateway1.internal.api.openai.org/artifactory/api/npm/npm-public/tsconfig-paths/-/tsconfig-paths-3.15.0.tgz attempt 3 failed with 503
2544 http fetch GET 503 https://packages.applied-caas-gateway1.internal.api.openai.org/artifactory/api/npm/npm-public/tsconfig-paths/-/tsconfig-paths-3.15.0.tgz 70468ms attempt #3 (cache skip)
2545 http fetch GET https://packages.applied-caas-gateway1.internal.api.openai.org/artifactory/api/npm/npm-public/ts-api-utils/-/ts-api-utils-2.5.0.tgz attempt 3 failed with 503
2546 http fetch GET 503 https://packages.applied-caas-gateway1.internal.api.openai.org/artifactory/api/npm/npm-public/ts-api-utils/-/ts-api-utils-2.5.0.tgz 70468ms attempt #3 (cache skip)
2547 http fetch GET https://packages.applied-caas-gateway1.internal.api.openai.org/artifactory/api/npm/npm-public/tinyglobby/-/tinyglobby-0.2.16.tgz attempt 3 failed with 503
2548 http fetch GET 503 https://packages.applied-caas-gateway1.internal.api.openai.org/artifactory/api/npm/npm-public/tinyglobby/-/tinyglobby-0.2.16.tgz 70469ms attempt #3 (cache skip)
2549 http fetch GET https://packages.applied-caas-gateway1.internal.api.openai.org/artifactory/api/npm/npm-public/tapable/-/tapable-2.3.3.tgz attempt 3 failed with 503
2550 http fetch GET 503 https://packages.applied-caas-gateway1.internal.api.openai.org/artifactory/api/npm/npm-public/tapable/-/tapable-2.3.3.tgz 70468ms attempt #3 (cache skip)
2551 http fetch GET https://packages.applied-caas-gateway1.internal.api.openai.org/artifactory/api/npm/npm-public/styled-jsx/-/styled-jsx-5.1.6.tgz attempt 3 failed with 503
2552 http fetch GET 503 https://packages.applied-caas-gateway1.internal.api.openai.org/artifactory/api/npm/npm-public/styled-jsx/-/styled-jsx-5.1.6.tgz 70468ms attempt #3 (cache skip)
2553 http fetch GET https://packages.applied-caas-gateway1.internal.api.openai.org/artifactory/api/npm/npm-public/tailwindcss/-/tailwindcss-4.2.1.tgz attempt 3 failed with 503
2554 http fetch GET 503 https://packages.applied-caas-gateway1.internal.api.openai.org/artifactory/api/npm/npm-public/tailwindcss/-/tailwindcss-4.2.1.tgz 70469ms attempt #3 (cache skip)
2555 http fetch GET https://packages.applied-caas-gateway1.internal.api.openai.org/artifactory/api/npm/npm-public/strip-json-comments/-/strip-json-comments-3.1.1.tgz attempt 3 failed with 503
2556 http fetch GET 503 https://packages.applied-caas-gateway1.internal.api.openai.org/artifactory/api/npm/npm-public/strip-json-comments/-/strip-json-comments-3.1.1.tgz 70469ms attempt #3 (cache skip)
2557 http fetch GET https://packages.applied-caas-gateway1.internal.api.openai.org/artifactory/api/npm/npm-public/terser/-/terser-5.47.1.tgz attempt 3 failed with 503
2558 http fetch GET 503 https://packages.applied-caas-gateway1.internal.api.openai.org/artifactory/api/npm/npm-public/terser/-/terser-5.47.1.tgz 70471ms attempt #3 (cache skip)
2559 http fetch GET https://packages.applied-caas-gateway1.internal.api.openai.org/artifactory/api/npm/npm-public/tslib/-/tslib-2.8.1.tgz attempt 3 failed with 503
2560 http fetch GET 503 https://packages.applied-caas-gateway1.internal.api.openai.org/artifactory/api/npm/npm-public/tslib/-/tslib-2.8.1.tgz 70473ms attempt #3 (cache skip)
2561 http fetch GET https://packages.applied-caas-gateway1.internal.api.openai.org/artifactory/api/npm/npm-public/to-regex-range/-/to-regex-range-5.0.1.tgz attempt 3 failed with 503
2562 http fetch GET 503 https://packages.applied-caas-gateway1.internal.api.openai.org/artifactory/api/npm/npm-public/to-regex-range/-/to-regex-range-5.0.1.tgz 70473ms attempt #3 (cache skip)
2563 http fetch GET https://packages.applied-caas-gateway1.internal.api.openai.org/artifactory/api/npm/npm-public/terser-webpack-plugin/-/terser-webpack-plugin-5.6.0.tgz attempt 3 failed with 503
2564 http fetch GET 503 https://packages.applied-caas-gateway1.internal.api.openai.org/artifactory/api/npm/npm-public/terser-webpack-plugin/-/terser-webpack-plugin-5.6.0.tgz 70473ms attempt #3 (cache skip)
2565 http fetch GET https://packages.applied-caas-gateway1.internal.api.openai.org/artifactory/api/npm/npm-public/strip-bom/-/strip-bom-3.0.0.tgz attempt 3 failed with 503
2566 http fetch GET 503 https://packages.applied-caas-gateway1.internal.api.openai.org/artifactory/api/npm/npm-public/strip-bom/-/strip-bom-3.0.0.tgz 70471ms attempt #3 (cache skip)
2567 http fetch GET https://packages.applied-caas-gateway1.internal.api.openai.org/artifactory/api/npm/npm-public/string.prototype.trimstart/-/string.prototype.trimstart-1.0.8.tgz attempt 3 failed with 503
2568 http fetch GET 503 https://packages.applied-caas-gateway1.internal.api.openai.org/artifactory/api/npm/npm-public/string.prototype.trimstart/-/string.prototype.trimstart-1.0.8.tgz 70471ms attempt #3 (cache skip)
2569 http fetch GET https://packages.applied-caas-gateway1.internal.api.openai.org/artifactory/api/npm/npm-public/supports-preserve-symlinks-flag/-/supports-preserve-symlinks-flag-1.0.0.tgz attempt 3 failed with 503
2570 http fetch GET 503 https://packages.applied-caas-gateway1.internal.api.openai.org/artifactory/api/npm/npm-public/supports-preserve-symlinks-flag/-/supports-preserve-symlinks-flag-1.0.0.tgz 70474ms attempt #3 (cache skip)
2571 http fetch GET https://packages.applied-caas-gateway1.internal.api.openai.org/artifactory/api/npm/npm-public/tiny-inflate/-/tiny-inflate-1.0.3.tgz attempt 3 failed with 503
2572 http fetch GET 503 https://packages.applied-caas-gateway1.internal.api.openai.org/artifactory/api/npm/npm-public/tiny-inflate/-/tiny-inflate-1.0.3.tgz 70475ms attempt #3 (cache skip)
2573 http fetch GET https://packages.applied-caas-gateway1.internal.api.openai.org/artifactory/api/npm/npm-public/string.prototype.matchall/-/string.prototype.matchall-4.0.12.tgz attempt 3 failed with 503
2574 http fetch GET 503 https://packages.applied-caas-gateway1.internal.api.openai.org/artifactory/api/npm/npm-public/string.prototype.matchall/-/string.prototype.matchall-4.0.12.tgz 70474ms attempt #3 (cache skip)
2575 http fetch GET https://packages.applied-caas-gateway1.internal.api.openai.org/artifactory/api/npm/npm-public/stable-hash/-/stable-hash-0.0.5.tgz attempt 3 failed with 503
2576 http fetch GET 503 https://packages.applied-caas-gateway1.internal.api.openai.org/artifactory/api/npm/npm-public/stable-hash/-/stable-hash-0.0.5.tgz 70474ms attempt #3 (cache skip)
2577 http fetch GET https://packages.applied-caas-gateway1.internal.api.openai.org/artifactory/api/npm/npm-public/srvx/-/srvx-0.11.15.tgz attempt 3 failed with 503
2578 http fetch GET 503 https://packages.applied-caas-gateway1.internal.api.openai.org/artifactory/api/npm/npm-public/srvx/-/srvx-0.11.15.tgz 70475ms attempt #3 (cache skip)
2579 http fetch GET https://packages.applied-caas-gateway1.internal.api.openai.org/artifactory/api/npm/npm-public/supports-color/-/supports-color-7.2.0.tgz attempt 3 failed with 503
2580 http fetch GET 503 https://packages.applied-caas-gateway1.internal.api.openai.org/artifactory/api/npm/npm-public/supports-color/-/supports-color-7.2.0.tgz 70480ms attempt #3 (cache skip)
2581 http fetch GET https://packages.applied-caas-gateway1.internal.api.openai.org/artifactory/api/npm/npm-public/string.prototype.includes/-/string.prototype.includes-2.0.1.tgz attempt 3 failed with 503
2582 http fetch GET 503 https://packages.applied-caas-gateway1.internal.api.openai.org/artifactory/api/npm/npm-public/string.prototype.includes/-/string.prototype.includes-2.0.1.tgz 70477ms attempt #3 (cache skip)
2583 http fetch GET https://packages.applied-caas-gateway1.internal.api.openai.org/artifactory/api/npm/npm-public/strip-literal/-/strip-literal-3.1.0.tgz attempt 3 failed with 503
2584 http fetch GET 503 https://packages.applied-caas-gateway1.internal.api.openai.org/artifactory/api/npm/npm-public/strip-literal/-/strip-literal-3.1.0.tgz 70480ms attempt #3 (cache skip)
2585 http fetch GET https://packages.applied-caas-gateway1.internal.api.openai.org/artifactory/api/npm/npm-public/string.prototype.repeat/-/string.prototype.repeat-1.0.0.tgz attempt 3 failed with 503
2586 http fetch GET 503 https://packages.applied-caas-gateway1.internal.api.openai.org/artifactory/api/npm/npm-public/string.prototype.repeat/-/string.prototype.repeat-1.0.0.tgz 70479ms attempt #3 (cache skip)
2587 http fetch GET https://packages.applied-caas-gateway1.internal.api.openai.org/artifactory/api/npm/npm-public/string.prototype.trim/-/string.prototype.trim-1.2.10.tgz attempt 3 failed with 503
2588 http fetch GET 503 https://packages.applied-caas-gateway1.internal.api.openai.org/artifactory/api/npm/npm-public/string.prototype.trim/-/string.prototype.trim-1.2.10.tgz 70480ms attempt #3 (cache skip)
2589 http fetch GET https://packages.applied-caas-gateway1.internal.api.openai.org/artifactory/api/npm/npm-public/string.prototype.trimend/-/string.prototype.trimend-1.0.9.tgz attempt 3 failed with 503
2590 http fetch GET 503 https://packages.applied-caas-gateway1.internal.api.openai.org/artifactory/api/npm/npm-public/string.prototype.trimend/-/string.prototype.trimend-1.0.9.tgz 70481ms attempt #3 (cache skip)
2591 http fetch GET https://packages.applied-caas-gateway1.internal.api.openai.org/artifactory/api/npm/npm-public/stop-iteration-iterator/-/stop-iteration-iterator-1.1.0.tgz attempt 3 failed with 503
2592 http fetch GET 503 https://packages.applied-caas-gateway1.internal.api.openai.org/artifactory/api/npm/npm-public/stop-iteration-iterator/-/stop-iteration-iterator-1.1.0.tgz 70479ms attempt #3 (cache skip)
2593 http fetch GET https://packages.applied-caas-gateway1.internal.api.openai.org/artifactory/api/npm/npm-public/source-map/-/source-map-0.6.1.tgz attempt 3 failed with 503
2594 http fetch GET 503 https://packages.applied-caas-gateway1.internal.api.openai.org/artifactory/api/npm/npm-public/source-map/-/source-map-0.6.1.tgz 70479ms attempt #3 (cache skip)
2595 http fetch GET https://packages.applied-caas-gateway1.internal.api.openai.org/artifactory/api/npm/npm-public/string.prototype.codepointat/-/string.prototype.codepointat-0.2.1.tgz attempt 3 failed with 503
2596 http fetch GET 503 https://packages.applied-caas-gateway1.internal.api.openai.org/artifactory/api/npm/npm-public/string.prototype.codepointat/-/string.prototype.codepointat-0.2.1.tgz 70482ms attempt #3 (cache skip)
2597 http fetch GET https://packages.applied-caas-gateway1.internal.api.openai.org/artifactory/api/npm/npm-public/source-map-support/-/source-map-support-0.5.21.tgz attempt 3 failed with 503
2598 http fetch GET 503 https://packages.applied-caas-gateway1.internal.api.openai.org/artifactory/api/npm/npm-public/source-map-support/-/source-map-support-0.5.21.tgz 70481ms attempt #3 (cache skip)
2599 http fetch GET https://packages.applied-caas-gateway1.internal.api.openai.org/artifactory/api/npm/npm-public/side-channel-map/-/side-channel-map-1.0.1.tgz attempt 3 failed with 503
2600 http fetch GET 503 https://packages.applied-caas-gateway1.internal.api.openai.org/artifactory/api/npm/npm-public/side-channel-map/-/side-channel-map-1.0.1.tgz 70480ms attempt #3 (cache skip)
2601 http fetch GET https://packages.applied-caas-gateway1.internal.api.openai.org/artifactory/api/npm/npm-public/set-proto/-/set-proto-1.0.0.tgz attempt 3 failed with 503
2602 http fetch GET 503 https://packages.applied-caas-gateway1.internal.api.openai.org/artifactory/api/npm/npm-public/set-proto/-/set-proto-1.0.0.tgz 70479ms attempt #3 (cache skip)
2603 http fetch GET https://packages.applied-caas-gateway1.internal.api.openai.org/artifactory/api/npm/npm-public/shebang-command/-/shebang-command-2.0.0.tgz attempt 3 failed with 503
2604 http fetch GET 503 https://packages.applied-caas-gateway1.internal.api.openai.org/artifactory/api/npm/npm-public/shebang-command/-/shebang-command-2.0.0.tgz 70480ms attempt #3 (cache skip)
2605 http fetch GET https://packages.applied-caas-gateway1.internal.api.openai.org/artifactory/api/npm/npm-public/side-channel-list/-/side-channel-list-1.0.1.tgz attempt 3 failed with 503
2606 http fetch GET 503 https://packages.applied-caas-gateway1.internal.api.openai.org/artifactory/api/npm/npm-public/side-channel-list/-/side-channel-list-1.0.1.tgz 70482ms attempt #3 (cache skip)
2607 http fetch GET https://packages.applied-caas-gateway1.internal.api.openai.org/artifactory/api/npm/npm-public/sharp/-/sharp-0.34.5.tgz attempt 3 failed with 503
2608 http fetch GET 503 https://packages.applied-caas-gateway1.internal.api.openai.org/artifactory/api/npm/npm-public/sharp/-/sharp-0.34.5.tgz 70481ms attempt #3 (cache skip)
2609 http fetch GET https://packages.applied-caas-gateway1.internal.api.openai.org/artifactory/api/npm/npm-public/set-function-name/-/set-function-name-2.0.2.tgz attempt 3 failed with 503
2610 http fetch GET 503 https://packages.applied-caas-gateway1.internal.api.openai.org/artifactory/api/npm/npm-public/set-function-name/-/set-function-name-2.0.2.tgz 70482ms attempt #3 (cache skip)
2611 http fetch GET https://packages.applied-caas-gateway1.internal.api.openai.org/artifactory/api/npm/npm-public/side-channel/-/side-channel-1.1.0.tgz attempt 3 failed with 503
2612 http fetch GET 503 https://packages.applied-caas-gateway1.internal.api.openai.org/artifactory/api/npm/npm-public/side-channel/-/side-channel-1.1.0.tgz 70487ms attempt #3 (cache skip)
2613 http fetch GET https://packages.applied-caas-gateway1.internal.api.openai.org/artifactory/api/npm/npm-public/side-channel-weakmap/-/side-channel-weakmap-1.0.2.tgz attempt 3 failed with 503
2614 http fetch GET 503 https://packages.applied-caas-gateway1.internal.api.openai.org/artifactory/api/npm/npm-public/side-channel-weakmap/-/side-channel-weakmap-1.0.2.tgz 70489ms attempt #3 (cache skip)
2615 http fetch GET https://packages.applied-caas-gateway1.internal.api.openai.org/artifactory/api/npm/npm-public/shebang-regex/-/shebang-regex-3.0.0.tgz attempt 3 failed with 503
2616 http fetch GET 503 https://packages.applied-caas-gateway1.internal.api.openai.org/artifactory/api/npm/npm-public/shebang-regex/-/shebang-regex-3.0.0.tgz 70489ms attempt #3 (cache skip)
2617 http fetch GET https://packages.applied-caas-gateway1.internal.api.openai.org/artifactory/api/npm/npm-public/source-map-js/-/source-map-js-1.2.1.tgz attempt 3 failed with 503
2618 http fetch GET 503 https://packages.applied-caas-gateway1.internal.api.openai.org/artifactory/api/npm/npm-public/source-map-js/-/source-map-js-1.2.1.tgz 70490ms attempt #3 (cache skip)
2619 http fetch GET https://packages.applied-caas-gateway1.internal.api.openai.org/artifactory/api/npm/npm-public/scheduler/-/scheduler-0.27.0.tgz attempt 3 failed with 503
2620 http fetch GET 503 https://packages.applied-caas-gateway1.internal.api.openai.org/artifactory/api/npm/npm-public/scheduler/-/scheduler-0.27.0.tgz 70486ms attempt #3 (cache skip)
2621 http fetch GET https://packages.applied-caas-gateway1.internal.api.openai.org/artifactory/api/npm/npm-public/schema-utils/-/schema-utils-4.3.3.tgz attempt 3 failed with 503
2622 http fetch GET 503 https://packages.applied-caas-gateway1.internal.api.openai.org/artifactory/api/npm/npm-public/schema-utils/-/schema-utils-4.3.3.tgz 70488ms attempt #3 (cache skip)
2623 http fetch GET https://packages.applied-caas-gateway1.internal.api.openai.org/artifactory/api/npm/npm-public/safe-push-apply/-/safe-push-apply-1.0.0.tgz attempt 3 failed with 503
2624 http fetch GET 503 https://packages.applied-caas-gateway1.internal.api.openai.org/artifactory/api/npm/npm-public/safe-push-apply/-/safe-push-apply-1.0.0.tgz 70488ms attempt #3 (cache skip)
2625 http fetch GET https://packages.applied-caas-gateway1.internal.api.openai.org/artifactory/api/npm/npm-public/set-function-length/-/set-function-length-1.2.2.tgz attempt 3 failed with 503
2626 http fetch GET 503 https://packages.applied-caas-gateway1.internal.api.openai.org/artifactory/api/npm/npm-public/set-function-length/-/set-function-length-1.2.2.tgz 70489ms attempt #3 (cache skip)
2627 http fetch GET https://packages.applied-caas-gateway1.internal.api.openai.org/artifactory/api/npm/npm-public/safe-array-concat/-/safe-array-concat-1.1.4.tgz attempt 3 failed with 503
2628 http fetch GET 503 https://packages.applied-caas-gateway1.internal.api.openai.org/artifactory/api/npm/npm-public/safe-array-concat/-/safe-array-concat-1.1.4.tgz 70487ms attempt #3 (cache skip)
2629 http fetch GET https://packages.applied-caas-gateway1.internal.api.openai.org/artifactory/api/npm/npm-public/semver/-/semver-6.3.1.tgz attempt 3 failed with 503
2630 http fetch GET 503 https://packages.applied-caas-gateway1.internal.api.openai.org/artifactory/api/npm/npm-public/semver/-/semver-6.3.1.tgz 70490ms attempt #3 (cache skip)
2631 http fetch GET https://packages.applied-caas-gateway1.internal.api.openai.org/artifactory/api/npm/npm-public/satori/-/satori-0.16.0.tgz attempt 3 failed with 503
2632 http fetch GET 503 https://packages.applied-caas-gateway1.internal.api.openai.org/artifactory/api/npm/npm-public/satori/-/satori-0.16.0.tgz 70489ms attempt #3 (cache skip)
2633 http fetch GET https://packages.applied-caas-gateway1.internal.api.openai.org/artifactory/api/npm/npm-public/reusify/-/reusify-1.1.0.tgz attempt 3 failed with 503
2634 http fetch GET 503 https://packages.applied-caas-gateway1.internal.api.openai.org/artifactory/api/npm/npm-public/reusify/-/reusify-1.1.0.tgz 70488ms attempt #3 (cache skip)
2635 http fetch GET https://packages.applied-caas-gateway1.internal.api.openai.org/artifactory/api/npm/npm-public/rolldown/-/rolldown-1.0.1.tgz attempt 3 failed with 503
2636 http fetch GET 503 https://packages.applied-caas-gateway1.internal.api.openai.org/artifactory/api/npm/npm-public/rolldown/-/rolldown-1.0.1.tgz 70489ms attempt #3 (cache skip)
2637 http fetch GET https://packages.applied-caas-gateway1.internal.api.openai.org/artifactory/api/npm/npm-public/regexp.prototype.flags/-/regexp.prototype.flags-1.5.4.tgz attempt 3 failed with 503
2638 http fetch GET 503 https://packages.applied-caas-gateway1.internal.api.openai.org/artifactory/api/npm/npm-public/regexp.prototype.flags/-/regexp.prototype.flags-1.5.4.tgz 70488ms attempt #3 (cache skip)
2639 http fetch GET https://packages.applied-caas-gateway1.internal.api.openai.org/artifactory/api/npm/npm-public/resolve-pkg-maps/-/resolve-pkg-maps-1.0.0.tgz attempt 3 failed with 503
2640 http fetch GET 503 https://packages.applied-caas-gateway1.internal.api.openai.org/artifactory/api/npm/npm-public/resolve-pkg-maps/-/resolve-pkg-maps-1.0.0.tgz 70489ms attempt #3 (cache skip)
2641 http fetch GET https://packages.applied-caas-gateway1.internal.api.openai.org/artifactory/api/npm/npm-public/reflect.getprototypeof/-/reflect.getprototypeof-1.0.10.tgz attempt 3 failed with 503
2642 http fetch GET 503 https://packages.applied-caas-gateway1.internal.api.openai.org/artifactory/api/npm/npm-public/reflect.getprototypeof/-/reflect.getprototypeof-1.0.10.tgz 70492ms attempt #3 (cache skip)
2643 http fetch GET https://packages.applied-caas-gateway1.internal.api.openai.org/artifactory/api/npm/npm-public/safe-regex-test/-/safe-regex-test-1.1.0.tgz attempt 3 failed with 503
2644 http fetch GET 503 https://packages.applied-caas-gateway1.internal.api.openai.org/artifactory/api/npm/npm-public/safe-regex-test/-/safe-regex-test-1.1.0.tgz 70496ms attempt #3 (cache skip)
2645 http fetch GET https://packages.applied-caas-gateway1.internal.api.openai.org/artifactory/api/npm/npm-public/resolve/-/resolve-2.0.0-next.7.tgz attempt 3 failed with 503
2646 http fetch GET 503 https://packages.applied-caas-gateway1.internal.api.openai.org/artifactory/api/npm/npm-public/resolve/-/resolve-2.0.0-next.7.tgz 70495ms attempt #3 (cache skip)
2647 http fetch GET https://packages.applied-caas-gateway1.internal.api.openai.org/artifactory/api/npm/npm-public/run-parallel/-/run-parallel-1.2.0.tgz attempt 3 failed with 503
2648 http fetch GET 503 https://packages.applied-caas-gateway1.internal.api.openai.org/artifactory/api/npm/npm-public/run-parallel/-/run-parallel-1.2.0.tgz 70497ms attempt #3 (cache skip)
2649 http fetch GET https://packages.applied-caas-gateway1.internal.api.openai.org/artifactory/api/npm/npm-public/postcss/-/postcss-8.5.14.tgz attempt 3 failed with 503
2650 http fetch GET 503 https://packages.applied-caas-gateway1.internal.api.openai.org/artifactory/api/npm/npm-public/postcss/-/postcss-8.5.14.tgz 70492ms attempt #3 (cache skip)
2651 http fetch GET https://packages.applied-caas-gateway1.internal.api.openai.org/artifactory/api/npm/npm-public/resolve-from/-/resolve-from-4.0.0.tgz attempt 3 failed with 503
2652 http fetch GET 503 https://packages.applied-caas-gateway1.internal.api.openai.org/artifactory/api/npm/npm-public/resolve-from/-/resolve-from-4.0.0.tgz 70497ms attempt #3 (cache skip)
2653 http fetch GET https://packages.applied-caas-gateway1.internal.api.openai.org/artifactory/api/npm/npm-public/prelude-ls/-/prelude-ls-1.2.1.tgz attempt 3 failed with 503
2654 http fetch GET 503 https://packages.applied-caas-gateway1.internal.api.openai.org/artifactory/api/npm/npm-public/prelude-ls/-/prelude-ls-1.2.1.tgz 70495ms attempt #3 (cache skip)
2655 http fetch GET https://packages.applied-caas-gateway1.internal.api.openai.org/artifactory/api/npm/npm-public/react/-/react-19.2.6.tgz attempt 3 failed with 503
2656 http fetch GET 503 https://packages.applied-caas-gateway1.internal.api.openai.org/artifactory/api/npm/npm-public/react/-/react-19.2.6.tgz 70496ms attempt #3 (cache skip)
2657 http fetch GET https://packages.applied-caas-gateway1.internal.api.openai.org/artifactory/api/npm/npm-public/react-server-dom-webpack/-/react-server-dom-webpack-19.2.6.tgz attempt 3 failed with 503
2658 http fetch GET 503 https://packages.applied-caas-gateway1.internal.api.openai.org/artifactory/api/npm/npm-public/react-server-dom-webpack/-/react-server-dom-webpack-19.2.6.tgz 70498ms attempt #3 (cache skip)
2659 http fetch GET https://packages.applied-caas-gateway1.internal.api.openai.org/artifactory/api/npm/npm-public/react-is/-/react-is-16.13.1.tgz attempt 3 failed with 503
2660 http fetch GET 503 https://packages.applied-caas-gateway1.internal.api.openai.org/artifactory/api/npm/npm-public/react-is/-/react-is-16.13.1.tgz 70497ms attempt #3 (cache skip)
2661 http fetch GET https://packages.applied-caas-gateway1.internal.api.openai.org/artifactory/api/npm/npm-public/queue-microtask/-/queue-microtask-1.2.3.tgz attempt 3 failed with 503
2662 http fetch GET 503 https://packages.applied-caas-gateway1.internal.api.openai.org/artifactory/api/npm/npm-public/queue-microtask/-/queue-microtask-1.2.3.tgz 70498ms attempt #3 (cache skip)
2663 http fetch GET https://packages.applied-caas-gateway1.internal.api.openai.org/artifactory/api/npm/npm-public/react-dom/-/react-dom-19.2.6.tgz attempt 3 failed with 503
2664 http fetch GET 503 https://packages.applied-caas-gateway1.internal.api.openai.org/artifactory/api/npm/npm-public/react-dom/-/react-dom-19.2.6.tgz 70499ms attempt #3 (cache skip)
2665 http fetch GET https://packages.applied-caas-gateway1.internal.api.openai.org/artifactory/api/npm/npm-public/require-from-string/-/require-from-string-2.0.2.tgz attempt 3 failed with 503
2666 http fetch GET 503 https://packages.applied-caas-gateway1.internal.api.openai.org/artifactory/api/npm/npm-public/require-from-string/-/require-from-string-2.0.2.tgz 70500ms attempt #3 (cache skip)
2667 http fetch GET https://packages.applied-caas-gateway1.internal.api.openai.org/artifactory/api/npm/npm-public/postcss-value-parser/-/postcss-value-parser-4.2.0.tgz attempt 3 failed with 503
2668 http fetch GET 503 https://packages.applied-caas-gateway1.internal.api.openai.org/artifactory/api/npm/npm-public/postcss-value-parser/-/postcss-value-parser-4.2.0.tgz 70499ms attempt #3 (cache skip)
2669 http fetch GET https://packages.applied-caas-gateway1.internal.api.openai.org/artifactory/api/npm/npm-public/pathe/-/pathe-2.0.3.tgz attempt 3 failed with 503
2670 http fetch GET 503 https://packages.applied-caas-gateway1.internal.api.openai.org/artifactory/api/npm/npm-public/pathe/-/pathe-2.0.3.tgz 70497ms attempt #3 (cache skip)
2671 http fetch GET https://packages.applied-caas-gateway1.internal.api.openai.org/artifactory/api/npm/npm-public/punycode/-/punycode-2.3.1.tgz attempt 3 failed with 503
2672 http fetch GET 503 https://packages.applied-caas-gateway1.internal.api.openai.org/artifactory/api/npm/npm-public/punycode/-/punycode-2.3.1.tgz 70500ms attempt #3 (cache skip)
2673 http fetch GET https://packages.applied-caas-gateway1.internal.api.openai.org/artifactory/api/npm/npm-public/possible-typed-array-names/-/possible-typed-array-names-1.1.0.tgz attempt 3 failed with 503
2674 http fetch GET 503 https://packages.applied-caas-gateway1.internal.api.openai.org/artifactory/api/npm/npm-public/possible-typed-array-names/-/possible-typed-array-names-1.1.0.tgz 70499ms attempt #3 (cache skip)
2675 http fetch GET https://packages.applied-caas-gateway1.internal.api.openai.org/artifactory/api/npm/npm-public/picocolors/-/picocolors-1.1.1.tgz attempt 3 failed with 503
2676 http fetch GET 503 https://packages.applied-caas-gateway1.internal.api.openai.org/artifactory/api/npm/npm-public/picocolors/-/picocolors-1.1.1.tgz 70500ms attempt #3 (cache skip)
2677 http fetch GET https://packages.applied-caas-gateway1.internal.api.openai.org/artifactory/api/npm/npm-public/picomatch/-/picomatch-2.3.2.tgz attempt 3 failed with 503
2678 http fetch GET 503 https://packages.applied-caas-gateway1.internal.api.openai.org/artifactory/api/npm/npm-public/picomatch/-/picomatch-2.3.2.tgz 70502ms attempt #3 (cache skip)
2679 http fetch GET https://packages.applied-caas-gateway1.internal.api.openai.org/artifactory/api/npm/npm-public/p-limit/-/p-limit-3.1.0.tgz attempt 3 failed with 503
2680 http fetch GET 503 https://packages.applied-caas-gateway1.internal.api.openai.org/artifactory/api/npm/npm-public/p-limit/-/p-limit-3.1.0.tgz 70500ms attempt #3 (cache skip)
2681 http fetch GET https://packages.applied-caas-gateway1.internal.api.openai.org/artifactory/api/npm/npm-public/path-parse/-/path-parse-1.0.7.tgz attempt 3 failed with 503
2682 http fetch GET 503 https://packages.applied-caas-gateway1.internal.api.openai.org/artifactory/api/npm/npm-public/path-parse/-/path-parse-1.0.7.tgz 70503ms attempt #3 (cache skip)
2683 http fetch GET https://packages.applied-caas-gateway1.internal.api.openai.org/artifactory/api/npm/npm-public/prop-types/-/prop-types-15.8.1.tgz attempt 3 failed with 503
2684 http fetch GET 503 https://packages.applied-caas-gateway1.internal.api.openai.org/artifactory/api/npm/npm-public/prop-types/-/prop-types-15.8.1.tgz 70507ms attempt #3 (cache skip)
2685 http fetch GET https://packages.applied-caas-gateway1.internal.api.openai.org/artifactory/api/npm/npm-public/object.values/-/object.values-1.2.1.tgz attempt 3 failed with 503
2686 http fetch GET 503 https://packages.applied-caas-gateway1.internal.api.openai.org/artifactory/api/npm/npm-public/object.values/-/object.values-1.2.1.tgz 70503ms attempt #3 (cache skip)
2687 http fetch GET https://packages.applied-caas-gateway1.internal.api.openai.org/artifactory/api/npm/npm-public/path-to-regexp/-/path-to-regexp-6.3.0.tgz attempt 3 failed with 503
2688 http fetch GET 503 https://packages.applied-caas-gateway1.internal.api.openai.org/artifactory/api/npm/npm-public/path-to-regexp/-/path-to-regexp-6.3.0.tgz 70506ms attempt #3 (cache skip)
2689 http fetch GET https://packages.applied-caas-gateway1.internal.api.openai.org/artifactory/api/npm/npm-public/path-exists/-/path-exists-4.0.0.tgz attempt 3 failed with 503
2690 http fetch GET 503 https://packages.applied-caas-gateway1.internal.api.openai.org/artifactory/api/npm/npm-public/path-exists/-/path-exists-4.0.0.tgz 70505ms attempt #3 (cache skip)
2691 http fetch GET https://packages.applied-caas-gateway1.internal.api.openai.org/artifactory/api/npm/npm-public/p-locate/-/p-locate-5.0.0.tgz attempt 3 failed with 503
2692 http fetch GET 503 https://packages.applied-caas-gateway1.internal.api.openai.org/artifactory/api/npm/npm-public/p-locate/-/p-locate-5.0.0.tgz 70505ms attempt #3 (cache skip)
2693 http fetch GET https://packages.applied-caas-gateway1.internal.api.openai.org/artifactory/api/npm/npm-public/object.fromentries/-/object.fromentries-2.0.8.tgz attempt 3 failed with 503
2694 http fetch GET 503 https://packages.applied-caas-gateway1.internal.api.openai.org/artifactory/api/npm/npm-public/object.fromentries/-/object.fromentries-2.0.8.tgz 70503ms attempt #3 (cache skip)
2695 http fetch GET https://packages.applied-caas-gateway1.internal.api.openai.org/artifactory/api/npm/npm-public/optionator/-/optionator-0.9.4.tgz attempt 3 failed with 503
2696 http fetch GET 503 https://packages.applied-caas-gateway1.internal.api.openai.org/artifactory/api/npm/npm-public/optionator/-/optionator-0.9.4.tgz 70505ms attempt #3 (cache skip)
2697 http fetch GET https://packages.applied-caas-gateway1.internal.api.openai.org/artifactory/api/npm/npm-public/own-keys/-/own-keys-1.0.1.tgz attempt 3 failed with 503
2698 http fetch GET 503 https://packages.applied-caas-gateway1.internal.api.openai.org/artifactory/api/npm/npm-public/own-keys/-/own-keys-1.0.1.tgz 70505ms attempt #3 (cache skip)
2699 http fetch GET https://packages.applied-caas-gateway1.internal.api.openai.org/artifactory/api/npm/npm-public/parent-module/-/parent-module-1.0.1.tgz attempt 3 failed with 503
2700 http fetch GET 503 https://packages.applied-caas-gateway1.internal.api.openai.org/artifactory/api/npm/npm-public/parent-module/-/parent-module-1.0.1.tgz 70508ms attempt #3 (cache skip)
2701 http fetch GET https://packages.applied-caas-gateway1.internal.api.openai.org/artifactory/api/npm/npm-public/object-keys/-/object-keys-1.1.1.tgz attempt 3 failed with 503
2702 http fetch GET 503 https://packages.applied-caas-gateway1.internal.api.openai.org/artifactory/api/npm/npm-public/object-keys/-/object-keys-1.1.1.tgz 70501ms attempt #3 (cache skip)
2703 http fetch GET https://packages.applied-caas-gateway1.internal.api.openai.org/artifactory/api/npm/npm-public/path-key/-/path-key-3.1.1.tgz attempt 3 failed with 503
2704 http fetch GET 503 https://packages.applied-caas-gateway1.internal.api.openai.org/artifactory/api/npm/npm-public/path-key/-/path-key-3.1.1.tgz 70509ms attempt #3 (cache skip)
2705 http fetch GET https://packages.applied-caas-gateway1.internal.api.openai.org/artifactory/api/npm/npm-public/object.groupby/-/object.groupby-1.0.3.tgz attempt 3 failed with 503
2706 http fetch GET 503 https://packages.applied-caas-gateway1.internal.api.openai.org/artifactory/api/npm/npm-public/object.groupby/-/object.groupby-1.0.3.tgz 70508ms attempt #3 (cache skip)
2707 http fetch GET https://packages.applied-caas-gateway1.internal.api.openai.org/artifactory/api/npm/npm-public/pako/-/pako-0.2.9.tgz attempt 3 failed with 503
2708 http fetch GET 503 https://packages.applied-caas-gateway1.internal.api.openai.org/artifactory/api/npm/npm-public/pako/-/pako-0.2.9.tgz 70510ms attempt #3 (cache skip)
2709 http fetch GET https://packages.applied-caas-gateway1.internal.api.openai.org/artifactory/api/npm/npm-public/object-assign/-/object-assign-4.1.1.tgz attempt 3 failed with 503
2710 http fetch GET 503 https://packages.applied-caas-gateway1.internal.api.openai.org/artifactory/api/npm/npm-public/object-assign/-/object-assign-4.1.1.tgz 70503ms attempt #3 (cache skip)
2711 http fetch GET https://packages.applied-caas-gateway1.internal.api.openai.org/artifactory/api/npm/npm-public/object-inspect/-/object-inspect-1.13.4.tgz attempt 3 failed with 503
2712 http fetch GET 503 https://packages.applied-caas-gateway1.internal.api.openai.org/artifactory/api/npm/npm-public/object-inspect/-/object-inspect-1.13.4.tgz 70507ms attempt #3 (cache skip)
2713 http fetch GET https://packages.applied-caas-gateway1.internal.api.openai.org/artifactory/api/npm/npm-public/node-releases/-/node-releases-2.0.44.tgz attempt 3 failed with 503
2714 http fetch GET 503 https://packages.applied-caas-gateway1.internal.api.openai.org/artifactory/api/npm/npm-public/node-releases/-/node-releases-2.0.44.tgz 70507ms attempt #3 (cache skip)
2715 http fetch GET https://packages.applied-caas-gateway1.internal.api.openai.org/artifactory/api/npm/npm-public/object.assign/-/object.assign-4.1.7.tgz attempt 3 failed with 503
2716 http fetch GET 503 https://packages.applied-caas-gateway1.internal.api.openai.org/artifactory/api/npm/npm-public/object.assign/-/object.assign-4.1.7.tgz 70512ms attempt #3 (cache skip)
2717 http fetch GET https://packages.applied-caas-gateway1.internal.api.openai.org/artifactory/api/npm/npm-public/node-exports-info/-/node-exports-info-1.6.0.tgz attempt 3 failed with 503
2718 http fetch GET 503 https://packages.applied-caas-gateway1.internal.api.openai.org/artifactory/api/npm/npm-public/node-exports-info/-/node-exports-info-1.6.0.tgz 70508ms attempt #3 (cache skip)
2719 http fetch GET https://packages.applied-caas-gateway1.internal.api.openai.org/artifactory/api/npm/npm-public/parse-css-color/-/parse-css-color-0.2.1.tgz attempt 3 failed with 503
2720 http fetch GET 503 https://packages.applied-caas-gateway1.internal.api.openai.org/artifactory/api/npm/npm-public/parse-css-color/-/parse-css-color-0.2.1.tgz 70518ms attempt #3 (cache skip)
2721 http fetch GET https://packages.applied-caas-gateway1.internal.api.openai.org/artifactory/api/npm/npm-public/neo-async/-/neo-async-2.6.2.tgz attempt 3 failed with 503
2722 http fetch GET 503 https://packages.applied-caas-gateway1.internal.api.openai.org/artifactory/api/npm/npm-public/neo-async/-/neo-async-2.6.2.tgz 70509ms attempt #3 (cache skip)
2723 http fetch GET https://packages.applied-caas-gateway1.internal.api.openai.org/artifactory/api/npm/npm-public/napi-postinstall/-/napi-postinstall-0.3.4.tgz attempt 3 failed with 503
2724 http fetch GET 503 https://packages.applied-caas-gateway1.internal.api.openai.org/artifactory/api/npm/npm-public/napi-postinstall/-/napi-postinstall-0.3.4.tgz 70509ms attempt #3 (cache skip)
2725 http fetch GET https://packages.applied-caas-gateway1.internal.api.openai.org/artifactory/api/npm/npm-public/minimatch/-/minimatch-3.1.5.tgz attempt 3 failed with 503
2726 http fetch GET 503 https://packages.applied-caas-gateway1.internal.api.openai.org/artifactory/api/npm/npm-public/minimatch/-/minimatch-3.1.5.tgz 70508ms attempt #3 (cache skip)
2727 http fetch GET https://packages.applied-caas-gateway1.internal.api.openai.org/artifactory/api/npm/npm-public/mime-db/-/mime-db-1.54.0.tgz attempt 3 failed with 503
2728 http fetch GET 503 https://packages.applied-caas-gateway1.internal.api.openai.org/artifactory/api/npm/npm-public/mime-db/-/mime-db-1.54.0.tgz 70508ms attempt #3 (cache skip)
2729 http fetch GET https://packages.applied-caas-gateway1.internal.api.openai.org/artifactory/api/npm/npm-public/object.entries/-/object.entries-1.1.9.tgz attempt 3 failed with 503
2730 http fetch GET 503 https://packages.applied-caas-gateway1.internal.api.openai.org/artifactory/api/npm/npm-public/object.entries/-/object.entries-1.1.9.tgz 70517ms attempt #3 (cache skip)
2731 http fetch GET https://packages.applied-caas-gateway1.internal.api.openai.org/artifactory/api/npm/npm-public/next/-/next-16.2.6.tgz attempt 3 failed with 503
2732 http fetch GET 503 https://packages.applied-caas-gateway1.internal.api.openai.org/artifactory/api/npm/npm-public/next/-/next-16.2.6.tgz 70511ms attempt #3 (cache skip)
2733 http fetch GET https://packages.applied-caas-gateway1.internal.api.openai.org/artifactory/api/npm/npm-public/minimist/-/minimist-1.2.8.tgz attempt 3 failed with 503
2734 http fetch GET 503 https://packages.applied-caas-gateway1.internal.api.openai.org/artifactory/api/npm/npm-public/minimist/-/minimist-1.2.8.tgz 70511ms attempt #3 (cache skip)
2735 http fetch GET https://packages.applied-caas-gateway1.internal.api.openai.org/artifactory/api/npm/npm-public/merge2/-/merge2-1.4.1.tgz attempt 3 failed with 503
2736 http fetch GET 503 https://packages.applied-caas-gateway1.internal.api.openai.org/artifactory/api/npm/npm-public/merge2/-/merge2-1.4.1.tgz 70511ms attempt #3 (cache skip)
2737 http fetch GET https://packages.applied-caas-gateway1.internal.api.openai.org/artifactory/api/npm/npm-public/natural-compare/-/natural-compare-1.4.0.tgz attempt 3 failed with 503
2738 http fetch GET 503 https://packages.applied-caas-gateway1.internal.api.openai.org/artifactory/api/npm/npm-public/natural-compare/-/natural-compare-1.4.0.tgz 70514ms attempt #3 (cache skip)
2739 http fetch GET https://packages.applied-caas-gateway1.internal.api.openai.org/artifactory/api/npm/npm-public/nanoid/-/nanoid-3.3.12.tgz attempt 3 failed with 503
2740 http fetch GET 503 https://packages.applied-caas-gateway1.internal.api.openai.org/artifactory/api/npm/npm-public/nanoid/-/nanoid-3.3.12.tgz 70514ms attempt #3 (cache skip)
2741 http fetch GET https://packages.applied-caas-gateway1.internal.api.openai.org/artifactory/api/npm/npm-public/loose-envify/-/loose-envify-1.4.0.tgz attempt 3 failed with 503
2742 http fetch GET 503 https://packages.applied-caas-gateway1.internal.api.openai.org/artifactory/api/npm/npm-public/loose-envify/-/loose-envify-1.4.0.tgz 70512ms attempt #3 (cache skip)
2743 http fetch GET https://packages.applied-caas-gateway1.internal.api.openai.org/artifactory/api/npm/npm-public/math-intrinsics/-/math-intrinsics-1.1.0.tgz attempt 3 failed with 503
2744 http fetch GET 503 https://packages.applied-caas-gateway1.internal.api.openai.org/artifactory/api/npm/npm-public/math-intrinsics/-/math-intrinsics-1.1.0.tgz 70513ms attempt #3 (cache skip)
2745 http fetch GET https://packages.applied-caas-gateway1.internal.api.openai.org/artifactory/api/npm/npm-public/ms/-/ms-2.1.3.tgz attempt 3 failed with 503
2746 http fetch GET 503 https://packages.applied-caas-gateway1.internal.api.openai.org/artifactory/api/npm/npm-public/ms/-/ms-2.1.3.tgz 70516ms attempt #3 (cache skip)
2747 http fetch GET https://packages.applied-caas-gateway1.internal.api.openai.org/artifactory/api/npm/npm-public/merge-stream/-/merge-stream-2.0.0.tgz attempt 3 failed with 503
2748 http fetch GET 503 https://packages.applied-caas-gateway1.internal.api.openai.org/artifactory/api/npm/npm-public/merge-stream/-/merge-stream-2.0.0.tgz 70515ms attempt #3 (cache skip)
2749 http fetch GET https://packages.applied-caas-gateway1.internal.api.openai.org/artifactory/api/npm/npm-public/loader-runner/-/loader-runner-4.3.2.tgz attempt 3 failed with 503
2750 http fetch GET 503 https://packages.applied-caas-gateway1.internal.api.openai.org/artifactory/api/npm/npm-public/loader-runner/-/loader-runner-4.3.2.tgz 70513ms attempt #3 (cache skip)
2751 http fetch GET https://packages.applied-caas-gateway1.internal.api.openai.org/artifactory/api/npm/npm-public/levn/-/levn-0.4.1.tgz attempt 3 failed with 503
2752 http fetch GET 503 https://packages.applied-caas-gateway1.internal.api.openai.org/artifactory/api/npm/npm-public/levn/-/levn-0.4.1.tgz 70512ms attempt #3 (cache skip)
2753 http fetch GET https://packages.applied-caas-gateway1.internal.api.openai.org/artifactory/api/npm/npm-public/miniflare/-/miniflare-4.20260515.0.tgz attempt 3 failed with 503
2754 http fetch GET 503 https://packages.applied-caas-gateway1.internal.api.openai.org/artifactory/api/npm/npm-public/miniflare/-/miniflare-4.20260515.0.tgz 70518ms attempt #3 (cache skip)
2755 http fetch GET https://packages.applied-caas-gateway1.internal.api.openai.org/artifactory/api/npm/npm-public/linebreak/-/linebreak-1.1.0.tgz attempt 3 failed with 503
2756 http fetch GET 503 https://packages.applied-caas-gateway1.internal.api.openai.org/artifactory/api/npm/npm-public/linebreak/-/linebreak-1.1.0.tgz 70516ms attempt #3 (cache skip)
2757 http fetch GET https://packages.applied-caas-gateway1.internal.api.openai.org/artifactory/api/npm/npm-public/locate-path/-/locate-path-6.0.0.tgz attempt 3 failed with 503
2758 http fetch GET 503 https://packages.applied-caas-gateway1.internal.api.openai.org/artifactory/api/npm/npm-public/locate-path/-/locate-path-6.0.0.tgz 70516ms attempt #3 (cache skip)
2759 http fetch GET https://packages.applied-caas-gateway1.internal.api.openai.org/artifactory/api/npm/npm-public/magic-string/-/magic-string-0.30.21.tgz attempt 3 failed with 503
2760 http fetch GET 503 https://packages.applied-caas-gateway1.internal.api.openai.org/artifactory/api/npm/npm-public/magic-string/-/magic-string-0.30.21.tgz 70519ms attempt #3 (cache skip)
2761 http fetch GET https://packages.applied-caas-gateway1.internal.api.openai.org/artifactory/api/npm/npm-public/lightningcss-linux-x64-gnu/-/lightningcss-linux-x64-gnu-1.31.1.tgz attempt 3 failed with 503
2762 http fetch GET 503 https://packages.applied-caas-gateway1.internal.api.openai.org/artifactory/api/npm/npm-public/lightningcss-linux-x64-gnu/-/lightningcss-linux-x64-gnu-1.31.1.tgz 70518ms attempt #3 (cache skip)
2763 verbose reify failed optional dependency /mnt/data/technologia_work/node_modules/lightningcss-linux-x64-gnu
2764 silly reify mark deleted [
2764 silly reify   '/mnt/data/technologia_work/node_modules/lightningcss-linux-x64-gnu'
2764 silly reify ]
2765 http fetch GET https://packages.applied-caas-gateway1.internal.api.openai.org/artifactory/api/npm/npm-public/lru-cache/-/lru-cache-5.1.1.tgz attempt 3 failed with 503
2766 http fetch GET 503 https://packages.applied-caas-gateway1.internal.api.openai.org/artifactory/api/npm/npm-public/lru-cache/-/lru-cache-5.1.1.tgz 70521ms attempt #3 (cache skip)
2767 http fetch GET https://packages.applied-caas-gateway1.internal.api.openai.org/artifactory/api/npm/npm-public/lodash.merge/-/lodash.merge-4.6.2.tgz attempt 3 failed with 503
2768 http fetch GET 503 https://packages.applied-caas-gateway1.internal.api.openai.org/artifactory/api/npm/npm-public/lodash.merge/-/lodash.merge-4.6.2.tgz 70520ms attempt #3 (cache skip)
2769 http fetch GET https://packages.applied-caas-gateway1.internal.api.openai.org/artifactory/api/npm/npm-public/lightningcss/-/lightningcss-1.31.1.tgz attempt 3 failed with 503
2770 http fetch GET 503 https://packages.applied-caas-gateway1.internal.api.openai.org/artifactory/api/npm/npm-public/lightningcss/-/lightningcss-1.31.1.tgz 70519ms attempt #3 (cache skip)
2771 http fetch GET https://packages.applied-caas-gateway1.internal.api.openai.org/artifactory/api/npm/npm-public/language-subtag-registry/-/language-subtag-registry-0.3.23.tgz attempt 3 failed with 503
2772 http fetch GET 503 https://packages.applied-caas-gateway1.internal.api.openai.org/artifactory/api/npm/npm-public/language-subtag-registry/-/language-subtag-registry-0.3.23.tgz 70519ms attempt #3 (cache skip)
2773 http fetch GET https://packages.applied-caas-gateway1.internal.api.openai.org/artifactory/api/npm/npm-public/micromatch/-/micromatch-4.0.8.tgz attempt 3 failed with 503
2774 http fetch GET 503 https://packages.applied-caas-gateway1.internal.api.openai.org/artifactory/api/npm/npm-public/micromatch/-/micromatch-4.0.8.tgz 70524ms attempt #3 (cache skip)
2775 http fetch GET https://packages.applied-caas-gateway1.internal.api.openai.org/artifactory/api/npm/npm-public/language-tags/-/language-tags-1.0.9.tgz attempt 3 failed with 503
2776 http fetch GET 503 https://packages.applied-caas-gateway1.internal.api.openai.org/artifactory/api/npm/npm-public/language-tags/-/language-tags-1.0.9.tgz 70521ms attempt #3 (cache skip)
2777 http fetch GET https://packages.applied-caas-gateway1.internal.api.openai.org/artifactory/api/npm/npm-public/jsesc/-/jsesc-3.1.0.tgz attempt 3 failed with 503
2778 http fetch GET 503 https://packages.applied-caas-gateway1.internal.api.openai.org/artifactory/api/npm/npm-public/jsesc/-/jsesc-3.1.0.tgz 70519ms attempt #3 (cache skip)
2779 http fetch GET https://packages.applied-caas-gateway1.internal.api.openai.org/artifactory/api/npm/npm-public/json5/-/json5-2.2.3.tgz attempt 3 failed with 503
2780 http fetch GET 503 https://packages.applied-caas-gateway1.internal.api.openai.org/artifactory/api/npm/npm-public/json5/-/json5-2.2.3.tgz 70521ms attempt #3 (cache skip)
2781 http fetch GET https://packages.applied-caas-gateway1.internal.api.openai.org/artifactory/api/npm/npm-public/keyv/-/keyv-4.5.4.tgz attempt 3 failed with 503
2782 http fetch GET 503 https://packages.applied-caas-gateway1.internal.api.openai.org/artifactory/api/npm/npm-public/keyv/-/keyv-4.5.4.tgz 70524ms attempt #3 (cache skip)
2783 http fetch GET https://packages.applied-caas-gateway1.internal.api.openai.org/artifactory/api/npm/npm-public/json-schema-traverse/-/json-schema-traverse-0.4.1.tgz attempt 3 failed with 503
2784 http fetch GET 503 https://packages.applied-caas-gateway1.internal.api.openai.org/artifactory/api/npm/npm-public/json-schema-traverse/-/json-schema-traverse-0.4.1.tgz 70522ms attempt #3 (cache skip)
2785 http fetch GET https://packages.applied-caas-gateway1.internal.api.openai.org/artifactory/api/npm/npm-public/js-yaml/-/js-yaml-4.1.1.tgz attempt 3 failed with 503
2786 http fetch GET 503 https://packages.applied-caas-gateway1.internal.api.openai.org/artifactory/api/npm/npm-public/js-yaml/-/js-yaml-4.1.1.tgz 70522ms attempt #3 (cache skip)
2787 http fetch GET https://packages.applied-caas-gateway1.internal.api.openai.org/artifactory/api/npm/npm-public/kleur/-/kleur-4.1.5.tgz attempt 3 failed with 503
2788 http fetch GET 503 https://packages.applied-caas-gateway1.internal.api.openai.org/artifactory/api/npm/npm-public/kleur/-/kleur-4.1.5.tgz 70526ms attempt #3 (cache skip)
2789 http fetch GET https://packages.applied-caas-gateway1.internal.api.openai.org/artifactory/api/npm/npm-public/js-tokens/-/js-tokens-4.0.0.tgz attempt 3 failed with 503
2790 http fetch GET 503 https://packages.applied-caas-gateway1.internal.api.openai.org/artifactory/api/npm/npm-public/js-tokens/-/js-tokens-4.0.0.tgz 70523ms attempt #3 (cache skip)
2791 http fetch GET https://packages.applied-caas-gateway1.internal.api.openai.org/artifactory/api/npm/npm-public/is-weakref/-/is-weakref-1.1.1.tgz attempt 3 failed with 503
2792 http fetch GET 503 https://packages.applied-caas-gateway1.internal.api.openai.org/artifactory/api/npm/npm-public/is-weakref/-/is-weakref-1.1.1.tgz 70522ms attempt #3 (cache skip)
2793 http fetch GET https://packages.applied-caas-gateway1.internal.api.openai.org/artifactory/api/npm/npm-public/is-weakset/-/is-weakset-2.0.4.tgz attempt 3 failed with 503
2794 http fetch GET 503 https://packages.applied-caas-gateway1.internal.api.openai.org/artifactory/api/npm/npm-public/is-weakset/-/is-weakset-2.0.4.tgz 70522ms attempt #3 (cache skip)
2795 http fetch GET https://packages.applied-caas-gateway1.internal.api.openai.org/artifactory/api/npm/npm-public/jsx-ast-utils/-/jsx-ast-utils-3.3.5.tgz attempt 3 failed with 503
2796 http fetch GET 503 https://packages.applied-caas-gateway1.internal.api.openai.org/artifactory/api/npm/npm-public/jsx-ast-utils/-/jsx-ast-utils-3.3.5.tgz 70527ms attempt #3 (cache skip)
2797 http fetch GET https://packages.applied-caas-gateway1.internal.api.openai.org/artifactory/api/npm/npm-public/is-symbol/-/is-symbol-1.1.1.tgz attempt 3 failed with 503
2798 http fetch GET 503 https://packages.applied-caas-gateway1.internal.api.openai.org/artifactory/api/npm/npm-public/is-symbol/-/is-symbol-1.1.1.tgz 70522ms attempt #3 (cache skip)
2799 http fetch GET https://packages.applied-caas-gateway1.internal.api.openai.org/artifactory/api/npm/npm-public/jest-worker/-/jest-worker-27.5.1.tgz attempt 3 failed with 503
2800 http fetch GET 503 https://packages.applied-caas-gateway1.internal.api.openai.org/artifactory/api/npm/npm-public/jest-worker/-/jest-worker-27.5.1.tgz 70526ms attempt #3 (cache skip)
2801 http fetch GET https://packages.applied-caas-gateway1.internal.api.openai.org/artifactory/api/npm/npm-public/json-buffer/-/json-buffer-3.0.1.tgz attempt 3 failed with 503
2802 http fetch GET 503 https://packages.applied-caas-gateway1.internal.api.openai.org/artifactory/api/npm/npm-public/json-buffer/-/json-buffer-3.0.1.tgz 70529ms attempt #3 (cache skip)
2803 http fetch GET https://packages.applied-caas-gateway1.internal.api.openai.org/artifactory/api/npm/npm-public/jiti/-/jiti-2.7.0.tgz attempt 3 failed with 503
2804 http fetch GET 503 https://packages.applied-caas-gateway1.internal.api.openai.org/artifactory/api/npm/npm-public/jiti/-/jiti-2.7.0.tgz 70528ms attempt #3 (cache skip)
2805 http fetch GET https://packages.applied-caas-gateway1.internal.api.openai.org/artifactory/api/npm/npm-public/json-stable-stringify-without-jsonify/-/json-stable-stringify-without-jsonify-1.0.1.tgz attempt 3 failed with 503
2806 http fetch GET 503 https://packages.applied-caas-gateway1.internal.api.openai.org/artifactory/api/npm/npm-public/json-stable-stringify-without-jsonify/-/json-stable-stringify-without-jsonify-1.0.1.tgz 70532ms attempt #3 (cache skip)
2807 http fetch GET https://packages.applied-caas-gateway1.internal.api.openai.org/artifactory/api/npm/npm-public/isexe/-/isexe-2.0.0.tgz attempt 3 failed with 503
2808 http fetch GET 503 https://packages.applied-caas-gateway1.internal.api.openai.org/artifactory/api/npm/npm-public/isexe/-/isexe-2.0.0.tgz 70531ms attempt #3 (cache skip)
2809 http fetch GET https://packages.applied-caas-gateway1.internal.api.openai.org/artifactory/api/npm/npm-public/iterator.prototype/-/iterator.prototype-1.1.5.tgz attempt 3 failed with 503
2810 http fetch GET 503 https://packages.applied-caas-gateway1.internal.api.openai.org/artifactory/api/npm/npm-public/iterator.prototype/-/iterator.prototype-1.1.5.tgz 70531ms attempt #3 (cache skip)
2811 http fetch GET https://packages.applied-caas-gateway1.internal.api.openai.org/artifactory/api/npm/npm-public/is-shared-array-buffer/-/is-shared-array-buffer-1.0.4.tgz attempt 3 failed with 503
2812 http fetch GET 503 https://packages.applied-caas-gateway1.internal.api.openai.org/artifactory/api/npm/npm-public/is-shared-array-buffer/-/is-shared-array-buffer-1.0.4.tgz 70529ms attempt #3 (cache skip)
2813 http fetch GET https://packages.applied-caas-gateway1.internal.api.openai.org/artifactory/api/npm/npm-public/is-negative-zero/-/is-negative-zero-2.0.3.tgz attempt 3 failed with 503
2814 http fetch GET 503 https://packages.applied-caas-gateway1.internal.api.openai.org/artifactory/api/npm/npm-public/is-negative-zero/-/is-negative-zero-2.0.3.tgz 70528ms attempt #3 (cache skip)
2815 http fetch GET https://packages.applied-caas-gateway1.internal.api.openai.org/artifactory/api/npm/npm-public/isarray/-/isarray-2.0.5.tgz attempt 3 failed with 503
2816 http fetch GET 503 https://packages.applied-caas-gateway1.internal.api.openai.org/artifactory/api/npm/npm-public/isarray/-/isarray-2.0.5.tgz 70531ms attempt #3 (cache skip)
2817 http fetch GET https://packages.applied-caas-gateway1.internal.api.openai.org/artifactory/api/npm/npm-public/is-weakmap/-/is-weakmap-2.0.2.tgz attempt 3 failed with 503
2818 http fetch GET 503 https://packages.applied-caas-gateway1.internal.api.openai.org/artifactory/api/npm/npm-public/is-weakmap/-/is-weakmap-2.0.2.tgz 70531ms attempt #3 (cache skip)
2819 http fetch GET https://packages.applied-caas-gateway1.internal.api.openai.org/artifactory/api/npm/npm-public/is-glob/-/is-glob-4.0.3.tgz attempt 3 failed with 503
2820 http fetch GET 503 https://packages.applied-caas-gateway1.internal.api.openai.org/artifactory/api/npm/npm-public/is-glob/-/is-glob-4.0.3.tgz 70528ms attempt #3 (cache skip)
2821 http fetch GET https://packages.applied-caas-gateway1.internal.api.openai.org/artifactory/api/npm/npm-public/is-number-object/-/is-number-object-1.1.1.tgz attempt 3 failed with 503
2822 http fetch GET 503 https://packages.applied-caas-gateway1.internal.api.openai.org/artifactory/api/npm/npm-public/is-number-object/-/is-number-object-1.1.1.tgz 70529ms attempt #3 (cache skip)
2823 http fetch GET https://packages.applied-caas-gateway1.internal.api.openai.org/artifactory/api/npm/npm-public/is-string/-/is-string-1.1.1.tgz attempt 3 failed with 503
2824 http fetch GET 503 https://packages.applied-caas-gateway1.internal.api.openai.org/artifactory/api/npm/npm-public/is-string/-/is-string-1.1.1.tgz 70532ms attempt #3 (cache skip)
2825 http fetch GET https://packages.applied-caas-gateway1.internal.api.openai.org/artifactory/api/npm/npm-public/is-number/-/is-number-7.0.0.tgz attempt 3 failed with 503
2826 http fetch GET 503 https://packages.applied-caas-gateway1.internal.api.openai.org/artifactory/api/npm/npm-public/is-number/-/is-number-7.0.0.tgz 70530ms attempt #3 (cache skip)
2827 http fetch GET https://packages.applied-caas-gateway1.internal.api.openai.org/artifactory/api/npm/npm-public/is-set/-/is-set-2.0.3.tgz attempt 3 failed with 503
2828 http fetch GET 503 https://packages.applied-caas-gateway1.internal.api.openai.org/artifactory/api/npm/npm-public/is-set/-/is-set-2.0.3.tgz 70532ms attempt #3 (cache skip)
2829 http fetch GET https://packages.applied-caas-gateway1.internal.api.openai.org/artifactory/api/npm/npm-public/is-generator-function/-/is-generator-function-1.1.2.tgz attempt 3 failed with 503
2830 http fetch GET 503 https://packages.applied-caas-gateway1.internal.api.openai.org/artifactory/api/npm/npm-public/is-generator-function/-/is-generator-function-1.1.2.tgz 70532ms attempt #3 (cache skip)
2831 http fetch GET https://packages.applied-caas-gateway1.internal.api.openai.org/artifactory/api/npm/npm-public/is-bun-module/-/is-bun-module-2.0.0.tgz attempt 3 failed with 503
2832 http fetch GET 503 https://packages.applied-caas-gateway1.internal.api.openai.org/artifactory/api/npm/npm-public/is-bun-module/-/is-bun-module-2.0.0.tgz 70530ms attempt #3 (cache skip)
2833 http fetch GET https://packages.applied-caas-gateway1.internal.api.openai.org/artifactory/api/npm/npm-public/is-extglob/-/is-extglob-2.1.1.tgz attempt 3 failed with 503
2834 http fetch GET 503 https://packages.applied-caas-gateway1.internal.api.openai.org/artifactory/api/npm/npm-public/is-extglob/-/is-extglob-2.1.1.tgz 70534ms attempt #3 (cache skip)
2835 http fetch GET https://packages.applied-caas-gateway1.internal.api.openai.org/artifactory/api/npm/npm-public/is-callable/-/is-callable-1.2.7.tgz attempt 3 failed with 503
2836 http fetch GET 503 https://packages.applied-caas-gateway1.internal.api.openai.org/artifactory/api/npm/npm-public/is-callable/-/is-callable-1.2.7.tgz 70536ms attempt #3 (cache skip)
2837 http fetch GET https://packages.applied-caas-gateway1.internal.api.openai.org/artifactory/api/npm/npm-public/is-finalizationregistry/-/is-finalizationregistry-1.1.1.tgz attempt 3 failed with 503
2838 http fetch GET 503 https://packages.applied-caas-gateway1.internal.api.openai.org/artifactory/api/npm/npm-public/is-finalizationregistry/-/is-finalizationregistry-1.1.1.tgz 70538ms attempt #3 (cache skip)
2839 http fetch GET https://packages.applied-caas-gateway1.internal.api.openai.org/artifactory/api/npm/npm-public/is-async-function/-/is-async-function-2.1.1.tgz attempt 3 failed with 503
2840 http fetch GET 503 https://packages.applied-caas-gateway1.internal.api.openai.org/artifactory/api/npm/npm-public/is-async-function/-/is-async-function-2.1.1.tgz 70535ms attempt #3 (cache skip)
2841 http fetch GET https://packages.applied-caas-gateway1.internal.api.openai.org/artifactory/api/npm/npm-public/is-map/-/is-map-2.0.3.tgz attempt 3 failed with 503
2842 http fetch GET 503 https://packages.applied-caas-gateway1.internal.api.openai.org/artifactory/api/npm/npm-public/is-map/-/is-map-2.0.3.tgz 70540ms attempt #3 (cache skip)
2843 http fetch GET https://packages.applied-caas-gateway1.internal.api.openai.org/artifactory/api/npm/npm-public/is-typed-array/-/is-typed-array-1.1.15.tgz attempt 3 failed with 503
2844 http fetch GET 503 https://packages.applied-caas-gateway1.internal.api.openai.org/artifactory/api/npm/npm-public/is-typed-array/-/is-typed-array-1.1.15.tgz 70542ms attempt #3 (cache skip)
2845 http fetch GET https://packages.applied-caas-gateway1.internal.api.openai.org/artifactory/api/npm/npm-public/is-core-module/-/is-core-module-2.16.2.tgz attempt 3 failed with 503
2846 http fetch GET 503 https://packages.applied-caas-gateway1.internal.api.openai.org/artifactory/api/npm/npm-public/is-core-module/-/is-core-module-2.16.2.tgz 70539ms attempt #3 (cache skip)
2847 http fetch GET https://packages.applied-caas-gateway1.internal.api.openai.org/artifactory/api/npm/npm-public/is-data-view/-/is-data-view-1.0.2.tgz attempt 3 failed with 503
2848 http fetch GET 503 https://packages.applied-caas-gateway1.internal.api.openai.org/artifactory/api/npm/npm-public/is-data-view/-/is-data-view-1.0.2.tgz 70539ms attempt #3 (cache skip)
2849 http fetch GET https://packages.applied-caas-gateway1.internal.api.openai.org/artifactory/api/npm/npm-public/is-bigint/-/is-bigint-1.1.0.tgz attempt 3 failed with 503
2850 http fetch GET 503 https://packages.applied-caas-gateway1.internal.api.openai.org/artifactory/api/npm/npm-public/is-bigint/-/is-bigint-1.1.0.tgz 70539ms attempt #3 (cache skip)
2851 http fetch GET https://packages.applied-caas-gateway1.internal.api.openai.org/artifactory/api/npm/npm-public/is-regex/-/is-regex-1.2.1.tgz attempt 3 failed with 503
2852 http fetch GET 503 https://packages.applied-caas-gateway1.internal.api.openai.org/artifactory/api/npm/npm-public/is-regex/-/is-regex-1.2.1.tgz 70543ms attempt #3 (cache skip)
2853 http fetch GET https://packages.applied-caas-gateway1.internal.api.openai.org/artifactory/api/npm/npm-public/ipaddr.js/-/ipaddr.js-2.4.0.tgz attempt 3 failed with 503
2854 http fetch GET 503 https://packages.applied-caas-gateway1.internal.api.openai.org/artifactory/api/npm/npm-public/ipaddr.js/-/ipaddr.js-2.4.0.tgz 70538ms attempt #3 (cache skip)
2855 http fetch GET https://packages.applied-caas-gateway1.internal.api.openai.org/artifactory/api/npm/npm-public/image-size/-/image-size-2.0.2.tgz attempt 3 failed with 503
2856 http fetch GET 503 https://packages.applied-caas-gateway1.internal.api.openai.org/artifactory/api/npm/npm-public/image-size/-/image-size-2.0.2.tgz 70538ms attempt #3 (cache skip)
2857 http fetch GET https://packages.applied-caas-gateway1.internal.api.openai.org/artifactory/api/npm/npm-public/is-date-object/-/is-date-object-1.1.0.tgz attempt 3 failed with 503
2858 http fetch GET 503 https://packages.applied-caas-gateway1.internal.api.openai.org/artifactory/api/npm/npm-public/is-date-object/-/is-date-object-1.1.0.tgz 70543ms attempt #3 (cache skip)
2859 http fetch GET https://packages.applied-caas-gateway1.internal.api.openai.org/artifactory/api/npm/npm-public/import-fresh/-/import-fresh-3.3.1.tgz attempt 3 failed with 503
2860 http fetch GET 503 https://packages.applied-caas-gateway1.internal.api.openai.org/artifactory/api/npm/npm-public/import-fresh/-/import-fresh-3.3.1.tgz 70542ms attempt #3 (cache skip)
2861 http fetch GET https://packages.applied-caas-gateway1.internal.api.openai.org/artifactory/api/npm/npm-public/internal-slot/-/internal-slot-1.1.0.tgz attempt 3 failed with 503
2862 http fetch GET 503 https://packages.applied-caas-gateway1.internal.api.openai.org/artifactory/api/npm/npm-public/internal-slot/-/internal-slot-1.1.0.tgz 70543ms attempt #3 (cache skip)
2863 http fetch GET https://packages.applied-caas-gateway1.internal.api.openai.org/artifactory/api/npm/npm-public/is-boolean-object/-/is-boolean-object-1.2.2.tgz attempt 3 failed with 503
2864 http fetch GET 503 https://packages.applied-caas-gateway1.internal.api.openai.org/artifactory/api/npm/npm-public/is-boolean-object/-/is-boolean-object-1.2.2.tgz 70545ms attempt #3 (cache skip)
2865 http fetch GET https://packages.applied-caas-gateway1.internal.api.openai.org/artifactory/api/npm/npm-public/ignore/-/ignore-5.3.2.tgz attempt 3 failed with 503
2866 http fetch GET 503 https://packages.applied-caas-gateway1.internal.api.openai.org/artifactory/api/npm/npm-public/ignore/-/ignore-5.3.2.tgz 70544ms attempt #3 (cache skip)
2867 http fetch GET https://packages.applied-caas-gateway1.internal.api.openai.org/artifactory/api/npm/npm-public/imurmurhash/-/imurmurhash-0.1.4.tgz attempt 3 failed with 503
2868 http fetch GET 503 https://packages.applied-caas-gateway1.internal.api.openai.org/artifactory/api/npm/npm-public/imurmurhash/-/imurmurhash-0.1.4.tgz 70545ms attempt #3 (cache skip)
2869 http fetch GET https://packages.applied-caas-gateway1.internal.api.openai.org/artifactory/api/npm/npm-public/hermes-parser/-/hermes-parser-0.25.1.tgz attempt 3 failed with 503
2870 http fetch GET 503 https://packages.applied-caas-gateway1.internal.api.openai.org/artifactory/api/npm/npm-public/hermes-parser/-/hermes-parser-0.25.1.tgz 70546ms attempt #3 (cache skip)
2871 http fetch GET https://packages.applied-caas-gateway1.internal.api.openai.org/artifactory/api/npm/npm-public/has-proto/-/has-proto-1.2.0.tgz attempt 3 failed with 503
2872 http fetch GET 503 https://packages.applied-caas-gateway1.internal.api.openai.org/artifactory/api/npm/npm-public/has-proto/-/has-proto-1.2.0.tgz 70544ms attempt #3 (cache skip)
2873 http fetch GET https://packages.applied-caas-gateway1.internal.api.openai.org/artifactory/api/npm/npm-public/has-property-descriptors/-/has-property-descriptors-1.0.2.tgz attempt 3 failed with 503
2874 http fetch GET 503 https://packages.applied-caas-gateway1.internal.api.openai.org/artifactory/api/npm/npm-public/has-property-descriptors/-/has-property-descriptors-1.0.2.tgz 70545ms attempt #3 (cache skip)
2875 http fetch GET https://packages.applied-caas-gateway1.internal.api.openai.org/artifactory/api/npm/npm-public/is-array-buffer/-/is-array-buffer-3.0.5.tgz attempt 3 failed with 503
2876 http fetch GET 503 https://packages.applied-caas-gateway1.internal.api.openai.org/artifactory/api/npm/npm-public/is-array-buffer/-/is-array-buffer-3.0.5.tgz 70550ms attempt #3 (cache skip)
2877 http fetch GET https://packages.applied-caas-gateway1.internal.api.openai.org/artifactory/api/npm/npm-public/has-bigints/-/has-bigints-1.1.0.tgz attempt 3 failed with 503
2878 http fetch GET 503 https://packages.applied-caas-gateway1.internal.api.openai.org/artifactory/api/npm/npm-public/has-bigints/-/has-bigints-1.1.0.tgz 70546ms attempt #3 (cache skip)
2879 http fetch GET https://packages.applied-caas-gateway1.internal.api.openai.org/artifactory/api/npm/npm-public/hex-rgb/-/hex-rgb-4.3.0.tgz attempt 3 failed with 503
2880 http fetch GET 503 https://packages.applied-caas-gateway1.internal.api.openai.org/artifactory/api/npm/npm-public/hex-rgb/-/hex-rgb-4.3.0.tgz 70549ms attempt #3 (cache skip)
2881 http fetch GET https://packages.applied-caas-gateway1.internal.api.openai.org/artifactory/api/npm/npm-public/hermes-estree/-/hermes-estree-0.25.1.tgz attempt 3 failed with 503
2882 http fetch GET 503 https://packages.applied-caas-gateway1.internal.api.openai.org/artifactory/api/npm/npm-public/hermes-estree/-/hermes-estree-0.25.1.tgz 70549ms attempt #3 (cache skip)
2883 http fetch GET https://packages.applied-caas-gateway1.internal.api.openai.org/artifactory/api/npm/npm-public/hasown/-/hasown-2.0.3.tgz attempt 3 failed with 503
2884 http fetch GET 503 https://packages.applied-caas-gateway1.internal.api.openai.org/artifactory/api/npm/npm-public/hasown/-/hasown-2.0.3.tgz 70549ms attempt #3 (cache skip)
2885 http fetch GET https://packages.applied-caas-gateway1.internal.api.openai.org/artifactory/api/npm/npm-public/has-tostringtag/-/has-tostringtag-1.0.2.tgz attempt 3 failed with 503
2886 http fetch GET 503 https://packages.applied-caas-gateway1.internal.api.openai.org/artifactory/api/npm/npm-public/has-tostringtag/-/has-tostringtag-1.0.2.tgz 70549ms attempt #3 (cache skip)
2887 http fetch GET https://packages.applied-caas-gateway1.internal.api.openai.org/artifactory/api/npm/npm-public/globrex/-/globrex-0.1.2.tgz attempt 3 failed with 503
2888 http fetch GET 503 https://packages.applied-caas-gateway1.internal.api.openai.org/artifactory/api/npm/npm-public/globrex/-/globrex-0.1.2.tgz 70548ms attempt #3 (cache skip)
2889 http fetch GET https://packages.applied-caas-gateway1.internal.api.openai.org/artifactory/api/npm/npm-public/has-flag/-/has-flag-4.0.0.tgz attempt 3 failed with 503
2890 http fetch GET 503 https://packages.applied-caas-gateway1.internal.api.openai.org/artifactory/api/npm/npm-public/has-flag/-/has-flag-4.0.0.tgz 70550ms attempt #3 (cache skip)
2891 http fetch GET https://packages.applied-caas-gateway1.internal.api.openai.org/artifactory/api/npm/npm-public/globalthis/-/globalthis-1.0.4.tgz attempt 3 failed with 503
2892 http fetch GET 503 https://packages.applied-caas-gateway1.internal.api.openai.org/artifactory/api/npm/npm-public/globalthis/-/globalthis-1.0.4.tgz 70550ms attempt #3 (cache skip)
2893 http fetch GET https://packages.applied-caas-gateway1.internal.api.openai.org/artifactory/api/npm/npm-public/globals/-/globals-14.0.0.tgz attempt 3 failed with 503
2894 http fetch GET 503 https://packages.applied-caas-gateway1.internal.api.openai.org/artifactory/api/npm/npm-public/globals/-/globals-14.0.0.tgz 70549ms attempt #3 (cache skip)
2895 http fetch GET https://packages.applied-caas-gateway1.internal.api.openai.org/artifactory/api/npm/npm-public/has-symbols/-/has-symbols-1.1.0.tgz attempt 3 failed with 503
2896 http fetch GET 503 https://packages.applied-caas-gateway1.internal.api.openai.org/artifactory/api/npm/npm-public/has-symbols/-/has-symbols-1.1.0.tgz 70553ms attempt #3 (cache skip)
2897 http fetch GET https://packages.applied-caas-gateway1.internal.api.openai.org/artifactory/api/npm/npm-public/gensync/-/gensync-1.0.0-beta.2.tgz attempt 3 failed with 503
2898 http fetch GET 503 https://packages.applied-caas-gateway1.internal.api.openai.org/artifactory/api/npm/npm-public/gensync/-/gensync-1.0.0-beta.2.tgz 70549ms attempt #3 (cache skip)
2899 http fetch GET https://packages.applied-caas-gateway1.internal.api.openai.org/artifactory/api/npm/npm-public/gopd/-/gopd-1.2.0.tgz attempt 3 failed with 503
2900 http fetch GET 503 https://packages.applied-caas-gateway1.internal.api.openai.org/artifactory/api/npm/npm-public/gopd/-/gopd-1.2.0.tgz 70552ms attempt #3 (cache skip)
2901 http fetch GET https://packages.applied-caas-gateway1.internal.api.openai.org/artifactory/api/npm/npm-public/get-intrinsic/-/get-intrinsic-1.3.0.tgz attempt 3 failed with 503
2902 http fetch GET 503 https://packages.applied-caas-gateway1.internal.api.openai.org/artifactory/api/npm/npm-public/get-intrinsic/-/get-intrinsic-1.3.0.tgz 70557ms attempt #3 (cache skip)
2903 http fetch GET https://packages.applied-caas-gateway1.internal.api.openai.org/artifactory/api/npm/npm-public/graceful-fs/-/graceful-fs-4.2.11.tgz attempt 3 failed with 503
2904 http fetch GET 503 https://packages.applied-caas-gateway1.internal.api.openai.org/artifactory/api/npm/npm-public/graceful-fs/-/graceful-fs-4.2.11.tgz 70559ms attempt #3 (cache skip)
2905 http fetch GET https://packages.applied-caas-gateway1.internal.api.openai.org/artifactory/api/npm/npm-public/generator-function/-/generator-function-2.0.1.tgz attempt 3 failed with 503
2906 http fetch GET 503 https://packages.applied-caas-gateway1.internal.api.openai.org/artifactory/api/npm/npm-public/generator-function/-/generator-function-2.0.1.tgz 70557ms attempt #3 (cache skip)
2907 http fetch GET https://packages.applied-caas-gateway1.internal.api.openai.org/artifactory/api/npm/npm-public/find-up/-/find-up-5.0.0.tgz attempt 3 failed with 503
2908 http fetch GET 503 https://packages.applied-caas-gateway1.internal.api.openai.org/artifactory/api/npm/npm-public/find-up/-/find-up-5.0.0.tgz 70555ms attempt #3 (cache skip)
2909 http fetch GET https://packages.applied-caas-gateway1.internal.api.openai.org/artifactory/api/npm/npm-public/glob-to-regexp/-/glob-to-regexp-0.4.1.tgz attempt 3 failed with 503
2910 http fetch GET 503 https://packages.applied-caas-gateway1.internal.api.openai.org/artifactory/api/npm/npm-public/glob-to-regexp/-/glob-to-regexp-0.4.1.tgz 70560ms attempt #3 (cache skip)
2911 http fetch GET https://packages.applied-caas-gateway1.internal.api.openai.org/artifactory/api/npm/npm-public/glob-parent/-/glob-parent-6.0.2.tgz attempt 3 failed with 503
2912 http fetch GET 503 https://packages.applied-caas-gateway1.internal.api.openai.org/artifactory/api/npm/npm-public/glob-parent/-/glob-parent-6.0.2.tgz 70560ms attempt #3 (cache skip)
2913 http fetch GET https://packages.applied-caas-gateway1.internal.api.openai.org/artifactory/api/npm/npm-public/fflate/-/fflate-0.7.4.tgz attempt 3 failed with 503
2914 http fetch GET 503 https://packages.applied-caas-gateway1.internal.api.openai.org/artifactory/api/npm/npm-public/fflate/-/fflate-0.7.4.tgz 70555ms attempt #3 (cache skip)
2915 http fetch GET https://packages.applied-caas-gateway1.internal.api.openai.org/artifactory/api/npm/npm-public/get-symbol-description/-/get-symbol-description-1.1.0.tgz attempt 3 failed with 503
2916 http fetch GET 503 https://packages.applied-caas-gateway1.internal.api.openai.org/artifactory/api/npm/npm-public/get-symbol-description/-/get-symbol-description-1.1.0.tgz 70560ms attempt #3 (cache skip)
2917 http fetch GET https://packages.applied-caas-gateway1.internal.api.openai.org/artifactory/api/npm/npm-public/for-each/-/for-each-0.3.5.tgz attempt 3 failed with 503
2918 http fetch GET 503 https://packages.applied-caas-gateway1.internal.api.openai.org/artifactory/api/npm/npm-public/for-each/-/for-each-0.3.5.tgz 70559ms attempt #3 (cache skip)
2919 http fetch GET https://packages.applied-caas-gateway1.internal.api.openai.org/artifactory/api/npm/npm-public/functions-have-names/-/functions-have-names-1.2.3.tgz attempt 3 failed with 503
2920 http fetch GET 503 https://packages.applied-caas-gateway1.internal.api.openai.org/artifactory/api/npm/npm-public/functions-have-names/-/functions-have-names-1.2.3.tgz 70560ms attempt #3 (cache skip)
2921 http fetch GET https://packages.applied-caas-gateway1.internal.api.openai.org/artifactory/api/npm/npm-public/fastq/-/fastq-1.20.1.tgz attempt 3 failed with 503
2922 http fetch GET 503 https://packages.applied-caas-gateway1.internal.api.openai.org/artifactory/api/npm/npm-public/fastq/-/fastq-1.20.1.tgz 70557ms attempt #3 (cache skip)
2923 http fetch GET https://packages.applied-caas-gateway1.internal.api.openai.org/artifactory/api/npm/npm-public/get-tsconfig/-/get-tsconfig-4.14.0.tgz attempt 3 failed with 503
2924 http fetch GET 503 https://packages.applied-caas-gateway1.internal.api.openai.org/artifactory/api/npm/npm-public/get-tsconfig/-/get-tsconfig-4.14.0.tgz 70563ms attempt #3 (cache skip)
2925 http fetch GET https://packages.applied-caas-gateway1.internal.api.openai.org/artifactory/api/npm/npm-public/get-proto/-/get-proto-1.0.1.tgz attempt 3 failed with 503
2926 http fetch GET 503 https://packages.applied-caas-gateway1.internal.api.openai.org/artifactory/api/npm/npm-public/get-proto/-/get-proto-1.0.1.tgz 70562ms attempt #3 (cache skip)
2927 http fetch GET https://packages.applied-caas-gateway1.internal.api.openai.org/artifactory/api/npm/npm-public/flat-cache/-/flat-cache-4.0.1.tgz attempt 3 failed with 503
2928 http fetch GET 503 https://packages.applied-caas-gateway1.internal.api.openai.org/artifactory/api/npm/npm-public/flat-cache/-/flat-cache-4.0.1.tgz 70559ms attempt #3 (cache skip)
2929 http fetch GET https://packages.applied-caas-gateway1.internal.api.openai.org/artifactory/api/npm/npm-public/flatted/-/flatted-3.4.2.tgz attempt 3 failed with 503
2930 http fetch GET 503 https://packages.applied-caas-gateway1.internal.api.openai.org/artifactory/api/npm/npm-public/flatted/-/flatted-3.4.2.tgz 70562ms attempt #3 (cache skip)
2931 http fetch GET https://packages.applied-caas-gateway1.internal.api.openai.org/artifactory/api/npm/npm-public/file-entry-cache/-/file-entry-cache-8.0.0.tgz attempt 3 failed with 503
2932 http fetch GET 503 https://packages.applied-caas-gateway1.internal.api.openai.org/artifactory/api/npm/npm-public/file-entry-cache/-/file-entry-cache-8.0.0.tgz 70563ms attempt #3 (cache skip)
2933 http fetch GET https://packages.applied-caas-gateway1.internal.api.openai.org/artifactory/api/npm/npm-public/fast-uri/-/fast-uri-3.1.2.tgz attempt 3 failed with 503
2934 http fetch GET 503 https://packages.applied-caas-gateway1.internal.api.openai.org/artifactory/api/npm/npm-public/fast-uri/-/fast-uri-3.1.2.tgz 70564ms attempt #3 (cache skip)
2935 http fetch GET https://packages.applied-caas-gateway1.internal.api.openai.org/artifactory/api/npm/npm-public/function.prototype.name/-/function.prototype.name-1.1.8.tgz attempt 3 failed with 503
2936 http fetch GET 503 https://packages.applied-caas-gateway1.internal.api.openai.org/artifactory/api/npm/npm-public/function.prototype.name/-/function.prototype.name-1.1.8.tgz 70567ms attempt #3 (cache skip)
2937 http fetch GET https://packages.applied-caas-gateway1.internal.api.openai.org/artifactory/api/npm/npm-public/fill-range/-/fill-range-7.1.1.tgz attempt 3 failed with 503
2938 http fetch GET 503 https://packages.applied-caas-gateway1.internal.api.openai.org/artifactory/api/npm/npm-public/fill-range/-/fill-range-7.1.1.tgz 70566ms attempt #3 (cache skip)
2939 http fetch GET https://packages.applied-caas-gateway1.internal.api.openai.org/artifactory/api/npm/npm-public/eslint-plugin-react-hooks/-/eslint-plugin-react-hooks-7.1.1.tgz attempt 3 failed with 503
2940 http fetch GET 503 https://packages.applied-caas-gateway1.internal.api.openai.org/artifactory/api/npm/npm-public/eslint-plugin-react-hooks/-/eslint-plugin-react-hooks-7.1.1.tgz 70562ms attempt #3 (cache skip)
2941 http fetch GET https://packages.applied-caas-gateway1.internal.api.openai.org/artifactory/api/npm/npm-public/fast-json-stable-stringify/-/fast-json-stable-stringify-2.1.0.tgz attempt 3 failed with 503
2942 http fetch GET 503 https://packages.applied-caas-gateway1.internal.api.openai.org/artifactory/api/npm/npm-public/fast-json-stable-stringify/-/fast-json-stable-stringify-2.1.0.tgz 70565ms attempt #3 (cache skip)
2943 http fetch GET https://packages.applied-caas-gateway1.internal.api.openai.org/artifactory/api/npm/npm-public/estraverse/-/estraverse-5.3.0.tgz attempt 3 failed with 503
2944 http fetch GET 503 https://packages.applied-caas-gateway1.internal.api.openai.org/artifactory/api/npm/npm-public/estraverse/-/estraverse-5.3.0.tgz 70564ms attempt #3 (cache skip)
2945 http fetch GET https://packages.applied-caas-gateway1.internal.api.openai.org/artifactory/api/npm/npm-public/function-bind/-/function-bind-1.1.2.tgz attempt 3 failed with 503
2946 http fetch GET 503 https://packages.applied-caas-gateway1.internal.api.openai.org/artifactory/api/npm/npm-public/function-bind/-/function-bind-1.1.2.tgz 70569ms attempt #3 (cache skip)
2947 http fetch GET https://packages.applied-caas-gateway1.internal.api.openai.org/artifactory/api/npm/npm-public/esrecurse/-/esrecurse-4.3.0.tgz attempt 3 failed with 503
2948 http fetch GET 503 https://packages.applied-caas-gateway1.internal.api.openai.org/artifactory/api/npm/npm-public/esrecurse/-/esrecurse-4.3.0.tgz 70564ms attempt #3 (cache skip)
2949 http fetch GET https://packages.applied-caas-gateway1.internal.api.openai.org/artifactory/api/npm/npm-public/esquery/-/esquery-1.7.0.tgz attempt 3 failed with 503
2950 http fetch GET 503 https://packages.applied-caas-gateway1.internal.api.openai.org/artifactory/api/npm/npm-public/esquery/-/esquery-1.7.0.tgz 70566ms attempt #3 (cache skip)
2951 http fetch GET https://packages.applied-caas-gateway1.internal.api.openai.org/artifactory/api/npm/npm-public/fast-levenshtein/-/fast-levenshtein-2.0.6.tgz attempt 3 failed with 503
2952 http fetch GET 503 https://packages.applied-caas-gateway1.internal.api.openai.org/artifactory/api/npm/npm-public/fast-levenshtein/-/fast-levenshtein-2.0.6.tgz 70569ms attempt #3 (cache skip)
2953 http fetch GET https://packages.applied-caas-gateway1.internal.api.openai.org/artifactory/api/npm/npm-public/fast-glob/-/fast-glob-3.3.1.tgz attempt 3 failed with 503
2954 http fetch GET 503 https://packages.applied-caas-gateway1.internal.api.openai.org/artifactory/api/npm/npm-public/fast-glob/-/fast-glob-3.3.1.tgz 70569ms attempt #3 (cache skip)
2955 http fetch GET https://packages.applied-caas-gateway1.internal.api.openai.org/artifactory/api/npm/npm-public/eslint-visitor-keys/-/eslint-visitor-keys-4.2.1.tgz attempt 3 failed with 503
2956 http fetch GET 503 https://packages.applied-caas-gateway1.internal.api.openai.org/artifactory/api/npm/npm-public/eslint-visitor-keys/-/eslint-visitor-keys-4.2.1.tgz 70568ms attempt #3 (cache skip)
2957 http fetch GET https://packages.applied-caas-gateway1.internal.api.openai.org/artifactory/api/npm/npm-public/estree-walker/-/estree-walker-3.0.3.tgz attempt 3 failed with 503
2958 http fetch GET 503 https://packages.applied-caas-gateway1.internal.api.openai.org/artifactory/api/npm/npm-public/estree-walker/-/estree-walker-3.0.3.tgz 70570ms attempt #3 (cache skip)
2959 http fetch GET https://packages.applied-caas-gateway1.internal.api.openai.org/artifactory/api/npm/npm-public/events/-/events-3.3.0.tgz attempt 3 failed with 503
2960 http fetch GET 503 https://packages.applied-caas-gateway1.internal.api.openai.org/artifactory/api/npm/npm-public/events/-/events-3.3.0.tgz 70571ms attempt #3 (cache skip)
2961 http fetch GET https://packages.applied-caas-gateway1.internal.api.openai.org/artifactory/api/npm/npm-public/espree/-/espree-10.4.0.tgz attempt 3 failed with 503
2962 http fetch GET 503 https://packages.applied-caas-gateway1.internal.api.openai.org/artifactory/api/npm/npm-public/espree/-/espree-10.4.0.tgz 70571ms attempt #3 (cache skip)
2963 http fetch GET https://packages.applied-caas-gateway1.internal.api.openai.org/artifactory/api/npm/npm-public/eslint-scope/-/eslint-scope-8.4.0.tgz attempt 3 failed with 503
2964 http fetch GET 503 https://packages.applied-caas-gateway1.internal.api.openai.org/artifactory/api/npm/npm-public/eslint-scope/-/eslint-scope-8.4.0.tgz 70571ms attempt #3 (cache skip)
2965 http fetch GET https://packages.applied-caas-gateway1.internal.api.openai.org/artifactory/api/npm/npm-public/eslint-plugin-react/-/eslint-plugin-react-7.37.5.tgz attempt 3 failed with 503
2966 http fetch GET 503 https://packages.applied-caas-gateway1.internal.api.openai.org/artifactory/api/npm/npm-public/eslint-plugin-react/-/eslint-plugin-react-7.37.5.tgz 70570ms attempt #3 (cache skip)
2967 http fetch GET https://packages.applied-caas-gateway1.internal.api.openai.org/artifactory/api/npm/npm-public/eslint-config-next/-/eslint-config-next-16.2.6.tgz attempt 3 failed with 503
2968 http fetch GET 503 https://packages.applied-caas-gateway1.internal.api.openai.org/artifactory/api/npm/npm-public/eslint-config-next/-/eslint-config-next-16.2.6.tgz 70569ms attempt #3 (cache skip)
2969 http fetch GET https://packages.applied-caas-gateway1.internal.api.openai.org/artifactory/api/npm/npm-public/esutils/-/esutils-2.0.3.tgz attempt 3 failed with 503
2970 http fetch GET 503 https://packages.applied-caas-gateway1.internal.api.openai.org/artifactory/api/npm/npm-public/esutils/-/esutils-2.0.3.tgz 70575ms attempt #3 (cache skip)
2971 http fetch GET https://packages.applied-caas-gateway1.internal.api.openai.org/artifactory/api/npm/npm-public/fast-deep-equal/-/fast-deep-equal-3.1.3.tgz attempt 3 failed with 503
2972 http fetch GET 503 https://packages.applied-caas-gateway1.internal.api.openai.org/artifactory/api/npm/npm-public/fast-deep-equal/-/fast-deep-equal-3.1.3.tgz 70575ms attempt #3 (cache skip)
2973 http fetch GET https://packages.applied-caas-gateway1.internal.api.openai.org/artifactory/api/npm/npm-public/eslint-plugin-jsx-a11y/-/eslint-plugin-jsx-a11y-6.10.2.tgz attempt 3 failed with 503
2974 http fetch GET 503 https://packages.applied-caas-gateway1.internal.api.openai.org/artifactory/api/npm/npm-public/eslint-plugin-jsx-a11y/-/eslint-plugin-jsx-a11y-6.10.2.tgz 70572ms attempt #3 (cache skip)
2975 http fetch GET https://packages.applied-caas-gateway1.internal.api.openai.org/artifactory/api/npm/npm-public/eslint-module-utils/-/eslint-module-utils-2.12.1.tgz attempt 3 failed with 503
2976 http fetch GET 503 https://packages.applied-caas-gateway1.internal.api.openai.org/artifactory/api/npm/npm-public/eslint-module-utils/-/eslint-module-utils-2.12.1.tgz 70574ms attempt #3 (cache skip)
2977 http fetch GET https://packages.applied-caas-gateway1.internal.api.openai.org/artifactory/api/npm/npm-public/eslint-plugin-import/-/eslint-plugin-import-2.32.0.tgz attempt 3 failed with 503
2978 http fetch GET 503 https://packages.applied-caas-gateway1.internal.api.openai.org/artifactory/api/npm/npm-public/eslint-plugin-import/-/eslint-plugin-import-2.32.0.tgz 70574ms attempt #3 (cache skip)
2979 http fetch GET https://packages.applied-caas-gateway1.internal.api.openai.org/artifactory/api/npm/npm-public/eslint/-/eslint-9.39.4.tgz attempt 3 failed with 503
2980 http fetch GET 503 https://packages.applied-caas-gateway1.internal.api.openai.org/artifactory/api/npm/npm-public/eslint/-/eslint-9.39.4.tgz 70574ms attempt #3 (cache skip)
2981 http fetch GET https://packages.applied-caas-gateway1.internal.api.openai.org/artifactory/api/npm/npm-public/escape-html/-/escape-html-1.0.3.tgz attempt 3 failed with 503
2982 http fetch GET 503 https://packages.applied-caas-gateway1.internal.api.openai.org/artifactory/api/npm/npm-public/escape-html/-/escape-html-1.0.3.tgz 70574ms attempt #3 (cache skip)
2983 http fetch GET https://packages.applied-caas-gateway1.internal.api.openai.org/artifactory/api/npm/npm-public/esbuild/-/esbuild-0.28.0.tgz attempt 3 failed with 503
2984 http fetch GET 503 https://packages.applied-caas-gateway1.internal.api.openai.org/artifactory/api/npm/npm-public/esbuild/-/esbuild-0.28.0.tgz 70573ms attempt #3 (cache skip)
2985 http fetch GET https://packages.applied-caas-gateway1.internal.api.openai.org/artifactory/api/npm/npm-public/escape-string-regexp/-/escape-string-regexp-4.0.0.tgz attempt 3 failed with 503
2986 http fetch GET 503 https://packages.applied-caas-gateway1.internal.api.openai.org/artifactory/api/npm/npm-public/escape-string-regexp/-/escape-string-regexp-4.0.0.tgz 70576ms attempt #3 (cache skip)
2987 http fetch GET https://packages.applied-caas-gateway1.internal.api.openai.org/artifactory/api/npm/npm-public/es-define-property/-/es-define-property-1.0.1.tgz attempt 3 failed with 503
2988 http fetch GET 503 https://packages.applied-caas-gateway1.internal.api.openai.org/artifactory/api/npm/npm-public/es-define-property/-/es-define-property-1.0.1.tgz 70573ms attempt #3 (cache skip)
2989 http fetch GET https://packages.applied-caas-gateway1.internal.api.openai.org/artifactory/api/npm/npm-public/eslint-import-resolver-node/-/eslint-import-resolver-node-0.3.10.tgz attempt 3 failed with 503
2990 http fetch GET 503 https://packages.applied-caas-gateway1.internal.api.openai.org/artifactory/api/npm/npm-public/eslint-import-resolver-node/-/eslint-import-resolver-node-0.3.10.tgz 70578ms attempt #3 (cache skip)
2991 http fetch GET https://packages.applied-caas-gateway1.internal.api.openai.org/artifactory/api/npm/npm-public/es-to-primitive/-/es-to-primitive-1.3.0.tgz attempt 3 failed with 503
2992 http fetch GET 503 https://packages.applied-caas-gateway1.internal.api.openai.org/artifactory/api/npm/npm-public/es-to-primitive/-/es-to-primitive-1.3.0.tgz 70577ms attempt #3 (cache skip)
2993 http fetch GET https://packages.applied-caas-gateway1.internal.api.openai.org/artifactory/api/npm/npm-public/es-set-tostringtag/-/es-set-tostringtag-2.1.0.tgz attempt 3 failed with 503
2994 http fetch GET 503 https://packages.applied-caas-gateway1.internal.api.openai.org/artifactory/api/npm/npm-public/es-set-tostringtag/-/es-set-tostringtag-2.1.0.tgz 70578ms attempt #3 (cache skip)
2995 http fetch GET https://packages.applied-caas-gateway1.internal.api.openai.org/artifactory/api/npm/npm-public/eslint-import-resolver-typescript/-/eslint-import-resolver-typescript-3.10.1.tgz attempt 3 failed with 503
2996 http fetch GET 503 https://packages.applied-caas-gateway1.internal.api.openai.org/artifactory/api/npm/npm-public/eslint-import-resolver-typescript/-/eslint-import-resolver-typescript-3.10.1.tgz 70581ms attempt #3 (cache skip)
2997 http fetch GET https://packages.applied-caas-gateway1.internal.api.openai.org/artifactory/api/npm/npm-public/es-iterator-helpers/-/es-iterator-helpers-1.3.2.tgz attempt 3 failed with 503
2998 http fetch GET 503 https://packages.applied-caas-gateway1.internal.api.openai.org/artifactory/api/npm/npm-public/es-iterator-helpers/-/es-iterator-helpers-1.3.2.tgz 70579ms attempt #3 (cache skip)
2999 http fetch GET https://packages.applied-caas-gateway1.internal.api.openai.org/artifactory/api/npm/npm-public/escalade/-/escalade-3.2.0.tgz attempt 3 failed with 503
3000 http fetch GET 503 https://packages.applied-caas-gateway1.internal.api.openai.org/artifactory/api/npm/npm-public/escalade/-/escalade-3.2.0.tgz 70582ms attempt #3 (cache skip)
3001 http fetch GET https://packages.applied-caas-gateway1.internal.api.openai.org/artifactory/api/npm/npm-public/es-shim-unscopables/-/es-shim-unscopables-1.1.0.tgz attempt 3 failed with 503
3002 http fetch GET 503 https://packages.applied-caas-gateway1.internal.api.openai.org/artifactory/api/npm/npm-public/es-shim-unscopables/-/es-shim-unscopables-1.1.0.tgz 70581ms attempt #3 (cache skip)
3003 http fetch GET https://packages.applied-caas-gateway1.internal.api.openai.org/artifactory/api/npm/npm-public/es-errors/-/es-errors-1.3.0.tgz attempt 3 failed with 503
3004 http fetch GET 503 https://packages.applied-caas-gateway1.internal.api.openai.org/artifactory/api/npm/npm-public/es-errors/-/es-errors-1.3.0.tgz 70581ms attempt #3 (cache skip)
3005 http fetch GET https://packages.applied-caas-gateway1.internal.api.openai.org/artifactory/api/npm/npm-public/emoji-regex-xs/-/emoji-regex-xs-2.0.1.tgz attempt 3 failed with 503
3006 http fetch GET 503 https://packages.applied-caas-gateway1.internal.api.openai.org/artifactory/api/npm/npm-public/emoji-regex-xs/-/emoji-regex-xs-2.0.1.tgz 70579ms attempt #3 (cache skip)
3007 http fetch GET https://packages.applied-caas-gateway1.internal.api.openai.org/artifactory/api/npm/npm-public/enhanced-resolve/-/enhanced-resolve-5.21.3.tgz attempt 3 failed with 503
3008 http fetch GET 503 https://packages.applied-caas-gateway1.internal.api.openai.org/artifactory/api/npm/npm-public/enhanced-resolve/-/enhanced-resolve-5.21.3.tgz 70580ms attempt #3 (cache skip)
3009 http fetch GET https://packages.applied-caas-gateway1.internal.api.openai.org/artifactory/api/npm/npm-public/es-module-lexer/-/es-module-lexer-2.1.0.tgz attempt 3 failed with 503
3010 http fetch GET 503 https://packages.applied-caas-gateway1.internal.api.openai.org/artifactory/api/npm/npm-public/es-module-lexer/-/es-module-lexer-2.1.0.tgz 70582ms attempt #3 (cache skip)
3011 http fetch GET https://packages.applied-caas-gateway1.internal.api.openai.org/artifactory/api/npm/npm-public/es-object-atoms/-/es-object-atoms-1.1.1.tgz attempt 3 failed with 503
3012 http fetch GET 503 https://packages.applied-caas-gateway1.internal.api.openai.org/artifactory/api/npm/npm-public/es-object-atoms/-/es-object-atoms-1.1.1.tgz 70583ms attempt #3 (cache skip)
3013 http fetch GET https://packages.applied-caas-gateway1.internal.api.openai.org/artifactory/api/npm/npm-public/es-abstract/-/es-abstract-1.24.2.tgz attempt 3 failed with 503
3014 http fetch GET 503 https://packages.applied-caas-gateway1.internal.api.openai.org/artifactory/api/npm/npm-public/es-abstract/-/es-abstract-1.24.2.tgz 70582ms attempt #3 (cache skip)
3015 http fetch GET https://packages.applied-caas-gateway1.internal.api.openai.org/artifactory/api/npm/npm-public/deep-is/-/deep-is-0.1.4.tgz attempt 3 failed with 503
3016 http fetch GET 503 https://packages.applied-caas-gateway1.internal.api.openai.org/artifactory/api/npm/npm-public/deep-is/-/deep-is-0.1.4.tgz 70579ms attempt #3 (cache skip)
3017 http fetch GET https://packages.applied-caas-gateway1.internal.api.openai.org/artifactory/api/npm/npm-public/error-stack-parser-es/-/error-stack-parser-es-1.0.5.tgz attempt 3 failed with 503
3018 http fetch GET 503 https://packages.applied-caas-gateway1.internal.api.openai.org/artifactory/api/npm/npm-public/error-stack-parser-es/-/error-stack-parser-es-1.0.5.tgz 70583ms attempt #3 (cache skip)
3019 http fetch GET https://packages.applied-caas-gateway1.internal.api.openai.org/artifactory/api/npm/npm-public/electron-to-chromium/-/electron-to-chromium-1.5.358.tgz attempt 3 failed with 503
3020 http fetch GET 503 https://packages.applied-caas-gateway1.internal.api.openai.org/artifactory/api/npm/npm-public/electron-to-chromium/-/electron-to-chromium-1.5.358.tgz 70583ms attempt #3 (cache skip)
3021 http fetch GET https://packages.applied-caas-gateway1.internal.api.openai.org/artifactory/api/npm/npm-public/drizzle-kit/-/drizzle-kit-0.31.10.tgz attempt 3 failed with 503
3022 http fetch GET 503 https://packages.applied-caas-gateway1.internal.api.openai.org/artifactory/api/npm/npm-public/drizzle-kit/-/drizzle-kit-0.31.10.tgz 70586ms attempt #3 (cache skip)
3023 http fetch GET https://packages.applied-caas-gateway1.internal.api.openai.org/artifactory/api/npm/npm-public/damerau-levenshtein/-/damerau-levenshtein-1.0.8.tgz attempt 3 failed with 503
3024 http fetch GET 503 https://packages.applied-caas-gateway1.internal.api.openai.org/artifactory/api/npm/npm-public/damerau-levenshtein/-/damerau-levenshtein-1.0.8.tgz 70580ms attempt #3 (cache skip)
3025 http fetch GET https://packages.applied-caas-gateway1.internal.api.openai.org/artifactory/api/npm/npm-public/dunder-proto/-/dunder-proto-1.0.1.tgz attempt 3 failed with 503
3026 http fetch GET 503 https://packages.applied-caas-gateway1.internal.api.openai.org/artifactory/api/npm/npm-public/dunder-proto/-/dunder-proto-1.0.1.tgz 70588ms attempt #3 (cache skip)
3027 http fetch GET https://packages.applied-caas-gateway1.internal.api.openai.org/artifactory/api/npm/npm-public/data-view-byte-length/-/data-view-byte-length-1.0.2.tgz attempt 3 failed with 503
3028 http fetch GET 503 https://packages.applied-caas-gateway1.internal.api.openai.org/artifactory/api/npm/npm-public/data-view-byte-length/-/data-view-byte-length-1.0.2.tgz 70582ms attempt #3 (cache skip)
3029 http fetch GET https://packages.applied-caas-gateway1.internal.api.openai.org/artifactory/api/npm/npm-public/detect-libc/-/detect-libc-2.1.2.tgz attempt 3 failed with 503
3030 http fetch GET 503 https://packages.applied-caas-gateway1.internal.api.openai.org/artifactory/api/npm/npm-public/detect-libc/-/detect-libc-2.1.2.tgz 70588ms attempt #3 (cache skip)
3031 http fetch GET https://packages.applied-caas-gateway1.internal.api.openai.org/artifactory/api/npm/npm-public/emoji-regex/-/emoji-regex-9.2.2.tgz attempt 3 failed with 503
3032 http fetch GET 503 https://packages.applied-caas-gateway1.internal.api.openai.org/artifactory/api/npm/npm-public/emoji-regex/-/emoji-regex-9.2.2.tgz 70590ms attempt #3 (cache skip)
3033 http fetch GET https://packages.applied-caas-gateway1.internal.api.openai.org/artifactory/api/npm/npm-public/doctrine/-/doctrine-2.1.0.tgz attempt 3 failed with 503
3034 http fetch GET 503 https://packages.applied-caas-gateway1.internal.api.openai.org/artifactory/api/npm/npm-public/doctrine/-/doctrine-2.1.0.tgz 70590ms attempt #3 (cache skip)
3035 http fetch GET https://packages.applied-caas-gateway1.internal.api.openai.org/artifactory/api/npm/npm-public/data-view-byte-offset/-/data-view-byte-offset-1.0.1.tgz attempt 3 failed with 503
3036 http fetch GET 503 https://packages.applied-caas-gateway1.internal.api.openai.org/artifactory/api/npm/npm-public/data-view-byte-offset/-/data-view-byte-offset-1.0.1.tgz 70584ms attempt #3 (cache skip)
3037 http fetch GET https://packages.applied-caas-gateway1.internal.api.openai.org/artifactory/api/npm/npm-public/define-data-property/-/define-data-property-1.1.4.tgz attempt 3 failed with 503
3038 http fetch GET 503 https://packages.applied-caas-gateway1.internal.api.openai.org/artifactory/api/npm/npm-public/define-data-property/-/define-data-property-1.1.4.tgz 70589ms attempt #3 (cache skip)
3039 http fetch GET https://packages.applied-caas-gateway1.internal.api.openai.org/artifactory/api/npm/npm-public/debug/-/debug-4.4.3.tgz attempt 3 failed with 503
3040 http fetch GET 503 https://packages.applied-caas-gateway1.internal.api.openai.org/artifactory/api/npm/npm-public/debug/-/debug-4.4.3.tgz 70585ms attempt #3 (cache skip)
3041 http fetch GET https://packages.applied-caas-gateway1.internal.api.openai.org/artifactory/api/npm/npm-public/define-properties/-/define-properties-1.2.1.tgz attempt 3 failed with 503
3042 http fetch GET 503 https://packages.applied-caas-gateway1.internal.api.openai.org/artifactory/api/npm/npm-public/define-properties/-/define-properties-1.2.1.tgz 70590ms attempt #3 (cache skip)
3043 http fetch GET https://packages.applied-caas-gateway1.internal.api.openai.org/artifactory/api/npm/npm-public/css-color-keywords/-/css-color-keywords-1.0.0.tgz attempt 3 failed with 503
3044 http fetch GET 503 https://packages.applied-caas-gateway1.internal.api.openai.org/artifactory/api/npm/npm-public/css-color-keywords/-/css-color-keywords-1.0.0.tgz 70583ms attempt #3 (cache skip)
3045 http fetch GET https://packages.applied-caas-gateway1.internal.api.openai.org/artifactory/api/npm/npm-public/drizzle-orm/-/drizzle-orm-0.45.2.tgz attempt 3 failed with 503
3046 http fetch GET 503 https://packages.applied-caas-gateway1.internal.api.openai.org/artifactory/api/npm/npm-public/drizzle-orm/-/drizzle-orm-0.45.2.tgz 70592ms attempt #3 (cache skip)
3047 http fetch GET https://packages.applied-caas-gateway1.internal.api.openai.org/artifactory/api/npm/npm-public/css-background-parser/-/css-background-parser-0.1.0.tgz attempt 3 failed with 503
3048 http fetch GET 503 https://packages.applied-caas-gateway1.internal.api.openai.org/artifactory/api/npm/npm-public/css-background-parser/-/css-background-parser-0.1.0.tgz 70583ms attempt #3 (cache skip)
3049 http fetch GET https://packages.applied-caas-gateway1.internal.api.openai.org/artifactory/api/npm/npm-public/data-view-buffer/-/data-view-buffer-1.0.2.tgz attempt 3 failed with 503
3050 http fetch GET 503 https://packages.applied-caas-gateway1.internal.api.openai.org/artifactory/api/npm/npm-public/data-view-buffer/-/data-view-buffer-1.0.2.tgz 70586ms attempt #3 (cache skip)
3051 http fetch GET https://packages.applied-caas-gateway1.internal.api.openai.org/artifactory/api/npm/npm-public/css-gradient-parser/-/css-gradient-parser-0.0.16.tgz attempt 3 failed with 503
3052 http fetch GET 503 https://packages.applied-caas-gateway1.internal.api.openai.org/artifactory/api/npm/npm-public/css-gradient-parser/-/css-gradient-parser-0.0.16.tgz 70588ms attempt #3 (cache skip)
3053 http fetch GET https://packages.applied-caas-gateway1.internal.api.openai.org/artifactory/api/npm/npm-public/camelize/-/camelize-1.0.1.tgz attempt 3 failed with 503
3054 http fetch GET 503 https://packages.applied-caas-gateway1.internal.api.openai.org/artifactory/api/npm/npm-public/camelize/-/camelize-1.0.1.tgz 70587ms attempt #3 (cache skip)
3055 http fetch GET https://packages.applied-caas-gateway1.internal.api.openai.org/artifactory/api/npm/npm-public/convert-source-map/-/convert-source-map-2.0.0.tgz attempt 3 failed with 503
3056 http fetch GET 503 https://packages.applied-caas-gateway1.internal.api.openai.org/artifactory/api/npm/npm-public/convert-source-map/-/convert-source-map-2.0.0.tgz 70589ms attempt #3 (cache skip)
3057 http fetch GET https://packages.applied-caas-gateway1.internal.api.openai.org/artifactory/api/npm/npm-public/css-to-react-native/-/css-to-react-native-3.2.0.tgz attempt 3 failed with 503
3058 http fetch GET 503 https://packages.applied-caas-gateway1.internal.api.openai.org/artifactory/api/npm/npm-public/css-to-react-native/-/css-to-react-native-3.2.0.tgz 70592ms attempt #3 (cache skip)
3059 http fetch GET https://packages.applied-caas-gateway1.internal.api.openai.org/artifactory/api/npm/npm-public/csstype/-/csstype-3.2.3.tgz attempt 3 failed with 503
3060 http fetch GET 503 https://packages.applied-caas-gateway1.internal.api.openai.org/artifactory/api/npm/npm-public/csstype/-/csstype-3.2.3.tgz 70593ms attempt #3 (cache skip)
3061 http fetch GET https://packages.applied-caas-gateway1.internal.api.openai.org/artifactory/api/npm/npm-public/concat-map/-/concat-map-0.0.1.tgz attempt 3 failed with 503
3062 http fetch GET 503 https://packages.applied-caas-gateway1.internal.api.openai.org/artifactory/api/npm/npm-public/concat-map/-/concat-map-0.0.1.tgz 70590ms attempt #3 (cache skip)
3063 http fetch GET https://packages.applied-caas-gateway1.internal.api.openai.org/artifactory/api/npm/npm-public/chalk/-/chalk-4.1.2.tgz attempt 3 failed with 503
3064 http fetch GET 503 https://packages.applied-caas-gateway1.internal.api.openai.org/artifactory/api/npm/npm-public/chalk/-/chalk-4.1.2.tgz 70589ms attempt #3 (cache skip)
3065 http fetch GET https://packages.applied-caas-gateway1.internal.api.openai.org/artifactory/api/npm/npm-public/commander/-/commander-2.20.3.tgz attempt 3 failed with 503
3066 http fetch GET 503 https://packages.applied-caas-gateway1.internal.api.openai.org/artifactory/api/npm/npm-public/commander/-/commander-2.20.3.tgz 70591ms attempt #3 (cache skip)
3067 http fetch GET https://packages.applied-caas-gateway1.internal.api.openai.org/artifactory/api/npm/npm-public/cookie/-/cookie-1.1.1.tgz attempt 3 failed with 503
3068 http fetch GET 503 https://packages.applied-caas-gateway1.internal.api.openai.org/artifactory/api/npm/npm-public/cookie/-/cookie-1.1.1.tgz 70593ms attempt #3 (cache skip)
3069 http fetch GET https://packages.applied-caas-gateway1.internal.api.openai.org/artifactory/api/npm/npm-public/css-box-shadow/-/css-box-shadow-1.0.0-3.tgz attempt 3 failed with 503
3070 http fetch GET 503 https://packages.applied-caas-gateway1.internal.api.openai.org/artifactory/api/npm/npm-public/css-box-shadow/-/css-box-shadow-1.0.0-3.tgz 70595ms attempt #3 (cache skip)
3071 http fetch GET https://packages.applied-caas-gateway1.internal.api.openai.org/artifactory/api/npm/npm-public/cross-spawn/-/cross-spawn-7.0.6.tgz attempt 3 failed with 503
3072 http fetch GET 503 https://packages.applied-caas-gateway1.internal.api.openai.org/artifactory/api/npm/npm-public/cross-spawn/-/cross-spawn-7.0.6.tgz 70594ms attempt #3 (cache skip)
3073 http fetch GET https://packages.applied-caas-gateway1.internal.api.openai.org/artifactory/api/npm/npm-public/color-name/-/color-name-1.1.4.tgz attempt 3 failed with 503
3074 http fetch GET 503 https://packages.applied-caas-gateway1.internal.api.openai.org/artifactory/api/npm/npm-public/color-name/-/color-name-1.1.4.tgz 70593ms attempt #3 (cache skip)
3075 http fetch GET https://packages.applied-caas-gateway1.internal.api.openai.org/artifactory/api/npm/npm-public/caniuse-lite/-/caniuse-lite-1.0.30001793.tgz attempt 3 failed with 503
3076 http fetch GET 503 https://packages.applied-caas-gateway1.internal.api.openai.org/artifactory/api/npm/npm-public/caniuse-lite/-/caniuse-lite-1.0.30001793.tgz 70592ms attempt #3 (cache skip)
3077 http fetch GET https://packages.applied-caas-gateway1.internal.api.openai.org/artifactory/api/npm/npm-public/call-bind-apply-helpers/-/call-bind-apply-helpers-1.0.2.tgz attempt 3 failed with 503
3078 http fetch GET 503 https://packages.applied-caas-gateway1.internal.api.openai.org/artifactory/api/npm/npm-public/call-bind-apply-helpers/-/call-bind-apply-helpers-1.0.2.tgz 70593ms attempt #3 (cache skip)
3079 http fetch GET https://packages.applied-caas-gateway1.internal.api.openai.org/artifactory/api/npm/npm-public/callsites/-/callsites-3.1.0.tgz attempt 3 failed with 503
3080 http fetch GET 503 https://packages.applied-caas-gateway1.internal.api.openai.org/artifactory/api/npm/npm-public/callsites/-/callsites-3.1.0.tgz 70594ms attempt #3 (cache skip)
3081 http fetch GET https://packages.applied-caas-gateway1.internal.api.openai.org/artifactory/api/npm/npm-public/call-bound/-/call-bound-1.0.4.tgz attempt 3 failed with 503
3082 http fetch GET 503 https://packages.applied-caas-gateway1.internal.api.openai.org/artifactory/api/npm/npm-public/call-bound/-/call-bound-1.0.4.tgz 70594ms attempt #3 (cache skip)
3083 http fetch GET https://packages.applied-caas-gateway1.internal.api.openai.org/artifactory/api/npm/npm-public/buffer-from/-/buffer-from-1.1.2.tgz attempt 3 failed with 503
3084 http fetch GET 503 https://packages.applied-caas-gateway1.internal.api.openai.org/artifactory/api/npm/npm-public/buffer-from/-/buffer-from-1.1.2.tgz 70594ms attempt #3 (cache skip)
3085 http fetch GET https://packages.applied-caas-gateway1.internal.api.openai.org/artifactory/api/npm/npm-public/client-only/-/client-only-0.0.1.tgz attempt 3 failed with 503
3086 http fetch GET 503 https://packages.applied-caas-gateway1.internal.api.openai.org/artifactory/api/npm/npm-public/client-only/-/client-only-0.0.1.tgz 70597ms attempt #3 (cache skip)
3087 http fetch GET https://packages.applied-caas-gateway1.internal.api.openai.org/artifactory/api/npm/npm-public/chrome-trace-event/-/chrome-trace-event-1.0.4.tgz attempt 3 failed with 503
3088 http fetch GET 503 https://packages.applied-caas-gateway1.internal.api.openai.org/artifactory/api/npm/npm-public/chrome-trace-event/-/chrome-trace-event-1.0.4.tgz 70598ms attempt #3 (cache skip)
3089 http fetch GET https://packages.applied-caas-gateway1.internal.api.openai.org/artifactory/api/npm/npm-public/color-convert/-/color-convert-2.0.1.tgz attempt 3 failed with 503
3090 http fetch GET 503 https://packages.applied-caas-gateway1.internal.api.openai.org/artifactory/api/npm/npm-public/color-convert/-/color-convert-2.0.1.tgz 70600ms attempt #3 (cache skip)
3091 http fetch GET https://packages.applied-caas-gateway1.internal.api.openai.org/artifactory/api/npm/npm-public/call-bind/-/call-bind-1.0.9.tgz attempt 3 failed with 503
3092 http fetch GET 503 https://packages.applied-caas-gateway1.internal.api.openai.org/artifactory/api/npm/npm-public/call-bind/-/call-bind-1.0.9.tgz 70599ms attempt #3 (cache skip)
3093 http fetch GET https://packages.applied-caas-gateway1.internal.api.openai.org/artifactory/api/npm/npm-public/braces/-/braces-3.0.3.tgz attempt 3 failed with 503
3094 http fetch GET 503 https://packages.applied-caas-gateway1.internal.api.openai.org/artifactory/api/npm/npm-public/braces/-/braces-3.0.3.tgz 70599ms attempt #3 (cache skip)
3095 http fetch GET https://packages.applied-caas-gateway1.internal.api.openai.org/artifactory/api/npm/npm-public/browserslist/-/browserslist-4.28.2.tgz attempt 3 failed with 503
3096 http fetch GET 503 https://packages.applied-caas-gateway1.internal.api.openai.org/artifactory/api/npm/npm-public/browserslist/-/browserslist-4.28.2.tgz 70600ms attempt #3 (cache skip)
3097 http fetch GET https://packages.applied-caas-gateway1.internal.api.openai.org/artifactory/api/npm/npm-public/brace-expansion/-/brace-expansion-1.1.14.tgz attempt 3 failed with 503
3098 http fetch GET 503 https://packages.applied-caas-gateway1.internal.api.openai.org/artifactory/api/npm/npm-public/brace-expansion/-/brace-expansion-1.1.14.tgz 70600ms attempt #3 (cache skip)
3099 http fetch GET https://packages.applied-caas-gateway1.internal.api.openai.org/artifactory/api/npm/npm-public/baseline-browser-mapping/-/baseline-browser-mapping-2.10.30.tgz attempt 3 failed with 503
3100 http fetch GET 503 https://packages.applied-caas-gateway1.internal.api.openai.org/artifactory/api/npm/npm-public/baseline-browser-mapping/-/baseline-browser-mapping-2.10.30.tgz 70600ms attempt #3 (cache skip)
3101 http fetch GET https://packages.applied-caas-gateway1.internal.api.openai.org/artifactory/api/npm/npm-public/base64-js/-/base64-js-0.0.8.tgz attempt 3 failed with 503
3102 http fetch GET 503 https://packages.applied-caas-gateway1.internal.api.openai.org/artifactory/api/npm/npm-public/base64-js/-/base64-js-0.0.8.tgz 70599ms attempt #3 (cache skip)
3103 http fetch GET https://packages.applied-caas-gateway1.internal.api.openai.org/artifactory/api/npm/npm-public/array.prototype.findlastindex/-/array.prototype.findlastindex-1.2.6.tgz attempt 3 failed with 503
3104 http fetch GET 503 https://packages.applied-caas-gateway1.internal.api.openai.org/artifactory/api/npm/npm-public/array.prototype.findlastindex/-/array.prototype.findlastindex-1.2.6.tgz 70597ms attempt #3 (cache skip)
3105 http fetch GET https://packages.applied-caas-gateway1.internal.api.openai.org/artifactory/api/npm/npm-public/ast-types-flow/-/ast-types-flow-0.0.8.tgz attempt 3 failed with 503
3106 http fetch GET 503 https://packages.applied-caas-gateway1.internal.api.openai.org/artifactory/api/npm/npm-public/ast-types-flow/-/ast-types-flow-0.0.8.tgz 70599ms attempt #3 (cache skip)
3107 http fetch GET https://packages.applied-caas-gateway1.internal.api.openai.org/artifactory/api/npm/npm-public/axe-core/-/axe-core-4.11.4.tgz attempt 3 failed with 503
3108 http fetch GET 503 https://packages.applied-caas-gateway1.internal.api.openai.org/artifactory/api/npm/npm-public/axe-core/-/axe-core-4.11.4.tgz 70601ms attempt #3 (cache skip)
3109 http fetch GET https://packages.applied-caas-gateway1.internal.api.openai.org/artifactory/api/npm/npm-public/arraybuffer.prototype.slice/-/arraybuffer.prototype.slice-1.0.4.tgz attempt 3 failed with 503
3110 http fetch GET 503 https://packages.applied-caas-gateway1.internal.api.openai.org/artifactory/api/npm/npm-public/arraybuffer.prototype.slice/-/arraybuffer.prototype.slice-1.0.4.tgz 70599ms attempt #3 (cache skip)
3111 http fetch GET https://packages.applied-caas-gateway1.internal.api.openai.org/artifactory/api/npm/npm-public/balanced-match/-/balanced-match-1.0.2.tgz attempt 3 failed with 503
3112 http fetch GET 503 https://packages.applied-caas-gateway1.internal.api.openai.org/artifactory/api/npm/npm-public/balanced-match/-/balanced-match-1.0.2.tgz 70602ms attempt #3 (cache skip)
3113 http fetch GET https://packages.applied-caas-gateway1.internal.api.openai.org/artifactory/api/npm/npm-public/blake3-wasm/-/blake3-wasm-2.1.5.tgz attempt 3 failed with 503
3114 http fetch GET 503 https://packages.applied-caas-gateway1.internal.api.openai.org/artifactory/api/npm/npm-public/blake3-wasm/-/blake3-wasm-2.1.5.tgz 70603ms attempt #3 (cache skip)
3115 http fetch GET https://packages.applied-caas-gateway1.internal.api.openai.org/artifactory/api/npm/npm-public/axobject-query/-/axobject-query-4.1.0.tgz attempt 3 failed with 503
3116 http fetch GET 503 https://packages.applied-caas-gateway1.internal.api.openai.org/artifactory/api/npm/npm-public/axobject-query/-/axobject-query-4.1.0.tgz 70602ms attempt #3 (cache skip)
3117 http fetch GET https://packages.applied-caas-gateway1.internal.api.openai.org/artifactory/api/npm/npm-public/array.prototype.tosorted/-/array.prototype.tosorted-1.1.4.tgz attempt 3 failed with 503
3118 http fetch GET 503 https://packages.applied-caas-gateway1.internal.api.openai.org/artifactory/api/npm/npm-public/array.prototype.tosorted/-/array.prototype.tosorted-1.1.4.tgz 70603ms attempt #3 (cache skip)
3119 http fetch GET https://packages.applied-caas-gateway1.internal.api.openai.org/artifactory/api/npm/npm-public/available-typed-arrays/-/available-typed-arrays-1.0.7.tgz attempt 3 failed with 503
3120 http fetch GET 503 https://packages.applied-caas-gateway1.internal.api.openai.org/artifactory/api/npm/npm-public/available-typed-arrays/-/available-typed-arrays-1.0.7.tgz 70605ms attempt #3 (cache skip)
3121 http fetch GET https://packages.applied-caas-gateway1.internal.api.openai.org/artifactory/api/npm/npm-public/async-function/-/async-function-1.0.0.tgz attempt 3 failed with 503
3122 http fetch GET 503 https://packages.applied-caas-gateway1.internal.api.openai.org/artifactory/api/npm/npm-public/async-function/-/async-function-1.0.0.tgz 70607ms attempt #3 (cache skip)
3123 http fetch GET https://packages.applied-caas-gateway1.internal.api.openai.org/artifactory/api/npm/npm-public/argparse/-/argparse-2.0.1.tgz attempt 3 failed with 503
3124 http fetch GET 503 https://packages.applied-caas-gateway1.internal.api.openai.org/artifactory/api/npm/npm-public/argparse/-/argparse-2.0.1.tgz 70604ms attempt #3 (cache skip)
3125 http fetch GET https://packages.applied-caas-gateway1.internal.api.openai.org/artifactory/api/npm/npm-public/array-includes/-/array-includes-3.1.9.tgz attempt 3 failed with 503
3126 http fetch GET 503 https://packages.applied-caas-gateway1.internal.api.openai.org/artifactory/api/npm/npm-public/array-includes/-/array-includes-3.1.9.tgz 70606ms attempt #3 (cache skip)
3127 http fetch GET https://packages.applied-caas-gateway1.internal.api.openai.org/artifactory/api/npm/npm-public/acorn-jsx/-/acorn-jsx-5.3.2.tgz attempt 3 failed with 503
3128 http fetch GET 503 https://packages.applied-caas-gateway1.internal.api.openai.org/artifactory/api/npm/npm-public/acorn-jsx/-/acorn-jsx-5.3.2.tgz 70604ms attempt #3 (cache skip)
3129 http fetch GET https://packages.applied-caas-gateway1.internal.api.openai.org/artifactory/api/npm/npm-public/aria-query/-/aria-query-5.3.2.tgz attempt 3 failed with 503
3130 http fetch GET 503 https://packages.applied-caas-gateway1.internal.api.openai.org/artifactory/api/npm/npm-public/aria-query/-/aria-query-5.3.2.tgz 70606ms attempt #3 (cache skip)
3131 http fetch GET https://packages.applied-caas-gateway1.internal.api.openai.org/artifactory/api/npm/npm-public/array.prototype.flat/-/array.prototype.flat-1.3.3.tgz attempt 3 failed with 503
3132 http fetch GET 503 https://packages.applied-caas-gateway1.internal.api.openai.org/artifactory/api/npm/npm-public/array.prototype.flat/-/array.prototype.flat-1.3.3.tgz 70608ms attempt #3 (cache skip)
3133 http fetch GET https://packages.applied-caas-gateway1.internal.api.openai.org/artifactory/api/npm/npm-public/@webassemblyjs/wasm-opt/-/wasm-opt-1.14.1.tgz attempt 3 failed with 503
3134 http fetch GET 503 https://packages.applied-caas-gateway1.internal.api.openai.org/artifactory/api/npm/npm-public/@webassemblyjs/wasm-opt/-/wasm-opt-1.14.1.tgz 70604ms attempt #3 (cache skip)
3135 http fetch GET https://packages.applied-caas-gateway1.internal.api.openai.org/artifactory/api/npm/npm-public/array-buffer-byte-length/-/array-buffer-byte-length-1.0.2.tgz attempt 3 failed with 503
3136 http fetch GET 503 https://packages.applied-caas-gateway1.internal.api.openai.org/artifactory/api/npm/npm-public/array-buffer-byte-length/-/array-buffer-byte-length-1.0.2.tgz 70608ms attempt #3 (cache skip)
3137 http fetch GET https://packages.applied-caas-gateway1.internal.api.openai.org/artifactory/api/npm/npm-public/ansi-styles/-/ansi-styles-4.3.0.tgz attempt 3 failed with 503
3138 http fetch GET 503 https://packages.applied-caas-gateway1.internal.api.openai.org/artifactory/api/npm/npm-public/ansi-styles/-/ansi-styles-4.3.0.tgz 70608ms attempt #3 (cache skip)
3139 http fetch GET https://packages.applied-caas-gateway1.internal.api.openai.org/artifactory/api/npm/npm-public/array.prototype.flatmap/-/array.prototype.flatmap-1.3.3.tgz attempt 3 failed with 503
3140 http fetch GET 503 https://packages.applied-caas-gateway1.internal.api.openai.org/artifactory/api/npm/npm-public/array.prototype.flatmap/-/array.prototype.flatmap-1.3.3.tgz 70610ms attempt #3 (cache skip)
3141 http fetch GET https://packages.applied-caas-gateway1.internal.api.openai.org/artifactory/api/npm/npm-public/ajv-formats/-/ajv-formats-2.1.1.tgz attempt 3 failed with 503
3142 http fetch GET 503 https://packages.applied-caas-gateway1.internal.api.openai.org/artifactory/api/npm/npm-public/ajv-formats/-/ajv-formats-2.1.1.tgz 70610ms attempt #3 (cache skip)
3143 http fetch GET https://packages.applied-caas-gateway1.internal.api.openai.org/artifactory/api/npm/npm-public/@xtuc/ieee754/-/ieee754-1.2.0.tgz attempt 3 failed with 503
3144 http fetch GET 503 https://packages.applied-caas-gateway1.internal.api.openai.org/artifactory/api/npm/npm-public/@xtuc/ieee754/-/ieee754-1.2.0.tgz 70608ms attempt #3 (cache skip)
3145 http fetch GET https://packages.applied-caas-gateway1.internal.api.openai.org/artifactory/api/npm/npm-public/@webassemblyjs/wasm-gen/-/wasm-gen-1.14.1.tgz attempt 3 failed with 503
3146 http fetch GET 503 https://packages.applied-caas-gateway1.internal.api.openai.org/artifactory/api/npm/npm-public/@webassemblyjs/wasm-gen/-/wasm-gen-1.14.1.tgz 70608ms attempt #3 (cache skip)
3147 http fetch GET https://packages.applied-caas-gateway1.internal.api.openai.org/artifactory/api/npm/npm-public/@webassemblyjs/wast-printer/-/wast-printer-1.14.1.tgz attempt 3 failed with 503
3148 http fetch GET 503 https://packages.applied-caas-gateway1.internal.api.openai.org/artifactory/api/npm/npm-public/@webassemblyjs/wast-printer/-/wast-printer-1.14.1.tgz 70610ms attempt #3 (cache skip)
3149 http fetch GET https://packages.applied-caas-gateway1.internal.api.openai.org/artifactory/api/npm/npm-public/@webassemblyjs/utf8/-/utf8-1.13.2.tgz attempt 3 failed with 503
3150 http fetch GET 503 https://packages.applied-caas-gateway1.internal.api.openai.org/artifactory/api/npm/npm-public/@webassemblyjs/utf8/-/utf8-1.13.2.tgz 70610ms attempt #3 (cache skip)
3151 http fetch GET https://packages.applied-caas-gateway1.internal.api.openai.org/artifactory/api/npm/npm-public/@webassemblyjs/wasm-parser/-/wasm-parser-1.14.1.tgz attempt 3 failed with 503
3152 http fetch GET 503 https://packages.applied-caas-gateway1.internal.api.openai.org/artifactory/api/npm/npm-public/@webassemblyjs/wasm-parser/-/wasm-parser-1.14.1.tgz 70610ms attempt #3 (cache skip)
3153 http fetch GET https://packages.applied-caas-gateway1.internal.api.openai.org/artifactory/api/npm/npm-public/@webassemblyjs/wasm-edit/-/wasm-edit-1.14.1.tgz attempt 3 failed with 503
3154 http fetch GET 503 https://packages.applied-caas-gateway1.internal.api.openai.org/artifactory/api/npm/npm-public/@webassemblyjs/wasm-edit/-/wasm-edit-1.14.1.tgz 70611ms attempt #3 (cache skip)
3155 http fetch GET https://packages.applied-caas-gateway1.internal.api.openai.org/artifactory/api/npm/npm-public/acorn-import-phases/-/acorn-import-phases-1.0.4.tgz attempt 3 failed with 503
3156 http fetch GET 503 https://packages.applied-caas-gateway1.internal.api.openai.org/artifactory/api/npm/npm-public/acorn-import-phases/-/acorn-import-phases-1.0.4.tgz 70613ms attempt #3 (cache skip)
3157 http fetch GET https://packages.applied-caas-gateway1.internal.api.openai.org/artifactory/api/npm/npm-public/acorn/-/acorn-8.16.0.tgz attempt 3 failed with 503
3158 http fetch GET 503 https://packages.applied-caas-gateway1.internal.api.openai.org/artifactory/api/npm/npm-public/acorn/-/acorn-8.16.0.tgz 70614ms attempt #3 (cache skip)
3159 http fetch GET https://packages.applied-caas-gateway1.internal.api.openai.org/artifactory/api/npm/npm-public/acorn-loose/-/acorn-loose-8.5.2.tgz attempt 3 failed with 503
3160 http fetch GET 503 https://packages.applied-caas-gateway1.internal.api.openai.org/artifactory/api/npm/npm-public/acorn-loose/-/acorn-loose-8.5.2.tgz 70615ms attempt #3 (cache skip)
3161 http fetch GET https://packages.applied-caas-gateway1.internal.api.openai.org/artifactory/api/npm/npm-public/ajv/-/ajv-6.15.0.tgz attempt 3 failed with 503
3162 http fetch GET 503 https://packages.applied-caas-gateway1.internal.api.openai.org/artifactory/api/npm/npm-public/ajv/-/ajv-6.15.0.tgz 70616ms attempt #3 (cache skip)
3163 http fetch GET https://packages.applied-caas-gateway1.internal.api.openai.org/artifactory/api/npm/npm-public/@xtuc/long/-/long-4.2.2.tgz attempt 3 failed with 503
3164 http fetch GET 503 https://packages.applied-caas-gateway1.internal.api.openai.org/artifactory/api/npm/npm-public/@xtuc/long/-/long-4.2.2.tgz 70616ms attempt #3 (cache skip)
3165 http fetch GET https://packages.applied-caas-gateway1.internal.api.openai.org/artifactory/api/npm/npm-public/@webassemblyjs/helper-wasm-bytecode/-/helper-wasm-bytecode-1.13.2.tgz attempt 3 failed with 503
3166 http fetch GET 503 https://packages.applied-caas-gateway1.internal.api.openai.org/artifactory/api/npm/npm-public/@webassemblyjs/helper-wasm-bytecode/-/helper-wasm-bytecode-1.13.2.tgz 70614ms attempt #3 (cache skip)
3167 http fetch GET https://packages.applied-caas-gateway1.internal.api.openai.org/artifactory/api/npm/npm-public/@webassemblyjs/helper-wasm-section/-/helper-wasm-section-1.14.1.tgz attempt 3 failed with 503
3168 http fetch GET 503 https://packages.applied-caas-gateway1.internal.api.openai.org/artifactory/api/npm/npm-public/@webassemblyjs/helper-wasm-section/-/helper-wasm-section-1.14.1.tgz 70613ms attempt #3 (cache skip)
3169 http fetch GET https://packages.applied-caas-gateway1.internal.api.openai.org/artifactory/api/npm/npm-public/@webassemblyjs/helper-numbers/-/helper-numbers-1.13.2.tgz attempt 3 failed with 503
3170 http fetch GET 503 https://packages.applied-caas-gateway1.internal.api.openai.org/artifactory/api/npm/npm-public/@webassemblyjs/helper-numbers/-/helper-numbers-1.13.2.tgz 70616ms attempt #3 (cache skip)
3171 http fetch GET https://packages.applied-caas-gateway1.internal.api.openai.org/artifactory/api/npm/npm-public/@vitejs/plugin-react/-/plugin-react-6.0.2.tgz attempt 3 failed with 503
3172 http fetch GET 503 https://packages.applied-caas-gateway1.internal.api.openai.org/artifactory/api/npm/npm-public/@vitejs/plugin-react/-/plugin-react-6.0.2.tgz 70614ms attempt #3 (cache skip)
3173 http fetch GET https://packages.applied-caas-gateway1.internal.api.openai.org/artifactory/api/npm/npm-public/@vercel/og/-/og-0.8.6.tgz attempt 3 failed with 503
3174 http fetch GET 503 https://packages.applied-caas-gateway1.internal.api.openai.org/artifactory/api/npm/npm-public/@vercel/og/-/og-0.8.6.tgz 70614ms attempt #3 (cache skip)
3175 http fetch GET https://packages.applied-caas-gateway1.internal.api.openai.org/artifactory/api/npm/npm-public/@typescript-eslint/type-utils/-/type-utils-8.59.3.tgz attempt 3 failed with 503
3176 http fetch GET 503 https://packages.applied-caas-gateway1.internal.api.openai.org/artifactory/api/npm/npm-public/@typescript-eslint/type-utils/-/type-utils-8.59.3.tgz 70614ms attempt #3 (cache skip)
3177 http fetch GET https://packages.applied-caas-gateway1.internal.api.openai.org/artifactory/api/npm/npm-public/@webassemblyjs/ast/-/ast-1.14.1.tgz attempt 3 failed with 503
3178 http fetch GET 503 https://packages.applied-caas-gateway1.internal.api.openai.org/artifactory/api/npm/npm-public/@webassemblyjs/ast/-/ast-1.14.1.tgz 70619ms attempt #3 (cache skip)
3179 http fetch GET https://packages.applied-caas-gateway1.internal.api.openai.org/artifactory/api/npm/npm-public/@typescript-eslint/typescript-estree/-/typescript-estree-8.59.3.tgz attempt 3 failed with 503
3180 http fetch GET 503 https://packages.applied-caas-gateway1.internal.api.openai.org/artifactory/api/npm/npm-public/@typescript-eslint/typescript-estree/-/typescript-estree-8.59.3.tgz 70616ms attempt #3 (cache skip)
3181 http fetch GET https://packages.applied-caas-gateway1.internal.api.openai.org/artifactory/api/npm/npm-public/@webassemblyjs/leb128/-/leb128-1.13.2.tgz attempt 3 failed with 503
3182 http fetch GET 503 https://packages.applied-caas-gateway1.internal.api.openai.org/artifactory/api/npm/npm-public/@webassemblyjs/leb128/-/leb128-1.13.2.tgz 70621ms attempt #3 (cache skip)
3183 http fetch GET https://packages.applied-caas-gateway1.internal.api.openai.org/artifactory/api/npm/npm-public/@webassemblyjs/ieee754/-/ieee754-1.13.2.tgz attempt 3 failed with 503
3184 http fetch GET 503 https://packages.applied-caas-gateway1.internal.api.openai.org/artifactory/api/npm/npm-public/@webassemblyjs/ieee754/-/ieee754-1.13.2.tgz 70622ms attempt #3 (cache skip)
3185 http fetch GET https://packages.applied-caas-gateway1.internal.api.openai.org/artifactory/api/npm/npm-public/@webassemblyjs/floating-point-hex-parser/-/floating-point-hex-parser-1.13.2.tgz attempt 3 failed with 503
3186 http fetch GET 503 https://packages.applied-caas-gateway1.internal.api.openai.org/artifactory/api/npm/npm-public/@webassemblyjs/floating-point-hex-parser/-/floating-point-hex-parser-1.13.2.tgz 70620ms attempt #3 (cache skip)
3187 http fetch GET https://packages.applied-caas-gateway1.internal.api.openai.org/artifactory/api/npm/npm-public/@vitejs/plugin-rsc/-/plugin-rsc-0.5.26.tgz attempt 3 failed with 503
3188 http fetch GET 503 https://packages.applied-caas-gateway1.internal.api.openai.org/artifactory/api/npm/npm-public/@vitejs/plugin-rsc/-/plugin-rsc-0.5.26.tgz 70619ms attempt #3 (cache skip)
3189 http fetch GET https://packages.applied-caas-gateway1.internal.api.openai.org/artifactory/api/npm/npm-public/@webassemblyjs/helper-api-error/-/helper-api-error-1.13.2.tgz attempt 3 failed with 503
3190 http fetch GET 503 https://packages.applied-caas-gateway1.internal.api.openai.org/artifactory/api/npm/npm-public/@webassemblyjs/helper-api-error/-/helper-api-error-1.13.2.tgz 70622ms attempt #3 (cache skip)
3191 http fetch GET https://packages.applied-caas-gateway1.internal.api.openai.org/artifactory/api/npm/npm-public/@typescript-eslint/visitor-keys/-/visitor-keys-8.59.3.tgz attempt 3 failed with 503
3192 http fetch GET 503 https://packages.applied-caas-gateway1.internal.api.openai.org/artifactory/api/npm/npm-public/@typescript-eslint/visitor-keys/-/visitor-keys-8.59.3.tgz 70621ms attempt #3 (cache skip)
3193 http fetch GET https://packages.applied-caas-gateway1.internal.api.openai.org/artifactory/api/npm/npm-public/@webassemblyjs/helper-buffer/-/helper-buffer-1.14.1.tgz attempt 3 failed with 503
3194 http fetch GET 503 https://packages.applied-caas-gateway1.internal.api.openai.org/artifactory/api/npm/npm-public/@webassemblyjs/helper-buffer/-/helper-buffer-1.14.1.tgz 70625ms attempt #3 (cache skip)
3195 http fetch GET https://packages.applied-caas-gateway1.internal.api.openai.org/artifactory/api/npm/npm-public/@unpic/react/-/react-1.0.2.tgz attempt 3 failed with 503
3196 http fetch GET 503 https://packages.applied-caas-gateway1.internal.api.openai.org/artifactory/api/npm/npm-public/@unpic/react/-/react-1.0.2.tgz 70622ms attempt #3 (cache skip)
3197 http fetch GET https://packages.applied-caas-gateway1.internal.api.openai.org/artifactory/api/npm/npm-public/@typescript-eslint/tsconfig-utils/-/tsconfig-utils-8.59.3.tgz attempt 3 failed with 503
3198 http fetch GET 503 https://packages.applied-caas-gateway1.internal.api.openai.org/artifactory/api/npm/npm-public/@typescript-eslint/tsconfig-utils/-/tsconfig-utils-8.59.3.tgz 70621ms attempt #3 (cache skip)
3199 http fetch GET https://packages.applied-caas-gateway1.internal.api.openai.org/artifactory/api/npm/npm-public/@typescript-eslint/types/-/types-8.59.3.tgz attempt 3 failed with 503
3200 http fetch GET 503 https://packages.applied-caas-gateway1.internal.api.openai.org/artifactory/api/npm/npm-public/@typescript-eslint/types/-/types-8.59.3.tgz 70622ms attempt #3 (cache skip)
3201 http fetch GET https://packages.applied-caas-gateway1.internal.api.openai.org/artifactory/api/npm/npm-public/@types/react-dom/-/react-dom-19.2.3.tgz attempt 3 failed with 503
3202 http fetch GET 503 https://packages.applied-caas-gateway1.internal.api.openai.org/artifactory/api/npm/npm-public/@types/react-dom/-/react-dom-19.2.3.tgz 70621ms attempt #3 (cache skip)
3203 http fetch GET https://packages.applied-caas-gateway1.internal.api.openai.org/artifactory/api/npm/npm-public/@typescript-eslint/project-service/-/project-service-8.59.3.tgz attempt 3 failed with 503
3204 http fetch GET 503 https://packages.applied-caas-gateway1.internal.api.openai.org/artifactory/api/npm/npm-public/@typescript-eslint/project-service/-/project-service-8.59.3.tgz 70624ms attempt #3 (cache skip)
3205 http fetch GET https://packages.applied-caas-gateway1.internal.api.openai.org/artifactory/api/npm/npm-public/@unpic/core/-/core-1.0.3.tgz attempt 3 failed with 503
3206 http fetch GET 503 https://packages.applied-caas-gateway1.internal.api.openai.org/artifactory/api/npm/npm-public/@unpic/core/-/core-1.0.3.tgz 70626ms attempt #3 (cache skip)
3207 http fetch GET https://packages.applied-caas-gateway1.internal.api.openai.org/artifactory/api/npm/npm-public/@types/react/-/react-19.2.14.tgz attempt 3 failed with 503
3208 http fetch GET 503 https://packages.applied-caas-gateway1.internal.api.openai.org/artifactory/api/npm/npm-public/@types/react/-/react-19.2.14.tgz 70623ms attempt #3 (cache skip)
3209 http fetch GET https://packages.applied-caas-gateway1.internal.api.openai.org/artifactory/api/npm/npm-public/@unrs/resolver-binding-linux-x64-gnu/-/resolver-binding-linux-x64-gnu-1.11.1.tgz attempt 3 failed with 503
3210 http fetch GET 503 https://packages.applied-caas-gateway1.internal.api.openai.org/artifactory/api/npm/npm-public/@unrs/resolver-binding-linux-x64-gnu/-/resolver-binding-linux-x64-gnu-1.11.1.tgz 70628ms attempt #3 (cache skip)
3211 verbose reify failed optional dependency /mnt/data/technologia_work/node_modules/@unrs/resolver-binding-linux-x64-gnu
3212 silly reify mark deleted [
3212 silly reify   '/mnt/data/technologia_work/node_modules/@unrs/resolver-binding-linux-x64-gnu'
3212 silly reify ]
3213 http fetch GET https://packages.applied-caas-gateway1.internal.api.openai.org/artifactory/api/npm/npm-public/@tailwindcss/node/-/node-4.2.1.tgz attempt 3 failed with 503
3214 http fetch GET 503 https://packages.applied-caas-gateway1.internal.api.openai.org/artifactory/api/npm/npm-public/@tailwindcss/node/-/node-4.2.1.tgz 70623ms attempt #3 (cache skip)
3215 http fetch GET https://packages.applied-caas-gateway1.internal.api.openai.org/artifactory/api/npm/npm-public/@tybys/wasm-util/-/wasm-util-0.10.2.tgz attempt 3 failed with 503
3216 http fetch GET 503 https://packages.applied-caas-gateway1.internal.api.openai.org/artifactory/api/npm/npm-public/@tybys/wasm-util/-/wasm-util-0.10.2.tgz 70624ms attempt #3 (cache skip)
3217 verbose reify failed optional dependency /mnt/data/technologia_work/node_modules/@tybys/wasm-util
3218 silly reify mark deleted [ '/mnt/data/technologia_work/node_modules/@tybys/wasm-util' ]
3219 verbose reify failed optional dependency /mnt/data/technologia_work/node_modules/@napi-rs/wasm-runtime
3220 silly reify mark deleted [ '/mnt/data/technologia_work/node_modules/@napi-rs/wasm-runtime' ]
3221 verbose reify failed optional dependency /mnt/data/technologia_work/node_modules/@rolldown/binding-wasm32-wasi/node_modules/@napi-rs/wasm-runtime
3222 silly reify mark deleted [
3222 silly reify   '/mnt/data/technologia_work/node_modules/@rolldown/binding-wasm32-wasi/node_modules/@napi-rs/wasm-runtime'
3222 silly reify ]
3223 verbose reify failed optional dependency /mnt/data/technologia_work/node_modules/@unrs/resolver-binding-wasm32-wasi
3224 silly reify mark deleted [
3224 silly reify   '/mnt/data/technologia_work/node_modules/@unrs/resolver-binding-wasm32-wasi'
3224 silly reify ]
3225 verbose reify failed optional dependency /mnt/data/technologia_work/node_modules/@rolldown/binding-wasm32-wasi
3226 silly reify mark deleted [
3226 silly reify   '/mnt/data/technologia_work/node_modules/@rolldown/binding-wasm32-wasi'
3226 silly reify ]
3227 verbose reify failed optional dependency /mnt/data/technologia_work/node_modules/@emnapi/core
3228 silly reify mark deleted [ '/mnt/data/technologia_work/node_modules/@emnapi/core' ]
3229 verbose reify failed optional dependency /mnt/data/technologia_work/node_modules/@emnapi/wasi-threads
3230 silly reify mark deleted [ '/mnt/data/technologia_work/node_modules/@emnapi/wasi-threads' ]
3231 http fetch GET https://packages.applied-caas-gateway1.internal.api.openai.org/artifactory/api/npm/npm-public/@typescript-eslint/utils/-/utils-8.59.3.tgz attempt 3 failed with 503
3232 http fetch GET 503 https://packages.applied-caas-gateway1.internal.api.openai.org/artifactory/api/npm/npm-public/@typescript-eslint/utils/-/utils-8.59.3.tgz 70630ms attempt #3 (cache skip)
3233 http fetch GET https://packages.applied-caas-gateway1.internal.api.openai.org/artifactory/api/npm/npm-public/@types/eslint-scope/-/eslint-scope-3.7.7.tgz attempt 3 failed with 503
3234 http fetch GET 503 https://packages.applied-caas-gateway1.internal.api.openai.org/artifactory/api/npm/npm-public/@types/eslint-scope/-/eslint-scope-3.7.7.tgz 70627ms attempt #3 (cache skip)
3235 http fetch GET https://packages.applied-caas-gateway1.internal.api.openai.org/artifactory/api/npm/npm-public/@typescript-eslint/parser/-/parser-8.59.3.tgz attempt 3 failed with 503
3236 http fetch GET 503 https://packages.applied-caas-gateway1.internal.api.openai.org/artifactory/api/npm/npm-public/@typescript-eslint/parser/-/parser-8.59.3.tgz 70629ms attempt #3 (cache skip)
3237 http fetch GET https://packages.applied-caas-gateway1.internal.api.openai.org/artifactory/api/npm/npm-public/@types/json-schema/-/json-schema-7.0.15.tgz attempt 3 failed with 503
3238 http fetch GET 503 https://packages.applied-caas-gateway1.internal.api.openai.org/artifactory/api/npm/npm-public/@types/json-schema/-/json-schema-7.0.15.tgz 70627ms attempt #3 (cache skip)
3239 http fetch GET https://packages.applied-caas-gateway1.internal.api.openai.org/artifactory/api/npm/npm-public/@types/node/-/node-22.19.19.tgz attempt 3 failed with 503
3240 http fetch GET 503 https://packages.applied-caas-gateway1.internal.api.openai.org/artifactory/api/npm/npm-public/@types/node/-/node-22.19.19.tgz 70629ms attempt #3 (cache skip)
3241 http fetch GET https://packages.applied-caas-gateway1.internal.api.openai.org/artifactory/api/npm/npm-public/@tailwindcss/oxide/-/oxide-4.2.1.tgz attempt 3 failed with 503
3242 http fetch GET 503 https://packages.applied-caas-gateway1.internal.api.openai.org/artifactory/api/npm/npm-public/@tailwindcss/oxide/-/oxide-4.2.1.tgz 70627ms attempt #3 (cache skip)
3243 http fetch GET https://packages.applied-caas-gateway1.internal.api.openai.org/artifactory/api/npm/npm-public/@types/estree/-/estree-1.0.9.tgz attempt 3 failed with 503
3244 http fetch GET 503 https://packages.applied-caas-gateway1.internal.api.openai.org/artifactory/api/npm/npm-public/@types/estree/-/estree-1.0.9.tgz 70629ms attempt #3 (cache skip)
3245 http fetch GET https://packages.applied-caas-gateway1.internal.api.openai.org/artifactory/api/npm/npm-public/@typescript-eslint/eslint-plugin/-/eslint-plugin-8.59.3.tgz attempt 3 failed with 503
3246 http fetch GET 503 https://packages.applied-caas-gateway1.internal.api.openai.org/artifactory/api/npm/npm-public/@typescript-eslint/eslint-plugin/-/eslint-plugin-8.59.3.tgz 70631ms attempt #3 (cache skip)
3247 http fetch GET https://packages.applied-caas-gateway1.internal.api.openai.org/artifactory/api/npm/npm-public/@tailwindcss/oxide-linux-x64-gnu/-/oxide-linux-x64-gnu-4.2.1.tgz attempt 3 failed with 503
3248 http fetch GET 503 https://packages.applied-caas-gateway1.internal.api.openai.org/artifactory/api/npm/npm-public/@tailwindcss/oxide-linux-x64-gnu/-/oxide-linux-x64-gnu-4.2.1.tgz 70628ms attempt #3 (cache skip)
3249 verbose reify failed optional dependency /mnt/data/technologia_work/node_modules/@tailwindcss/oxide-linux-x64-gnu
3250 silly reify mark deleted [
3250 silly reify   '/mnt/data/technologia_work/node_modules/@tailwindcss/oxide-linux-x64-gnu'
3250 silly reify ]
3251 http fetch GET https://packages.applied-caas-gateway1.internal.api.openai.org/artifactory/api/npm/npm-public/@types/json5/-/json5-0.0.29.tgz attempt 3 failed with 503
3252 http fetch GET 503 https://packages.applied-caas-gateway1.internal.api.openai.org/artifactory/api/npm/npm-public/@types/json5/-/json5-0.0.29.tgz 70630ms attempt #3 (cache skip)
3253 http fetch GET https://packages.applied-caas-gateway1.internal.api.openai.org/artifactory/api/npm/npm-public/@typescript-eslint/scope-manager/-/scope-manager-8.59.3.tgz attempt 3 failed with 503
3254 http fetch GET 503 https://packages.applied-caas-gateway1.internal.api.openai.org/artifactory/api/npm/npm-public/@typescript-eslint/scope-manager/-/scope-manager-8.59.3.tgz 70633ms attempt #3 (cache skip)
3255 http fetch GET https://packages.applied-caas-gateway1.internal.api.openai.org/artifactory/api/npm/npm-public/@types/eslint/-/eslint-9.6.1.tgz attempt 3 failed with 503
3256 http fetch GET 503 https://packages.applied-caas-gateway1.internal.api.openai.org/artifactory/api/npm/npm-public/@types/eslint/-/eslint-9.6.1.tgz 70631ms attempt #3 (cache skip)
3257 http fetch GET https://packages.applied-caas-gateway1.internal.api.openai.org/artifactory/api/npm/npm-public/@poppinss/exception/-/exception-1.2.3.tgz attempt 3 failed with 503
3258 http fetch GET 503 https://packages.applied-caas-gateway1.internal.api.openai.org/artifactory/api/npm/npm-public/@poppinss/exception/-/exception-1.2.3.tgz 70631ms attempt #3 (cache skip)
3259 http fetch GET https://packages.applied-caas-gateway1.internal.api.openai.org/artifactory/api/npm/npm-public/@sindresorhus/is/-/is-7.2.0.tgz attempt 3 failed with 503
3260 http fetch GET 503 https://packages.applied-caas-gateway1.internal.api.openai.org/artifactory/api/npm/npm-public/@sindresorhus/is/-/is-7.2.0.tgz 70633ms attempt #3 (cache skip)
3261 http fetch GET https://packages.applied-caas-gateway1.internal.api.openai.org/artifactory/api/npm/npm-public/@swc/helpers/-/helpers-0.5.15.tgz attempt 3 failed with 503
3262 http fetch GET 503 https://packages.applied-caas-gateway1.internal.api.openai.org/artifactory/api/npm/npm-public/@swc/helpers/-/helpers-0.5.15.tgz 70633ms attempt #3 (cache skip)
3263 http fetch GET https://packages.applied-caas-gateway1.internal.api.openai.org/artifactory/api/npm/npm-public/@rolldown/pluginutils/-/pluginutils-1.0.1.tgz attempt 3 failed with 503
3264 http fetch GET 503 https://packages.applied-caas-gateway1.internal.api.openai.org/artifactory/api/npm/npm-public/@rolldown/pluginutils/-/pluginutils-1.0.1.tgz 70633ms attempt #3 (cache skip)
3265 http fetch GET https://packages.applied-caas-gateway1.internal.api.openai.org/artifactory/api/npm/npm-public/array.prototype.findlast/-/array.prototype.findlast-1.2.5.tgz attempt 3 failed with 503
3266 http fetch GET 503 https://packages.applied-caas-gateway1.internal.api.openai.org/artifactory/api/npm/npm-public/array.prototype.findlast/-/array.prototype.findlast-1.2.5.tgz 70632ms attempt #3 (cache skip)
3267 http fetch GET https://packages.applied-caas-gateway1.internal.api.openai.org/artifactory/api/npm/npm-public/@rtsao/scc/-/scc-1.1.0.tgz attempt 3 failed with 503
3268 http fetch GET 503 https://packages.applied-caas-gateway1.internal.api.openai.org/artifactory/api/npm/npm-public/@rtsao/scc/-/scc-1.1.0.tgz 70635ms attempt #3 (cache skip)
3269 http fetch GET https://packages.applied-caas-gateway1.internal.api.openai.org/artifactory/api/npm/npm-public/@tailwindcss/postcss/-/postcss-4.2.1.tgz attempt 3 failed with 503
3270 http fetch GET 503 https://packages.applied-caas-gateway1.internal.api.openai.org/artifactory/api/npm/npm-public/@tailwindcss/postcss/-/postcss-4.2.1.tgz 70638ms attempt #3 (cache skip)
3271 http fetch GET https://packages.applied-caas-gateway1.internal.api.openai.org/artifactory/api/npm/npm-public/@resvg/resvg-wasm/-/resvg-wasm-2.4.0.tgz attempt 3 failed with 503
3272 http fetch GET 503 https://packages.applied-caas-gateway1.internal.api.openai.org/artifactory/api/npm/npm-public/@resvg/resvg-wasm/-/resvg-wasm-2.4.0.tgz 70635ms attempt #3 (cache skip)
3273 http fetch GET https://packages.applied-caas-gateway1.internal.api.openai.org/artifactory/api/npm/npm-public/@shuding/opentype.js/-/opentype.js-1.4.0-beta.0.tgz attempt 3 failed with 503
3274 http fetch GET 503 https://packages.applied-caas-gateway1.internal.api.openai.org/artifactory/api/npm/npm-public/@shuding/opentype.js/-/opentype.js-1.4.0-beta.0.tgz 70636ms attempt #3 (cache skip)
3275 http fetch GET https://packages.applied-caas-gateway1.internal.api.openai.org/artifactory/api/npm/npm-public/@speed-highlight/core/-/core-1.2.15.tgz attempt 3 failed with 503
3276 http fetch GET 503 https://packages.applied-caas-gateway1.internal.api.openai.org/artifactory/api/npm/npm-public/@speed-highlight/core/-/core-1.2.15.tgz 70638ms attempt #3 (cache skip)
3277 http fetch GET https://packages.applied-caas-gateway1.internal.api.openai.org/artifactory/api/npm/npm-public/@next/swc-linux-x64-gnu/-/swc-linux-x64-gnu-16.2.6.tgz attempt 3 failed with 503
3278 http fetch GET 503 https://packages.applied-caas-gateway1.internal.api.openai.org/artifactory/api/npm/npm-public/@next/swc-linux-x64-gnu/-/swc-linux-x64-gnu-16.2.6.tgz 70633ms attempt #3 (cache skip)
3279 verbose reify failed optional dependency /mnt/data/technologia_work/node_modules/@next/swc-linux-x64-gnu
3280 silly reify mark deleted [ '/mnt/data/technologia_work/node_modules/@next/swc-linux-x64-gnu' ]
3281 http fetch GET https://packages.applied-caas-gateway1.internal.api.openai.org/artifactory/api/npm/npm-public/@nodelib/fs.stat/-/fs.stat-2.0.5.tgz attempt 3 failed with 503
3282 http fetch GET 503 https://packages.applied-caas-gateway1.internal.api.openai.org/artifactory/api/npm/npm-public/@nodelib/fs.stat/-/fs.stat-2.0.5.tgz 70634ms attempt #3 (cache skip)
3283 http fetch GET https://packages.applied-caas-gateway1.internal.api.openai.org/artifactory/api/npm/npm-public/@rolldown/binding-linux-x64-gnu/-/binding-linux-x64-gnu-1.0.1.tgz attempt 3 failed with 503
3284 http fetch GET 503 https://packages.applied-caas-gateway1.internal.api.openai.org/artifactory/api/npm/npm-public/@rolldown/binding-linux-x64-gnu/-/binding-linux-x64-gnu-1.0.1.tgz 70636ms attempt #3 (cache skip)
3285 verbose reify failed optional dependency /mnt/data/technologia_work/node_modules/@rolldown/binding-linux-x64-gnu
3286 silly reify mark deleted [
3286 silly reify   '/mnt/data/technologia_work/node_modules/@rolldown/binding-linux-x64-gnu'
3286 silly reify ]
3287 http fetch GET https://packages.applied-caas-gateway1.internal.api.openai.org/artifactory/api/npm/npm-public/@napi-rs/wasm-runtime/-/wasm-runtime-0.2.12.tgz attempt 3 failed with 503
3288 http fetch GET 503 https://packages.applied-caas-gateway1.internal.api.openai.org/artifactory/api/npm/npm-public/@napi-rs/wasm-runtime/-/wasm-runtime-0.2.12.tgz 70635ms attempt #3 (cache skip)
3289 verbose reify failed optional dependency /mnt/data/technologia_work/node_modules/@napi-rs/wasm-runtime
3290 silly reify mark deleted [ '/mnt/data/technologia_work/node_modules/@napi-rs/wasm-runtime' ]
3291 verbose reify failed optional dependency /mnt/data/technologia_work/node_modules/@unrs/resolver-binding-wasm32-wasi
3292 silly reify mark deleted [
3292 silly reify   '/mnt/data/technologia_work/node_modules/@unrs/resolver-binding-wasm32-wasi'
3292 silly reify ]
3293 http fetch GET https://packages.applied-caas-gateway1.internal.api.openai.org/artifactory/api/npm/npm-public/@nodelib/fs.walk/-/fs.walk-1.2.8.tgz attempt 3 failed with 503
3294 http fetch GET 503 https://packages.applied-caas-gateway1.internal.api.openai.org/artifactory/api/npm/npm-public/@nodelib/fs.walk/-/fs.walk-1.2.8.tgz 70638ms attempt #3 (cache skip)
3295 http fetch GET https://packages.applied-caas-gateway1.internal.api.openai.org/artifactory/api/npm/npm-public/@next/env/-/env-16.2.6.tgz attempt 3 failed with 503
3296 http fetch GET 503 https://packages.applied-caas-gateway1.internal.api.openai.org/artifactory/api/npm/npm-public/@next/env/-/env-16.2.6.tgz 70637ms attempt #3 (cache skip)
3297 http fetch GET https://packages.applied-caas-gateway1.internal.api.openai.org/artifactory/api/npm/npm-public/@nolyfill/is-core-module/-/is-core-module-1.0.39.tgz attempt 3 failed with 503
3298 http fetch GET 503 https://packages.applied-caas-gateway1.internal.api.openai.org/artifactory/api/npm/npm-public/@nolyfill/is-core-module/-/is-core-module-1.0.39.tgz 70640ms attempt #3 (cache skip)
3299 http fetch GET https://packages.applied-caas-gateway1.internal.api.openai.org/artifactory/api/npm/npm-public/@jridgewell/sourcemap-codec/-/sourcemap-codec-1.5.5.tgz attempt 3 failed with 503
3300 http fetch GET 503 https://packages.applied-caas-gateway1.internal.api.openai.org/artifactory/api/npm/npm-public/@jridgewell/sourcemap-codec/-/sourcemap-codec-1.5.5.tgz 70638ms attempt #3 (cache skip)
3301 http fetch GET https://packages.applied-caas-gateway1.internal.api.openai.org/artifactory/api/npm/npm-public/@poppinss/colors/-/colors-4.1.6.tgz attempt 3 failed with 503
3302 http fetch GET 503 https://packages.applied-caas-gateway1.internal.api.openai.org/artifactory/api/npm/npm-public/@poppinss/colors/-/colors-4.1.6.tgz 70642ms attempt #3 (cache skip)
3303 http fetch GET https://packages.applied-caas-gateway1.internal.api.openai.org/artifactory/api/npm/npm-public/@nodelib/fs.scandir/-/fs.scandir-2.1.5.tgz attempt 3 failed with 503
3304 http fetch GET 503 https://packages.applied-caas-gateway1.internal.api.openai.org/artifactory/api/npm/npm-public/@nodelib/fs.scandir/-/fs.scandir-2.1.5.tgz 70642ms attempt #3 (cache skip)
3305 http fetch GET https://packages.applied-caas-gateway1.internal.api.openai.org/artifactory/api/npm/npm-public/@jridgewell/source-map/-/source-map-0.3.11.tgz attempt 3 failed with 503
3306 http fetch GET 503 https://packages.applied-caas-gateway1.internal.api.openai.org/artifactory/api/npm/npm-public/@jridgewell/source-map/-/source-map-0.3.11.tgz 70640ms attempt #3 (cache skip)
3307 http fetch GET https://packages.applied-caas-gateway1.internal.api.openai.org/artifactory/api/npm/npm-public/@oxc-project/types/-/types-0.130.0.tgz attempt 3 failed with 503
3308 http fetch GET 503 https://packages.applied-caas-gateway1.internal.api.openai.org/artifactory/api/npm/npm-public/@oxc-project/types/-/types-0.130.0.tgz 70645ms attempt #3 (cache skip)
3309 http fetch GET https://packages.applied-caas-gateway1.internal.api.openai.org/artifactory/api/npm/npm-public/@next/eslint-plugin-next/-/eslint-plugin-next-16.2.6.tgz attempt 3 failed with 503
3310 http fetch GET 503 https://packages.applied-caas-gateway1.internal.api.openai.org/artifactory/api/npm/npm-public/@next/eslint-plugin-next/-/eslint-plugin-next-16.2.6.tgz 70644ms attempt #3 (cache skip)
3311 http fetch GET https://packages.applied-caas-gateway1.internal.api.openai.org/artifactory/api/npm/npm-public/@jridgewell/resolve-uri/-/resolve-uri-3.1.2.tgz attempt 3 failed with 503
3312 http fetch GET 503 https://packages.applied-caas-gateway1.internal.api.openai.org/artifactory/api/npm/npm-public/@jridgewell/resolve-uri/-/resolve-uri-3.1.2.tgz 70642ms attempt #3 (cache skip)
3313 http fetch GET https://packages.applied-caas-gateway1.internal.api.openai.org/artifactory/api/npm/npm-public/@jridgewell/remapping/-/remapping-2.3.5.tgz attempt 3 failed with 503
3314 http fetch GET 503 https://packages.applied-caas-gateway1.internal.api.openai.org/artifactory/api/npm/npm-public/@jridgewell/remapping/-/remapping-2.3.5.tgz 70643ms attempt #3 (cache skip)
3315 http fetch GET https://packages.applied-caas-gateway1.internal.api.openai.org/artifactory/api/npm/npm-public/@humanfs/types/-/types-0.15.0.tgz attempt 3 failed with 503
3316 http fetch GET 503 https://packages.applied-caas-gateway1.internal.api.openai.org/artifactory/api/npm/npm-public/@humanfs/types/-/types-0.15.0.tgz 70641ms attempt #3 (cache skip)
3317 http fetch GET https://packages.applied-caas-gateway1.internal.api.openai.org/artifactory/api/npm/npm-public/@jridgewell/gen-mapping/-/gen-mapping-0.3.13.tgz attempt 3 failed with 503
3318 http fetch GET 503 https://packages.applied-caas-gateway1.internal.api.openai.org/artifactory/api/npm/npm-public/@jridgewell/gen-mapping/-/gen-mapping-0.3.13.tgz 70644ms attempt #3 (cache skip)
3319 http fetch GET https://packages.applied-caas-gateway1.internal.api.openai.org/artifactory/api/npm/npm-public/@jridgewell/trace-mapping/-/trace-mapping-0.3.31.tgz attempt 3 failed with 503
3320 http fetch GET 503 https://packages.applied-caas-gateway1.internal.api.openai.org/artifactory/api/npm/npm-public/@jridgewell/trace-mapping/-/trace-mapping-0.3.31.tgz 70645ms attempt #3 (cache skip)
3321 http fetch GET https://packages.applied-caas-gateway1.internal.api.openai.org/artifactory/api/npm/npm-public/@img/sharp-linux-x64/-/sharp-linux-x64-0.34.5.tgz attempt 3 failed with 503
3322 http fetch GET 503 https://packages.applied-caas-gateway1.internal.api.openai.org/artifactory/api/npm/npm-public/@img/sharp-linux-x64/-/sharp-linux-x64-0.34.5.tgz 70644ms attempt #3 (cache skip)
3323 verbose reify failed optional dependency /mnt/data/technologia_work/node_modules/@img/sharp-linux-x64
3324 silly reify mark deleted [ '/mnt/data/technologia_work/node_modules/@img/sharp-linux-x64' ]
3325 http fetch GET https://packages.applied-caas-gateway1.internal.api.openai.org/artifactory/api/npm/npm-public/@eslint/plugin-kit/-/plugin-kit-0.4.1.tgz attempt 3 failed with 503
3326 http fetch GET 503 https://packages.applied-caas-gateway1.internal.api.openai.org/artifactory/api/npm/npm-public/@eslint/plugin-kit/-/plugin-kit-0.4.1.tgz 70643ms attempt #3 (cache skip)
3327 http fetch GET https://packages.applied-caas-gateway1.internal.api.openai.org/artifactory/api/npm/npm-public/@humanwhocodes/retry/-/retry-0.4.3.tgz attempt 3 failed with 503
3328 http fetch GET 503 https://packages.applied-caas-gateway1.internal.api.openai.org/artifactory/api/npm/npm-public/@humanwhocodes/retry/-/retry-0.4.3.tgz 70644ms attempt #3 (cache skip)
3329 http fetch GET https://packages.applied-caas-gateway1.internal.api.openai.org/artifactory/api/npm/npm-public/@img/colour/-/colour-1.1.0.tgz attempt 3 failed with 503
3330 http fetch GET 503 https://packages.applied-caas-gateway1.internal.api.openai.org/artifactory/api/npm/npm-public/@img/colour/-/colour-1.1.0.tgz 70645ms attempt #3 (cache skip)
3331 http fetch GET https://packages.applied-caas-gateway1.internal.api.openai.org/artifactory/api/npm/npm-public/@humanfs/core/-/core-0.19.2.tgz attempt 3 failed with 503
3332 http fetch GET 503 https://packages.applied-caas-gateway1.internal.api.openai.org/artifactory/api/npm/npm-public/@humanfs/core/-/core-0.19.2.tgz 70645ms attempt #3 (cache skip)
3333 http fetch GET https://packages.applied-caas-gateway1.internal.api.openai.org/artifactory/api/npm/npm-public/@eslint/config-array/-/config-array-0.21.2.tgz attempt 3 failed with 503
3334 http fetch GET 503 https://packages.applied-caas-gateway1.internal.api.openai.org/artifactory/api/npm/npm-public/@eslint/config-array/-/config-array-0.21.2.tgz 70645ms attempt #3 (cache skip)
3335 http fetch GET https://packages.applied-caas-gateway1.internal.api.openai.org/artifactory/api/npm/npm-public/@eslint/js/-/js-9.39.4.tgz attempt 3 failed with 503
3336 http fetch GET 503 https://packages.applied-caas-gateway1.internal.api.openai.org/artifactory/api/npm/npm-public/@eslint/js/-/js-9.39.4.tgz 70646ms attempt #3 (cache skip)
3337 http fetch GET https://packages.applied-caas-gateway1.internal.api.openai.org/artifactory/api/npm/npm-public/@img/sharp-libvips-linux-x64/-/sharp-libvips-linux-x64-1.2.4.tgz attempt 3 failed with 503
3338 http fetch GET 503 https://packages.applied-caas-gateway1.internal.api.openai.org/artifactory/api/npm/npm-public/@img/sharp-libvips-linux-x64/-/sharp-libvips-linux-x64-1.2.4.tgz 70649ms attempt #3 (cache skip)
3339 verbose reify failed optional dependency /mnt/data/technologia_work/node_modules/@img/sharp-libvips-linux-x64
3340 silly reify mark deleted [
3340 silly reify   '/mnt/data/technologia_work/node_modules/@img/sharp-libvips-linux-x64'
3340 silly reify ]
3341 http fetch GET https://packages.applied-caas-gateway1.internal.api.openai.org/artifactory/api/npm/npm-public/@eslint/core/-/core-0.17.0.tgz attempt 3 failed with 503
3342 http fetch GET 503 https://packages.applied-caas-gateway1.internal.api.openai.org/artifactory/api/npm/npm-public/@eslint/core/-/core-0.17.0.tgz 70648ms attempt #3 (cache skip)
3343 http fetch GET https://packages.applied-caas-gateway1.internal.api.openai.org/artifactory/api/npm/npm-public/@humanfs/node/-/node-0.16.8.tgz attempt 3 failed with 503
3344 http fetch GET 503 https://packages.applied-caas-gateway1.internal.api.openai.org/artifactory/api/npm/npm-public/@humanfs/node/-/node-0.16.8.tgz 70650ms attempt #3 (cache skip)
3345 http fetch GET https://packages.applied-caas-gateway1.internal.api.openai.org/artifactory/api/npm/npm-public/@eslint/config-helpers/-/config-helpers-0.4.2.tgz attempt 3 failed with 503
3346 http fetch GET 503 https://packages.applied-caas-gateway1.internal.api.openai.org/artifactory/api/npm/npm-public/@eslint/config-helpers/-/config-helpers-0.4.2.tgz 70649ms attempt #3 (cache skip)
3347 http fetch GET https://packages.applied-caas-gateway1.internal.api.openai.org/artifactory/api/npm/npm-public/@eslint-community/regexpp/-/regexpp-4.12.2.tgz attempt 3 failed with 503
3348 http fetch GET 503 https://packages.applied-caas-gateway1.internal.api.openai.org/artifactory/api/npm/npm-public/@eslint-community/regexpp/-/regexpp-4.12.2.tgz 70648ms attempt #3 (cache skip)
3349 http fetch GET https://packages.applied-caas-gateway1.internal.api.openai.org/artifactory/api/npm/npm-public/@eslint/eslintrc/-/eslintrc-3.3.5.tgz attempt 3 failed with 503
3350 http fetch GET 503 https://packages.applied-caas-gateway1.internal.api.openai.org/artifactory/api/npm/npm-public/@eslint/eslintrc/-/eslintrc-3.3.5.tgz 70651ms attempt #3 (cache skip)
3351 http fetch GET https://packages.applied-caas-gateway1.internal.api.openai.org/artifactory/api/npm/npm-public/@eslint-community/eslint-utils/-/eslint-utils-4.9.1.tgz attempt 3 failed with 503
3352 http fetch GET 503 https://packages.applied-caas-gateway1.internal.api.openai.org/artifactory/api/npm/npm-public/@eslint-community/eslint-utils/-/eslint-utils-4.9.1.tgz 70649ms attempt #3 (cache skip)
3353 http fetch GET https://packages.applied-caas-gateway1.internal.api.openai.org/artifactory/api/npm/npm-public/@humanwhocodes/module-importer/-/module-importer-1.0.1.tgz attempt 3 failed with 503
3354 http fetch GET 503 https://packages.applied-caas-gateway1.internal.api.openai.org/artifactory/api/npm/npm-public/@humanwhocodes/module-importer/-/module-importer-1.0.1.tgz 70653ms attempt #3 (cache skip)
3355 http fetch GET https://packages.applied-caas-gateway1.internal.api.openai.org/artifactory/api/npm/npm-public/@babel/types/-/types-7.29.0.tgz attempt 3 failed with 503
3356 http fetch GET 503 https://packages.applied-caas-gateway1.internal.api.openai.org/artifactory/api/npm/npm-public/@babel/types/-/types-7.29.0.tgz 70646ms attempt #3 (cache skip)
3357 http fetch GET https://packages.applied-caas-gateway1.internal.api.openai.org/artifactory/api/npm/npm-public/@eslint/object-schema/-/object-schema-2.1.7.tgz attempt 3 failed with 503
3358 http fetch GET 503 https://packages.applied-caas-gateway1.internal.api.openai.org/artifactory/api/npm/npm-public/@eslint/object-schema/-/object-schema-2.1.7.tgz 70653ms attempt #3 (cache skip)
3359 http fetch GET https://packages.applied-caas-gateway1.internal.api.openai.org/artifactory/api/npm/npm-public/@esbuild-kit/esm-loader/-/esm-loader-2.6.5.tgz attempt 3 failed with 503
3360 http fetch GET 503 https://packages.applied-caas-gateway1.internal.api.openai.org/artifactory/api/npm/npm-public/@esbuild-kit/esm-loader/-/esm-loader-2.6.5.tgz 70650ms attempt #3 (cache skip)
3361 http fetch GET https://packages.applied-caas-gateway1.internal.api.openai.org/artifactory/api/npm/npm-public/@esbuild/linux-x64/-/linux-x64-0.28.0.tgz attempt 3 failed with 503
3362 http fetch GET 503 https://packages.applied-caas-gateway1.internal.api.openai.org/artifactory/api/npm/npm-public/@esbuild/linux-x64/-/linux-x64-0.28.0.tgz 70652ms attempt #3 (cache skip)
3363 verbose reify failed optional dependency /mnt/data/technologia_work/node_modules/@esbuild/linux-x64
3364 silly reify mark deleted [ '/mnt/data/technologia_work/node_modules/@esbuild/linux-x64' ]
3365 http fetch GET https://packages.applied-caas-gateway1.internal.api.openai.org/artifactory/api/npm/npm-public/@emnapi/wasi-threads/-/wasi-threads-1.2.1.tgz attempt 3 failed with 503
3366 http fetch GET 503 https://packages.applied-caas-gateway1.internal.api.openai.org/artifactory/api/npm/npm-public/@emnapi/wasi-threads/-/wasi-threads-1.2.1.tgz 70653ms attempt #3 (cache skip)
3367 verbose reify failed optional dependency /mnt/data/technologia_work/node_modules/@emnapi/wasi-threads
3368 silly reify mark deleted [ '/mnt/data/technologia_work/node_modules/@emnapi/wasi-threads' ]
3369 verbose reify failed optional dependency /mnt/data/technologia_work/node_modules/@emnapi/core
3370 silly reify mark deleted [ '/mnt/data/technologia_work/node_modules/@emnapi/core' ]
3371 verbose reify failed optional dependency /mnt/data/technologia_work/node_modules/@napi-rs/wasm-runtime
3372 silly reify mark deleted [ '/mnt/data/technologia_work/node_modules/@napi-rs/wasm-runtime' ]
3373 verbose reify failed optional dependency /mnt/data/technologia_work/node_modules/@rolldown/binding-wasm32-wasi
3374 silly reify mark deleted [
3374 silly reify   '/mnt/data/technologia_work/node_modules/@rolldown/binding-wasm32-wasi'
3374 silly reify ]
3375 verbose reify failed optional dependency /mnt/data/technologia_work/node_modules/@rolldown/binding-wasm32-wasi/node_modules/@napi-rs/wasm-runtime
3376 silly reify mark deleted [
3376 silly reify   '/mnt/data/technologia_work/node_modules/@rolldown/binding-wasm32-wasi/node_modules/@napi-rs/wasm-runtime'
3376 silly reify ]
3377 verbose reify failed optional dependency /mnt/data/technologia_work/node_modules/@unrs/resolver-binding-wasm32-wasi
3378 silly reify mark deleted [
3378 silly reify   '/mnt/data/technologia_work/node_modules/@unrs/resolver-binding-wasm32-wasi'
3378 silly reify ]
3379 verbose reify failed optional dependency /mnt/data/technologia_work/node_modules/@tybys/wasm-util
3380 silly reify mark deleted [ '/mnt/data/technologia_work/node_modules/@tybys/wasm-util' ]
3381 http fetch GET https://packages.applied-caas-gateway1.internal.api.openai.org/artifactory/api/npm/npm-public/@babel/template/-/template-7.28.6.tgz attempt 3 failed with 503
3382 http fetch GET 503 https://packages.applied-caas-gateway1.internal.api.openai.org/artifactory/api/npm/npm-public/@babel/template/-/template-7.28.6.tgz 70650ms attempt #3 (cache skip)
3383 http fetch GET https://packages.applied-caas-gateway1.internal.api.openai.org/artifactory/api/npm/npm-public/@emnapi/runtime/-/runtime-1.10.0.tgz attempt 3 failed with 503
3384 http fetch GET 503 https://packages.applied-caas-gateway1.internal.api.openai.org/artifactory/api/npm/npm-public/@emnapi/runtime/-/runtime-1.10.0.tgz 70654ms attempt #3 (cache skip)
3385 verbose reify failed optional dependency /mnt/data/technologia_work/node_modules/@emnapi/runtime
3386 silly reify mark deleted [ '/mnt/data/technologia_work/node_modules/@emnapi/runtime' ]
3387 verbose reify failed optional dependency /mnt/data/technologia_work/node_modules/@img/sharp-wasm32
3388 silly reify mark deleted [ '/mnt/data/technologia_work/node_modules/@img/sharp-wasm32' ]
3389 verbose reify failed optional dependency /mnt/data/technologia_work/node_modules/@napi-rs/wasm-runtime
3390 silly reify mark deleted [ '/mnt/data/technologia_work/node_modules/@napi-rs/wasm-runtime' ]
3391 verbose reify failed optional dependency /mnt/data/technologia_work/node_modules/@rolldown/binding-wasm32-wasi
3392 silly reify mark deleted [
3392 silly reify   '/mnt/data/technologia_work/node_modules/@rolldown/binding-wasm32-wasi'
3392 silly reify ]
3393 verbose reify failed optional dependency /mnt/data/technologia_work/node_modules/@rolldown/binding-wasm32-wasi/node_modules/@napi-rs/wasm-runtime
3394 silly reify mark deleted [
3394 silly reify   '/mnt/data/technologia_work/node_modules/@rolldown/binding-wasm32-wasi/node_modules/@napi-rs/wasm-runtime'
3394 silly reify ]
3395 verbose reify failed optional dependency /mnt/data/technologia_work/node_modules/@unrs/resolver-binding-wasm32-wasi
3396 silly reify mark deleted [
3396 silly reify   '/mnt/data/technologia_work/node_modules/@unrs/resolver-binding-wasm32-wasi'
3396 silly reify ]
3397 verbose reify failed optional dependency /mnt/data/technologia_work/node_modules/@emnapi/core
3398 silly reify mark deleted [ '/mnt/data/technologia_work/node_modules/@emnapi/core' ]
3399 verbose reify failed optional dependency /mnt/data/technologia_work/node_modules/@tybys/wasm-util
3400 silly reify mark deleted [ '/mnt/data/technologia_work/node_modules/@tybys/wasm-util' ]
3401 verbose reify failed optional dependency /mnt/data/technologia_work/node_modules/@emnapi/wasi-threads
3402 silly reify mark deleted [ '/mnt/data/technologia_work/node_modules/@emnapi/wasi-threads' ]
3403 http fetch GET https://packages.applied-caas-gateway1.internal.api.openai.org/artifactory/api/npm/npm-public/@cloudflare/workerd-linux-64/-/workerd-linux-64-1.20260515.1.tgz attempt 3 failed with 503
3404 http fetch GET 503 https://packages.applied-caas-gateway1.internal.api.openai.org/artifactory/api/npm/npm-public/@cloudflare/workerd-linux-64/-/workerd-linux-64-1.20260515.1.tgz 70653ms attempt #3 (cache skip)
3405 verbose reify failed optional dependency /mnt/data/technologia_work/node_modules/@cloudflare/workerd-linux-64
3406 silly reify mark deleted [
3406 silly reify   '/mnt/data/technologia_work/node_modules/@cloudflare/workerd-linux-64'
3406 silly reify ]
3407 http fetch GET https://packages.applied-caas-gateway1.internal.api.openai.org/artifactory/api/npm/npm-public/@esbuild-kit/core-utils/-/core-utils-3.3.2.tgz attempt 3 failed with 503
3408 http fetch GET 503 https://packages.applied-caas-gateway1.internal.api.openai.org/artifactory/api/npm/npm-public/@esbuild-kit/core-utils/-/core-utils-3.3.2.tgz 70656ms attempt #3 (cache skip)
3409 http fetch GET https://packages.applied-caas-gateway1.internal.api.openai.org/artifactory/api/npm/npm-public/@babel/traverse/-/traverse-7.29.0.tgz attempt 3 failed with 503
3410 http fetch GET 503 https://packages.applied-caas-gateway1.internal.api.openai.org/artifactory/api/npm/npm-public/@babel/traverse/-/traverse-7.29.0.tgz 70653ms attempt #3 (cache skip)
3411 http fetch GET https://packages.applied-caas-gateway1.internal.api.openai.org/artifactory/api/npm/npm-public/@babel/helper-string-parser/-/helper-string-parser-7.27.1.tgz attempt 3 failed with 503
3412 http fetch GET 503 https://packages.applied-caas-gateway1.internal.api.openai.org/artifactory/api/npm/npm-public/@babel/helper-string-parser/-/helper-string-parser-7.27.1.tgz 70652ms attempt #3 (cache skip)
3413 http fetch GET https://packages.applied-caas-gateway1.internal.api.openai.org/artifactory/api/npm/npm-public/@babel/helpers/-/helpers-7.29.2.tgz attempt 3 failed with 503
3414 http fetch GET 503 https://packages.applied-caas-gateway1.internal.api.openai.org/artifactory/api/npm/npm-public/@babel/helpers/-/helpers-7.29.2.tgz 70654ms attempt #3 (cache skip)
3415 http fetch GET https://packages.applied-caas-gateway1.internal.api.openai.org/artifactory/api/npm/npm-public/@cspotcode/source-map-support/-/source-map-support-0.8.1.tgz attempt 3 failed with 503
3416 http fetch GET 503 https://packages.applied-caas-gateway1.internal.api.openai.org/artifactory/api/npm/npm-public/@cspotcode/source-map-support/-/source-map-support-0.8.1.tgz 70657ms attempt #3 (cache skip)
3417 http fetch GET https://packages.applied-caas-gateway1.internal.api.openai.org/artifactory/api/npm/npm-public/@cloudflare/kv-asset-handler/-/kv-asset-handler-0.5.0.tgz attempt 3 failed with 503
3418 http fetch GET 503 https://packages.applied-caas-gateway1.internal.api.openai.org/artifactory/api/npm/npm-public/@cloudflare/kv-asset-handler/-/kv-asset-handler-0.5.0.tgz 70656ms attempt #3 (cache skip)
3419 http fetch GET https://packages.applied-caas-gateway1.internal.api.openai.org/artifactory/api/npm/npm-public/@drizzle-team/brocli/-/brocli-0.10.2.tgz attempt 3 failed with 503
3420 http fetch GET 503 https://packages.applied-caas-gateway1.internal.api.openai.org/artifactory/api/npm/npm-public/@drizzle-team/brocli/-/brocli-0.10.2.tgz 70657ms attempt #3 (cache skip)
3421 http fetch GET https://packages.applied-caas-gateway1.internal.api.openai.org/artifactory/api/npm/npm-public/@cloudflare/unenv-preset/-/unenv-preset-2.16.1.tgz attempt 3 failed with 503
3422 http fetch GET 503 https://packages.applied-caas-gateway1.internal.api.openai.org/artifactory/api/npm/npm-public/@cloudflare/unenv-preset/-/unenv-preset-2.16.1.tgz 70657ms attempt #3 (cache skip)
3423 http fetch GET https://packages.applied-caas-gateway1.internal.api.openai.org/artifactory/api/npm/npm-public/@cloudflare/vite-plugin/-/vite-plugin-1.37.1.tgz attempt 3 failed with 503
3424 http fetch GET 503 https://packages.applied-caas-gateway1.internal.api.openai.org/artifactory/api/npm/npm-public/@cloudflare/vite-plugin/-/vite-plugin-1.37.1.tgz 70660ms attempt #3 (cache skip)
3425 http fetch GET https://packages.applied-caas-gateway1.internal.api.openai.org/artifactory/api/npm/npm-public/@emnapi/core/-/core-1.10.0.tgz attempt 3 failed with 503
3426 http fetch GET 503 https://packages.applied-caas-gateway1.internal.api.openai.org/artifactory/api/npm/npm-public/@emnapi/core/-/core-1.10.0.tgz 70661ms attempt #3 (cache skip)
3427 verbose reify failed optional dependency /mnt/data/technologia_work/node_modules/@emnapi/core
3428 silly reify mark deleted [ '/mnt/data/technologia_work/node_modules/@emnapi/core' ]
3429 verbose reify failed optional dependency /mnt/data/technologia_work/node_modules/@napi-rs/wasm-runtime
3430 silly reify mark deleted [ '/mnt/data/technologia_work/node_modules/@napi-rs/wasm-runtime' ]
3431 verbose reify failed optional dependency /mnt/data/technologia_work/node_modules/@rolldown/binding-wasm32-wasi
3432 silly reify mark deleted [
3432 silly reify   '/mnt/data/technologia_work/node_modules/@rolldown/binding-wasm32-wasi'
3432 silly reify ]
3433 verbose reify failed optional dependency /mnt/data/technologia_work/node_modules/@rolldown/binding-wasm32-wasi/node_modules/@napi-rs/wasm-runtime
3434 silly reify mark deleted [
3434 silly reify   '/mnt/data/technologia_work/node_modules/@rolldown/binding-wasm32-wasi/node_modules/@napi-rs/wasm-runtime'
3434 silly reify ]
3435 verbose reify failed optional dependency /mnt/data/technologia_work/node_modules/@unrs/resolver-binding-wasm32-wasi
3436 silly reify mark deleted [
3436 silly reify   '/mnt/data/technologia_work/node_modules/@unrs/resolver-binding-wasm32-wasi'
3436 silly reify ]
3437 verbose reify failed optional dependency /mnt/data/technologia_work/node_modules/@emnapi/wasi-threads
3438 silly reify mark deleted [ '/mnt/data/technologia_work/node_modules/@emnapi/wasi-threads' ]
3439 verbose reify failed optional dependency /mnt/data/technologia_work/node_modules/@tybys/wasm-util
3440 silly reify mark deleted [ '/mnt/data/technologia_work/node_modules/@tybys/wasm-util' ]
3441 http fetch GET https://packages.applied-caas-gateway1.internal.api.openai.org/artifactory/api/npm/npm-public/@babel/code-frame/-/code-frame-7.29.0.tgz attempt 3 failed with 503
3442 http fetch GET 503 https://packages.applied-caas-gateway1.internal.api.openai.org/artifactory/api/npm/npm-public/@babel/code-frame/-/code-frame-7.29.0.tgz 70650ms attempt #3 (cache skip)
3443 http fetch GET https://packages.applied-caas-gateway1.internal.api.openai.org/artifactory/api/npm/npm-public/@babel/helper-validator-option/-/helper-validator-option-7.27.1.tgz attempt 3 failed with 503
3444 http fetch GET 503 https://packages.applied-caas-gateway1.internal.api.openai.org/artifactory/api/npm/npm-public/@babel/helper-validator-option/-/helper-validator-option-7.27.1.tgz 70660ms attempt #3 (cache skip)
3445 http fetch GET https://packages.applied-caas-gateway1.internal.api.openai.org/artifactory/api/npm/npm-public/@babel/helper-module-transforms/-/helper-module-transforms-7.28.6.tgz attempt 3 failed with 503
3446 http fetch GET 503 https://packages.applied-caas-gateway1.internal.api.openai.org/artifactory/api/npm/npm-public/@babel/helper-module-transforms/-/helper-module-transforms-7.28.6.tgz 70655ms attempt #3 (cache skip)
3447 http fetch GET https://packages.applied-caas-gateway1.internal.api.openai.org/artifactory/api/npm/npm-public/@babel/helper-compilation-targets/-/helper-compilation-targets-7.28.6.tgz attempt 3 failed with 503
3448 http fetch GET 503 https://packages.applied-caas-gateway1.internal.api.openai.org/artifactory/api/npm/npm-public/@babel/helper-compilation-targets/-/helper-compilation-targets-7.28.6.tgz 70655ms attempt #3 (cache skip)
3449 http fetch GET https://packages.applied-caas-gateway1.internal.api.openai.org/artifactory/api/npm/npm-public/@babel/generator/-/generator-7.29.1.tgz attempt 3 failed with 503
3450 http fetch GET 503 https://packages.applied-caas-gateway1.internal.api.openai.org/artifactory/api/npm/npm-public/@babel/generator/-/generator-7.29.1.tgz 70656ms attempt #3 (cache skip)
3451 http fetch GET https://packages.applied-caas-gateway1.internal.api.openai.org/artifactory/api/npm/npm-public/@babel/helper-validator-identifier/-/helper-validator-identifier-7.28.5.tgz attempt 3 failed with 503
3452 http fetch GET 503 https://packages.applied-caas-gateway1.internal.api.openai.org/artifactory/api/npm/npm-public/@babel/helper-validator-identifier/-/helper-validator-identifier-7.28.5.tgz 70657ms attempt #3 (cache skip)
3453 http fetch GET https://packages.applied-caas-gateway1.internal.api.openai.org/artifactory/api/npm/npm-public/@babel/parser/-/parser-7.29.3.tgz attempt 3 failed with 503
3454 http fetch GET 503 https://packages.applied-caas-gateway1.internal.api.openai.org/artifactory/api/npm/npm-public/@babel/parser/-/parser-7.29.3.tgz 70663ms attempt #3 (cache skip)
3455 http fetch GET https://packages.applied-caas-gateway1.internal.api.openai.org/artifactory/api/npm/npm-public/@esbuild/linux-x64/-/linux-x64-0.27.3.tgz attempt 3 failed with 503
3456 http fetch GET 503 https://packages.applied-caas-gateway1.internal.api.openai.org/artifactory/api/npm/npm-public/@esbuild/linux-x64/-/linux-x64-0.27.3.tgz 70654ms attempt #3 (cache skip)
3457 verbose reify failed optional dependency /mnt/data/technologia_work/node_modules/wrangler/node_modules/@esbuild/linux-x64
3458 silly reify mark deleted [
3458 silly reify   '/mnt/data/technologia_work/node_modules/wrangler/node_modules/@esbuild/linux-x64'
3458 silly reify ]
3459 http fetch GET https://packages.applied-caas-gateway1.internal.api.openai.org/artifactory/api/npm/npm-public/eslint-scope/-/eslint-scope-5.1.1.tgz attempt 3 failed with 503
3460 http fetch GET 503 https://packages.applied-caas-gateway1.internal.api.openai.org/artifactory/api/npm/npm-public/eslint-scope/-/eslint-scope-5.1.1.tgz 70655ms attempt #3 (cache skip)
3461 http fetch GET https://packages.applied-caas-gateway1.internal.api.openai.org/artifactory/api/npm/npm-public/esbuild/-/esbuild-0.27.3.tgz attempt 3 failed with 503
3462 http fetch GET 503 https://packages.applied-caas-gateway1.internal.api.openai.org/artifactory/api/npm/npm-public/esbuild/-/esbuild-0.27.3.tgz 70657ms attempt #3 (cache skip)
3463 http fetch GET https://packages.applied-caas-gateway1.internal.api.openai.org/artifactory/api/npm/npm-public/@alloc/quick-lru/-/quick-lru-5.2.0.tgz attempt 3 failed with 503
3464 http fetch GET 503 https://packages.applied-caas-gateway1.internal.api.openai.org/artifactory/api/npm/npm-public/@alloc/quick-lru/-/quick-lru-5.2.0.tgz 70659ms attempt #3 (cache skip)
3465 http fetch GET https://packages.applied-caas-gateway1.internal.api.openai.org/artifactory/api/npm/npm-public/@babel/helper-module-imports/-/helper-module-imports-7.28.6.tgz attempt 3 failed with 503
3466 http fetch GET 503 https://packages.applied-caas-gateway1.internal.api.openai.org/artifactory/api/npm/npm-public/@babel/helper-module-imports/-/helper-module-imports-7.28.6.tgz 70662ms attempt #3 (cache skip)
3467 http fetch GET https://packages.applied-caas-gateway1.internal.api.openai.org/artifactory/api/npm/npm-public/@babel/core/-/core-7.29.0.tgz attempt 3 failed with 503
3468 http fetch GET 503 https://packages.applied-caas-gateway1.internal.api.openai.org/artifactory/api/npm/npm-public/@babel/core/-/core-7.29.0.tgz 70660ms attempt #3 (cache skip)
3469 http fetch GET https://packages.applied-caas-gateway1.internal.api.openai.org/artifactory/api/npm/npm-public/@babel/helper-globals/-/helper-globals-7.28.0.tgz attempt 3 failed with 503
3470 http fetch GET 503 https://packages.applied-caas-gateway1.internal.api.openai.org/artifactory/api/npm/npm-public/@babel/helper-globals/-/helper-globals-7.28.0.tgz 70661ms attempt #3 (cache skip)
3471 http fetch GET https://packages.applied-caas-gateway1.internal.api.openai.org/artifactory/api/npm/npm-public/glob-parent/-/glob-parent-5.1.2.tgz attempt 3 failed with 503
3472 http fetch GET 503 https://packages.applied-caas-gateway1.internal.api.openai.org/artifactory/api/npm/npm-public/glob-parent/-/glob-parent-5.1.2.tgz 70660ms attempt #3 (cache skip)
3473 http fetch GET https://packages.applied-caas-gateway1.internal.api.openai.org/artifactory/api/npm/npm-public/estraverse/-/estraverse-4.3.0.tgz attempt 3 failed with 503
3474 http fetch GET 503 https://packages.applied-caas-gateway1.internal.api.openai.org/artifactory/api/npm/npm-public/estraverse/-/estraverse-4.3.0.tgz 70661ms attempt #3 (cache skip)
3475 http fetch GET https://packages.applied-caas-gateway1.internal.api.openai.org/artifactory/api/npm/npm-public/@babel/compat-data/-/compat-data-7.29.3.tgz attempt 3 failed with 503
3476 http fetch GET 503 https://packages.applied-caas-gateway1.internal.api.openai.org/artifactory/api/npm/npm-public/@babel/compat-data/-/compat-data-7.29.3.tgz 70663ms attempt #3 (cache skip)
3477 http fetch GET https://packages.applied-caas-gateway1.internal.api.openai.org/artifactory/api/npm/npm-public/lightningcss/-/lightningcss-1.32.0.tgz attempt 3 failed with 503
3478 http fetch GET 503 https://packages.applied-caas-gateway1.internal.api.openai.org/artifactory/api/npm/npm-public/lightningcss/-/lightningcss-1.32.0.tgz 70661ms attempt #3 (cache skip)
3479 http fetch GET https://packages.applied-caas-gateway1.internal.api.openai.org/artifactory/api/npm/npm-public/picomatch/-/picomatch-4.0.4.tgz attempt 3 failed with 503
3480 http fetch GET 503 https://packages.applied-caas-gateway1.internal.api.openai.org/artifactory/api/npm/npm-public/picomatch/-/picomatch-4.0.4.tgz 70661ms attempt #3 (cache skip)
3481 http fetch GET https://packages.applied-caas-gateway1.internal.api.openai.org/artifactory/api/npm/npm-public/picomatch/-/picomatch-4.0.4.tgz attempt 3 failed with 503
3482 http fetch GET 503 https://packages.applied-caas-gateway1.internal.api.openai.org/artifactory/api/npm/npm-public/picomatch/-/picomatch-4.0.4.tgz 70663ms attempt #3 (cache skip)
3483 http fetch GET https://packages.applied-caas-gateway1.internal.api.openai.org/artifactory/api/npm/npm-public/fast-glob/-/fast-glob-3.3.3.tgz attempt 3 failed with 503
3484 http fetch GET 503 https://packages.applied-caas-gateway1.internal.api.openai.org/artifactory/api/npm/npm-public/fast-glob/-/fast-glob-3.3.3.tgz 70665ms attempt #3 (cache skip)
3485 http fetch GET https://packages.applied-caas-gateway1.internal.api.openai.org/artifactory/api/npm/npm-public/json5/-/json5-1.0.2.tgz attempt 3 failed with 503
3486 http fetch GET 503 https://packages.applied-caas-gateway1.internal.api.openai.org/artifactory/api/npm/npm-public/json5/-/json5-1.0.2.tgz 70664ms attempt #3 (cache skip)
3487 http fetch GET https://packages.applied-caas-gateway1.internal.api.openai.org/artifactory/api/npm/npm-public/js-tokens/-/js-tokens-9.0.1.tgz attempt 3 failed with 503
3488 http fetch GET 503 https://packages.applied-caas-gateway1.internal.api.openai.org/artifactory/api/npm/npm-public/js-tokens/-/js-tokens-9.0.1.tgz 70663ms attempt #3 (cache skip)
3489 http fetch GET https://packages.applied-caas-gateway1.internal.api.openai.org/artifactory/api/npm/npm-public/fdir/-/fdir-6.5.0.tgz attempt 3 failed with 503
3490 http fetch GET 503 https://packages.applied-caas-gateway1.internal.api.openai.org/artifactory/api/npm/npm-public/fdir/-/fdir-6.5.0.tgz 70665ms attempt #3 (cache skip)
3491 http fetch GET https://packages.applied-caas-gateway1.internal.api.openai.org/artifactory/api/npm/npm-public/es-module-lexer/-/es-module-lexer-1.7.0.tgz attempt 3 failed with 503
3492 http fetch GET 503 https://packages.applied-caas-gateway1.internal.api.openai.org/artifactory/api/npm/npm-public/es-module-lexer/-/es-module-lexer-1.7.0.tgz 70667ms attempt #3 (cache skip)
3493 http fetch GET https://packages.applied-caas-gateway1.internal.api.openai.org/artifactory/api/npm/npm-public/debug/-/debug-3.2.7.tgz attempt 3 failed with 503
3494 http fetch GET 503 https://packages.applied-caas-gateway1.internal.api.openai.org/artifactory/api/npm/npm-public/debug/-/debug-3.2.7.tgz 70663ms attempt #3 (cache skip)
3495 http fetch GET https://packages.applied-caas-gateway1.internal.api.openai.org/artifactory/api/npm/npm-public/lightningcss-linux-x64-gnu/-/lightningcss-linux-x64-gnu-1.32.0.tgz attempt 3 failed with 503
3496 http fetch GET 503 https://packages.applied-caas-gateway1.internal.api.openai.org/artifactory/api/npm/npm-public/lightningcss-linux-x64-gnu/-/lightningcss-linux-x64-gnu-1.32.0.tgz 70667ms attempt #3 (cache skip)
3497 verbose reify failed optional dependency /mnt/data/technologia_work/node_modules/vite/node_modules/lightningcss-linux-x64-gnu
3498 silly reify mark deleted [
3498 silly reify   '/mnt/data/technologia_work/node_modules/vite/node_modules/lightningcss-linux-x64-gnu'
3498 silly reify ]
3499 http fetch GET https://packages.applied-caas-gateway1.internal.api.openai.org/artifactory/api/npm/npm-public/json-schema-traverse/-/json-schema-traverse-1.0.0.tgz attempt 3 failed with 503
3500 http fetch GET 503 https://packages.applied-caas-gateway1.internal.api.openai.org/artifactory/api/npm/npm-public/json-schema-traverse/-/json-schema-traverse-1.0.0.tgz 70666ms attempt #3 (cache skip)
3501 http fetch GET https://packages.applied-caas-gateway1.internal.api.openai.org/artifactory/api/npm/npm-public/supports-color/-/supports-color-8.1.1.tgz attempt 3 failed with 503
3502 http fetch GET 503 https://packages.applied-caas-gateway1.internal.api.openai.org/artifactory/api/npm/npm-public/supports-color/-/supports-color-8.1.1.tgz 70666ms attempt #3 (cache skip)
3503 http fetch GET https://packages.applied-caas-gateway1.internal.api.openai.org/artifactory/api/npm/npm-public/ajv/-/ajv-8.20.0.tgz attempt 3 failed with 503
3504 http fetch GET 503 https://packages.applied-caas-gateway1.internal.api.openai.org/artifactory/api/npm/npm-public/ajv/-/ajv-8.20.0.tgz 70667ms attempt #3 (cache skip)
3505 http fetch GET https://packages.applied-caas-gateway1.internal.api.openai.org/artifactory/api/npm/npm-public/ajv-keywords/-/ajv-keywords-5.1.0.tgz attempt 3 failed with 503
3506 http fetch GET 503 https://packages.applied-caas-gateway1.internal.api.openai.org/artifactory/api/npm/npm-public/ajv-keywords/-/ajv-keywords-5.1.0.tgz 70667ms attempt #3 (cache skip)
3507 http fetch GET https://packages.applied-caas-gateway1.internal.api.openai.org/artifactory/api/npm/npm-public/semver/-/semver-7.8.0.tgz attempt 3 failed with 503
3508 http fetch GET 503 https://packages.applied-caas-gateway1.internal.api.openai.org/artifactory/api/npm/npm-public/semver/-/semver-7.8.0.tgz 70669ms attempt #3 (cache skip)
3509 http fetch GET https://packages.applied-caas-gateway1.internal.api.openai.org/artifactory/api/npm/npm-public/debug/-/debug-3.2.7.tgz attempt 3 failed with 503
3510 http fetch GET 503 https://packages.applied-caas-gateway1.internal.api.openai.org/artifactory/api/npm/npm-public/debug/-/debug-3.2.7.tgz 70667ms attempt #3 (cache skip)
3511 http fetch GET https://packages.applied-caas-gateway1.internal.api.openai.org/artifactory/api/npm/npm-public/postcss/-/postcss-8.4.31.tgz attempt 3 failed with 503
3512 http fetch GET 503 https://packages.applied-caas-gateway1.internal.api.openai.org/artifactory/api/npm/npm-public/postcss/-/postcss-8.4.31.tgz 70671ms attempt #3 (cache skip)
3513 http fetch GET https://packages.applied-caas-gateway1.internal.api.openai.org/artifactory/api/npm/npm-public/@esbuild/linux-x64/-/linux-x64-0.25.12.tgz attempt 3 failed with 503
3514 http fetch GET 503 https://packages.applied-caas-gateway1.internal.api.openai.org/artifactory/api/npm/npm-public/@esbuild/linux-x64/-/linux-x64-0.25.12.tgz 70670ms attempt #3 (cache skip)
3515 verbose reify failed optional dependency /mnt/data/technologia_work/node_modules/drizzle-kit/node_modules/@esbuild/linux-x64
3516 silly reify mark deleted [
3516 silly reify   '/mnt/data/technologia_work/node_modules/drizzle-kit/node_modules/@esbuild/linux-x64'
3516 silly reify ]
3517 http fetch GET https://packages.applied-caas-gateway1.internal.api.openai.org/artifactory/api/npm/npm-public/glob-parent/-/glob-parent-5.1.2.tgz attempt 3 failed with 503
3518 http fetch GET 503 https://packages.applied-caas-gateway1.internal.api.openai.org/artifactory/api/npm/npm-public/glob-parent/-/glob-parent-5.1.2.tgz 70671ms attempt #3 (cache skip)
3519 http fetch GET https://packages.applied-caas-gateway1.internal.api.openai.org/artifactory/api/npm/npm-public/globals/-/globals-16.4.0.tgz attempt 3 failed with 503
3520 http fetch GET 503 https://packages.applied-caas-gateway1.internal.api.openai.org/artifactory/api/npm/npm-public/globals/-/globals-16.4.0.tgz 70670ms attempt #3 (cache skip)
3521 http fetch GET https://packages.applied-caas-gateway1.internal.api.openai.org/artifactory/api/npm/npm-public/debug/-/debug-3.2.7.tgz attempt 3 failed with 503
3522 http fetch GET 503 https://packages.applied-caas-gateway1.internal.api.openai.org/artifactory/api/npm/npm-public/debug/-/debug-3.2.7.tgz 70671ms attempt #3 (cache skip)
3523 http fetch GET https://packages.applied-caas-gateway1.internal.api.openai.org/artifactory/api/npm/npm-public/semver/-/semver-7.8.0.tgz attempt 3 failed with 503
3524 http fetch GET 503 https://packages.applied-caas-gateway1.internal.api.openai.org/artifactory/api/npm/npm-public/semver/-/semver-7.8.0.tgz 70674ms attempt #3 (cache skip)
3525 http fetch GET https://packages.applied-caas-gateway1.internal.api.openai.org/artifactory/api/npm/npm-public/json-schema-traverse/-/json-schema-traverse-1.0.0.tgz attempt 3 failed with 503
3526 http fetch GET 503 https://packages.applied-caas-gateway1.internal.api.openai.org/artifactory/api/npm/npm-public/json-schema-traverse/-/json-schema-traverse-1.0.0.tgz 70672ms attempt #3 (cache skip)
3527 http fetch GET https://packages.applied-caas-gateway1.internal.api.openai.org/artifactory/api/npm/npm-public/@rolldown/pluginutils/-/pluginutils-1.0.0-rc.18.tgz attempt 3 failed with 503
3528 http fetch GET 503 https://packages.applied-caas-gateway1.internal.api.openai.org/artifactory/api/npm/npm-public/@rolldown/pluginutils/-/pluginutils-1.0.0-rc.18.tgz 70672ms attempt #3 (cache skip)
3529 http fetch GET https://packages.applied-caas-gateway1.internal.api.openai.org/artifactory/api/npm/npm-public/eslint-visitor-keys/-/eslint-visitor-keys-3.4.3.tgz attempt 3 failed with 503
3530 http fetch GET 503 https://packages.applied-caas-gateway1.internal.api.openai.org/artifactory/api/npm/npm-public/eslint-visitor-keys/-/eslint-visitor-keys-3.4.3.tgz 70671ms attempt #3 (cache skip)
3531 http fetch GET https://packages.applied-caas-gateway1.internal.api.openai.org/artifactory/api/npm/npm-public/semver/-/semver-7.8.0.tgz attempt 3 failed with 503
3532 http fetch GET 503 https://packages.applied-caas-gateway1.internal.api.openai.org/artifactory/api/npm/npm-public/semver/-/semver-7.8.0.tgz 70673ms attempt #3 (cache skip)
3533 http fetch GET https://packages.applied-caas-gateway1.internal.api.openai.org/artifactory/api/npm/npm-public/ajv/-/ajv-8.20.0.tgz attempt 3 failed with 503
3534 http fetch GET 503 https://packages.applied-caas-gateway1.internal.api.openai.org/artifactory/api/npm/npm-public/ajv/-/ajv-8.20.0.tgz 70674ms attempt #3 (cache skip)
3535 http fetch GET https://packages.applied-caas-gateway1.internal.api.openai.org/artifactory/api/npm/npm-public/minimatch/-/minimatch-10.2.5.tgz attempt 3 failed with 503
3536 http fetch GET 503 https://packages.applied-caas-gateway1.internal.api.openai.org/artifactory/api/npm/npm-public/minimatch/-/minimatch-10.2.5.tgz 70673ms attempt #3 (cache skip)
3537 http fetch GET https://packages.applied-caas-gateway1.internal.api.openai.org/artifactory/api/npm/npm-public/esbuild/-/esbuild-0.25.12.tgz attempt 3 failed with 503
3538 http fetch GET 503 https://packages.applied-caas-gateway1.internal.api.openai.org/artifactory/api/npm/npm-public/esbuild/-/esbuild-0.25.12.tgz 70676ms attempt #3 (cache skip)
3539 http fetch GET https://packages.applied-caas-gateway1.internal.api.openai.org/artifactory/api/npm/npm-public/ignore/-/ignore-7.0.5.tgz attempt 3 failed with 503
3540 http fetch GET 503 https://packages.applied-caas-gateway1.internal.api.openai.org/artifactory/api/npm/npm-public/ignore/-/ignore-7.0.5.tgz 70675ms attempt #3 (cache skip)
3541 http fetch GET https://packages.applied-caas-gateway1.internal.api.openai.org/artifactory/api/npm/npm-public/@poppinss/dumper/-/dumper-0.6.5.tgz attempt 3 failed with 503
3542 http fetch GET 503 https://packages.applied-caas-gateway1.internal.api.openai.org/artifactory/api/npm/npm-public/@poppinss/dumper/-/dumper-0.6.5.tgz 70673ms attempt #3 (cache skip)
3543 http fetch GET https://packages.applied-caas-gateway1.internal.api.openai.org/artifactory/api/npm/npm-public/brace-expansion/-/brace-expansion-5.0.6.tgz attempt 3 failed with 503
3544 http fetch GET 503 https://packages.applied-caas-gateway1.internal.api.openai.org/artifactory/api/npm/npm-public/brace-expansion/-/brace-expansion-5.0.6.tgz 70678ms attempt #3 (cache skip)
3545 http fetch GET https://packages.applied-caas-gateway1.internal.api.openai.org/artifactory/api/npm/npm-public/balanced-match/-/balanced-match-4.0.4.tgz attempt 3 failed with 503
3546 http fetch GET 503 https://packages.applied-caas-gateway1.internal.api.openai.org/artifactory/api/npm/npm-public/balanced-match/-/balanced-match-4.0.4.tgz 70677ms attempt #3 (cache skip)
3547 http fetch GET https://packages.applied-caas-gateway1.internal.api.openai.org/artifactory/api/npm/npm-public/@napi-rs/wasm-runtime/-/wasm-runtime-1.1.4.tgz attempt 3 failed with 503
3548 http fetch GET 503 https://packages.applied-caas-gateway1.internal.api.openai.org/artifactory/api/npm/npm-public/@napi-rs/wasm-runtime/-/wasm-runtime-1.1.4.tgz 70678ms attempt #3 (cache skip)
3549 verbose reify failed optional dependency /mnt/data/technologia_work/node_modules/@rolldown/binding-wasm32-wasi/node_modules/@napi-rs/wasm-runtime
3550 silly reify mark deleted [
3550 silly reify   '/mnt/data/technologia_work/node_modules/@rolldown/binding-wasm32-wasi/node_modules/@napi-rs/wasm-runtime'
3550 silly reify ]
3551 verbose reify failed optional dependency /mnt/data/technologia_work/node_modules/@rolldown/binding-wasm32-wasi
3552 silly reify mark deleted [
3552 silly reify   '/mnt/data/technologia_work/node_modules/@rolldown/binding-wasm32-wasi'
3552 silly reify ]
3553 http fetch GET https://packages.applied-caas-gateway1.internal.api.openai.org/artifactory/api/npm/npm-public/@jridgewell/trace-mapping/-/trace-mapping-0.3.9.tgz attempt 3 failed with 503
3554 http fetch GET 503 https://packages.applied-caas-gateway1.internal.api.openai.org/artifactory/api/npm/npm-public/@jridgewell/trace-mapping/-/trace-mapping-0.3.9.tgz 70676ms attempt #3 (cache skip)
3555 http fetch GET https://packages.applied-caas-gateway1.internal.api.openai.org/artifactory/api/npm/npm-public/eslint-visitor-keys/-/eslint-visitor-keys-5.0.1.tgz attempt 3 failed with 503
3556 http fetch GET 503 https://packages.applied-caas-gateway1.internal.api.openai.org/artifactory/api/npm/npm-public/eslint-visitor-keys/-/eslint-visitor-keys-5.0.1.tgz 70680ms attempt #3 (cache skip)
3557 http fetch GET https://packages.applied-caas-gateway1.internal.api.openai.org/artifactory/api/npm/npm-public/@esbuild/linux-x64/-/linux-x64-0.18.20.tgz attempt 3 failed with 503
3558 http fetch GET 503 https://packages.applied-caas-gateway1.internal.api.openai.org/artifactory/api/npm/npm-public/@esbuild/linux-x64/-/linux-x64-0.18.20.tgz 70679ms attempt #3 (cache skip)
3559 verbose reify failed optional dependency /mnt/data/technologia_work/node_modules/@esbuild-kit/core-utils/node_modules/@esbuild/linux-x64
3560 silly reify mark deleted [
3560 silly reify   '/mnt/data/technologia_work/node_modules/@esbuild-kit/core-utils/node_modules/@esbuild/linux-x64'
3560 silly reify ]
3561 http fetch GET https://packages.applied-caas-gateway1.internal.api.openai.org/artifactory/api/npm/npm-public/esbuild/-/esbuild-0.18.20.tgz attempt 3 failed with 503
3562 http fetch GET 503 https://packages.applied-caas-gateway1.internal.api.openai.org/artifactory/api/npm/npm-public/esbuild/-/esbuild-0.18.20.tgz 70680ms attempt #3 (cache skip)
3563 http fetch GET https://packages.applied-caas-gateway1.internal.api.openai.org/artifactory/api/npm/npm-public/supports-color/-/supports-color-10.2.2.tgz attempt 3 failed with 503
3564 http fetch GET 503 https://packages.applied-caas-gateway1.internal.api.openai.org/artifactory/api/npm/npm-public/supports-color/-/supports-color-10.2.2.tgz 70684ms attempt #3 (cache skip)
3565 verbose stack HttpErrorGeneral: 503 Service Temporarily Unavailable - GET https://packages.applied-caas-gateway1.internal.api.openai.org/artifactory/api/npm/npm-public/zod-validation-error/-/zod-validation-error-4.0.2.tgz
3565 verbose stack     at /opt/nvm/versions/node/v22.16.0/lib/node_modules/npm/node_modules/npm-registry-fetch/lib/check-response.js:103:15
3565 verbose stack     at process.processTicksAndRejections (node:internal/process/task_queues:105:5)
3566 verbose statusCode 503
3567 verbose pkgid zod-validation-error@https://packages.applied-caas-gateway1.internal.api.openai.org/artifactory/api/npm/npm-public/zod-validation-error/-/zod-validation-error-4.0.2.tgz
3568 error code E503
3569 error 503 Service Temporarily Unavailable - GET https://packages.applied-caas-gateway1.internal.api.openai.org/artifactory/api/npm/npm-public/zod-validation-error/-/zod-validation-error-4.0.2.tgz
3570 silly unfinished npm timer reify 1784995742332
3571 silly unfinished npm timer reify:unpack 1784995742623
3572 silly unfinished npm timer reifyNode:node_modules/zod-validation-error 1784995742623
3573 silly unfinished npm timer reifyNode:node_modules/zod 1784995742623
3574 silly unfinished npm timer reifyNode:node_modules/youch-core 1784995742623
3575 silly unfinished npm timer reifyNode:node_modules/youch 1784995742623
3576 silly unfinished npm timer reifyNode:node_modules/yoga-layout 1784995742623
3577 silly unfinished npm timer reifyNode:node_modules/yocto-queue 1784995742623
3578 silly unfinished npm timer reifyNode:node_modules/yallist 1784995742623
3579 silly unfinished npm timer reifyNode:node_modules/ws 1784995742623
3580 silly unfinished npm timer reifyNode:node_modules/wrangler 1784995742623
3581 silly unfinished npm timer reifyNode:node_modules/wrangler/node_modules/esbuild 1784995742623
3582 silly unfinished npm timer reifyNode:node_modules/workerd 1784995742623
3583 silly unfinished npm timer reifyNode:node_modules/word-wrap 1784995742623
3584 silly unfinished npm timer reifyNode:node_modules/which-typed-array 1784995742623
3585 silly unfinished npm timer reifyNode:node_modules/which-collection 1784995742623
3586 silly unfinished npm timer reifyNode:node_modules/which-builtin-type 1784995742623
3587 silly unfinished npm timer reifyNode:node_modules/which-boxed-primitive 1784995742623
3588 silly unfinished npm timer reifyNode:node_modules/which 1784995742623
3589 silly unfinished npm timer reifyNode:node_modules/webpack-sources 1784995742623
3590 silly unfinished npm timer reifyNode:node_modules/webpack 1784995742623
3591 silly unfinished npm timer reifyNode:node_modules/webpack/node_modules/estraverse 1784995742623
3592 silly unfinished npm timer reifyNode:node_modules/webpack/node_modules/eslint-scope 1784995742623
3593 silly unfinished npm timer reifyNode:node_modules/web-vitals 1784995742623
3594 silly unfinished npm timer reifyNode:node_modules/watchpack 1784995742623
3595 silly unfinished npm timer reifyNode:node_modules/vitefu 1784995742623
3596 silly unfinished npm timer reifyNode:node_modules/vite-tsconfig-paths 1784995742623
3597 silly unfinished npm timer reifyNode:node_modules/vite-plugin-dynamic-import 1784995742623
3598 silly unfinished npm timer reifyNode:node_modules/vite-plugin-dynamic-import/node_modules/glob-parent 1784995742623
3599 silly unfinished npm timer reifyNode:node_modules/vite-plugin-dynamic-import/node_modules/fast-glob 1784995742623
3600 silly unfinished npm timer reifyNode:node_modules/vite-plugin-dynamic-import/node_modules/es-module-lexer 1784995742623
3601 silly unfinished npm timer reifyNode:node_modules/vite-plugin-commonjs 1784995742623
3602 silly unfinished npm timer reifyNode:node_modules/vite 1784995742623
3603 silly unfinished npm timer reifyNode:node_modules/vite/node_modules/picomatch 1784995742623
3604 silly unfinished npm timer reifyNode:node_modules/vite/node_modules/lightningcss 1784995742624
3605 silly unfinished npm timer reifyNode:node_modules/vinext 1784995742624
3606 silly unfinished npm timer reifyNode:node_modules/uri-js 1784995742624
3607 silly unfinished npm timer reifyNode:node_modules/update-browserslist-db 1784995742624
3608 silly unfinished npm timer reifyNode:node_modules/unrs-resolver 1784995742624
3609 silly unfinished npm timer reifyNode:node_modules/unpic 1784995742624
3610 silly unfinished npm timer reifyNode:node_modules/unicode-trie 1784995742624
3611 silly unfinished npm timer reifyNode:node_modules/unenv 1784995742624
3612 silly unfinished npm timer reifyNode:node_modules/undici-types 1784995742624
3613 silly unfinished npm timer reifyNode:node_modules/undici 1784995742624
3614 silly unfinished npm timer reifyNode:node_modules/unbox-primitive 1784995742624
3615 silly unfinished npm timer reifyNode:node_modules/typescript-eslint 1784995742624
3616 silly unfinished npm timer reifyNode:node_modules/typescript 1784995742624
3617 silly unfinished npm timer reifyNode:node_modules/typed-array-length 1784995742624
3618 silly unfinished npm timer reifyNode:node_modules/typed-array-byte-offset 1784995742624
3619 silly unfinished npm timer reifyNode:node_modules/typed-array-byte-length 1784995742624
3620 silly unfinished npm timer reifyNode:node_modules/typed-array-buffer 1784995742624
3621 silly unfinished npm timer reifyNode:node_modules/type-check 1784995742624
3622 silly unfinished npm timer reifyNode:node_modules/turbo-stream 1784995742624
3623 silly unfinished npm timer reifyNode:node_modules/tsx 1784995742624
3624 silly unfinished npm timer reifyNode:node_modules/tslib 1784995742624
3625 silly unfinished npm timer reifyNode:node_modules/tsconfig-paths 1784995742624
3626 silly unfinished npm timer reifyNode:node_modules/tsconfig-paths/node_modules/json5 1784995742624
3627 silly unfinished npm timer reifyNode:node_modules/tsconfck 1784995742624
3628 silly unfinished npm timer reifyNode:node_modules/ts-api-utils 1784995742624
3629 silly unfinished npm timer reifyNode:node_modules/to-regex-range 1784995742624
3630 silly unfinished npm timer reifyNode:node_modules/tinyglobby 1784995742624
3631 silly unfinished npm timer reifyNode:node_modules/tinyglobby/node_modules/picomatch 1784995742624
3632 silly unfinished npm timer reifyNode:node_modules/tinyglobby/node_modules/fdir 1784995742624
3633 silly unfinished npm timer reifyNode:node_modules/tiny-inflate 1784995742624
3634 silly unfinished npm timer reifyNode:node_modules/terser-webpack-plugin 1784995742624
3635 silly unfinished npm timer reifyNode:node_modules/terser 1784995742624
3636 silly unfinished npm timer reifyNode:node_modules/tapable 1784995742624
3637 silly unfinished npm timer reifyNode:node_modules/tailwindcss 1784995742624
3638 silly unfinished npm timer reifyNode:node_modules/supports-preserve-symlinks-flag 1784995742624
3639 silly unfinished npm timer reifyNode:node_modules/supports-color 1784995742624
3640 silly unfinished npm timer reifyNode:node_modules/styled-jsx 1784995742624
3641 silly unfinished npm timer reifyNode:node_modules/strip-literal 1784995742624
3642 silly unfinished npm timer reifyNode:node_modules/strip-literal/node_modules/js-tokens 1784995742624
3643 silly unfinished npm timer reifyNode:node_modules/strip-json-comments 1784995742624
3644 silly unfinished npm timer reifyNode:node_modules/strip-bom 1784995742624
3645 silly unfinished npm timer reifyNode:node_modules/string.prototype.trimstart 1784995742624
3646 silly unfinished npm timer reifyNode:node_modules/string.prototype.trimend 1784995742624
3647 silly unfinished npm timer reifyNode:node_modules/string.prototype.trim 1784995742624
3648 silly unfinished npm timer reifyNode:node_modules/string.prototype.repeat 1784995742624
3649 silly unfinished npm timer reifyNode:node_modules/string.prototype.matchall 1784995742624
3650 silly unfinished npm timer reifyNode:node_modules/string.prototype.includes 1784995742624
3651 silly unfinished npm timer reifyNode:node_modules/string.prototype.codepointat 1784995742624
3652 silly unfinished npm timer reifyNode:node_modules/stop-iteration-iterator 1784995742624
3653 silly unfinished npm timer reifyNode:node_modules/stable-hash 1784995742624
3654 silly unfinished npm timer reifyNode:node_modules/srvx 1784995742624
3655 silly unfinished npm timer reifyNode:node_modules/source-map-support 1784995742624
3656 silly unfinished npm timer reifyNode:node_modules/source-map-js 1784995742624
3657 silly unfinished npm timer reifyNode:node_modules/source-map 1784995742624
3658 silly unfinished npm timer reifyNode:node_modules/side-channel-weakmap 1784995742624
3659 silly unfinished npm timer reifyNode:node_modules/side-channel-map 1784995742624
3660 silly unfinished npm timer reifyNode:node_modules/side-channel-list 1784995742624
3661 silly unfinished npm timer reifyNode:node_modules/side-channel 1784995742624
3662 silly unfinished npm timer reifyNode:node_modules/shebang-regex 1784995742624
3663 silly unfinished npm timer reifyNode:node_modules/shebang-command 1784995742624
3664 silly unfinished npm timer reifyNode:node_modules/sharp 1784995742624
3665 silly unfinished npm timer reifyNode:node_modules/sharp/node_modules/semver 1784995742624
3666 silly unfinished npm timer reifyNode:node_modules/set-proto 1784995742624
3667 silly unfinished npm timer reifyNode:node_modules/set-function-name 1784995742624
3668 silly unfinished npm timer reifyNode:node_modules/set-function-length 1784995742624
3669 silly unfinished npm timer reifyNode:node_modules/semver 1784995742624
3670 silly unfinished npm timer reifyNode:node_modules/schema-utils 1784995742624
3671 silly unfinished npm timer reifyNode:node_modules/schema-utils/node_modules/json-schema-traverse 1784995742624
3672 silly unfinished npm timer reifyNode:node_modules/schema-utils/node_modules/ajv-keywords 1784995742624
3673 silly unfinished npm timer reifyNode:node_modules/schema-utils/node_modules/ajv 1784995742624
3674 silly unfinished npm timer reifyNode:node_modules/scheduler 1784995742624
3675 silly unfinished npm timer reifyNode:node_modules/satori 1784995742624
3676 silly unfinished npm timer reifyNode:node_modules/safe-regex-test 1784995742624
3677 silly unfinished npm timer reifyNode:node_modules/safe-push-apply 1784995742624
3678 silly unfinished npm timer reifyNode:node_modules/safe-array-concat 1784995742624
3679 silly unfinished npm timer reifyNode:node_modules/run-parallel 1784995742624
3680 silly unfinished npm timer reifyNode:node_modules/rolldown 1784995742624
3681 silly unfinished npm timer reifyNode:node_modules/reusify 1784995742624
3682 silly unfinished npm timer reifyNode:node_modules/resolve-pkg-maps 1784995742624
3683 silly unfinished npm timer reifyNode:node_modules/resolve-from 1784995742624
3684 silly unfinished npm timer reifyNode:node_modules/resolve 1784995742624
3685 silly unfinished npm timer reifyNode:node_modules/require-from-string 1784995742624
3686 silly unfinished npm timer reifyNode:node_modules/regexp.prototype.flags 1784995742624
3687 silly unfinished npm timer reifyNode:node_modules/reflect.getprototypeof 1784995742624
3688 silly unfinished npm timer reifyNode:node_modules/react-server-dom-webpack 1784995742624
3689 silly unfinished npm timer reifyNode:node_modules/react-is 1784995742624
3690 silly unfinished npm timer reifyNode:node_modules/react-dom 1784995742624
3691 silly unfinished npm timer reifyNode:node_modules/react 1784995742624
3692 silly unfinished npm timer reifyNode:node_modules/queue-microtask 1784995742624
3693 silly unfinished npm timer reifyNode:node_modules/punycode 1784995742624
3694 silly unfinished npm timer reifyNode:node_modules/prop-types 1784995742624
3695 silly unfinished npm timer reifyNode:node_modules/prelude-ls 1784995742624
3696 silly unfinished npm timer reifyNode:node_modules/postcss-value-parser 1784995742624
3697 silly unfinished npm timer reifyNode:node_modules/postcss 1784995742624
3698 silly unfinished npm timer reifyNode:node_modules/possible-typed-array-names 1784995742624
3699 silly unfinished npm timer reifyNode:node_modules/picomatch 1784995742624
3700 silly unfinished npm timer reifyNode:node_modules/picocolors 1784995742624
3701 silly unfinished npm timer reifyNode:node_modules/pathe 1784995742624
3702 silly unfinished npm timer reifyNode:node_modules/path-to-regexp 1784995742624
3703 silly unfinished npm timer reifyNode:node_modules/path-parse 1784995742624
3704 silly unfinished npm timer reifyNode:node_modules/path-key 1784995742624
3705 silly unfinished npm timer reifyNode:node_modules/path-exists 1784995742624
3706 silly unfinished npm timer reifyNode:node_modules/parse-css-color 1784995742625
3707 silly unfinished npm timer reifyNode:node_modules/parent-module 1784995742625
3708 silly unfinished npm timer reifyNode:node_modules/pako 1784995742625
3709 silly unfinished npm timer reifyNode:node_modules/p-locate 1784995742625
3710 silly unfinished npm timer reifyNode:node_modules/p-limit 1784995742625
3711 silly unfinished npm timer reifyNode:node_modules/own-keys 1784995742625
3712 silly unfinished npm timer reifyNode:node_modules/optionator 1784995742625
3713 silly unfinished npm timer reifyNode:node_modules/object.values 1784995742625
3714 silly unfinished npm timer reifyNode:node_modules/object.groupby 1784995742625
3715 silly unfinished npm timer reifyNode:node_modules/object.fromentries 1784995742625
3716 silly unfinished npm timer reifyNode:node_modules/object.entries 1784995742625
3717 silly unfinished npm timer reifyNode:node_modules/object.assign 1784995742625
3718 silly unfinished npm timer reifyNode:node_modules/object-keys 1784995742625
3719 silly unfinished npm timer reifyNode:node_modules/object-inspect 1784995742625
3720 silly unfinished npm timer reifyNode:node_modules/object-assign 1784995742625
3721 silly unfinished npm timer reifyNode:node_modules/node-releases 1784995742625
3722 silly unfinished npm timer reifyNode:node_modules/node-exports-info 1784995742625
3723 silly unfinished npm timer reifyNode:node_modules/next 1784995742625
3724 silly unfinished npm timer reifyNode:node_modules/next/node_modules/postcss 1784995742625
3725 silly unfinished npm timer reifyNode:node_modules/neo-async 1784995742625
3726 silly unfinished npm timer reifyNode:node_modules/natural-compare 1784995742625
3727 silly unfinished npm timer reifyNode:node_modules/napi-postinstall 1784995742625
3728 silly unfinished npm timer reifyNode:node_modules/nanoid 1784995742625
3729 silly unfinished npm timer reifyNode:node_modules/ms 1784995742625
3730 silly unfinished npm timer reifyNode:node_modules/minimist 1784995742625
3731 silly unfinished npm timer reifyNode:node_modules/minimatch 1784995742625
3732 silly unfinished npm timer reifyNode:node_modules/miniflare 1784995742625
3733 silly unfinished npm timer reifyNode:node_modules/mime-db 1784995742625
3734 silly unfinished npm timer reifyNode:node_modules/micromatch 1784995742625
3735 silly unfinished npm timer reifyNode:node_modules/merge2 1784995742625
3736 silly unfinished npm timer reifyNode:node_modules/merge-stream 1784995742625
3737 silly unfinished npm timer reifyNode:node_modules/math-intrinsics 1784995742625
3738 silly unfinished npm timer reifyNode:node_modules/magic-string 1784995742625
3739 silly unfinished npm timer reifyNode:node_modules/lru-cache 1784995742625
3740 silly unfinished npm timer reifyNode:node_modules/loose-envify 1784995742625
3741 silly unfinished npm timer reifyNode:node_modules/lodash.merge 1784995742625
3742 silly unfinished npm timer reifyNode:node_modules/locate-path 1784995742625
3743 silly unfinished npm timer reifyNode:node_modules/loader-runner 1784995742625
3744 silly unfinished npm timer reifyNode:node_modules/linebreak 1784995742625
3745 silly unfinished npm timer reifyNode:node_modules/lightningcss 1784995742625
3746 silly unfinished npm timer reifyNode:node_modules/levn 1784995742625
3747 silly unfinished npm timer reifyNode:node_modules/language-tags 1784995742625
3748 silly unfinished npm timer reifyNode:node_modules/language-subtag-registry 1784995742625
3749 silly unfinished npm timer reifyNode:node_modules/kleur 1784995742625
3750 silly unfinished npm timer reifyNode:node_modules/keyv 1784995742625
3751 silly unfinished npm timer reifyNode:node_modules/jsx-ast-utils 1784995742625
3752 silly unfinished npm timer reifyNode:node_modules/json5 1784995742625
3753 silly unfinished npm timer reifyNode:node_modules/json-stable-stringify-without-jsonify 1784995742625
3754 silly unfinished npm timer reifyNode:node_modules/json-schema-traverse 1784995742625
3755 silly unfinished npm timer reifyNode:node_modules/json-buffer 1784995742625
3756 silly unfinished npm timer reifyNode:node_modules/jsesc 1784995742625
3757 silly unfinished npm timer reifyNode:node_modules/js-yaml 1784995742625
3758 silly unfinished npm timer reifyNode:node_modules/js-tokens 1784995742625
3759 silly unfinished npm timer reifyNode:node_modules/jiti 1784995742625
3760 silly unfinished npm timer reifyNode:node_modules/jest-worker 1784995742625
3761 silly unfinished npm timer reifyNode:node_modules/jest-worker/node_modules/supports-color 1784995742625
3762 silly unfinished npm timer reifyNode:node_modules/iterator.prototype 1784995742625
3763 silly unfinished npm timer reifyNode:node_modules/isexe 1784995742625
3764 silly unfinished npm timer reifyNode:node_modules/isarray 1784995742625
3765 silly unfinished npm timer reifyNode:node_modules/is-weakset 1784995742625
3766 silly unfinished npm timer reifyNode:node_modules/is-weakref 1784995742625
3767 silly unfinished npm timer reifyNode:node_modules/is-weakmap 1784995742625
3768 silly unfinished npm timer reifyNode:node_modules/is-typed-array 1784995742625
3769 silly unfinished npm timer reifyNode:node_modules/is-symbol 1784995742625
3770 silly unfinished npm timer reifyNode:node_modules/is-string 1784995742625
3771 silly unfinished npm timer reifyNode:node_modules/is-shared-array-buffer 1784995742625
3772 silly unfinished npm timer reifyNode:node_modules/is-set 1784995742625
3773 silly unfinished npm timer reifyNode:node_modules/is-regex 1784995742625
3774 silly unfinished npm timer reifyNode:node_modules/is-number-object 1784995742625
3775 silly unfinished npm timer reifyNode:node_modules/is-number 1784995742625
3776 silly unfinished npm timer reifyNode:node_modules/is-negative-zero 1784995742625
3777 silly unfinished npm timer reifyNode:node_modules/is-map 1784995742625
3778 silly unfinished npm timer reifyNode:node_modules/is-glob 1784995742625
3779 silly unfinished npm timer reifyNode:node_modules/is-generator-function 1784995742625
3780 silly unfinished npm timer reifyNode:node_modules/is-finalizationregistry 1784995742625
3781 silly unfinished npm timer reifyNode:node_modules/is-extglob 1784995742625
3782 silly unfinished npm timer reifyNode:node_modules/is-date-object 1784995742625
3783 silly unfinished npm timer reifyNode:node_modules/is-data-view 1784995742625
3784 silly unfinished npm timer reifyNode:node_modules/is-core-module 1784995742626
3785 silly unfinished npm timer reifyNode:node_modules/is-callable 1784995742626
3786 silly unfinished npm timer reifyNode:node_modules/is-bun-module 1784995742626
3787 silly unfinished npm timer reifyNode:node_modules/is-bun-module/node_modules/semver 1784995742626
3788 silly unfinished npm timer reifyNode:node_modules/is-boolean-object 1784995742626
3789 silly unfinished npm timer reifyNode:node_modules/is-bigint 1784995742626
3790 silly unfinished npm timer reifyNode:node_modules/is-async-function 1784995742626
3791 silly unfinished npm timer reifyNode:node_modules/is-array-buffer 1784995742626
3792 silly unfinished npm timer reifyNode:node_modules/ipaddr.js 1784995742626
3793 silly unfinished npm timer reifyNode:node_modules/internal-slot 1784995742626
3794 silly unfinished npm timer reifyNode:node_modules/imurmurhash 1784995742626
3795 silly unfinished npm timer reifyNode:node_modules/import-fresh 1784995742626
3796 silly unfinished npm timer reifyNode:node_modules/image-size 1784995742626
3797 silly unfinished npm timer reifyNode:node_modules/ignore 1784995742626
3798 silly unfinished npm timer reifyNode:node_modules/hex-rgb 1784995742626
3799 silly unfinished npm timer reifyNode:node_modules/hermes-parser 1784995742626
3800 silly unfinished npm timer reifyNode:node_modules/hermes-estree 1784995742626
3801 silly unfinished npm timer reifyNode:node_modules/hasown 1784995742626
3802 silly unfinished npm timer reifyNode:node_modules/has-tostringtag 1784995742626
3803 silly unfinished npm timer reifyNode:node_modules/has-symbols 1784995742626
3804 silly unfinished npm timer reifyNode:node_modules/has-proto 1784995742626
3805 silly unfinished npm timer reifyNode:node_modules/has-property-descriptors 1784995742626
3806 silly unfinished npm timer reifyNode:node_modules/has-flag 1784995742626
3807 silly unfinished npm timer reifyNode:node_modules/has-bigints 1784995742626
3808 silly unfinished npm timer reifyNode:node_modules/graceful-fs 1784995742626
3809 silly unfinished npm timer reifyNode:node_modules/gopd 1784995742626
3810 silly unfinished npm timer reifyNode:node_modules/globrex 1784995742626
3811 silly unfinished npm timer reifyNode:node_modules/globalthis 1784995742626
3812 silly unfinished npm timer reifyNode:node_modules/globals 1784995742626
3813 silly unfinished npm timer reifyNode:node_modules/glob-to-regexp 1784995742626
3814 silly unfinished npm timer reifyNode:node_modules/glob-parent 1784995742626
3815 silly unfinished npm timer reifyNode:node_modules/get-tsconfig 1784995742626
3816 silly unfinished npm timer reifyNode:node_modules/get-symbol-description 1784995742626
3817 silly unfinished npm timer reifyNode:node_modules/get-proto 1784995742626
3818 silly unfinished npm timer reifyNode:node_modules/get-intrinsic 1784995742626
3819 silly unfinished npm timer reifyNode:node_modules/gensync 1784995742626
3820 silly unfinished npm timer reifyNode:node_modules/generator-function 1784995742626
3821 silly unfinished npm timer reifyNode:node_modules/functions-have-names 1784995742626
3822 silly unfinished npm timer reifyNode:node_modules/function.prototype.name 1784995742626
3823 silly unfinished npm timer reifyNode:node_modules/function-bind 1784995742626
3824 silly unfinished npm timer reifyNode:node_modules/for-each 1784995742626
3825 silly unfinished npm timer reifyNode:node_modules/flatted 1784995742626
3826 silly unfinished npm timer reifyNode:node_modules/flat-cache 1784995742626
3827 silly unfinished npm timer reifyNode:node_modules/find-up 1784995742626
3828 silly unfinished npm timer reifyNode:node_modules/fill-range 1784995742626
3829 silly unfinished npm timer reifyNode:node_modules/file-entry-cache 1784995742626
3830 silly unfinished npm timer reifyNode:node_modules/fflate 1784995742626
3831 silly unfinished npm timer reifyNode:node_modules/fastq 1784995742626
3832 silly unfinished npm timer reifyNode:node_modules/fast-uri 1784995742626
3833 silly unfinished npm timer reifyNode:node_modules/fast-levenshtein 1784995742626
3834 silly unfinished npm timer reifyNode:node_modules/fast-json-stable-stringify 1784995742626
3835 silly unfinished npm timer reifyNode:node_modules/fast-glob 1784995742626
3836 silly unfinished npm timer reifyNode:node_modules/fast-glob/node_modules/glob-parent 1784995742626
3837 silly unfinished npm timer reifyNode:node_modules/fast-deep-equal 1784995742626
3838 silly unfinished npm timer reifyNode:node_modules/events 1784995742626
3839 silly unfinished npm timer reifyNode:node_modules/esutils 1784995742626
3840 silly unfinished npm timer reifyNode:node_modules/estree-walker 1784995742626
3841 silly unfinished npm timer reifyNode:node_modules/estraverse 1784995742626
3842 silly unfinished npm timer reifyNode:node_modules/esrecurse 1784995742626
3843 silly unfinished npm timer reifyNode:node_modules/esquery 1784995742626
3844 silly unfinished npm timer reifyNode:node_modules/espree 1784995742626
3845 silly unfinished npm timer reifyNode:node_modules/eslint-visitor-keys 1784995742626
3846 silly unfinished npm timer reifyNode:node_modules/eslint-scope 1784995742626
3847 silly unfinished npm timer reifyNode:node_modules/eslint-plugin-react-hooks 1784995742626
3848 silly unfinished npm timer reifyNode:node_modules/eslint-plugin-react 1784995742626
3849 silly unfinished npm timer reifyNode:node_modules/eslint-plugin-jsx-a11y 1784995742626
3850 silly unfinished npm timer reifyNode:node_modules/eslint-plugin-import 1784995742626
3851 silly unfinished npm timer reifyNode:node_modules/eslint-plugin-import/node_modules/debug 1784995742626
3852 silly unfinished npm timer reifyNode:node_modules/eslint-module-utils 1784995742626
3853 silly unfinished npm timer reifyNode:node_modules/eslint-module-utils/node_modules/debug 1784995742626
3854 silly unfinished npm timer reifyNode:node_modules/eslint-import-resolver-typescript 1784995742626
3855 silly unfinished npm timer reifyNode:node_modules/eslint-import-resolver-node 1784995742626
3856 silly unfinished npm timer reifyNode:node_modules/eslint-import-resolver-node/node_modules/debug 1784995742626
3857 silly unfinished npm timer reifyNode:node_modules/eslint-config-next 1784995742626
3858 silly unfinished npm timer reifyNode:node_modules/eslint-config-next/node_modules/globals 1784995742626
3859 silly unfinished npm timer reifyNode:node_modules/eslint 1784995742626
3860 silly unfinished npm timer reifyNode:node_modules/escape-string-regexp 1784995742626
3861 silly unfinished npm timer reifyNode:node_modules/escape-html 1784995742626
3862 silly unfinished npm timer reifyNode:node_modules/escalade 1784995742626
3863 silly unfinished npm timer reifyNode:node_modules/esbuild 1784995742626
3864 silly unfinished npm timer reifyNode:node_modules/es-to-primitive 1784995742626
3865 silly unfinished npm timer reifyNode:node_modules/es-shim-unscopables 1784995742626
3866 silly unfinished npm timer reifyNode:node_modules/es-set-tostringtag 1784995742626
3867 silly unfinished npm timer reifyNode:node_modules/es-object-atoms 1784995742626
3868 silly unfinished npm timer reifyNode:node_modules/es-module-lexer 1784995742626
3869 silly unfinished npm timer reifyNode:node_modules/es-iterator-helpers 1784995742626
3870 silly unfinished npm timer reifyNode:node_modules/es-errors 1784995742626
3871 silly unfinished npm timer reifyNode:node_modules/es-define-property 1784995742626
3872 silly unfinished npm timer reifyNode:node_modules/es-abstract 1784995742626
3873 silly unfinished npm timer reifyNode:node_modules/error-stack-parser-es 1784995742626
3874 silly unfinished npm timer reifyNode:node_modules/enhanced-resolve 1784995742626
3875 silly unfinished npm timer reifyNode:node_modules/emoji-regex-xs 1784995742626
3876 silly unfinished npm timer reifyNode:node_modules/emoji-regex 1784995742626
3877 silly unfinished npm timer reifyNode:node_modules/electron-to-chromium 1784995742626
3878 silly unfinished npm timer reifyNode:node_modules/dunder-proto 1784995742626
3879 silly unfinished npm timer reifyNode:node_modules/drizzle-orm 1784995742626
3880 silly unfinished npm timer reifyNode:node_modules/drizzle-kit 1784995742626
3881 silly unfinished npm timer reifyNode:node_modules/drizzle-kit/node_modules/esbuild 1784995742627
3882 silly unfinished npm timer reifyNode:node_modules/doctrine 1784995742627
3883 silly unfinished npm timer reifyNode:node_modules/detect-libc 1784995742627
3884 silly unfinished npm timer reifyNode:node_modules/define-properties 1784995742627
3885 silly unfinished npm timer reifyNode:node_modules/define-data-property 1784995742627
3886 silly unfinished npm timer reifyNode:node_modules/deep-is 1784995742627
3887 silly unfinished npm timer reifyNode:node_modules/debug 1784995742627
3888 silly unfinished npm timer reifyNode:node_modules/data-view-byte-offset 1784995742627
3889 silly unfinished npm timer reifyNode:node_modules/data-view-byte-length 1784995742627
3890 silly unfinished npm timer reifyNode:node_modules/data-view-buffer 1784995742627
3891 silly unfinished npm timer reifyNode:node_modules/damerau-levenshtein 1784995742627
3892 silly unfinished npm timer reifyNode:node_modules/csstype 1784995742627
3893 silly unfinished npm timer reifyNode:node_modules/css-to-react-native 1784995742627
3894 silly unfinished npm timer reifyNode:node_modules/css-gradient-parser 1784995742627
3895 silly unfinished npm timer reifyNode:node_modules/css-color-keywords 1784995742627
3896 silly unfinished npm timer reifyNode:node_modules/css-box-shadow 1784995742627
3897 silly unfinished npm timer reifyNode:node_modules/css-background-parser 1784995742627
3898 silly unfinished npm timer reifyNode:node_modules/cross-spawn 1784995742627
3899 silly unfinished npm timer reifyNode:node_modules/cookie 1784995742627
3900 silly unfinished npm timer reifyNode:node_modules/convert-source-map 1784995742627
3901 silly unfinished npm timer reifyNode:node_modules/concat-map 1784995742627
3902 silly unfinished npm timer reifyNode:node_modules/commander 1784995742627
3903 silly unfinished npm timer reifyNode:node_modules/color-name 1784995742627
3904 silly unfinished npm timer reifyNode:node_modules/color-convert 1784995742627
3905 silly unfinished npm timer reifyNode:node_modules/client-only 1784995742627
3906 silly unfinished npm timer reifyNode:node_modules/chrome-trace-event 1784995742627
3907 silly unfinished npm timer reifyNode:node_modules/chalk 1784995742627
3908 silly unfinished npm timer reifyNode:node_modules/caniuse-lite 1784995742627
3909 silly unfinished npm timer reifyNode:node_modules/camelize 1784995742627
3910 silly unfinished npm timer reifyNode:node_modules/callsites 1784995742627
3911 silly unfinished npm timer reifyNode:node_modules/call-bound 1784995742627
3912 silly unfinished npm timer reifyNode:node_modules/call-bind-apply-helpers 1784995742627
3913 silly unfinished npm timer reifyNode:node_modules/call-bind 1784995742627
3914 silly unfinished npm timer reifyNode:node_modules/buffer-from 1784995742627
3915 silly unfinished npm timer reifyNode:node_modules/browserslist 1784995742627
3916 silly unfinished npm timer reifyNode:node_modules/braces 1784995742627
3917 silly unfinished npm timer reifyNode:node_modules/brace-expansion 1784995742627
3918 silly unfinished npm timer reifyNode:node_modules/blake3-wasm 1784995742627
3919 silly unfinished npm timer reifyNode:node_modules/baseline-browser-mapping 1784995742627
3920 silly unfinished npm timer reifyNode:node_modules/base64-js 1784995742627
3921 silly unfinished npm timer reifyNode:node_modules/balanced-match 1784995742627
3922 silly unfinished npm timer reifyNode:node_modules/axobject-query 1784995742627
3923 silly unfinished npm timer reifyNode:node_modules/axe-core 1784995742627
3924 silly unfinished npm timer reifyNode:node_modules/available-typed-arrays 1784995742627
3925 silly unfinished npm timer reifyNode:node_modules/async-function 1784995742627
3926 silly unfinished npm timer reifyNode:node_modules/ast-types-flow 1784995742627
3927 silly unfinished npm timer reifyNode:node_modules/arraybuffer.prototype.slice 1784995742627
3928 silly unfinished npm timer reifyNode:node_modules/array.prototype.tosorted 1784995742627
3929 silly unfinished npm timer reifyNode:node_modules/array.prototype.flatmap 1784995742627
3930 silly unfinished npm timer reifyNode:node_modules/array.prototype.flat 1784995742627
3931 silly unfinished npm timer reifyNode:node_modules/array.prototype.findlastindex 1784995742627
3932 silly unfinished npm timer reifyNode:node_modules/array.prototype.findlast 1784995742627
3933 silly unfinished npm timer reifyNode:node_modules/array-includes 1784995742627
3934 silly unfinished npm timer reifyNode:node_modules/array-buffer-byte-length 1784995742627
3935 silly unfinished npm timer reifyNode:node_modules/aria-query 1784995742627
3936 silly unfinished npm timer reifyNode:node_modules/argparse 1784995742627
3937 silly unfinished npm timer reifyNode:node_modules/ansi-styles 1784995742627
3938 silly unfinished npm timer reifyNode:node_modules/ajv-formats 1784995742627
3939 silly unfinished npm timer reifyNode:node_modules/ajv-formats/node_modules/json-schema-traverse 1784995742627
3940 silly unfinished npm timer reifyNode:node_modules/ajv-formats/node_modules/ajv 1784995742627
3941 silly unfinished npm timer reifyNode:node_modules/ajv 1784995742627
3942 silly unfinished npm timer reifyNode:node_modules/acorn-loose 1784995742627
3943 silly unfinished npm timer reifyNode:node_modules/acorn-jsx 1784995742627
3944 silly unfinished npm timer reifyNode:node_modules/acorn-import-phases 1784995742627
3945 silly unfinished npm timer reifyNode:node_modules/acorn 1784995742627
3946 silly unfinished npm timer reifyNode:node_modules/@xtuc/long 1784995742627
3947 silly unfinished npm timer reifyNode:node_modules/@xtuc/ieee754 1784995742627
3948 silly unfinished npm timer reifyNode:node_modules/@webassemblyjs/wast-printer 1784995742627
3949 silly unfinished npm timer reifyNode:node_modules/@webassemblyjs/wasm-parser 1784995742627
3950 silly unfinished npm timer reifyNode:node_modules/@webassemblyjs/wasm-opt 1784995742627
3951 silly unfinished npm timer reifyNode:node_modules/@webassemblyjs/wasm-gen 1784995742627
3952 silly unfinished npm timer reifyNode:node_modules/@webassemblyjs/wasm-edit 1784995742628
3953 silly unfinished npm timer reifyNode:node_modules/@webassemblyjs/utf8 1784995742628
3954 silly unfinished npm timer reifyNode:node_modules/@webassemblyjs/leb128 1784995742628
3955 silly unfinished npm timer reifyNode:node_modules/@webassemblyjs/ieee754 1784995742628
3956 silly unfinished npm timer reifyNode:node_modules/@webassemblyjs/helper-wasm-section 1784995742628
3957 silly unfinished npm timer reifyNode:node_modules/@webassemblyjs/helper-wasm-bytecode 1784995742628
3958 silly unfinished npm timer reifyNode:node_modules/@webassemblyjs/helper-numbers 1784995742628
3959 silly unfinished npm timer reifyNode:node_modules/@webassemblyjs/helper-buffer 1784995742628
3960 silly unfinished npm timer reifyNode:node_modules/@webassemblyjs/helper-api-error 1784995742628
3961 silly unfinished npm timer reifyNode:node_modules/@webassemblyjs/floating-point-hex-parser 1784995742628
3962 silly unfinished npm timer reifyNode:node_modules/@webassemblyjs/ast 1784995742628
3963 silly unfinished npm timer reifyNode:node_modules/@vitejs/plugin-rsc 1784995742628
3964 silly unfinished npm timer reifyNode:node_modules/@vitejs/plugin-rsc/node_modules/@rolldown/pluginutils 1784995742628
3965 silly unfinished npm timer reifyNode:node_modules/@vitejs/plugin-react 1784995742628
3966 silly unfinished npm timer reifyNode:node_modules/@vercel/og 1784995742628
3967 silly unfinished npm timer reifyNode:node_modules/@unpic/react 1784995742628
3968 silly unfinished npm timer reifyNode:node_modules/@unpic/core 1784995742628
3969 silly unfinished npm timer reifyNode:node_modules/@typescript-eslint/visitor-keys 1784995742628
3970 silly unfinished npm timer reifyNode:node_modules/@typescript-eslint/visitor-keys/node_modules/eslint-visitor-keys 1784995742628
3971 silly unfinished npm timer reifyNode:node_modules/@typescript-eslint/utils 1784995742628
3972 silly unfinished npm timer reifyNode:node_modules/@typescript-eslint/typescript-estree 1784995742628
3973 silly unfinished npm timer reifyNode:node_modules/@typescript-eslint/typescript-estree/node_modules/semver 1784995742628
3974 silly unfinished npm timer reifyNode:node_modules/@typescript-eslint/typescript-estree/node_modules/minimatch 1784995742628
3975 silly unfinished npm timer reifyNode:node_modules/@typescript-eslint/typescript-estree/node_modules/brace-expansion 1784995742628
3976 silly unfinished npm timer reifyNode:node_modules/@typescript-eslint/typescript-estree/node_modules/balanced-match 1784995742628
3977 silly unfinished npm timer reifyNode:node_modules/@typescript-eslint/types 1784995742628
3978 silly unfinished npm timer reifyNode:node_modules/@typescript-eslint/type-utils 1784995742628
3979 silly unfinished npm timer reifyNode:node_modules/@typescript-eslint/tsconfig-utils 1784995742628
3980 silly unfinished npm timer reifyNode:node_modules/@typescript-eslint/scope-manager 1784995742628
3981 silly unfinished npm timer reifyNode:node_modules/@typescript-eslint/project-service 1784995742628
3982 silly unfinished npm timer reifyNode:node_modules/@typescript-eslint/parser 1784995742628
3983 silly unfinished npm timer reifyNode:node_modules/@typescript-eslint/eslint-plugin 1784995742628
3984 silly unfinished npm timer reifyNode:node_modules/@typescript-eslint/eslint-plugin/node_modules/ignore 1784995742628
3985 silly unfinished npm timer reifyNode:node_modules/@types/react-dom 1784995742628
3986 silly unfinished npm timer reifyNode:node_modules/@types/react 1784995742628
3987 silly unfinished npm timer reifyNode:node_modules/@types/node 1784995742628
3988 silly unfinished npm timer reifyNode:node_modules/@types/json5 1784995742628
3989 silly unfinished npm timer reifyNode:node_modules/@types/json-schema 1784995742628
3990 silly unfinished npm timer reifyNode:node_modules/@types/estree 1784995742628
3991 silly unfinished npm timer reifyNode:node_modules/@types/eslint-scope 1784995742628
3992 silly unfinished npm timer reifyNode:node_modules/@types/eslint 1784995742628
3993 silly unfinished npm timer reifyNode:node_modules/@tailwindcss/postcss 1784995742628
3994 silly unfinished npm timer reifyNode:node_modules/@tailwindcss/oxide 1784995742628
3995 silly unfinished npm timer reifyNode:node_modules/@tailwindcss/node 1784995742628
3996 silly unfinished npm timer reifyNode:node_modules/@swc/helpers 1784995742628
3997 silly unfinished npm timer reifyNode:node_modules/@speed-highlight/core 1784995742628
3998 silly unfinished npm timer reifyNode:node_modules/@sindresorhus/is 1784995742628
3999 silly unfinished npm timer reifyNode:node_modules/@shuding/opentype.js 1784995742628
4000 silly unfinished npm timer reifyNode:node_modules/@rtsao/scc 1784995742628
4001 silly unfinished npm timer reifyNode:node_modules/@rolldown/pluginutils 1784995742628
4002 silly unfinished npm timer reifyNode:node_modules/@resvg/resvg-wasm 1784995742629
4003 silly unfinished npm timer reifyNode:node_modules/@poppinss/exception 1784995742629
4004 silly unfinished npm timer reifyNode:node_modules/@poppinss/dumper 1784995742629
4005 silly unfinished npm timer reifyNode:node_modules/@poppinss/dumper/node_modules/supports-color 1784995742629
4006 silly unfinished npm timer reifyNode:node_modules/@poppinss/colors 1784995742629
4007 silly unfinished npm timer reifyNode:node_modules/@oxc-project/types 1784995742629
4008 silly unfinished npm timer reifyNode:node_modules/@nolyfill/is-core-module 1784995742629
4009 silly unfinished npm timer reifyNode:node_modules/@nodelib/fs.walk 1784995742629
4010 silly unfinished npm timer reifyNode:node_modules/@nodelib/fs.stat 1784995742629
4011 silly unfinished npm timer reifyNode:node_modules/@nodelib/fs.scandir 1784995742629
4012 silly unfinished npm timer reifyNode:node_modules/@next/eslint-plugin-next 1784995742629
4013 silly unfinished npm timer reifyNode:node_modules/@next/env 1784995742629
4014 silly unfinished npm timer reifyNode:node_modules/@jridgewell/trace-mapping 1784995742629
4015 silly unfinished npm timer reifyNode:node_modules/@jridgewell/sourcemap-codec 1784995742629
4016 silly unfinished npm timer reifyNode:node_modules/@jridgewell/source-map 1784995742629
4017 silly unfinished npm timer reifyNode:node_modules/@jridgewell/resolve-uri 1784995742629
4018 silly unfinished npm timer reifyNode:node_modules/@jridgewell/remapping 1784995742629
4019 silly unfinished npm timer reifyNode:node_modules/@jridgewell/gen-mapping 1784995742629
4020 silly unfinished npm timer reifyNode:node_modules/@img/colour 1784995742629
4021 silly unfinished npm timer reifyNode:node_modules/@humanwhocodes/retry 1784995742629
4022 silly unfinished npm timer reifyNode:node_modules/@humanwhocodes/module-importer 1784995742629
4023 silly unfinished npm timer reifyNode:node_modules/@humanfs/types 1784995742629
4024 silly unfinished npm timer reifyNode:node_modules/@humanfs/node 1784995742629
4025 silly unfinished npm timer reifyNode:node_modules/@humanfs/core 1784995742629
4026 silly unfinished npm timer reifyNode:node_modules/@eslint/plugin-kit 1784995742629
4027 silly unfinished npm timer reifyNode:node_modules/@eslint/object-schema 1784995742629
4028 silly unfinished npm timer reifyNode:node_modules/@eslint/js 1784995742629
4029 silly unfinished npm timer reifyNode:node_modules/@eslint/eslintrc 1784995742629
4030 silly unfinished npm timer reifyNode:node_modules/@eslint/core 1784995742629
4031 silly unfinished npm timer reifyNode:node_modules/@eslint/config-helpers 1784995742629
4032 silly unfinished npm timer reifyNode:node_modules/@eslint/config-array 1784995742629
4033 silly unfinished npm timer reifyNode:node_modules/@eslint-community/regexpp 1784995742629
4034 silly unfinished npm timer reifyNode:node_modules/@eslint-community/eslint-utils 1784995742629
4035 silly unfinished npm timer reifyNode:node_modules/@eslint-community/eslint-utils/node_modules/eslint-visitor-keys 1784995742629
4036 silly unfinished npm timer reifyNode:node_modules/@esbuild-kit/esm-loader 1784995742630
4037 silly unfinished npm timer reifyNode:node_modules/@esbuild-kit/core-utils 1784995742630
4038 silly unfinished npm timer reifyNode:node_modules/@esbuild-kit/core-utils/node_modules/esbuild 1784995742630
4039 silly unfinished npm timer reifyNode:node_modules/@drizzle-team/brocli 1784995742630
4040 silly unfinished npm timer reifyNode:node_modules/@cspotcode/source-map-support 1784995742630
4041 silly unfinished npm timer reifyNode:node_modules/@cspotcode/source-map-support/node_modules/@jridgewell/trace-mapping 1784995742630
4042 silly unfinished npm timer reifyNode:node_modules/@cloudflare/vite-plugin 1784995742630
4043 silly unfinished npm timer reifyNode:node_modules/@cloudflare/unenv-preset 1784995742630
4044 silly unfinished npm timer reifyNode:node_modules/@cloudflare/kv-asset-handler 1784995742630
4045 silly unfinished npm timer reifyNode:node_modules/@babel/types 1784995742630
4046 silly unfinished npm timer reifyNode:node_modules/@babel/traverse 1784995742630
4047 silly unfinished npm timer reifyNode:node_modules/@babel/template 1784995742630
4048 silly unfinished npm timer reifyNode:node_modules/@babel/parser 1784995742630
4049 silly unfinished npm timer reifyNode:node_modules/@babel/helpers 1784995742630
4050 silly unfinished npm timer reifyNode:node_modules/@babel/helper-validator-option 1784995742630
4051 silly unfinished npm timer reifyNode:node_modules/@babel/helper-validator-identifier 1784995742630
4052 silly unfinished npm timer reifyNode:node_modules/@babel/helper-string-parser 1784995742630
4053 silly unfinished npm timer reifyNode:node_modules/@babel/helper-module-transforms 1784995742630
4054 silly unfinished npm timer reifyNode:node_modules/@babel/helper-module-imports 1784995742630
4055 silly unfinished npm timer reifyNode:node_modules/@babel/helper-globals 1784995742630
4056 silly unfinished npm timer reifyNode:node_modules/@babel/helper-compilation-targets 1784995742630
4057 silly unfinished npm timer reifyNode:node_modules/@babel/generator 1784995742630
4058 silly unfinished npm timer reifyNode:node_modules/@babel/core 1784995742630
4059 silly unfinished npm timer reifyNode:node_modules/@babel/compat-data 1784995742630
4060 silly unfinished npm timer reifyNode:node_modules/@babel/code-frame 1784995742630
4061 silly unfinished npm timer reifyNode:node_modules/@alloc/quick-lru 1784995742630
4062 verbose cwd /mnt/data/technologia_work
4063 verbose os Linux 6.12.13
4064 verbose node v22.16.0
4065 verbose npm  v10.9.2
4066 verbose exit 1
4067 verbose code 1
4068 error A complete log of this run can be found in: /mnt/data/technologia_work/.sites-runtime/npm-cache/_logs/2026-07-25T16_09_01_909Z-debug-0.log
