0 verbose cli /opt/nvm/versions/node/v22.16.0/bin/node /opt/nvm/versions/node/v22.16.0/bin/npm
1 info using npm@10.9.2
2 info using node@v22.16.0
3 silly config load:file:/opt/nvm/versions/node/v22.16.0/lib/node_modules/npm/npmrc
4 silly config load:file:/mnt/data/technologia_work/.npmrc
5 silly config load:file:/home/oai/.npmrc
6 silly config load:file:/opt/nvm/versions/node/v22.16.0/etc/npmrc
7 verbose title npm install
8 verbose argv "install"
9 verbose logfile logs-max:10 dir:/mnt/data/technologia_work/.sites-runtime/npm-cache/_logs/2026-07-25T16_09_50_453Z-
10 verbose logfile /mnt/data/technologia_work/.sites-runtime/npm-cache/_logs/2026-07-25T16_09_50_453Z-debug-0.log
11 silly logfile done cleaning log files
12 silly packumentCache heap:2197815296 maxSize:549453824 maxEntrySize:274726912
13 silly idealTree buildDeps
14 silly reify mark retired [ '/mnt/data/technologia_work/node_modules/acorn' ]
15 silly reify mark retired [ '/mnt/data/technologia_work/node_modules/acorn-import-phases' ]
16 silly reify mark retired [ '/mnt/data/technologia_work/node_modules/acorn-jsx' ]
17 silly reify mark retired [ '/mnt/data/technologia_work/node_modules/acorn-loose' ]
18 silly reify mark retired [ '/mnt/data/technologia_work/node_modules/ajv' ]
19 silly reify mark retired [ '/mnt/data/technologia_work/node_modules/ajv-formats' ]
20 silly reify mark retired [ '/mnt/data/technologia_work/node_modules/ansi-styles' ]
21 silly reify mark retired [ '/mnt/data/technologia_work/node_modules/argparse' ]
22 silly reify mark retired [ '/mnt/data/technologia_work/node_modules/aria-query' ]
23 silly reify mark retired [ '/mnt/data/technologia_work/node_modules/array-buffer-byte-length' ]
24 silly reify mark retired [ '/mnt/data/technologia_work/node_modules/array-includes' ]
25 silly reify mark retired [ '/mnt/data/technologia_work/node_modules/array.prototype.findlast' ]
26 silly reify mark retired [
26 silly reify   '/mnt/data/technologia_work/node_modules/array.prototype.findlastindex'
26 silly reify ]
27 silly reify mark retired [ '/mnt/data/technologia_work/node_modules/array.prototype.flat' ]
28 silly reify mark retired [ '/mnt/data/technologia_work/node_modules/array.prototype.flatmap' ]
29 silly reify mark retired [ '/mnt/data/technologia_work/node_modules/array.prototype.tosorted' ]
30 silly reify mark retired [
30 silly reify   '/mnt/data/technologia_work/node_modules/arraybuffer.prototype.slice'
30 silly reify ]
31 silly reify mark retired [ '/mnt/data/technologia_work/node_modules/ast-types-flow' ]
32 silly reify mark retired [ '/mnt/data/technologia_work/node_modules/async-function' ]
33 silly reify mark retired [ '/mnt/data/technologia_work/node_modules/available-typed-arrays' ]
34 silly reify mark retired [ '/mnt/data/technologia_work/node_modules/axe-core' ]
35 silly reify mark retired [ '/mnt/data/technologia_work/node_modules/axobject-query' ]
36 silly reify mark retired [ '/mnt/data/technologia_work/node_modules/balanced-match' ]
37 silly reify mark retired [ '/mnt/data/technologia_work/node_modules/base64-js' ]
38 silly reify mark retired [ '/mnt/data/technologia_work/node_modules/baseline-browser-mapping' ]
39 silly reify mark retired [ '/mnt/data/technologia_work/node_modules/blake3-wasm' ]
40 silly reify mark retired [ '/mnt/data/technologia_work/node_modules/brace-expansion' ]
41 silly reify mark retired [ '/mnt/data/technologia_work/node_modules/braces' ]
42 silly reify mark retired [ '/mnt/data/technologia_work/node_modules/browserslist' ]
43 silly reify mark retired [ '/mnt/data/technologia_work/node_modules/buffer-from' ]
44 silly reify mark retired [ '/mnt/data/technologia_work/node_modules/call-bind' ]
45 silly reify mark retired [ '/mnt/data/technologia_work/node_modules/call-bind-apply-helpers' ]
46 silly reify mark retired [ '/mnt/data/technologia_work/node_modules/call-bound' ]
47 silly reify mark retired [ '/mnt/data/technologia_work/node_modules/callsites' ]
48 silly reify mark retired [ '/mnt/data/technologia_work/node_modules/camelize' ]
49 silly reify mark retired [ '/mnt/data/technologia_work/node_modules/chalk' ]
50 silly reify mark retired [ '/mnt/data/technologia_work/node_modules/caniuse-lite' ]
51 silly reify mark retired [ '/mnt/data/technologia_work/node_modules/chrome-trace-event' ]
52 silly reify mark retired [ '/mnt/data/technologia_work/node_modules/client-only' ]
53 silly reify mark retired [ '/mnt/data/technologia_work/node_modules/color-convert' ]
54 silly reify mark retired [ '/mnt/data/technologia_work/node_modules/color-name' ]
55 silly reify mark retired [ '/mnt/data/technologia_work/node_modules/commander' ]
56 silly reify mark retired [ '/mnt/data/technologia_work/node_modules/concat-map' ]
57 silly reify mark retired [ '/mnt/data/technologia_work/node_modules/convert-source-map' ]
58 silly reify mark retired [ '/mnt/data/technologia_work/node_modules/cookie' ]
59 silly reify mark retired [ '/mnt/data/technologia_work/node_modules/cross-spawn' ]
60 silly reify mark retired [ '/mnt/data/technologia_work/node_modules/css-background-parser' ]
61 silly reify mark retired [ '/mnt/data/technologia_work/node_modules/css-box-shadow' ]
62 silly reify mark retired [ '/mnt/data/technologia_work/node_modules/css-color-keywords' ]
63 silly reify mark retired [ '/mnt/data/technologia_work/node_modules/css-gradient-parser' ]
64 silly reify mark retired [ '/mnt/data/technologia_work/node_modules/css-to-react-native' ]
65 silly reify mark retired [ '/mnt/data/technologia_work/node_modules/csstype' ]
66 silly reify mark retired [ '/mnt/data/technologia_work/node_modules/damerau-levenshtein' ]
67 silly reify mark retired [ '/mnt/data/technologia_work/node_modules/data-view-buffer' ]
68 silly reify mark retired [ '/mnt/data/technologia_work/node_modules/data-view-byte-length' ]
69 silly reify mark retired [ '/mnt/data/technologia_work/node_modules/data-view-byte-offset' ]
70 silly reify mark retired [ '/mnt/data/technologia_work/node_modules/debug' ]
71 silly reify mark retired [ '/mnt/data/technologia_work/node_modules/deep-is' ]
72 silly reify mark retired [ '/mnt/data/technologia_work/node_modules/define-data-property' ]
73 silly reify mark retired [ '/mnt/data/technologia_work/node_modules/define-properties' ]
74 silly reify mark retired [ '/mnt/data/technologia_work/node_modules/detect-libc' ]
75 silly reify mark retired [ '/mnt/data/technologia_work/node_modules/doctrine' ]
76 silly reify mark retired [ '/mnt/data/technologia_work/node_modules/drizzle-kit' ]
77 silly reify mark retired [ '/mnt/data/technologia_work/node_modules/drizzle-orm' ]
78 silly reify mark retired [ '/mnt/data/technologia_work/node_modules/dunder-proto' ]
79 silly reify mark retired [ '/mnt/data/technologia_work/node_modules/electron-to-chromium' ]
80 silly reify mark retired [ '/mnt/data/technologia_work/node_modules/emoji-regex' ]
81 silly reify mark retired [ '/mnt/data/technologia_work/node_modules/emoji-regex-xs' ]
82 silly reify mark retired [ '/mnt/data/technologia_work/node_modules/enhanced-resolve' ]
83 silly reify mark retired [ '/mnt/data/technologia_work/node_modules/error-stack-parser-es' ]
84 silly reify mark retired [ '/mnt/data/technologia_work/node_modules/es-abstract' ]
85 silly reify mark retired [ '/mnt/data/technologia_work/node_modules/es-define-property' ]
86 silly reify mark retired [ '/mnt/data/technologia_work/node_modules/es-errors' ]
87 silly reify mark retired [ '/mnt/data/technologia_work/node_modules/es-iterator-helpers' ]
88 silly reify mark retired [ '/mnt/data/technologia_work/node_modules/es-module-lexer' ]
89 silly reify mark retired [ '/mnt/data/technologia_work/node_modules/es-object-atoms' ]
90 silly reify mark retired [ '/mnt/data/technologia_work/node_modules/es-set-tostringtag' ]
91 silly reify mark retired [ '/mnt/data/technologia_work/node_modules/es-shim-unscopables' ]
92 silly reify mark retired [ '/mnt/data/technologia_work/node_modules/es-to-primitive' ]
93 silly reify mark retired [ '/mnt/data/technologia_work/node_modules/esbuild' ]
94 silly reify mark retired [ '/mnt/data/technologia_work/node_modules/escalade' ]
95 silly reify mark retired [ '/mnt/data/technologia_work/node_modules/escape-html' ]
96 silly reify mark retired [ '/mnt/data/technologia_work/node_modules/escape-string-regexp' ]
97 silly reify mark retired [ '/mnt/data/technologia_work/node_modules/eslint' ]
98 silly reify mark retired [ '/mnt/data/technologia_work/node_modules/eslint-config-next' ]
99 silly reify mark retired [
99 silly reify   '/mnt/data/technologia_work/node_modules/eslint-import-resolver-node'
99 silly reify ]
100 silly reify mark retired [
100 silly reify   '/mnt/data/technologia_work/node_modules/eslint-import-resolver-typescript'
100 silly reify ]
101 silly reify mark retired [ '/mnt/data/technologia_work/node_modules/eslint-module-utils' ]
102 silly reify mark retired [ '/mnt/data/technologia_work/node_modules/eslint-plugin-import' ]
103 silly reify mark retired [ '/mnt/data/technologia_work/node_modules/eslint-plugin-jsx-a11y' ]
104 silly reify mark retired [ '/mnt/data/technologia_work/node_modules/eslint-plugin-react' ]
105 silly reify mark retired [ '/mnt/data/technologia_work/node_modules/eslint-plugin-react-hooks' ]
106 silly reify mark retired [ '/mnt/data/technologia_work/node_modules/eslint-scope' ]
107 silly reify mark retired [ '/mnt/data/technologia_work/node_modules/eslint-visitor-keys' ]
108 silly reify mark retired [ '/mnt/data/technologia_work/node_modules/espree' ]
109 silly reify mark retired [ '/mnt/data/technologia_work/node_modules/esquery' ]
110 silly reify mark retired [ '/mnt/data/technologia_work/node_modules/esrecurse' ]
111 silly reify mark retired [ '/mnt/data/technologia_work/node_modules/estraverse' ]
112 silly reify mark retired [ '/mnt/data/technologia_work/node_modules/estree-walker' ]
113 silly reify mark retired [ '/mnt/data/technologia_work/node_modules/esutils' ]
114 silly reify mark retired [ '/mnt/data/technologia_work/node_modules/events' ]
115 silly reify mark retired [ '/mnt/data/technologia_work/node_modules/fast-deep-equal' ]
116 silly reify mark retired [ '/mnt/data/technologia_work/node_modules/fast-glob' ]
117 silly reify mark retired [
117 silly reify   '/mnt/data/technologia_work/node_modules/fast-json-stable-stringify'
117 silly reify ]
118 silly reify mark retired [ '/mnt/data/technologia_work/node_modules/fast-levenshtein' ]
119 silly reify mark retired [ '/mnt/data/technologia_work/node_modules/fast-uri' ]
120 silly reify mark retired [ '/mnt/data/technologia_work/node_modules/fastq' ]
121 silly reify mark retired [ '/mnt/data/technologia_work/node_modules/fflate' ]
122 silly reify mark retired [ '/mnt/data/technologia_work/node_modules/file-entry-cache' ]
123 silly reify mark retired [ '/mnt/data/technologia_work/node_modules/fill-range' ]
124 silly reify mark retired [ '/mnt/data/technologia_work/node_modules/find-up' ]
125 silly reify mark retired [ '/mnt/data/technologia_work/node_modules/flat-cache' ]
126 silly reify mark retired [ '/mnt/data/technologia_work/node_modules/flatted' ]
127 silly reify mark retired [ '/mnt/data/technologia_work/node_modules/for-each' ]
128 silly reify mark retired [ '/mnt/data/technologia_work/node_modules/fsevents' ]
129 silly reify mark retired [ '/mnt/data/technologia_work/node_modules/function-bind' ]
130 silly reify mark retired [ '/mnt/data/technologia_work/node_modules/function.prototype.name' ]
131 silly reify mark retired [ '/mnt/data/technologia_work/node_modules/functions-have-names' ]
132 silly reify mark retired [ '/mnt/data/technologia_work/node_modules/generator-function' ]
133 silly reify mark retired [ '/mnt/data/technologia_work/node_modules/gensync' ]
134 silly reify mark retired [ '/mnt/data/technologia_work/node_modules/get-intrinsic' ]
135 silly reify mark retired [ '/mnt/data/technologia_work/node_modules/get-proto' ]
136 silly reify mark retired [ '/mnt/data/technologia_work/node_modules/get-symbol-description' ]
137 silly reify mark retired [ '/mnt/data/technologia_work/node_modules/get-tsconfig' ]
138 silly reify mark retired [ '/mnt/data/technologia_work/node_modules/glob-parent' ]
139 silly reify mark retired [ '/mnt/data/technologia_work/node_modules/glob-to-regexp' ]
140 silly reify mark retired [ '/mnt/data/technologia_work/node_modules/globals' ]
141 silly reify mark retired [ '/mnt/data/technologia_work/node_modules/globalthis' ]
142 silly reify mark retired [ '/mnt/data/technologia_work/node_modules/globrex' ]
143 silly reify mark retired [ '/mnt/data/technologia_work/node_modules/gopd' ]
144 silly reify mark retired [ '/mnt/data/technologia_work/node_modules/graceful-fs' ]
145 silly reify mark retired [ '/mnt/data/technologia_work/node_modules/has-bigints' ]
146 silly reify mark retired [ '/mnt/data/technologia_work/node_modules/has-flag' ]
147 silly reify mark retired [ '/mnt/data/technologia_work/node_modules/has-property-descriptors' ]
148 silly reify mark retired [ '/mnt/data/technologia_work/node_modules/has-proto' ]
149 silly reify mark retired [ '/mnt/data/technologia_work/node_modules/has-symbols' ]
150 silly reify mark retired [ '/mnt/data/technologia_work/node_modules/has-tostringtag' ]
151 silly reify mark retired [ '/mnt/data/technologia_work/node_modules/hasown' ]
152 silly reify mark retired [ '/mnt/data/technologia_work/node_modules/hermes-estree' ]
153 silly reify mark retired [ '/mnt/data/technologia_work/node_modules/hermes-parser' ]
154 silly reify mark retired [ '/mnt/data/technologia_work/node_modules/hex-rgb' ]
155 silly reify mark retired [ '/mnt/data/technologia_work/node_modules/ignore' ]
156 silly reify mark retired [ '/mnt/data/technologia_work/node_modules/image-size' ]
157 silly reify mark retired [ '/mnt/data/technologia_work/node_modules/import-fresh' ]
158 silly reify mark retired [ '/mnt/data/technologia_work/node_modules/imurmurhash' ]
159 silly reify mark retired [ '/mnt/data/technologia_work/node_modules/internal-slot' ]
160 silly reify mark retired [ '/mnt/data/technologia_work/node_modules/ipaddr.js' ]
161 silly reify mark retired [ '/mnt/data/technologia_work/node_modules/is-array-buffer' ]
162 silly reify mark retired [ '/mnt/data/technologia_work/node_modules/is-async-function' ]
163 silly reify mark retired [ '/mnt/data/technologia_work/node_modules/is-bigint' ]
164 silly reify mark retired [ '/mnt/data/technologia_work/node_modules/is-boolean-object' ]
165 silly reify mark retired [ '/mnt/data/technologia_work/node_modules/is-bun-module' ]
166 silly reify mark retired [ '/mnt/data/technologia_work/node_modules/is-callable' ]
167 silly reify mark retired [ '/mnt/data/technologia_work/node_modules/is-core-module' ]
168 silly reify mark retired [ '/mnt/data/technologia_work/node_modules/is-data-view' ]
169 silly reify mark retired [ '/mnt/data/technologia_work/node_modules/is-date-object' ]
170 silly reify mark retired [ '/mnt/data/technologia_work/node_modules/is-extglob' ]
171 silly reify mark retired [ '/mnt/data/technologia_work/node_modules/is-finalizationregistry' ]
172 silly reify mark retired [ '/mnt/data/technologia_work/node_modules/is-generator-function' ]
173 silly reify mark retired [ '/mnt/data/technologia_work/node_modules/is-glob' ]
174 silly reify mark retired [ '/mnt/data/technologia_work/node_modules/is-map' ]
175 silly reify mark retired [ '/mnt/data/technologia_work/node_modules/is-negative-zero' ]
176 silly reify mark retired [ '/mnt/data/technologia_work/node_modules/is-number' ]
177 silly reify mark retired [ '/mnt/data/technologia_work/node_modules/is-number-object' ]
178 silly reify mark retired [ '/mnt/data/technologia_work/node_modules/is-regex' ]
179 silly reify mark retired [ '/mnt/data/technologia_work/node_modules/is-set' ]
180 silly reify mark retired [ '/mnt/data/technologia_work/node_modules/is-shared-array-buffer' ]
181 silly reify mark retired [ '/mnt/data/technologia_work/node_modules/is-string' ]
182 silly reify mark retired [ '/mnt/data/technologia_work/node_modules/is-symbol' ]
183 silly reify mark retired [ '/mnt/data/technologia_work/node_modules/is-typed-array' ]
184 silly reify mark retired [ '/mnt/data/technologia_work/node_modules/is-weakmap' ]
185 silly reify mark retired [ '/mnt/data/technologia_work/node_modules/is-weakref' ]
186 silly reify mark retired [ '/mnt/data/technologia_work/node_modules/is-weakset' ]
187 silly reify mark retired [ '/mnt/data/technologia_work/node_modules/isarray' ]
188 silly reify mark retired [ '/mnt/data/technologia_work/node_modules/isexe' ]
189 silly reify mark retired [ '/mnt/data/technologia_work/node_modules/iterator.prototype' ]
190 silly reify mark retired [ '/mnt/data/technologia_work/node_modules/jest-worker' ]
191 silly reify mark retired [ '/mnt/data/technologia_work/node_modules/jiti' ]
192 silly reify mark retired [ '/mnt/data/technologia_work/node_modules/js-tokens' ]
193 silly reify mark retired [ '/mnt/data/technologia_work/node_modules/js-yaml' ]
194 silly reify mark retired [ '/mnt/data/technologia_work/node_modules/jsesc' ]
195 silly reify mark retired [ '/mnt/data/technologia_work/node_modules/json-buffer' ]
196 silly reify mark retired [ '/mnt/data/technologia_work/node_modules/json-schema-traverse' ]
197 silly reify mark retired [
197 silly reify   '/mnt/data/technologia_work/node_modules/json-stable-stringify-without-jsonify'
197 silly reify ]
198 silly reify mark retired [ '/mnt/data/technologia_work/node_modules/json5' ]
199 silly reify mark retired [ '/mnt/data/technologia_work/node_modules/jsx-ast-utils' ]
200 silly reify mark retired [ '/mnt/data/technologia_work/node_modules/keyv' ]
201 silly reify mark retired [ '/mnt/data/technologia_work/node_modules/kleur' ]
202 silly reify mark retired [ '/mnt/data/technologia_work/node_modules/language-subtag-registry' ]
203 silly reify mark retired [ '/mnt/data/technologia_work/node_modules/language-tags' ]
204 silly reify mark retired [ '/mnt/data/technologia_work/node_modules/levn' ]
205 silly reify mark retired [ '/mnt/data/technologia_work/node_modules/lightningcss' ]
206 silly reify mark retired [
206 silly reify   '/mnt/data/technologia_work/node_modules/lightningcss-android-arm64'
206 silly reify ]
207 silly reify mark retired [ '/mnt/data/technologia_work/node_modules/lightningcss-darwin-arm64' ]
208 silly reify mark retired [ '/mnt/data/technologia_work/node_modules/lightningcss-darwin-x64' ]
209 silly reify mark retired [ '/mnt/data/technologia_work/node_modules/lightningcss-freebsd-x64' ]
210 silly reify mark retired [
210 silly reify   '/mnt/data/technologia_work/node_modules/lightningcss-linux-arm-gnueabihf'
210 silly reify ]
211 silly reify mark retired [
211 silly reify   '/mnt/data/technologia_work/node_modules/lightningcss-linux-arm64-gnu'
211 silly reify ]
212 silly reify mark retired [
212 silly reify   '/mnt/data/technologia_work/node_modules/lightningcss-linux-arm64-musl'
212 silly reify ]
213 silly reify mark retired [
213 silly reify   '/mnt/data/technologia_work/node_modules/lightningcss-linux-x64-gnu'
213 silly reify ]
214 silly reify mark retired [
214 silly reify   '/mnt/data/technologia_work/node_modules/lightningcss-linux-x64-musl'
214 silly reify ]
215 silly reify mark retired [
215 silly reify   '/mnt/data/technologia_work/node_modules/lightningcss-win32-arm64-msvc'
215 silly reify ]
216 silly reify mark retired [
216 silly reify   '/mnt/data/technologia_work/node_modules/lightningcss-win32-x64-msvc'
216 silly reify ]
217 silly reify mark retired [ '/mnt/data/technologia_work/node_modules/linebreak' ]
218 silly reify mark retired [ '/mnt/data/technologia_work/node_modules/loader-runner' ]
219 silly reify mark retired [ '/mnt/data/technologia_work/node_modules/locate-path' ]
220 silly reify mark retired [ '/mnt/data/technologia_work/node_modules/lodash.merge' ]
221 silly reify mark retired [ '/mnt/data/technologia_work/node_modules/loose-envify' ]
222 silly reify mark retired [ '/mnt/data/technologia_work/node_modules/lru-cache' ]
223 silly reify mark retired [ '/mnt/data/technologia_work/node_modules/magic-string' ]
224 silly reify mark retired [ '/mnt/data/technologia_work/node_modules/math-intrinsics' ]
225 silly reify mark retired [ '/mnt/data/technologia_work/node_modules/merge-stream' ]
226 silly reify mark retired [ '/mnt/data/technologia_work/node_modules/merge2' ]
227 silly reify mark retired [ '/mnt/data/technologia_work/node_modules/micromatch' ]
228 silly reify mark retired [ '/mnt/data/technologia_work/node_modules/mime-db' ]
229 silly reify mark retired [ '/mnt/data/technologia_work/node_modules/miniflare' ]
230 silly reify mark retired [ '/mnt/data/technologia_work/node_modules/minimatch' ]
231 silly reify mark retired [ '/mnt/data/technologia_work/node_modules/minimist' ]
232 silly reify mark retired [ '/mnt/data/technologia_work/node_modules/ms' ]
233 silly reify mark retired [ '/mnt/data/technologia_work/node_modules/nanoid' ]
234 silly reify mark retired [ '/mnt/data/technologia_work/node_modules/napi-postinstall' ]
235 silly reify mark retired [ '/mnt/data/technologia_work/node_modules/natural-compare' ]
236 silly reify mark retired [ '/mnt/data/technologia_work/node_modules/neo-async' ]
237 silly reify mark retired [ '/mnt/data/technologia_work/node_modules/next' ]
238 silly reify mark retired [ '/mnt/data/technologia_work/node_modules/node-exports-info' ]
239 silly reify mark retired [ '/mnt/data/technologia_work/node_modules/node-releases' ]
240 silly reify mark retired [ '/mnt/data/technologia_work/node_modules/object-assign' ]
241 silly reify mark retired [ '/mnt/data/technologia_work/node_modules/object-inspect' ]
242 silly reify mark retired [ '/mnt/data/technologia_work/node_modules/object-keys' ]
243 silly reify mark retired [ '/mnt/data/technologia_work/node_modules/object.assign' ]
244 silly reify mark retired [ '/mnt/data/technologia_work/node_modules/object.entries' ]
245 silly reify mark retired [ '/mnt/data/technologia_work/node_modules/object.fromentries' ]
246 silly reify mark retired [ '/mnt/data/technologia_work/node_modules/object.groupby' ]
247 silly reify mark retired [ '/mnt/data/technologia_work/node_modules/object.values' ]
248 silly reify mark retired [ '/mnt/data/technologia_work/node_modules/optionator' ]
249 silly reify mark retired [ '/mnt/data/technologia_work/node_modules/own-keys' ]
250 silly reify mark retired [ '/mnt/data/technologia_work/node_modules/p-limit' ]
251 silly reify mark retired [ '/mnt/data/technologia_work/node_modules/p-locate' ]
252 silly reify mark retired [ '/mnt/data/technologia_work/node_modules/pako' ]
253 silly reify mark retired [ '/mnt/data/technologia_work/node_modules/parent-module' ]
254 silly reify mark retired [ '/mnt/data/technologia_work/node_modules/parse-css-color' ]
255 silly reify mark retired [ '/mnt/data/technologia_work/node_modules/path-exists' ]
256 silly reify mark retired [ '/mnt/data/technologia_work/node_modules/path-key' ]
257 silly reify mark retired [ '/mnt/data/technologia_work/node_modules/path-parse' ]
258 silly reify mark retired [ '/mnt/data/technologia_work/node_modules/path-to-regexp' ]
259 silly reify mark retired [ '/mnt/data/technologia_work/node_modules/pathe' ]
260 silly reify mark retired [ '/mnt/data/technologia_work/node_modules/picocolors' ]
261 silly reify mark retired [ '/mnt/data/technologia_work/node_modules/picomatch' ]
262 silly reify mark retired [
262 silly reify   '/mnt/data/technologia_work/node_modules/possible-typed-array-names'
262 silly reify ]
263 silly reify mark retired [ '/mnt/data/technologia_work/node_modules/postcss' ]
264 silly reify mark retired [ '/mnt/data/technologia_work/node_modules/postcss-value-parser' ]
265 silly reify mark retired [ '/mnt/data/technologia_work/node_modules/prelude-ls' ]
266 silly reify mark retired [ '/mnt/data/technologia_work/node_modules/prop-types' ]
267 silly reify mark retired [ '/mnt/data/technologia_work/node_modules/punycode' ]
268 silly reify mark retired [ '/mnt/data/technologia_work/node_modules/queue-microtask' ]
269 silly reify mark retired [ '/mnt/data/technologia_work/node_modules/react' ]
270 silly reify mark retired [ '/mnt/data/technologia_work/node_modules/react-dom' ]
271 silly reify mark retired [ '/mnt/data/technologia_work/node_modules/react-is' ]
272 silly reify mark retired [ '/mnt/data/technologia_work/node_modules/react-server-dom-webpack' ]
273 silly reify mark retired [ '/mnt/data/technologia_work/node_modules/reflect.getprototypeof' ]
274 silly reify mark retired [ '/mnt/data/technologia_work/node_modules/regexp.prototype.flags' ]
275 silly reify mark retired [ '/mnt/data/technologia_work/node_modules/require-from-string' ]
276 silly reify mark retired [ '/mnt/data/technologia_work/node_modules/resolve' ]
277 silly reify mark retired [ '/mnt/data/technologia_work/node_modules/resolve-from' ]
278 silly reify mark retired [ '/mnt/data/technologia_work/node_modules/resolve-pkg-maps' ]
279 silly reify mark retired [ '/mnt/data/technologia_work/node_modules/reusify' ]
280 silly reify mark retired [ '/mnt/data/technologia_work/node_modules/rolldown' ]
281 silly reify mark retired [ '/mnt/data/technologia_work/node_modules/run-parallel' ]
282 silly reify mark retired [ '/mnt/data/technologia_work/node_modules/safe-array-concat' ]
283 silly reify mark retired [ '/mnt/data/technologia_work/node_modules/safe-push-apply' ]
284 silly reify mark retired [ '/mnt/data/technologia_work/node_modules/safe-regex-test' ]
285 silly reify mark retired [ '/mnt/data/technologia_work/node_modules/satori' ]
286 silly reify mark retired [ '/mnt/data/technologia_work/node_modules/scheduler' ]
287 silly reify mark retired [ '/mnt/data/technologia_work/node_modules/schema-utils' ]
288 silly reify mark retired [ '/mnt/data/technologia_work/node_modules/semver' ]
289 silly reify mark retired [ '/mnt/data/technologia_work/node_modules/set-function-length' ]
290 silly reify mark retired [ '/mnt/data/technologia_work/node_modules/set-function-name' ]
291 silly reify mark retired [ '/mnt/data/technologia_work/node_modules/set-proto' ]
292 silly reify mark retired [ '/mnt/data/technologia_work/node_modules/sharp' ]
293 silly reify mark retired [ '/mnt/data/technologia_work/node_modules/shebang-command' ]
294 silly reify mark retired [ '/mnt/data/technologia_work/node_modules/shebang-regex' ]
295 silly reify mark retired [ '/mnt/data/technologia_work/node_modules/side-channel' ]
296 silly reify mark retired [ '/mnt/data/technologia_work/node_modules/side-channel-list' ]
297 silly reify mark retired [ '/mnt/data/technologia_work/node_modules/side-channel-map' ]
298 silly reify mark retired [ '/mnt/data/technologia_work/node_modules/side-channel-weakmap' ]
299 silly reify mark retired [ '/mnt/data/technologia_work/node_modules/source-map' ]
300 silly reify mark retired [ '/mnt/data/technologia_work/node_modules/source-map-js' ]
301 silly reify mark retired [ '/mnt/data/technologia_work/node_modules/source-map-support' ]
302 silly reify mark retired [ '/mnt/data/technologia_work/node_modules/srvx' ]
303 silly reify mark retired [ '/mnt/data/technologia_work/node_modules/stable-hash' ]
304 silly reify mark retired [ '/mnt/data/technologia_work/node_modules/stop-iteration-iterator' ]
305 silly reify mark retired [
305 silly reify   '/mnt/data/technologia_work/node_modules/string.prototype.codepointat'
305 silly reify ]
306 silly reify mark retired [ '/mnt/data/technologia_work/node_modules/string.prototype.includes' ]
307 silly reify mark retired [ '/mnt/data/technologia_work/node_modules/string.prototype.matchall' ]
308 silly reify mark retired [ '/mnt/data/technologia_work/node_modules/string.prototype.repeat' ]
309 silly reify mark retired [ '/mnt/data/technologia_work/node_modules/string.prototype.trim' ]
310 silly reify mark retired [ '/mnt/data/technologia_work/node_modules/string.prototype.trimend' ]
311 silly reify mark retired [
311 silly reify   '/mnt/data/technologia_work/node_modules/string.prototype.trimstart'
311 silly reify ]
312 silly reify mark retired [ '/mnt/data/technologia_work/node_modules/strip-bom' ]
313 silly reify mark retired [ '/mnt/data/technologia_work/node_modules/strip-json-comments' ]
314 silly reify mark retired [ '/mnt/data/technologia_work/node_modules/strip-literal' ]
315 silly reify mark retired [ '/mnt/data/technologia_work/node_modules/styled-jsx' ]
316 silly reify mark retired [ '/mnt/data/technologia_work/node_modules/supports-color' ]
317 silly reify mark retired [
317 silly reify   '/mnt/data/technologia_work/node_modules/supports-preserve-symlinks-flag'
317 silly reify ]
318 silly reify mark retired [ '/mnt/data/technologia_work/node_modules/tailwindcss' ]
319 silly reify mark retired [ '/mnt/data/technologia_work/node_modules/tapable' ]
320 silly reify mark retired [ '/mnt/data/technologia_work/node_modules/terser' ]
321 silly reify mark retired [ '/mnt/data/technologia_work/node_modules/terser-webpack-plugin' ]
322 silly reify mark retired [ '/mnt/data/technologia_work/node_modules/tiny-inflate' ]
323 silly reify mark retired [ '/mnt/data/technologia_work/node_modules/tinyglobby' ]
324 silly reify mark retired [ '/mnt/data/technologia_work/node_modules/to-regex-range' ]
325 silly reify mark retired [ '/mnt/data/technologia_work/node_modules/ts-api-utils' ]
326 silly reify mark retired [ '/mnt/data/technologia_work/node_modules/tsconfck' ]
327 silly reify mark retired [ '/mnt/data/technologia_work/node_modules/tsconfig-paths' ]
328 silly reify mark retired [ '/mnt/data/technologia_work/node_modules/tslib' ]
329 silly reify mark retired [ '/mnt/data/technologia_work/node_modules/tsx' ]
330 silly reify mark retired [ '/mnt/data/technologia_work/node_modules/turbo-stream' ]
331 silly reify mark retired [ '/mnt/data/technologia_work/node_modules/type-check' ]
332 silly reify mark retired [ '/mnt/data/technologia_work/node_modules/typed-array-buffer' ]
333 silly reify mark retired [ '/mnt/data/technologia_work/node_modules/typed-array-byte-length' ]
334 silly reify mark retired [ '/mnt/data/technologia_work/node_modules/typed-array-byte-offset' ]
335 silly reify mark retired [ '/mnt/data/technologia_work/node_modules/typed-array-length' ]
336 silly reify mark retired [ '/mnt/data/technologia_work/node_modules/typescript' ]
337 silly reify mark retired [ '/mnt/data/technologia_work/node_modules/typescript-eslint' ]
338 silly reify mark retired [ '/mnt/data/technologia_work/node_modules/unbox-primitive' ]
339 silly reify mark retired [ '/mnt/data/technologia_work/node_modules/undici' ]
340 silly reify mark retired [ '/mnt/data/technologia_work/node_modules/undici-types' ]
341 silly reify mark retired [ '/mnt/data/technologia_work/node_modules/unenv' ]
342 silly reify mark retired [ '/mnt/data/technologia_work/node_modules/unicode-trie' ]
343 silly reify mark retired [ '/mnt/data/technologia_work/node_modules/unpic' ]
344 silly reify mark retired [ '/mnt/data/technologia_work/node_modules/unrs-resolver' ]
345 silly reify mark retired [ '/mnt/data/technologia_work/node_modules/update-browserslist-db' ]
346 silly reify mark retired [ '/mnt/data/technologia_work/node_modules/uri-js' ]
347 silly reify mark retired [ '/mnt/data/technologia_work/node_modules/vinext' ]
348 silly reify mark retired [ '/mnt/data/technologia_work/node_modules/vite' ]
349 silly reify mark retired [ '/mnt/data/technologia_work/node_modules/vite-plugin-commonjs' ]
350 silly reify mark retired [
350 silly reify   '/mnt/data/technologia_work/node_modules/vite-plugin-dynamic-import'
350 silly reify ]
351 silly reify mark retired [ '/mnt/data/technologia_work/node_modules/vite-tsconfig-paths' ]
352 silly reify mark retired [ '/mnt/data/technologia_work/node_modules/vitefu' ]
353 silly reify mark retired [ '/mnt/data/technologia_work/node_modules/watchpack' ]
354 silly reify mark retired [ '/mnt/data/technologia_work/node_modules/web-vitals' ]
355 silly reify mark retired [ '/mnt/data/technologia_work/node_modules/webpack' ]
356 silly reify mark retired [ '/mnt/data/technologia_work/node_modules/webpack-sources' ]
357 silly reify mark retired [ '/mnt/data/technologia_work/node_modules/which' ]
358 silly reify mark retired [ '/mnt/data/technologia_work/node_modules/which-boxed-primitive' ]
359 silly reify mark retired [ '/mnt/data/technologia_work/node_modules/which-builtin-type' ]
360 silly reify mark retired [ '/mnt/data/technologia_work/node_modules/which-collection' ]
361 silly reify mark retired [ '/mnt/data/technologia_work/node_modules/which-typed-array' ]
362 silly reify mark retired [ '/mnt/data/technologia_work/node_modules/word-wrap' ]
363 silly reify mark retired [ '/mnt/data/technologia_work/node_modules/workerd' ]
364 silly reify mark retired [ '/mnt/data/technologia_work/node_modules/wrangler' ]
365 silly reify mark retired [ '/mnt/data/technologia_work/node_modules/ws' ]
366 silly reify mark retired [ '/mnt/data/technologia_work/node_modules/yallist' ]
367 silly reify mark retired [ '/mnt/data/technologia_work/node_modules/yocto-queue' ]
368 silly reify mark retired [ '/mnt/data/technologia_work/node_modules/yoga-layout' ]
369 silly reify mark retired [ '/mnt/data/technologia_work/node_modules/youch' ]
370 silly reify mark retired [ '/mnt/data/technologia_work/node_modules/youch-core' ]
371 silly reify mark retired [ '/mnt/data/technologia_work/node_modules/zod' ]
372 silly reify mark retired [ '/mnt/data/technologia_work/node_modules/zod-validation-error' ]
373 silly reify mark retired [ '/mnt/data/technologia_work/node_modules/@alloc/quick-lru' ]
374 silly reify mark retired [ '/mnt/data/technologia_work/node_modules/@babel/code-frame' ]
375 silly reify mark retired [ '/mnt/data/technologia_work/node_modules/@babel/compat-data' ]
376 silly reify mark retired [ '/mnt/data/technologia_work/node_modules/@babel/core' ]
377 silly reify mark retired [ '/mnt/data/technologia_work/node_modules/@babel/generator' ]
378 silly reify mark retired [
378 silly reify   '/mnt/data/technologia_work/node_modules/@babel/helper-compilation-targets'
378 silly reify ]
379 silly reify mark retired [ '/mnt/data/technologia_work/node_modules/@babel/helper-globals' ]
380 silly reify mark retired [
380 silly reify   '/mnt/data/technologia_work/node_modules/@babel/helper-module-imports'
380 silly reify ]
381 silly reify mark retired [
381 silly reify   '/mnt/data/technologia_work/node_modules/@babel/helper-module-transforms'
381 silly reify ]
382 silly reify mark retired [
382 silly reify   '/mnt/data/technologia_work/node_modules/@babel/helper-string-parser'
382 silly reify ]
383 silly reify mark retired [
383 silly reify   '/mnt/data/technologia_work/node_modules/@babel/helper-validator-identifier'
383 silly reify ]
384 silly reify mark retired [
384 silly reify   '/mnt/data/technologia_work/node_modules/@babel/helper-validator-option'
384 silly reify ]
385 silly reify mark retired [ '/mnt/data/technologia_work/node_modules/@babel/helpers' ]
386 silly reify mark retired [ '/mnt/data/technologia_work/node_modules/@babel/parser' ]
387 silly reify mark retired [ '/mnt/data/technologia_work/node_modules/@babel/template' ]
388 silly reify mark retired [ '/mnt/data/technologia_work/node_modules/@babel/traverse' ]
389 silly reify mark retired [ '/mnt/data/technologia_work/node_modules/@babel/types' ]
390 silly reify mark retired [
390 silly reify   '/mnt/data/technologia_work/node_modules/@cloudflare/kv-asset-handler'
390 silly reify ]
391 silly reify mark retired [ '/mnt/data/technologia_work/node_modules/@cloudflare/unenv-preset' ]
392 silly reify mark retired [ '/mnt/data/technologia_work/node_modules/@cloudflare/vite-plugin' ]
393 silly reify mark retired [
393 silly reify   '/mnt/data/technologia_work/node_modules/@cloudflare/workerd-darwin-64'
393 silly reify ]
394 silly reify mark retired [
394 silly reify   '/mnt/data/technologia_work/node_modules/@cloudflare/workerd-darwin-arm64'
394 silly reify ]
395 silly reify mark retired [
395 silly reify   '/mnt/data/technologia_work/node_modules/@cloudflare/workerd-linux-64'
395 silly reify ]
396 silly reify mark retired [
396 silly reify   '/mnt/data/technologia_work/node_modules/@cloudflare/workerd-linux-arm64'
396 silly reify ]
397 silly reify mark retired [
397 silly reify   '/mnt/data/technologia_work/node_modules/@cloudflare/workerd-windows-64'
397 silly reify ]
398 silly reify mark retired [
398 silly reify   '/mnt/data/technologia_work/node_modules/@cspotcode/source-map-support'
398 silly reify ]
399 silly reify mark retired [ '/mnt/data/technologia_work/node_modules/@drizzle-team/brocli' ]
400 silly reify mark retired [ '/mnt/data/technologia_work/node_modules/@emnapi/core' ]
401 silly reify mark retired [ '/mnt/data/technologia_work/node_modules/@emnapi/runtime' ]
402 silly reify mark retired [ '/mnt/data/technologia_work/node_modules/@emnapi/wasi-threads' ]
403 silly reify mark retired [ '/mnt/data/technologia_work/node_modules/@esbuild/aix-ppc64' ]
404 silly reify mark retired [ '/mnt/data/technologia_work/node_modules/@esbuild/android-arm' ]
405 silly reify mark retired [ '/mnt/data/technologia_work/node_modules/@esbuild/android-arm64' ]
406 silly reify mark retired [ '/mnt/data/technologia_work/node_modules/@esbuild/android-x64' ]
407 silly reify mark retired [ '/mnt/data/technologia_work/node_modules/@esbuild/darwin-arm64' ]
408 silly reify mark retired [ '/mnt/data/technologia_work/node_modules/@esbuild/darwin-x64' ]
409 silly reify mark retired [ '/mnt/data/technologia_work/node_modules/@esbuild/freebsd-arm64' ]
410 silly reify mark retired [ '/mnt/data/technologia_work/node_modules/@esbuild/freebsd-x64' ]
411 silly reify mark retired [ '/mnt/data/technologia_work/node_modules/@esbuild/linux-arm' ]
412 silly reify mark retired [ '/mnt/data/technologia_work/node_modules/@esbuild/linux-arm64' ]
413 silly reify mark retired [ '/mnt/data/technologia_work/node_modules/@esbuild/linux-ia32' ]
414 silly reify mark retired [ '/mnt/data/technologia_work/node_modules/@esbuild/linux-loong64' ]
415 silly reify mark retired [ '/mnt/data/technologia_work/node_modules/@esbuild/linux-mips64el' ]
416 silly reify mark retired [ '/mnt/data/technologia_work/node_modules/@esbuild/linux-ppc64' ]
417 silly reify mark retired [ '/mnt/data/technologia_work/node_modules/@esbuild/linux-riscv64' ]
418 silly reify mark retired [ '/mnt/data/technologia_work/node_modules/@esbuild/linux-s390x' ]
419 silly reify mark retired [ '/mnt/data/technologia_work/node_modules/@esbuild/linux-x64' ]
420 silly reify mark retired [ '/mnt/data/technologia_work/node_modules/@esbuild/netbsd-arm64' ]
421 silly reify mark retired [ '/mnt/data/technologia_work/node_modules/@esbuild/netbsd-x64' ]
422 silly reify mark retired [ '/mnt/data/technologia_work/node_modules/@esbuild/openbsd-arm64' ]
423 silly reify mark retired [ '/mnt/data/technologia_work/node_modules/@esbuild/openbsd-x64' ]
424 silly reify mark retired [
424 silly reify   '/mnt/data/technologia_work/node_modules/@esbuild/openharmony-arm64'
424 silly reify ]
425 silly reify mark retired [ '/mnt/data/technologia_work/node_modules/@esbuild/sunos-x64' ]
426 silly reify mark retired [ '/mnt/data/technologia_work/node_modules/@esbuild/win32-arm64' ]
427 silly reify mark retired [ '/mnt/data/technologia_work/node_modules/@esbuild/win32-ia32' ]
428 silly reify mark retired [ '/mnt/data/technologia_work/node_modules/@esbuild/win32-x64' ]
429 silly reify mark retired [ '/mnt/data/technologia_work/node_modules/@esbuild-kit/core-utils' ]
430 silly reify mark retired [ '/mnt/data/technologia_work/node_modules/@esbuild-kit/esm-loader' ]
431 silly reify mark retired [ '/mnt/data/technologia_work/node_modules/@eslint/config-array' ]
432 silly reify mark retired [ '/mnt/data/technologia_work/node_modules/@eslint/config-helpers' ]
433 silly reify mark retired [ '/mnt/data/technologia_work/node_modules/@eslint/core' ]
434 silly reify mark retired [ '/mnt/data/technologia_work/node_modules/@eslint/eslintrc' ]
435 silly reify mark retired [ '/mnt/data/technologia_work/node_modules/@eslint/js' ]
436 silly reify mark retired [ '/mnt/data/technologia_work/node_modules/@eslint/object-schema' ]
437 silly reify mark retired [ '/mnt/data/technologia_work/node_modules/@eslint/plugin-kit' ]
438 silly reify mark retired [
438 silly reify   '/mnt/data/technologia_work/node_modules/@eslint-community/eslint-utils'
438 silly reify ]
439 silly reify mark retired [ '/mnt/data/technologia_work/node_modules/@eslint-community/regexpp' ]
440 silly reify mark retired [ '/mnt/data/technologia_work/node_modules/@humanfs/core' ]
441 silly reify mark retired [ '/mnt/data/technologia_work/node_modules/@humanfs/node' ]
442 silly reify mark retired [ '/mnt/data/technologia_work/node_modules/@humanfs/types' ]
443 silly reify mark retired [
443 silly reify   '/mnt/data/technologia_work/node_modules/@humanwhocodes/module-importer'
443 silly reify ]
444 silly reify mark retired [ '/mnt/data/technologia_work/node_modules/@humanwhocodes/retry' ]
445 silly reify mark retired [ '/mnt/data/technologia_work/node_modules/@img/colour' ]
446 silly reify mark retired [ '/mnt/data/technologia_work/node_modules/@img/sharp-darwin-arm64' ]
447 silly reify mark retired [ '/mnt/data/technologia_work/node_modules/@img/sharp-darwin-x64' ]
448 silly reify mark retired [
448 silly reify   '/mnt/data/technologia_work/node_modules/@img/sharp-libvips-darwin-arm64'
448 silly reify ]
449 silly reify mark retired [
449 silly reify   '/mnt/data/technologia_work/node_modules/@img/sharp-libvips-darwin-x64'
449 silly reify ]
450 silly reify mark retired [
450 silly reify   '/mnt/data/technologia_work/node_modules/@img/sharp-libvips-linux-arm'
450 silly reify ]
451 silly reify mark retired [
451 silly reify   '/mnt/data/technologia_work/node_modules/@img/sharp-libvips-linux-arm64'
451 silly reify ]
452 silly reify mark retired [
452 silly reify   '/mnt/data/technologia_work/node_modules/@img/sharp-libvips-linux-ppc64'
452 silly reify ]
453 silly reify mark retired [
453 silly reify   '/mnt/data/technologia_work/node_modules/@img/sharp-libvips-linux-riscv64'
453 silly reify ]
454 silly reify mark retired [
454 silly reify   '/mnt/data/technologia_work/node_modules/@img/sharp-libvips-linux-s390x'
454 silly reify ]
455 silly reify mark retired [
455 silly reify   '/mnt/data/technologia_work/node_modules/@img/sharp-libvips-linux-x64'
455 silly reify ]
456 silly reify mark retired [
456 silly reify   '/mnt/data/technologia_work/node_modules/@img/sharp-libvips-linuxmusl-arm64'
456 silly reify ]
457 silly reify mark retired [
457 silly reify   '/mnt/data/technologia_work/node_modules/@img/sharp-libvips-linuxmusl-x64'
457 silly reify ]
458 silly reify mark retired [ '/mnt/data/technologia_work/node_modules/@img/sharp-linux-arm' ]
459 silly reify mark retired [ '/mnt/data/technologia_work/node_modules/@img/sharp-linux-arm64' ]
460 silly reify mark retired [ '/mnt/data/technologia_work/node_modules/@img/sharp-linux-ppc64' ]
461 silly reify mark retired [ '/mnt/data/technologia_work/node_modules/@img/sharp-linux-riscv64' ]
462 silly reify mark retired [ '/mnt/data/technologia_work/node_modules/@img/sharp-linux-s390x' ]
463 silly reify mark retired [ '/mnt/data/technologia_work/node_modules/@img/sharp-linux-x64' ]
464 silly reify mark retired [
464 silly reify   '/mnt/data/technologia_work/node_modules/@img/sharp-linuxmusl-arm64'
464 silly reify ]
465 silly reify mark retired [ '/mnt/data/technologia_work/node_modules/@img/sharp-linuxmusl-x64' ]
466 silly reify mark retired [ '/mnt/data/technologia_work/node_modules/@img/sharp-wasm32' ]
467 silly reify mark retired [ '/mnt/data/technologia_work/node_modules/@img/sharp-win32-arm64' ]
468 silly reify mark retired [ '/mnt/data/technologia_work/node_modules/@img/sharp-win32-ia32' ]
469 silly reify mark retired [ '/mnt/data/technologia_work/node_modules/@img/sharp-win32-x64' ]
470 silly reify mark retired [ '/mnt/data/technologia_work/node_modules/@jridgewell/gen-mapping' ]
471 silly reify mark retired [ '/mnt/data/technologia_work/node_modules/@jridgewell/remapping' ]
472 silly reify mark retired [ '/mnt/data/technologia_work/node_modules/@jridgewell/resolve-uri' ]
473 silly reify mark retired [ '/mnt/data/technologia_work/node_modules/@jridgewell/source-map' ]
474 silly reify mark retired [
474 silly reify   '/mnt/data/technologia_work/node_modules/@jridgewell/sourcemap-codec'
474 silly reify ]
475 silly reify mark retired [ '/mnt/data/technologia_work/node_modules/@jridgewell/trace-mapping' ]
476 silly reify mark retired [ '/mnt/data/technologia_work/node_modules/@napi-rs/wasm-runtime' ]
477 silly reify mark retired [ '/mnt/data/technologia_work/node_modules/@next/env' ]
478 silly reify mark retired [ '/mnt/data/technologia_work/node_modules/@next/eslint-plugin-next' ]
479 silly reify mark retired [ '/mnt/data/technologia_work/node_modules/@next/swc-darwin-arm64' ]
480 silly reify mark retired [ '/mnt/data/technologia_work/node_modules/@next/swc-darwin-x64' ]
481 silly reify mark retired [ '/mnt/data/technologia_work/node_modules/@next/swc-linux-arm64-gnu' ]
482 silly reify mark retired [
482 silly reify   '/mnt/data/technologia_work/node_modules/@next/swc-linux-arm64-musl'
482 silly reify ]
483 silly reify mark retired [ '/mnt/data/technologia_work/node_modules/@next/swc-linux-x64-gnu' ]
484 silly reify mark retired [ '/mnt/data/technologia_work/node_modules/@next/swc-linux-x64-musl' ]
485 silly reify mark retired [
485 silly reify   '/mnt/data/technologia_work/node_modules/@next/swc-win32-arm64-msvc'
485 silly reify ]
486 silly reify mark retired [ '/mnt/data/technologia_work/node_modules/@next/swc-win32-x64-msvc' ]
487 silly reify mark retired [ '/mnt/data/technologia_work/node_modules/@nodelib/fs.scandir' ]
488 silly reify mark retired [ '/mnt/data/technologia_work/node_modules/@nodelib/fs.stat' ]
489 silly reify mark retired [ '/mnt/data/technologia_work/node_modules/@nodelib/fs.walk' ]
490 silly reify mark retired [ '/mnt/data/technologia_work/node_modules/@nolyfill/is-core-module' ]
491 silly reify mark retired [ '/mnt/data/technologia_work/node_modules/@oxc-project/types' ]
492 silly reify mark retired [ '/mnt/data/technologia_work/node_modules/@poppinss/colors' ]
493 silly reify mark retired [ '/mnt/data/technologia_work/node_modules/@poppinss/dumper' ]
494 silly reify mark retired [ '/mnt/data/technologia_work/node_modules/@poppinss/exception' ]
495 silly reify mark retired [ '/mnt/data/technologia_work/node_modules/@resvg/resvg-wasm' ]
496 silly reify mark retired [
496 silly reify   '/mnt/data/technologia_work/node_modules/@rolldown/binding-android-arm64'
496 silly reify ]
497 silly reify mark retired [
497 silly reify   '/mnt/data/technologia_work/node_modules/@rolldown/binding-darwin-arm64'
497 silly reify ]
498 silly reify mark retired [
498 silly reify   '/mnt/data/technologia_work/node_modules/@rolldown/binding-darwin-x64'
498 silly reify ]
499 silly reify mark retired [
499 silly reify   '/mnt/data/technologia_work/node_modules/@rolldown/binding-freebsd-x64'
499 silly reify ]
500 silly reify mark retired [
500 silly reify   '/mnt/data/technologia_work/node_modules/@rolldown/binding-linux-arm-gnueabihf'
500 silly reify ]
501 silly reify mark retired [
501 silly reify   '/mnt/data/technologia_work/node_modules/@rolldown/binding-linux-arm64-gnu'
501 silly reify ]
502 silly reify mark retired [
502 silly reify   '/mnt/data/technologia_work/node_modules/@rolldown/binding-linux-arm64-musl'
502 silly reify ]
503 silly reify mark retired [
503 silly reify   '/mnt/data/technologia_work/node_modules/@rolldown/binding-linux-ppc64-gnu'
503 silly reify ]
504 silly reify mark retired [
504 silly reify   '/mnt/data/technologia_work/node_modules/@rolldown/binding-linux-s390x-gnu'
504 silly reify ]
505 silly reify mark retired [
505 silly reify   '/mnt/data/technologia_work/node_modules/@rolldown/binding-linux-x64-gnu'
505 silly reify ]
506 silly reify mark retired [
506 silly reify   '/mnt/data/technologia_work/node_modules/@rolldown/binding-linux-x64-musl'
506 silly reify ]
507 silly reify mark retired [
507 silly reify   '/mnt/data/technologia_work/node_modules/@rolldown/binding-openharmony-arm64'
507 silly reify ]
508 silly reify mark retired [
508 silly reify   '/mnt/data/technologia_work/node_modules/@rolldown/binding-wasm32-wasi'
508 silly reify ]
509 silly reify mark retired [
509 silly reify   '/mnt/data/technologia_work/node_modules/@rolldown/binding-win32-arm64-msvc'
509 silly reify ]
510 silly reify mark retired [
510 silly reify   '/mnt/data/technologia_work/node_modules/@rolldown/binding-win32-x64-msvc'
510 silly reify ]
511 silly reify mark retired [ '/mnt/data/technologia_work/node_modules/@rolldown/pluginutils' ]
512 silly reify mark retired [ '/mnt/data/technologia_work/node_modules/@rtsao/scc' ]
513 silly reify mark retired [ '/mnt/data/technologia_work/node_modules/@shuding/opentype.js' ]
514 silly reify mark retired [ '/mnt/data/technologia_work/node_modules/@sindresorhus/is' ]
515 silly reify mark retired [ '/mnt/data/technologia_work/node_modules/@speed-highlight/core' ]
516 silly reify mark retired [ '/mnt/data/technologia_work/node_modules/@swc/helpers' ]
517 silly reify mark retired [ '/mnt/data/technologia_work/node_modules/@tailwindcss/oxide' ]
518 silly reify mark retired [ '/mnt/data/technologia_work/node_modules/@tailwindcss/node' ]
519 silly reify mark retired [
519 silly reify   '/mnt/data/technologia_work/node_modules/@tailwindcss/oxide-android-arm64'
519 silly reify ]
520 silly reify mark retired [
520 silly reify   '/mnt/data/technologia_work/node_modules/@tailwindcss/oxide-darwin-arm64'
520 silly reify ]
521 silly reify mark retired [
521 silly reify   '/mnt/data/technologia_work/node_modules/@tailwindcss/oxide-darwin-x64'
521 silly reify ]
522 silly reify mark retired [
522 silly reify   '/mnt/data/technologia_work/node_modules/@tailwindcss/oxide-freebsd-x64'
522 silly reify ]
523 silly reify mark retired [
523 silly reify   '/mnt/data/technologia_work/node_modules/@tailwindcss/oxide-linux-arm-gnueabihf'
523 silly reify ]
524 silly reify mark retired [
524 silly reify   '/mnt/data/technologia_work/node_modules/@tailwindcss/oxide-linux-arm64-gnu'
524 silly reify ]
525 silly reify mark retired [
525 silly reify   '/mnt/data/technologia_work/node_modules/@tailwindcss/oxide-linux-arm64-musl'
525 silly reify ]
526 silly reify mark retired [
526 silly reify   '/mnt/data/technologia_work/node_modules/@tailwindcss/oxide-linux-x64-gnu'
526 silly reify ]
527 silly reify mark retired [
527 silly reify   '/mnt/data/technologia_work/node_modules/@tailwindcss/oxide-linux-x64-musl'
527 silly reify ]
528 silly reify mark retired [
528 silly reify   '/mnt/data/technologia_work/node_modules/@tailwindcss/oxide-wasm32-wasi'
528 silly reify ]
529 silly reify mark retired [
529 silly reify   '/mnt/data/technologia_work/node_modules/@tailwindcss/oxide-win32-arm64-msvc'
529 silly reify ]
530 silly reify mark retired [
530 silly reify   '/mnt/data/technologia_work/node_modules/@tailwindcss/oxide-win32-x64-msvc'
530 silly reify ]
531 silly reify mark retired [ '/mnt/data/technologia_work/node_modules/@tailwindcss/postcss' ]
532 silly reify mark retired [ '/mnt/data/technologia_work/node_modules/@tybys/wasm-util' ]
533 silly reify mark retired [ '/mnt/data/technologia_work/node_modules/@types/eslint' ]
534 silly reify mark retired [ '/mnt/data/technologia_work/node_modules/@types/eslint-scope' ]
535 silly reify mark retired [ '/mnt/data/technologia_work/node_modules/@types/estree' ]
536 silly reify mark retired [ '/mnt/data/technologia_work/node_modules/@types/json-schema' ]
537 silly reify mark retired [ '/mnt/data/technologia_work/node_modules/@types/json5' ]
538 silly reify mark retired [ '/mnt/data/technologia_work/node_modules/@types/node' ]
539 silly reify mark retired [ '/mnt/data/technologia_work/node_modules/@types/react' ]
540 silly reify mark retired [ '/mnt/data/technologia_work/node_modules/@types/react-dom' ]
541 silly reify mark retired [
541 silly reify   '/mnt/data/technologia_work/node_modules/@typescript-eslint/eslint-plugin'
541 silly reify ]
542 silly reify mark retired [ '/mnt/data/technologia_work/node_modules/@typescript-eslint/parser' ]
543 silly reify mark retired [
543 silly reify   '/mnt/data/technologia_work/node_modules/@typescript-eslint/project-service'
543 silly reify ]
544 silly reify mark retired [
544 silly reify   '/mnt/data/technologia_work/node_modules/@typescript-eslint/scope-manager'
544 silly reify ]
545 silly reify mark retired [
545 silly reify   '/mnt/data/technologia_work/node_modules/@typescript-eslint/tsconfig-utils'
545 silly reify ]
546 silly reify mark retired [
546 silly reify   '/mnt/data/technologia_work/node_modules/@typescript-eslint/type-utils'
546 silly reify ]
547 silly reify mark retired [ '/mnt/data/technologia_work/node_modules/@typescript-eslint/types' ]
548 silly reify mark retired [
548 silly reify   '/mnt/data/technologia_work/node_modules/@typescript-eslint/typescript-estree'
548 silly reify ]
549 silly reify mark retired [ '/mnt/data/technologia_work/node_modules/@typescript-eslint/utils' ]
550 silly reify mark retired [
550 silly reify   '/mnt/data/technologia_work/node_modules/@typescript-eslint/visitor-keys'
550 silly reify ]
551 silly reify mark retired [ '/mnt/data/technologia_work/node_modules/@unpic/core' ]
552 silly reify mark retired [ '/mnt/data/technologia_work/node_modules/@unpic/react' ]
553 silly reify mark retired [
553 silly reify   '/mnt/data/technologia_work/node_modules/@unrs/resolver-binding-android-arm-eabi'
553 silly reify ]
554 silly reify mark retired [
554 silly reify   '/mnt/data/technologia_work/node_modules/@unrs/resolver-binding-android-arm64'
554 silly reify ]
555 silly reify mark retired [
555 silly reify   '/mnt/data/technologia_work/node_modules/@unrs/resolver-binding-darwin-arm64'
555 silly reify ]
556 silly reify mark retired [
556 silly reify   '/mnt/data/technologia_work/node_modules/@unrs/resolver-binding-darwin-x64'
556 silly reify ]
557 silly reify mark retired [
557 silly reify   '/mnt/data/technologia_work/node_modules/@unrs/resolver-binding-freebsd-x64'
557 silly reify ]
558 silly reify mark retired [
558 silly reify   '/mnt/data/technologia_work/node_modules/@unrs/resolver-binding-linux-arm-gnueabihf'
558 silly reify ]
559 silly reify mark retired [
559 silly reify   '/mnt/data/technologia_work/node_modules/@unrs/resolver-binding-linux-arm-musleabihf'
559 silly reify ]
560 silly reify mark retired [
560 silly reify   '/mnt/data/technologia_work/node_modules/@unrs/resolver-binding-linux-arm64-gnu'
560 silly reify ]
561 silly reify mark retired [
561 silly reify   '/mnt/data/technologia_work/node_modules/@unrs/resolver-binding-linux-arm64-musl'
561 silly reify ]
562 silly reify mark retired [
562 silly reify   '/mnt/data/technologia_work/node_modules/@unrs/resolver-binding-linux-ppc64-gnu'
562 silly reify ]
563 silly reify mark retired [
563 silly reify   '/mnt/data/technologia_work/node_modules/@unrs/resolver-binding-linux-riscv64-gnu'
563 silly reify ]
564 silly reify mark retired [
564 silly reify   '/mnt/data/technologia_work/node_modules/@unrs/resolver-binding-linux-riscv64-musl'
564 silly reify ]
565 silly reify mark retired [
565 silly reify   '/mnt/data/technologia_work/node_modules/@unrs/resolver-binding-linux-s390x-gnu'
565 silly reify ]
566 silly reify mark retired [
566 silly reify   '/mnt/data/technologia_work/node_modules/@unrs/resolver-binding-linux-x64-gnu'
566 silly reify ]
567 silly reify mark retired [
567 silly reify   '/mnt/data/technologia_work/node_modules/@unrs/resolver-binding-linux-x64-musl'
567 silly reify ]
568 silly reify mark retired [
568 silly reify   '/mnt/data/technologia_work/node_modules/@unrs/resolver-binding-wasm32-wasi'
568 silly reify ]
569 silly reify mark retired [
569 silly reify   '/mnt/data/technologia_work/node_modules/@unrs/resolver-binding-win32-arm64-msvc'
569 silly reify ]
570 silly reify mark retired [
570 silly reify   '/mnt/data/technologia_work/node_modules/@unrs/resolver-binding-win32-ia32-msvc'
570 silly reify ]
571 silly reify mark retired [
571 silly reify   '/mnt/data/technologia_work/node_modules/@unrs/resolver-binding-win32-x64-msvc'
571 silly reify ]
572 silly reify mark retired [ '/mnt/data/technologia_work/node_modules/@vercel/og' ]
573 silly reify mark retired [ '/mnt/data/technologia_work/node_modules/@vitejs/plugin-react' ]
574 silly reify mark retired [ '/mnt/data/technologia_work/node_modules/@vitejs/plugin-rsc' ]
575 silly reify mark retired [ '/mnt/data/technologia_work/node_modules/@webassemblyjs/ast' ]
576 silly reify mark retired [
576 silly reify   '/mnt/data/technologia_work/node_modules/@webassemblyjs/floating-point-hex-parser'
576 silly reify ]
577 silly reify mark retired [
577 silly reify   '/mnt/data/technologia_work/node_modules/@webassemblyjs/helper-api-error'
577 silly reify ]
578 silly reify mark retired [
578 silly reify   '/mnt/data/technologia_work/node_modules/@webassemblyjs/helper-buffer'
578 silly reify ]
579 silly reify mark retired [
579 silly reify   '/mnt/data/technologia_work/node_modules/@webassemblyjs/helper-numbers'
579 silly reify ]
580 silly reify mark retired [
580 silly reify   '/mnt/data/technologia_work/node_modules/@webassemblyjs/helper-wasm-bytecode'
580 silly reify ]
581 silly reify mark retired [
581 silly reify   '/mnt/data/technologia_work/node_modules/@webassemblyjs/helper-wasm-section'
581 silly reify ]
582 silly reify mark retired [ '/mnt/data/technologia_work/node_modules/@webassemblyjs/ieee754' ]
583 silly reify mark retired [ '/mnt/data/technologia_work/node_modules/@webassemblyjs/leb128' ]
584 silly reify mark retired [ '/mnt/data/technologia_work/node_modules/@webassemblyjs/utf8' ]
585 silly reify mark retired [ '/mnt/data/technologia_work/node_modules/@webassemblyjs/wasm-edit' ]
586 silly reify mark retired [ '/mnt/data/technologia_work/node_modules/@webassemblyjs/wasm-gen' ]
587 silly reify mark retired [ '/mnt/data/technologia_work/node_modules/@webassemblyjs/wasm-opt' ]
588 silly reify mark retired [
588 silly reify   '/mnt/data/technologia_work/node_modules/@webassemblyjs/wasm-parser'
588 silly reify ]
589 silly reify mark retired [
589 silly reify   '/mnt/data/technologia_work/node_modules/@webassemblyjs/wast-printer'
589 silly reify ]
590 silly reify mark retired [ '/mnt/data/technologia_work/node_modules/@xtuc/ieee754' ]
591 silly reify mark retired [ '/mnt/data/technologia_work/node_modules/@xtuc/long' ]
592 silly reify moves {
592 silly reify   '/mnt/data/technologia_work/node_modules/acorn': '/mnt/data/technologia_work/node_modules/.acorn-3ZldQAMF',
592 silly reify   '/mnt/data/technologia_work/node_modules/acorn-import-phases': '/mnt/data/technologia_work/node_modules/.acorn-import-phases-8T43jmUB',
592 silly reify   '/mnt/data/technologia_work/node_modules/acorn-jsx': '/mnt/data/technologia_work/node_modules/.acorn-jsx-NSccgi0O',
592 silly reify   '/mnt/data/technologia_work/node_modules/acorn-loose': '/mnt/data/technologia_work/node_modules/.acorn-loose-pKQiYDcD',
592 silly reify   '/mnt/data/technologia_work/node_modules/ajv': '/mnt/data/technologia_work/node_modules/.ajv-95o27MFA',
592 silly reify   '/mnt/data/technologia_work/node_modules/ajv-formats': '/mnt/data/technologia_work/node_modules/.ajv-formats-vt5YnHX6',
592 silly reify   '/mnt/data/technologia_work/node_modules/ansi-styles': '/mnt/data/technologia_work/node_modules/.ansi-styles-QcK7rWez',
592 silly reify   '/mnt/data/technologia_work/node_modules/argparse': '/mnt/data/technologia_work/node_modules/.argparse-8S2MnUu2',
592 silly reify   '/mnt/data/technologia_work/node_modules/aria-query': '/mnt/data/technologia_work/node_modules/.aria-query-oHzQKesQ',
592 silly reify   '/mnt/data/technologia_work/node_modules/array-buffer-byte-length': '/mnt/data/technologia_work/node_modules/.array-buffer-byte-length-qoROnRL3',
592 silly reify   '/mnt/data/technologia_work/node_modules/array-includes': '/mnt/data/technologia_work/node_modules/.array-includes-QsWhAtYM',
592 silly reify   '/mnt/data/technologia_work/node_modules/array.prototype.findlast': '/mnt/data/technologia_work/node_modules/.array.prototype.findlast-2CENoSDA',
592 silly reify   '/mnt/data/technologia_work/node_modules/array.prototype.findlastindex': '/mnt/data/technologia_work/node_modules/.array.prototype.findlastindex-dU2CYNpR',
592 silly reify   '/mnt/data/technologia_work/node_modules/array.prototype.flat': '/mnt/data/technologia_work/node_modules/.array.prototype.flat-V9ETW5nr',
592 silly reify   '/mnt/data/technologia_work/node_modules/array.prototype.flatmap': '/mnt/data/technologia_work/node_modules/.array.prototype.flatmap-xQaz34iX',
592 silly reify   '/mnt/data/technologia_work/node_modules/array.prototype.tosorted': '/mnt/data/technologia_work/node_modules/.array.prototype.tosorted-pvoLNNbq',
592 silly reify   '/mnt/data/technologia_work/node_modules/arraybuffer.prototype.slice': '/mnt/data/technologia_work/node_modules/.arraybuffer.prototype.slice-PADNcUKS',
592 silly reify   '/mnt/data/technologia_work/node_modules/ast-types-flow': '/mnt/data/technologia_work/node_modules/.ast-types-flow-HXI5UmhU',
592 silly reify   '/mnt/data/technologia_work/node_modules/async-function': '/mnt/data/technologia_work/node_modules/.async-function-yoKJYmCf',
592 silly reify   '/mnt/data/technologia_work/node_modules/available-typed-arrays': '/mnt/data/technologia_work/node_modules/.available-typed-arrays-OYUVCXRE',
592 silly reify   '/mnt/data/technologia_work/node_modules/axe-core': '/mnt/data/technologia_work/node_modules/.axe-core-5pqCNQaO',
592 silly reify   '/mnt/data/technologia_work/node_modules/axobject-query': '/mnt/data/technologia_work/node_modules/.axobject-query-b5fW8Jz3',
592 silly reify   '/mnt/data/technologia_work/node_modules/balanced-match': '/mnt/data/technologia_work/node_modules/.balanced-match-rb1NYVbP',
592 silly reify   '/mnt/data/technologia_work/node_modules/base64-js': '/mnt/data/technologia_work/node_modules/.base64-js-ccOEFeS2',
592 silly reify   '/mnt/data/technologia_work/node_modules/baseline-browser-mapping': '/mnt/data/technologia_work/node_modules/.baseline-browser-mapping-zSqA5dRe',
592 silly reify   '/mnt/data/technologia_work/node_modules/blake3-wasm': '/mnt/data/technologia_work/node_modules/.blake3-wasm-OiGTbPbM',
592 silly reify   '/mnt/data/technologia_work/node_modules/brace-expansion': '/mnt/data/technologia_work/node_modules/.brace-expansion-gyvFsffq',
592 silly reify   '/mnt/data/technologia_work/node_modules/braces': '/mnt/data/technologia_work/node_modules/.braces-OTeAHnde',
592 silly reify   '/mnt/data/technologia_work/node_modules/browserslist': '/mnt/data/technologia_work/node_modules/.browserslist-ISMd6TSZ',
592 silly reify   '/mnt/data/technologia_work/node_modules/buffer-from': '/mnt/data/technologia_work/node_modules/.buffer-from-Gt0OKlM6',
592 silly reify   '/mnt/data/technologia_work/node_modules/call-bind': '/mnt/data/technologia_work/node_modules/.call-bind-mzWwF3aT',
592 silly reify   '/mnt/data/technologia_work/node_modules/call-bind-apply-helpers': '/mnt/data/technologia_work/node_modules/.call-bind-apply-helpers-rchvArIC',
592 silly reify   '/mnt/data/technologia_work/node_modules/call-bound': '/mnt/data/technologia_work/node_modules/.call-bound-Sfy6udQt',
592 silly reify   '/mnt/data/technologia_work/node_modules/callsites': '/mnt/data/technologia_work/node_modules/.callsites-bF16quxZ',
592 silly reify   '/mnt/data/technologia_work/node_modules/camelize': '/mnt/data/technologia_work/node_modules/.camelize-puwzRUNB',
592 silly reify   '/mnt/data/technologia_work/node_modules/chalk': '/mnt/data/technologia_work/node_modules/.chalk-dfvQ4u8P',
592 silly reify   '/mnt/data/technologia_work/node_modules/caniuse-lite': '/mnt/data/technologia_work/node_modules/.caniuse-lite-SK8CqH9z',
592 silly reify   '/mnt/data/technologia_work/node_modules/chrome-trace-event': '/mnt/data/technologia_work/node_modules/.chrome-trace-event-U8JCyJ0o',
592 silly reify   '/mnt/data/technologia_work/node_modules/client-only': '/mnt/data/technologia_work/node_modules/.client-only-2buYT7Ws',
592 silly reify   '/mnt/data/technologia_work/node_modules/color-convert': '/mnt/data/technologia_work/node_modules/.color-convert-mc4COzkQ',
592 silly reify   '/mnt/data/technologia_work/node_modules/color-name': '/mnt/data/technologia_work/node_modules/.color-name-gB8ngSjI',
592 silly reify   '/mnt/data/technologia_work/node_modules/commander': '/mnt/data/technologia_work/node_modules/.commander-lUm7opgt',
592 silly reify   '/mnt/data/technologia_work/node_modules/concat-map': '/mnt/data/technologia_work/node_modules/.concat-map-FIp5Vpl6',
592 silly reify   '/mnt/data/technologia_work/node_modules/convert-source-map': '/mnt/data/technologia_work/node_modules/.convert-source-map-aGR4fT29',
592 silly reify   '/mnt/data/technologia_work/node_modules/cookie': '/mnt/data/technologia_work/node_modules/.cookie-s3jvLM1Y',
592 silly reify   '/mnt/data/technologia_work/node_modules/cross-spawn': '/mnt/data/technologia_work/node_modules/.cross-spawn-cPssi4ql',
592 silly reify   '/mnt/data/technologia_work/node_modules/css-background-parser': '/mnt/data/technologia_work/node_modules/.css-background-parser-kJgH9hQf',
592 silly reify   '/mnt/data/technologia_work/node_modules/css-box-shadow': '/mnt/data/technologia_work/node_modules/.css-box-shadow-TGrAHM1T',
592 silly reify   '/mnt/data/technologia_work/node_modules/css-color-keywords': '/mnt/data/technologia_work/node_modules/.css-color-keywords-x2tcOYlP',
592 silly reify   '/mnt/data/technologia_work/node_modules/css-gradient-parser': '/mnt/data/technologia_work/node_modules/.css-gradient-parser-gvU1gzAv',
592 silly reify   '/mnt/data/technologia_work/node_modules/css-to-react-native': '/mnt/data/technologia_work/node_modules/.css-to-react-native-MlrpCyah',
592 silly reify   '/mnt/data/technologia_work/node_modules/csstype': '/mnt/data/technologia_work/node_modules/.csstype-pRgApvdo',
592 silly reify   '/mnt/data/technologia_work/node_modules/damerau-levenshtein': '/mnt/data/technologia_work/node_modules/.damerau-levenshtein-9XvoPvCF',
592 silly reify   '/mnt/data/technologia_work/node_modules/data-view-buffer': '/mnt/data/technologia_work/node_modules/.data-view-buffer-liYzNmuS',
592 silly reify   '/mnt/data/technologia_work/node_modules/data-view-byte-length': '/mnt/data/technologia_work/node_modules/.data-view-byte-length-ha4XLP7z',
592 silly reify   '/mnt/data/technologia_work/node_modules/data-view-byte-offset': '/mnt/data/technologia_work/node_modules/.data-view-byte-offset-bFD39FQ0',
592 silly reify   '/mnt/data/technologia_work/node_modules/debug': '/mnt/data/technologia_work/node_modules/.debug-YSo9D2hR',
592 silly reify   '/mnt/data/technologia_work/node_modules/deep-is': '/mnt/data/technologia_work/node_modules/.deep-is-M35Tx678',
592 silly reify   '/mnt/data/technologia_work/node_modules/define-data-property': '/mnt/data/technologia_work/node_modules/.define-data-property-zRzVTnrZ',
592 silly reify   '/mnt/data/technologia_work/node_modules/define-properties': '/mnt/data/technologia_work/node_modules/.define-properties-kHbbsRAP',
592 silly reify   '/mnt/data/technologia_work/node_modules/detect-libc': '/mnt/data/technologia_work/node_modules/.detect-libc-oDLXaBwp',
592 silly reify   '/mnt/data/technologia_work/node_modules/doctrine': '/mnt/data/technologia_work/node_modules/.doctrine-nvkaZgTO',
592 silly reify   '/mnt/data/technologia_work/node_modules/drizzle-kit': '/mnt/data/technologia_work/node_modules/.drizzle-kit-0I1F7zmk',
592 silly reify   '/mnt/data/technologia_work/node_modules/drizzle-orm': '/mnt/data/technologia_work/node_modules/.drizzle-orm-5AlMaskI',
592 silly reify   '/mnt/data/technologia_work/node_modules/dunder-proto': '/mnt/data/technologia_work/node_modules/.dunder-proto-5XdsT5kR',
592 silly reify   '/mnt/data/technologia_work/node_modules/electron-to-chromium': '/mnt/data/technologia_work/node_modules/.electron-to-chromium-FzbzM781',
592 silly reify   '/mnt/data/technologia_work/node_modules/emoji-regex': '/mnt/data/technologia_work/node_modules/.emoji-regex-AWjuAQKt',
592 silly reify   '/mnt/data/technologia_work/node_modules/emoji-regex-xs': '/mnt/data/technologia_work/node_modules/.emoji-regex-xs-D51biej4',
592 silly reify   '/mnt/data/technologia_work/node_modules/enhanced-resolve': '/mnt/data/technologia_work/node_modules/.enhanced-resolve-dxkmW735',
592 silly reify   '/mnt/data/technologia_work/node_modules/error-stack-parser-es': '/mnt/data/technologia_work/node_modules/.error-stack-parser-es-K6sqKE6m',
592 silly reify   '/mnt/data/technologia_work/node_modules/es-abstract': '/mnt/data/technologia_work/node_modules/.es-abstract-irU0u8tC',
592 silly reify   '/mnt/data/technologia_work/node_modules/es-define-property': '/mnt/data/technologia_work/node_modules/.es-define-property-v4t4hBN0',
592 silly reify   '/mnt/data/technologia_work/node_modules/es-errors': '/mnt/data/technologia_work/node_modules/.es-errors-SdZiVsbk',
592 silly reify   '/mnt/data/technologia_work/node_modules/es-iterator-helpers': '/mnt/data/technologia_work/node_modules/.es-iterator-helpers-DydNIyIg',
592 silly reify   '/mnt/data/technologia_work/node_modules/es-module-lexer': '/mnt/data/technologia_work/node_modules/.es-module-lexer-STMmIrUW',
592 silly reify   '/mnt/data/technologia_work/node_modules/es-object-atoms': '/mnt/data/technologia_work/node_modules/.es-object-atoms-qtNaMuRG',
592 silly reify   '/mnt/data/technologia_work/node_modules/es-set-tostringtag': '/mnt/data/technologia_work/node_modules/.es-set-tostringtag-Z7xfXzdy',
592 silly reify   '/mnt/data/technologia_work/node_modules/es-shim-unscopables': '/mnt/data/technologia_work/node_modules/.es-shim-unscopables-K6B70gmR',
592 silly reify   '/mnt/data/technologia_work/node_modules/es-to-primitive': '/mnt/data/technologia_work/node_modules/.es-to-primitive-g9BBbDTK',
592 silly reify   '/mnt/data/technologia_work/node_modules/esbuild': '/mnt/data/technologia_work/node_modules/.esbuild-LCfewify',
592 silly reify   '/mnt/data/technologia_work/node_modules/escalade': '/mnt/data/technologia_work/node_modules/.escalade-NVN2Zd0V',
592 silly reify   '/mnt/data/technologia_work/node_modules/escape-html': '/mnt/data/technologia_work/node_modules/.escape-html-7lxSkrhK',
592 silly reify   '/mnt/data/technologia_work/node_modules/escape-string-regexp': '/mnt/data/technologia_work/node_modules/.escape-string-regexp-cNMMVjkw',
592 silly reify   '/mnt/data/technologia_work/node_modules/eslint': '/mnt/data/technologia_work/node_modules/.eslint-6X5LWB9c',
592 silly reify   '/mnt/data/technologia_work/node_modules/eslint-config-next': '/mnt/data/technologia_work/node_modules/.eslint-config-next-jxLM5Lq9',
592 silly reify   '/mnt/data/technologia_work/node_modules/eslint-import-resolver-node': '/mnt/data/technologia_work/node_modules/.eslint-import-resolver-node-O6WfhgEM',
592 silly reify   '/mnt/data/technologia_work/node_modules/eslint-import-resolver-typescript': '/mnt/data/technologia_work/node_modules/.eslint-import-resolver-typescript-F8mtO8ZU',
592 silly reify   '/mnt/data/technologia_work/node_modules/eslint-module-utils': '/mnt/data/technologia_work/node_modules/.eslint-module-utils-SQQkTYxa',
592 silly reify   '/mnt/data/technologia_work/node_modules/eslint-plugin-import': '/mnt/data/technologia_work/node_modules/.eslint-plugin-import-LZ7VkrgV',
592 silly reify   '/mnt/data/technologia_work/node_modules/eslint-plugin-jsx-a11y': '/mnt/data/technologia_work/node_modules/.eslint-plugin-jsx-a11y-7okdwjNc',
592 silly reify   '/mnt/data/technologia_work/node_modules/eslint-plugin-react': '/mnt/data/technologia_work/node_modules/.eslint-plugin-react-SKBYhxdT',
592 silly reify   '/mnt/data/technologia_work/node_modules/eslint-plugin-react-hooks': '/mnt/data/technologia_work/node_modules/.eslint-plugin-react-hooks-0E0cEsJM',
592 silly reify   '/mnt/data/technologia_work/node_modules/eslint-scope': '/mnt/data/technologia_work/node_modules/.eslint-scope-rkOM39hL',
592 silly reify   '/mnt/data/technologia_work/node_modules/eslint-visitor-keys': '/mnt/data/technologia_work/node_modules/.eslint-visitor-keys-hqP4SAjW',
592 silly reify   '/mnt/data/technologia_work/node_modules/espree': '/mnt/data/technologia_work/node_modules/.espree-FGwZDqA0',
592 silly reify   '/mnt/data/technologia_work/node_modules/esquery': '/mnt/data/technologia_work/node_modules/.esquery-21VlJNhJ',
592 silly reify   '/mnt/data/technologia_work/node_modules/esrecurse': '/mnt/data/technologia_work/node_modules/.esrecurse-fFIGlUSd',
592 silly reify   '/mnt/data/technologia_work/node_modules/estraverse': '/mnt/data/technologia_work/node_modules/.estraverse-JrGabRtf',
592 silly reify   '/mnt/data/technologia_work/node_modules/estree-walker': '/mnt/data/technologia_work/node_modules/.estree-walker-YTMfO6BG',
592 silly reify   '/mnt/data/technologia_work/node_modules/esutils': '/mnt/data/technologia_work/node_modules/.esutils-wXDQob2i',
592 silly reify   '/mnt/data/technologia_work/node_modules/events': '/mnt/data/technologia_work/node_modules/.events-ifAn7Z2K',
592 silly reify   '/mnt/data/technologia_work/node_modules/fast-deep-equal': '/mnt/data/technologia_work/node_modules/.fast-deep-equal-0ffkHqA7',
592 silly reify   '/mnt/data/technologia_work/node_modules/fast-glob': '/mnt/data/technologia_work/node_modules/.fast-glob-1CPJsChM',
592 silly reify   '/mnt/data/technologia_work/node_modules/fast-json-stable-stringify': '/mnt/data/technologia_work/node_modules/.fast-json-stable-stringify-MDDYUlCe',
592 silly reify   '/mnt/data/technologia_work/node_modules/fast-levenshtein': '/mnt/data/technologia_work/node_modules/.fast-levenshtein-5Vq5BmHu',
592 silly reify   '/mnt/data/technologia_work/node_modules/fast-uri': '/mnt/data/technologia_work/node_modules/.fast-uri-MHVAnXwe',
592 silly reify   '/mnt/data/technologia_work/node_modules/fastq': '/mnt/data/technologia_work/node_modules/.fastq-EYX8O7W1',
592 silly reify   '/mnt/data/technologia_work/node_modules/fflate': '/mnt/data/technologia_work/node_modules/.fflate-Rdo5SVTY',
592 silly reify   '/mnt/data/technologia_work/node_modules/file-entry-cache': '/mnt/data/technologia_work/node_modules/.file-entry-cache-gVso7FJN',
592 silly reify   '/mnt/data/technologia_work/node_modules/fill-range': '/mnt/data/technologia_work/node_modules/.fill-range-T1UkmczA',
592 silly reify   '/mnt/data/technologia_work/node_modules/find-up': '/mnt/data/technologia_work/node_modules/.find-up-XPOvfCyO',
592 silly reify   '/mnt/data/technologia_work/node_modules/flat-cache': '/mnt/data/technologia_work/node_modules/.flat-cache-wO6Js7cU',
592 silly reify   '/mnt/data/technologia_work/node_modules/flatted': '/mnt/data/technologia_work/node_modules/.flatted-TmGrzfqT',
592 silly reify   '/mnt/data/technologia_work/node_modules/for-each': '/mnt/data/technologia_work/node_modules/.for-each-R4FQpqsA',
592 silly reify   '/mnt/data/technologia_work/node_modules/fsevents': '/mnt/data/technologia_work/node_modules/.fsevents-12MOeX4C',
592 silly reify   '/mnt/data/technologia_work/node_modules/function-bind': '/mnt/data/technologia_work/node_modules/.function-bind-LjZydR7F',
592 silly reify   '/mnt/data/technologia_work/node_modules/function.prototype.name': '/mnt/data/technologia_work/node_modules/.function.prototype.name-l6IidEtn',
592 silly reify   '/mnt/data/technologia_work/node_modules/functions-have-names': '/mnt/data/technologia_work/node_modules/.functions-have-names-X8AWteyL',
592 silly reify   '/mnt/data/technologia_work/node_modules/generator-function': '/mnt/data/technologia_work/node_modules/.generator-function-swo1HlPD',
592 silly reify   '/mnt/data/technologia_work/node_modules/gensync': '/mnt/data/technologia_work/node_modules/.gensync-Pwee8Q1v',
592 silly reify   '/mnt/data/technologia_work/node_modules/get-intrinsic': '/mnt/data/technologia_work/node_modules/.get-intrinsic-RtgX72rq',
592 silly reify   '/mnt/data/technologia_work/node_modules/get-proto': '/mnt/data/technologia_work/node_modules/.get-proto-7VsXDfIo',
592 silly reify   '/mnt/data/technologia_work/node_modules/get-symbol-description': '/mnt/data/technologia_work/node_modules/.get-symbol-description-BwQxvuwt',
592 silly reify   '/mnt/data/technologia_work/node_modules/get-tsconfig': '/mnt/data/technologia_work/node_modules/.get-tsconfig-vsJBEvSm',
592 silly reify   '/mnt/data/technologia_work/node_modules/glob-parent': '/mnt/data/technologia_work/node_modules/.glob-parent-zfHHWvO6',
592 silly reify   '/mnt/data/technologia_work/node_modules/glob-to-regexp': '/mnt/data/technologia_work/node_modules/.glob-to-regexp-Ndhlo5m0',
592 silly reify   '/mnt/data/technologia_work/node_modules/globals': '/mnt/data/technologia_work/node_modules/.globals-QqICc2ob',
592 silly reify   '/mnt/data/technologia_work/node_modules/globalthis': '/mnt/data/technologia_work/node_modules/.globalthis-QiV8k1u6',
592 silly reify   '/mnt/data/technologia_work/node_modules/globrex': '/mnt/data/technologia_work/node_modules/.globrex-8BKlbJLg',
592 silly reify   '/mnt/data/technologia_work/node_modules/gopd': '/mnt/data/technologia_work/node_modules/.gopd-ziVt6yb5',
592 silly reify   '/mnt/data/technologia_work/node_modules/graceful-fs': '/mnt/data/technologia_work/node_modules/.graceful-fs-MpOvKFE6',
592 silly reify   '/mnt/data/technologia_work/node_modules/has-bigints': '/mnt/data/technologia_work/node_modules/.has-bigints-yyi1zugX',
592 silly reify   '/mnt/data/technologia_work/node_modules/has-flag': '/mnt/data/technologia_work/node_modules/.has-flag-YNzFufDn',
592 silly reify   '/mnt/data/technologia_work/node_modules/has-property-descriptors': '/mnt/data/technologia_work/node_modules/.has-property-descriptors-9p0GLaqB',
592 silly reify   '/mnt/data/technologia_work/node_modules/has-proto': '/mnt/data/technologia_work/node_modules/.has-proto-rlKohtc4',
592 silly reify   '/mnt/data/technologia_work/node_modules/has-symbols': '/mnt/data/technologia_work/node_modules/.has-symbols-ni2clXg4',
592 silly reify   '/mnt/data/technologia_work/node_modules/has-tostringtag': '/mnt/data/technologia_work/node_modules/.has-tostringtag-XUgFLeDA',
592 silly reify   '/mnt/data/technologia_work/node_modules/hasown': '/mnt/data/technologia_work/node_modules/.hasown-5M6fhraY',
592 silly reify   '/mnt/data/technologia_work/node_modules/hermes-estree': '/mnt/data/technologia_work/node_modules/.hermes-estree-RtbCVQH9',
592 silly reify   '/mnt/data/technologia_work/node_modules/hermes-parser': '/mnt/data/technologia_work/node_modules/.hermes-parser-461K4kAD',
592 silly reify   '/mnt/data/technologia_work/node_modules/hex-rgb': '/mnt/data/technologia_work/node_modules/.hex-rgb-T3VQpR4g',
592 silly reify   '/mnt/data/technologia_work/node_modules/ignore': '/mnt/data/technologia_work/node_modules/.ignore-e6jQT9Fu',
592 silly reify   '/mnt/data/technologia_work/node_modules/image-size': '/mnt/data/technologia_work/node_modules/.image-size-vL7tmDew',
592 silly reify   '/mnt/data/technologia_work/node_modules/import-fresh': '/mnt/data/technologia_work/node_modules/.import-fresh-GDcpA1kd',
592 silly reify   '/mnt/data/technologia_work/node_modules/imurmurhash': '/mnt/data/technologia_work/node_modules/.imurmurhash-Z7K1gfSh',
592 silly reify   '/mnt/data/technologia_work/node_modules/internal-slot': '/mnt/data/technologia_work/node_modules/.internal-slot-b0OK2wSl',
592 silly reify   '/mnt/data/technologia_work/node_modules/ipaddr.js': '/mnt/data/technologia_work/node_modules/.ipaddr.js-XN0Qw0h6',
592 silly reify   '/mnt/data/technologia_work/node_modules/is-array-buffer': '/mnt/data/technologia_work/node_modules/.is-array-buffer-2d3z4dP8',
592 silly reify   '/mnt/data/technologia_work/node_modules/is-async-function': '/mnt/data/technologia_work/node_modules/.is-async-function-UwwRb5QQ',
592 silly reify   '/mnt/data/technologia_work/node_modules/is-bigint': '/mnt/data/technologia_work/node_modules/.is-bigint-38pvnxi9',
592 silly reify   '/mnt/data/technologia_work/node_modules/is-boolean-object': '/mnt/data/technologia_work/node_modules/.is-boolean-object-CxZ1wz18',
592 silly reify   '/mnt/data/technologia_work/node_modules/is-bun-module': '/mnt/data/technologia_work/node_modules/.is-bun-module-hJcEo3QV',
592 silly reify   '/mnt/data/technologia_work/node_modules/is-callable': '/mnt/data/technologia_work/node_modules/.is-callable-kz3Y709z',
592 silly reify   '/mnt/data/technologia_work/node_modules/is-core-module': '/mnt/data/technologia_work/node_modules/.is-core-module-A7u3SwCg',
592 silly reify   '/mnt/data/technologia_work/node_modules/is-data-view': '/mnt/data/technologia_work/node_modules/.is-data-view-nod16m7T',
592 silly reify   '/mnt/data/technologia_work/node_modules/is-date-object': '/mnt/data/technologia_work/node_modules/.is-date-object-se9T4tIa',
592 silly reify   '/mnt/data/technologia_work/node_modules/is-extglob': '/mnt/data/technologia_work/node_modules/.is-extglob-mJtpl1rc',
592 silly reify   '/mnt/data/technologia_work/node_modules/is-finalizationregistry': '/mnt/data/technologia_work/node_modules/.is-finalizationregistry-nq8C1NK9',
592 silly reify   '/mnt/data/technologia_work/node_modules/is-generator-function': '/mnt/data/technologia_work/node_modules/.is-generator-function-l1SqMP5p',
592 silly reify   '/mnt/data/technologia_work/node_modules/is-glob': '/mnt/data/technologia_work/node_modules/.is-glob-e0AL7PmB',
592 silly reify   '/mnt/data/technologia_work/node_modules/is-map': '/mnt/data/technologia_work/node_modules/.is-map-a0AKxxiQ',
592 silly reify   '/mnt/data/technologia_work/node_modules/is-negative-zero': '/mnt/data/technologia_work/node_modules/.is-negative-zero-GAwUsKKT',
592 silly reify   '/mnt/data/technologia_work/node_modules/is-number': '/mnt/data/technologia_work/node_modules/.is-number-mqk0ouYb',
592 silly reify   '/mnt/data/technologia_work/node_modules/is-number-object': '/mnt/data/technologia_work/node_modules/.is-number-object-iXPOEJCd',
592 silly reify   '/mnt/data/technologia_work/node_modules/is-regex': '/mnt/data/technologia_work/node_modules/.is-regex-AzoxCMlw',
592 silly reify   '/mnt/data/technologia_work/node_modules/is-set': '/mnt/data/technologia_work/node_modules/.is-set-EffFethB',
592 silly reify   '/mnt/data/technologia_work/node_modules/is-shared-array-buffer': '/mnt/data/technologia_work/node_modules/.is-shared-array-buffer-PEHtTV3Z',
592 silly reify   '/mnt/data/technologia_work/node_modules/is-string': '/mnt/data/technologia_work/node_modules/.is-string-uyYILVpk',
592 silly reify   '/mnt/data/technologia_work/node_modules/is-symbol': '/mnt/data/technologia_work/node_modules/.is-symbol-W6kZ3Mau',
592 silly reify   '/mnt/data/technologia_work/node_modules/is-typed-array': '/mnt/data/technologia_work/node_modules/.is-typed-array-ZMGsXLpI',
592 silly reify   '/mnt/data/technologia_work/node_modules/is-weakmap': '/mnt/data/technologia_work/node_modules/.is-weakmap-9dv2opNA',
592 silly reify   '/mnt/data/technologia_work/node_modules/is-weakref': '/mnt/data/technologia_work/node_modules/.is-weakref-XLIyMyZq',
592 silly reify   '/mnt/data/technologia_work/node_modules/is-weakset': '/mnt/data/technologia_work/node_modules/.is-weakset-LwcQv6kV',
592 silly reify   '/mnt/data/technologia_work/node_modules/isarray': '/mnt/data/technologia_work/node_modules/.isarray-Co2pTiK8',
592 silly reify   '/mnt/data/technologia_work/node_modules/isexe': '/mnt/data/technologia_work/node_modules/.isexe-nuTWoEB5',
592 silly reify   '/mnt/data/technologia_work/node_modules/iterator.prototype': '/mnt/data/technologia_work/node_modules/.iterator.prototype-JpmbDTzY',
592 silly reify   '/mnt/data/technologia_work/node_modules/jest-worker': '/mnt/data/technologia_work/node_modules/.jest-worker-kIiVK5OA',
592 silly reify   '/mnt/data/technologia_work/node_modules/jiti': '/mnt/data/technologia_work/node_modules/.jiti-JZtnaw4k',
592 silly reify   '/mnt/data/technologia_work/node_modules/js-tokens': '/mnt/data/technologia_work/node_modules/.js-tokens-7jSTB9Iz',
592 silly reify   '/mnt/data/technologia_work/node_modules/js-yaml': '/mnt/data/technologia_work/node_modules/.js-yaml-41ctwUhm',
592 silly reify   '/mnt/data/technologia_work/node_modules/jsesc': '/mnt/data/technologia_work/node_modules/.jsesc-x9bhcUDm',
592 silly reify   '/mnt/data/technologia_work/node_modules/json-buffer': '/mnt/data/technologia_work/node_modules/.json-buffer-txDQwxOB',
592 silly reify   '/mnt/data/technologia_work/node_modules/json-schema-traverse': '/mnt/data/technologia_work/node_modules/.json-schema-traverse-jH2wj261',
592 silly reify   '/mnt/data/technologia_work/node_modules/json-stable-stringify-without-jsonify': '/mnt/data/technologia_work/node_modules/.json-stable-stringify-without-jsonify-308YLcsm',
592 silly reify   '/mnt/data/technologia_work/node_modules/json5': '/mnt/data/technologia_work/node_modules/.json5-ivuL5zvA',
592 silly reify   '/mnt/data/technologia_work/node_modules/jsx-ast-utils': '/mnt/data/technologia_work/node_modules/.jsx-ast-utils-rYJiMuov',
592 silly reify   '/mnt/data/technologia_work/node_modules/keyv': '/mnt/data/technologia_work/node_modules/.keyv-wA5jEMuN',
592 silly reify   '/mnt/data/technologia_work/node_modules/kleur': '/mnt/data/technologia_work/node_modules/.kleur-JjkZt9JY',
592 silly reify   '/mnt/data/technologia_work/node_modules/language-subtag-registry': '/mnt/data/technologia_work/node_modules/.language-subtag-registry-9aIseiEF',
592 silly reify   '/mnt/data/technologia_work/node_modules/language-tags': '/mnt/data/technologia_work/node_modules/.language-tags-PkSAP0lK',
592 silly reify   '/mnt/data/technologia_work/node_modules/levn': '/mnt/data/technologia_work/node_modules/.levn-i002TEgO',
592 silly reify   '/mnt/data/technologia_work/node_modules/lightningcss': '/mnt/data/technologia_work/node_modules/.lightningcss-ollCWidL',
592 silly reify   '/mnt/data/technologia_work/node_modules/lightningcss-android-arm64': '/mnt/data/technologia_work/node_modules/.lightningcss-android-arm64-ghbVdjRR',
592 silly reify   '/mnt/data/technologia_work/node_modules/lightningcss-darwin-arm64': '/mnt/data/technologia_work/node_modules/.lightningcss-darwin-arm64-ZBcfQ5SR',
592 silly reify   '/mnt/data/technologia_work/node_modules/lightningcss-darwin-x64': '/mnt/data/technologia_work/node_modules/.lightningcss-darwin-x64-bEEsW0i3',
592 silly reify   '/mnt/data/technologia_work/node_modules/lightningcss-freebsd-x64': '/mnt/data/technologia_work/node_modules/.lightningcss-freebsd-x64-9wLfwqGu',
592 silly reify   '/mnt/data/technologia_work/node_modules/lightningcss-linux-arm-gnueabihf': '/mnt/data/technologia_work/node_modules/.lightningcss-linux-arm-gnueabihf-MOYhyDbb',
592 silly reify   '/mnt/data/technologia_work/node_modules/lightningcss-linux-arm64-gnu': '/mnt/data/technologia_work/node_modules/.lightningcss-linux-arm64-gnu-xn8Y2WY8',
592 silly reify   '/mnt/data/technologia_work/node_modules/lightningcss-linux-arm64-musl': '/mnt/data/technologia_work/node_modules/.lightningcss-linux-arm64-musl-aAhADQH4',
592 silly reify   '/mnt/data/technologia_work/node_modules/lightningcss-linux-x64-gnu': '/mnt/data/technologia_work/node_modules/.lightningcss-linux-x64-gnu-HyPU4MJL',
592 silly reify   '/mnt/data/technologia_work/node_modules/lightningcss-linux-x64-musl': '/mnt/data/technologia_work/node_modules/.lightningcss-linux-x64-musl-qwRCTZiE',
592 silly reify   '/mnt/data/technologia_work/node_modules/lightningcss-win32-arm64-msvc': '/mnt/data/technologia_work/node_modules/.lightningcss-win32-arm64-msvc-EXOtuncQ',
592 silly reify   '/mnt/data/technologia_work/node_modules/lightningcss-win32-x64-msvc': '/mnt/data/technologia_work/node_modules/.lightningcss-win32-x64-msvc-1cNS03WL',
592 silly reify   '/mnt/data/technologia_work/node_modules/linebreak': '/mnt/data/technologia_work/node_modules/.linebreak-8a8OMB5c',
592 silly reify   '/mnt/data/technologia_work/node_modules/loader-runner': '/mnt/data/technologia_work/node_modules/.loader-runner-hLfuLohI',
592 silly reify   '/mnt/data/technologia_work/node_modules/locate-path': '/mnt/data/technologia_work/node_modules/.locate-path-6JLbFu7r',
592 silly reify   '/mnt/data/technologia_work/node_modules/lodash.merge': '/mnt/data/technologia_work/node_modules/.lodash.merge-IuTtbFKD',
592 silly reify   '/mnt/data/technologia_work/node_modules/loose-envify': '/mnt/data/technologia_work/node_modules/.loose-envify-1bRhRoAh',
592 silly reify   '/mnt/data/technologia_work/node_modules/lru-cache': '/mnt/data/technologia_work/node_modules/.lru-cache-VFHX87h8',
592 silly reify   '/mnt/data/technologia_work/node_modules/magic-string': '/mnt/data/technologia_work/node_modules/.magic-string-yvkMDhnm',
592 silly reify   '/mnt/data/technologia_work/node_modules/math-intrinsics': '/mnt/data/technologia_work/node_modules/.math-intrinsics-xPIgARND',
592 silly reify   '/mnt/data/technologia_work/node_modules/merge-stream': '/mnt/data/technologia_work/node_modules/.merge-stream-uNJsBxvV',
592 silly reify   '/mnt/data/technologia_work/node_modules/merge2': '/mnt/data/technologia_work/node_modules/.merge2-oi0lgrUj',
592 silly reify   '/mnt/data/technologia_work/node_modules/micromatch': '/mnt/data/technologia_work/node_modules/.micromatch-Y6wu5u8e',
592 silly reify   '/mnt/data/technologia_work/node_modules/mime-db': '/mnt/data/technologia_work/node_modules/.mime-db-lDWe4pr4',
592 silly reify   '/mnt/data/technologia_work/node_modules/miniflare': '/mnt/data/technologia_work/node_modules/.miniflare-EctCpYTp',
592 silly reify   '/mnt/data/technologia_work/node_modules/minimatch': '/mnt/data/technologia_work/node_modules/.minimatch-U8qN2BUy',
592 silly reify   '/mnt/data/technologia_work/node_modules/minimist': '/mnt/data/technologia_work/node_modules/.minimist-VqOOgrwV',
592 silly reify   '/mnt/data/technologia_work/node_modules/ms': '/mnt/data/technologia_work/node_modules/.ms-2HXDpVhF',
592 silly reify   '/mnt/data/technologia_work/node_modules/nanoid': '/mnt/data/technologia_work/node_modules/.nanoid-m4Ru6jXy',
592 silly reify   '/mnt/data/technologia_work/node_modules/napi-postinstall': '/mnt/data/technologia_work/node_modules/.napi-postinstall-1dJ3qlEq',
592 silly reify   '/mnt/data/technologia_work/node_modules/natural-compare': '/mnt/data/technologia_work/node_modules/.natural-compare-X77kqAJ5',
592 silly reify   '/mnt/data/technologia_work/node_modules/neo-async': '/mnt/data/technologia_work/node_modules/.neo-async-bzQ1ObEm',
592 silly reify   '/mnt/data/technologia_work/node_modules/next': '/mnt/data/technologia_work/node_modules/.next-hNF2NJqL',
592 silly reify   '/mnt/data/technologia_work/node_modules/node-exports-info': '/mnt/data/technologia_work/node_modules/.node-exports-info-AS4n7kYF',
592 silly reify   '/mnt/data/technologia_work/node_modules/node-releases': '/mnt/data/technologia_work/node_modules/.node-releases-qbr34zga',
592 silly reify   '/mnt/data/technologia_work/node_modules/object-assign': '/mnt/data/technologia_work/node_modules/.object-assign-CWSbYtCu',
592 silly reify   '/mnt/data/technologia_work/node_modules/object-inspect': '/mnt/data/technologia_work/node_modules/.object-inspect-ci12iVUj',
592 silly reify   '/mnt/data/technologia_work/node_modules/object-keys': '/mnt/data/technologia_work/node_modules/.object-keys-pMjav0Ie',
592 silly reify   '/mnt/data/technologia_work/node_modules/object.assign': '/mnt/data/technologia_work/node_modules/.object.assign-yxTK8EJ6',
592 silly reify   '/mnt/data/technologia_work/node_modules/object.entries': '/mnt/data/technologia_work/node_modules/.object.entries-6SqOtvyn',
592 silly reify   '/mnt/data/technologia_work/node_modules/object.fromentries': '/mnt/data/technologia_work/node_modules/.object.fromentries-a6F0Zhcu',
592 silly reify   '/mnt/data/technologia_work/node_modules/object.groupby': '/mnt/data/technologia_work/node_modules/.object.groupby-BLOnfg4P',
592 silly reify   '/mnt/data/technologia_work/node_modules/object.values': '/mnt/data/technologia_work/node_modules/.object.values-2IbrfYd7',
592 silly reify   '/mnt/data/technologia_work/node_modules/optionator': '/mnt/data/technologia_work/node_modules/.optionator-qpcC5C2W',
592 silly reify   '/mnt/data/technologia_work/node_modules/own-keys': '/mnt/data/technologia_work/node_modules/.own-keys-xkNxnXWK',
592 silly reify   '/mnt/data/technologia_work/node_modules/p-limit': '/mnt/data/technologia_work/node_modules/.p-limit-uuTBSVwp',
592 silly reify   '/mnt/data/technologia_work/node_modules/p-locate': '/mnt/data/technologia_work/node_modules/.p-locate-CojcjRsQ',
592 silly reify   '/mnt/data/technologia_work/node_modules/pako': '/mnt/data/technologia_work/node_modules/.pako-tvHmgHlG',
592 silly reify   '/mnt/data/technologia_work/node_modules/parent-module': '/mnt/data/technologia_work/node_modules/.parent-module-5Touhw6v',
592 silly reify   '/mnt/data/technologia_work/node_modules/parse-css-color': '/mnt/data/technologia_work/node_modules/.parse-css-color-U8omssWs',
592 silly reify   '/mnt/data/technologia_work/node_modules/path-exists': '/mnt/data/technologia_work/node_modules/.path-exists-ocUIOdkE',
592 silly reify   '/mnt/data/technologia_work/node_modules/path-key': '/mnt/data/technologia_work/node_modules/.path-key-LhU1JncE',
592 silly reify   '/mnt/data/technologia_work/node_modules/path-parse': '/mnt/data/technologia_work/node_modules/.path-parse-FEx7sScL',
592 silly reify   '/mnt/data/technologia_work/node_modules/path-to-regexp': '/mnt/data/technologia_work/node_modules/.path-to-regexp-ycQWxvmu',
592 silly reify   '/mnt/data/technologia_work/node_modules/pathe': '/mnt/data/technologia_work/node_modules/.pathe-NfBIcL0t',
592 silly reify   '/mnt/data/technologia_work/node_modules/picocolors': '/mnt/data/technologia_work/node_modules/.picocolors-SdMXifdY',
592 silly reify   '/mnt/data/technologia_work/node_modules/picomatch': '/mnt/data/technologia_work/node_modules/.picomatch-gqwAWASd',
592 silly reify   '/mnt/data/technologia_work/node_modules/possible-typed-array-names': '/mnt/data/technologia_work/node_modules/.possible-typed-array-names-L5dt3avH',
592 silly reify   '/mnt/data/technologia_work/node_modules/postcss': '/mnt/data/technologia_work/node_modules/.postcss-rtMXcfNX',
592 silly reify   '/mnt/data/technologia_work/node_modules/postcss-value-parser': '/mnt/data/technologia_work/node_modules/.postcss-value-parser-Pi7fi8pk',
592 silly reify   '/mnt/data/technologia_work/node_modules/prelude-ls': '/mnt/data/technologia_work/node_modules/.prelude-ls-ez5cqpWH',
592 silly reify   '/mnt/data/technologia_work/node_modules/prop-types': '/mnt/data/technologia_work/node_modules/.prop-types-XXi5wV7Y',
592 silly reify   '/mnt/data/technologia_work/node_modules/punycode': '/mnt/data/technologia_work/node_modules/.punycode-djavm0a9',
592 silly reify   '/mnt/data/technologia_work/node_modules/queue-microtask': '/mnt/data/technologia_work/node_modules/.queue-microtask-bNp9kvX4',
592 silly reify   '/mnt/data/technologia_work/node_modules/react': '/mnt/data/technologia_work/node_modules/.react-sHhrcd4y',
592 silly reify   '/mnt/data/technologia_work/node_modules/react-dom': '/mnt/data/technologia_work/node_modules/.react-dom-QPYN5NlX',
592 silly reify   '/mnt/data/technologia_work/node_modules/react-is': '/mnt/data/technologia_work/node_modules/.react-is-2GzgYl5S',
592 silly reify   '/mnt/data/technologia_work/node_modules/react-server-dom-webpack': '/mnt/data/technologia_work/node_modules/.react-server-dom-webpack-RnquY41n',
592 silly reify   '/mnt/data/technologia_work/node_modules/reflect.getprototypeof': '/mnt/data/technologia_work/node_modules/.reflect.getprototypeof-t5USR9iN',
592 silly reify   '/mnt/data/technologia_work/node_modules/regexp.prototype.flags': '/mnt/data/technologia_work/node_modules/.regexp.prototype.flags-GzYmNQHL',
592 silly reify   '/mnt/data/technologia_work/node_modules/require-from-string': '/mnt/data/technologia_work/node_modules/.require-from-string-xN21Rzuf',
592 silly reify   '/mnt/data/technologia_work/node_modules/resolve': '/mnt/data/technologia_work/node_modules/.resolve-GHtmVH4c',
592 silly reify   '/mnt/data/technologia_work/node_modules/resolve-from': '/mnt/data/technologia_work/node_modules/.resolve-from-KlHzsws4',
592 silly reify   '/mnt/data/technologia_work/node_modules/resolve-pkg-maps': '/mnt/data/technologia_work/node_modules/.resolve-pkg-maps-EcGqoLfN',
592 silly reify   '/mnt/data/technologia_work/node_modules/reusify': '/mnt/data/technologia_work/node_modules/.reusify-ee5PwH6z',
592 silly reify   '/mnt/data/technologia_work/node_modules/rolldown': '/mnt/data/technologia_work/node_modules/.rolldown-pxNglnsL',
592 silly reify   '/mnt/data/technologia_work/node_modules/run-parallel': '/mnt/data/technologia_work/node_modules/.run-parallel-l2srpWdJ',
592 silly reify   '/mnt/data/technologia_work/node_modules/safe-array-concat': '/mnt/data/technologia_work/node_modules/.safe-array-concat-autLPeQY',
592 silly reify   '/mnt/data/technologia_work/node_modules/safe-push-apply': '/mnt/data/technologia_work/node_modules/.safe-push-apply-hsdFPFrJ',
592 silly reify   '/mnt/data/technologia_work/node_modules/safe-regex-test': '/mnt/data/technologia_work/node_modules/.safe-regex-test-cn1msVya',
592 silly reify   '/mnt/data/technologia_work/node_modules/satori': '/mnt/data/technologia_work/node_modules/.satori-dbkZZRV9',
592 silly reify   '/mnt/data/technologia_work/node_modules/scheduler': '/mnt/data/technologia_work/node_modules/.scheduler-wmkwyCG6',
592 silly reify   '/mnt/data/technologia_work/node_modules/schema-utils': '/mnt/data/technologia_work/node_modules/.schema-utils-mD5IWPOq',
592 silly reify   '/mnt/data/technologia_work/node_modules/semver': '/mnt/data/technologia_work/node_modules/.semver-IImb72yJ',
592 silly reify   '/mnt/data/technologia_work/node_modules/set-function-length': '/mnt/data/technologia_work/node_modules/.set-function-length-ZeDI5q93',
592 silly reify   '/mnt/data/technologia_work/node_modules/set-function-name': '/mnt/data/technologia_work/node_modules/.set-function-name-n5yGSB54',
592 silly reify   '/mnt/data/technologia_work/node_modules/set-proto': '/mnt/data/technologia_work/node_modules/.set-proto-LI8Mq9oQ',
592 silly reify   '/mnt/data/technologia_work/node_modules/sharp': '/mnt/data/technologia_work/node_modules/.sharp-GcaeE1fN',
592 silly reify   '/mnt/data/technologia_work/node_modules/shebang-command': '/mnt/data/technologia_work/node_modules/.shebang-command-kUpnVi2n',
592 silly reify   '/mnt/data/technologia_work/node_modules/shebang-regex': '/mnt/data/technologia_work/node_modules/.shebang-regex-wLbW3U5S',
592 silly reify   '/mnt/data/technologia_work/node_modules/side-channel': '/mnt/data/technologia_work/node_modules/.side-channel-uETU65ul',
592 silly reify   '/mnt/data/technologia_work/node_modules/side-channel-list': '/mnt/data/technologia_work/node_modules/.side-channel-list-F1QbPMgA',
592 silly reify   '/mnt/data/technologia_work/node_modules/side-channel-map': '/mnt/data/technologia_work/node_modules/.side-channel-map-xkdr6R7K',
592 silly reify   '/mnt/data/technologia_work/node_modules/side-channel-weakmap': '/mnt/data/technologia_work/node_modules/.side-channel-weakmap-RS5tZufk',
592 silly reify   '/mnt/data/technologia_work/node_modules/source-map': '/mnt/data/technologia_work/node_modules/.source-map-vnvXfWjR',
592 silly reify   '/mnt/data/technologia_work/node_modules/source-map-js': '/mnt/data/technologia_work/node_modules/.source-map-js-EAoVxGZ8',
592 silly reify   '/mnt/data/technologia_work/node_modules/source-map-support': '/mnt/data/technologia_work/node_modules/.source-map-support-rLBabCHB',
592 silly reify   '/mnt/data/technologia_work/node_modules/srvx': '/mnt/data/technologia_work/node_modules/.srvx-Zk0YONTT',
592 silly reify   '/mnt/data/technologia_work/node_modules/stable-hash': '/mnt/data/technologia_work/node_modules/.stable-hash-lYfUit4h',
592 silly reify   '/mnt/data/technologia_work/node_modules/stop-iteration-iterator': '/mnt/data/technologia_work/node_modules/.stop-iteration-iterator-kRfnVsC0',
592 silly reify   '/mnt/data/technologia_work/node_modules/string.prototype.codepointat': '/mnt/data/technologia_work/node_modules/.string.prototype.codepointat-z1RRzvPf',
592 silly reify   '/mnt/data/technologia_work/node_modules/string.prototype.includes': '/mnt/data/technologia_work/node_modules/.string.prototype.includes-TiPFVWRN',
592 silly reify   '/mnt/data/technologia_work/node_modules/string.prototype.matchall': '/mnt/data/technologia_work/node_modules/.string.prototype.matchall-ho2lpW9V',
592 silly reify   '/mnt/data/technologia_work/node_modules/string.prototype.repeat': '/mnt/data/technologia_work/node_modules/.string.prototype.repeat-pHg1dA7i',
592 silly reify   '/mnt/data/technologia_work/node_modules/string.prototype.trim': '/mnt/data/technologia_work/node_modules/.string.prototype.trim-VFOiSpRv',
592 silly reify   '/mnt/data/technologia_work/node_modules/string.prototype.trimend': '/mnt/data/technologia_work/node_modules/.string.prototype.trimend-L1fRRdOJ',
592 silly reify   '/mnt/data/technologia_work/node_modules/string.prototype.trimstart': '/mnt/data/technologia_work/node_modules/.string.prototype.trimstart-IK3JT8xI',
592 silly reify   '/mnt/data/technologia_work/node_modules/strip-bom': '/mnt/data/technologia_work/node_modules/.strip-bom-cvoZ4oih',
592 silly reify   '/mnt/data/technologia_work/node_modules/strip-json-comments': '/mnt/data/technologia_work/node_modules/.strip-json-comments-pniZHFRp',
592 silly reify   '/mnt/data/technologia_work/node_modules/strip-literal': '/mnt/data/technologia_work/node_modules/.strip-literal-OmRkURC4',
592 silly reify   '/mnt/data/technologia_work/node_modules/styled-jsx': '/mnt/data/technologia_work/node_modules/.styled-jsx-KDXGdIl3',
592 silly reify   '/mnt/data/technologia_work/node_modules/supports-color': '/mnt/data/technologia_work/node_modules/.supports-color-dJtz8eQJ',
592 silly reify   '/mnt/data/technologia_work/node_modules/supports-preserve-symlinks-flag': '/mnt/data/technologia_work/node_modules/.supports-preserve-symlinks-flag-7VckYorh',
592 silly reify   '/mnt/data/technologia_work/node_modules/tailwindcss': '/mnt/data/technologia_work/node_modules/.tailwindcss-zYVv8cl4',
592 silly reify   '/mnt/data/technologia_work/node_modules/tapable': '/mnt/data/technologia_work/node_modules/.tapable-CubaR27y',
592 silly reify   '/mnt/data/technologia_work/node_modules/terser': '/mnt/data/technologia_work/node_modules/.terser-iJvMMvck',
592 silly reify   '/mnt/data/technologia_work/node_modules/terser-webpack-plugin': '/mnt/data/technologia_work/node_modules/.terser-webpack-plugin-CvvA6H1S',
592 silly reify   '/mnt/data/technologia_work/node_modules/tiny-inflate': '/mnt/data/technologia_work/node_modules/.tiny-inflate-X7y5BpIX',
592 silly reify   '/mnt/data/technologia_work/node_modules/tinyglobby': '/mnt/data/technologia_work/node_modules/.tinyglobby-xLkGmk46',
592 silly reify   '/mnt/data/technologia_work/node_modules/to-regex-range': '/mnt/data/technologia_work/node_modules/.to-regex-range-V6I94grE',
592 silly reify   '/mnt/data/technologia_work/node_modules/ts-api-utils': '/mnt/data/technologia_work/node_modules/.ts-api-utils-dOs2W3d3',
592 silly reify   '/mnt/data/technologia_work/node_modules/tsconfck': '/mnt/data/technologia_work/node_modules/.tsconfck-UTF9mHNp',
592 silly reify   '/mnt/data/technologia_work/node_modules/tsconfig-paths': '/mnt/data/technologia_work/node_modules/.tsconfig-paths-oSc5VIdI',
592 silly reify   '/mnt/data/technologia_work/node_modules/tslib': '/mnt/data/technologia_work/node_modules/.tslib-ufLTmuyP',
592 silly reify   '/mnt/data/technologia_work/node_modules/tsx': '/mnt/data/technologia_work/node_modules/.tsx-ME29gmb3',
592 silly reify   '/mnt/data/technologia_work/node_modules/turbo-stream': '/mnt/data/technologia_work/node_modules/.turbo-stream-9wXBS23f',
592 silly reify   '/mnt/data/technologia_work/node_modules/type-check': '/mnt/data/technologia_work/node_modules/.type-check-8WPZTlif',
592 silly reify   '/mnt/data/technologia_work/node_modules/typed-array-buffer': '/mnt/data/technologia_work/node_modules/.typed-array-buffer-luMiMZ30',
592 silly reify   '/mnt/data/technologia_work/node_modules/typed-array-byte-length': '/mnt/data/technologia_work/node_modules/.typed-array-byte-length-MobldohO',
592 silly reify   '/mnt/data/technologia_work/node_modules/typed-array-byte-offset': '/mnt/data/technologia_work/node_modules/.typed-array-byte-offset-a7sdQuuB',
592 silly reify   '/mnt/data/technologia_work/node_modules/typed-array-length': '/mnt/data/technologia_work/node_modules/.typed-array-length-B8VkvT5u',
592 silly reify   '/mnt/data/technologia_work/node_modules/typescript': '/mnt/data/technologia_work/node_modules/.typescript-AYU86p6h',
592 silly reify   '/mnt/data/technologia_work/node_modules/typescript-eslint': '/mnt/data/technologia_work/node_modules/.typescript-eslint-7wI4mlKq',
592 silly reify   '/mnt/data/technologia_work/node_modules/unbox-primitive': '/mnt/data/technologia_work/node_modules/.unbox-primitive-Lpch2tk2',
592 silly reify   '/mnt/data/technologia_work/node_modules/undici': '/mnt/data/technologia_work/node_modules/.undici-bUCDNFJP',
592 silly reify   '/mnt/data/technologia_work/node_modules/undici-types': '/mnt/data/technologia_work/node_modules/.undici-types-KKRxnK5G',
592 silly reify   '/mnt/data/technologia_work/node_modules/unenv': '/mnt/data/technologia_work/node_modules/.unenv-g3mA0Ap7',
592 silly reify   '/mnt/data/technologia_work/node_modules/unicode-trie': '/mnt/data/technologia_work/node_modules/.unicode-trie-xBcc3Z0O',
592 silly reify   '/mnt/data/technologia_work/node_modules/unpic': '/mnt/data/technologia_work/node_modules/.unpic-4Jg7Nt3K',
592 silly reify   '/mnt/data/technologia_work/node_modules/unrs-resolver': '/mnt/data/technologia_work/node_modules/.unrs-resolver-IwKkMiZg',
592 silly reify   '/mnt/data/technologia_work/node_modules/update-browserslist-db': '/mnt/data/technologia_work/node_modules/.update-browserslist-db-t7kE6GXz',
592 silly reify   '/mnt/data/technologia_work/node_modules/uri-js': '/mnt/data/technologia_work/node_modules/.uri-js-5y0q0qzz',
592 silly reify   '/mnt/data/technologia_work/node_modules/vinext': '/mnt/data/technologia_work/node_modules/.vinext-Lh98vwwv',
592 silly reify   '/mnt/data/technologia_work/node_modules/vite': '/mnt/data/technologia_work/node_modules/.vite-FJ7wkmjg',
592 silly reify   '/mnt/data/technologia_work/node_modules/vite-plugin-commonjs': '/mnt/data/technologia_work/node_modules/.vite-plugin-commonjs-TtUIec3a',
592 silly reify   '/mnt/data/technologia_work/node_modules/vite-plugin-dynamic-import': '/mnt/data/technologia_work/node_modules/.vite-plugin-dynamic-import-i5ZUzlOE',
592 silly reify   '/mnt/data/technologia_work/node_modules/vite-tsconfig-paths': '/mnt/data/technologia_work/node_modules/.vite-tsconfig-paths-GcDaG1o5',
592 silly reify   '/mnt/data/technologia_work/node_modules/vitefu': '/mnt/data/technologia_work/node_modules/.vitefu-dW4mAvfB',
592 silly reify   '/mnt/data/technologia_work/node_modules/watchpack': '/mnt/data/technologia_work/node_modules/.watchpack-00ase0SV',
592 silly reify   '/mnt/data/technologia_work/node_modules/web-vitals': '/mnt/data/technologia_work/node_modules/.web-vitals-guMg3obe',
592 silly reify   '/mnt/data/technologia_work/node_modules/webpack': '/mnt/data/technologia_work/node_modules/.webpack-VJnG1eq9',
592 silly reify   '/mnt/data/technologia_work/node_modules/webpack-sources': '/mnt/data/technologia_work/node_modules/.webpack-sources-xcsmdHaI',
592 silly reify   '/mnt/data/technologia_work/node_modules/which': '/mnt/data/technologia_work/node_modules/.which-lcmjzW0Y',
592 silly reify   '/mnt/data/technologia_work/node_modules/which-boxed-primitive': '/mnt/data/technologia_work/node_modules/.which-boxed-primitive-zehXPGxU',
592 silly reify   '/mnt/data/technologia_work/node_modules/which-builtin-type': '/mnt/data/technologia_work/node_modules/.which-builtin-type-I3kXxvDL',
592 silly reify   '/mnt/data/technologia_work/node_modules/which-collection': '/mnt/data/technologia_work/node_modules/.which-collection-Salz8PJu',
592 silly reify   '/mnt/data/technologia_work/node_modules/which-typed-array': '/mnt/data/technologia_work/node_modules/.which-typed-array-4rPxCtNq',
592 silly reify   '/mnt/data/technologia_work/node_modules/word-wrap': '/mnt/data/technologia_work/node_modules/.word-wrap-aEhQqU36',
592 silly reify   '/mnt/data/technologia_work/node_modules/workerd': '/mnt/data/technologia_work/node_modules/.workerd-WPG0iFYg',
592 silly reify   '/mnt/data/technologia_work/node_modules/wrangler': '/mnt/data/technologia_work/node_modules/.wrangler-TlZuCVMl',
592 silly reify   '/mnt/data/technologia_work/node_modules/ws': '/mnt/data/technologia_work/node_modules/.ws-GL50ZFzI',
592 silly reify   '/mnt/data/technologia_work/node_modules/yallist': '/mnt/data/technologia_work/node_modules/.yallist-aldk6ORX',
592 silly reify   '/mnt/data/technologia_work/node_modules/yocto-queue': '/mnt/data/technologia_work/node_modules/.yocto-queue-20yakBav',
592 silly reify   '/mnt/data/technologia_work/node_modules/yoga-layout': '/mnt/data/technologia_work/node_modules/.yoga-layout-m5TQSytD',
592 silly reify   '/mnt/data/technologia_work/node_modules/youch': '/mnt/data/technologia_work/node_modules/.youch-4uRLSaqo',
592 silly reify   '/mnt/data/technologia_work/node_modules/youch-core': '/mnt/data/technologia_work/node_modules/.youch-core-v4UswGWY',
592 silly reify   '/mnt/data/technologia_work/node_modules/zod': '/mnt/data/technologia_work/node_modules/.zod-wGPDUeue',
592 silly reify   '/mnt/data/technologia_work/node_modules/zod-validation-error': '/mnt/data/technologia_work/node_modules/.zod-validation-error-qZHrXoDf',
592 silly reify   '/mnt/data/technologia_work/node_modules/@alloc/quick-lru': '/mnt/data/technologia_work/node_modules/@alloc/.quick-lru-Eedt7FLF',
592 silly reify   '/mnt/data/technologia_work/node_modules/@babel/code-frame': '/mnt/data/technologia_work/node_modules/@babel/.code-frame-KGaF3uyS',
592 silly reify   '/mnt/data/technologia_work/node_modules/@babel/compat-data': '/mnt/data/technologia_work/node_modules/@babel/.compat-data-e7WVa8Mt',
592 silly reify   '/mnt/data/technologia_work/node_modules/@babel/core': '/mnt/data/technologia_work/node_modules/@babel/.core-Vh9wWGBI',
592 silly reify   '/mnt/data/technologia_work/node_modules/@babel/generator': '/mnt/data/technologia_work/node_modules/@babel/.generator-GH6tNRxh',
592 silly reify   '/mnt/data/technologia_work/node_modules/@babel/helper-compilation-targets': '/mnt/data/technologia_work/node_modules/@babel/.helper-compilation-targets-G4K7Hokm',
592 silly reify   '/mnt/data/technologia_work/node_modules/@babel/helper-globals': '/mnt/data/technologia_work/node_modules/@babel/.helper-globals-IMX85Mda',
592 silly reify   '/mnt/data/technologia_work/node_modules/@babel/helper-module-imports': '/mnt/data/technologia_work/node_modules/@babel/.helper-module-imports-BfkUnqQU',
592 silly reify   '/mnt/data/technologia_work/node_modules/@babel/helper-module-transforms': '/mnt/data/technologia_work/node_modules/@babel/.helper-module-transforms-P2f3tB8j',
592 silly reify   '/mnt/data/technologia_work/node_modules/@babel/helper-string-parser': '/mnt/data/technologia_work/node_modules/@babel/.helper-string-parser-RUDjycHT',
592 silly reify   '/mnt/data/technologia_work/node_modules/@babel/helper-validator-identifier': '/mnt/data/technologia_work/node_modules/@babel/.helper-validator-identifier-zBTprztZ',
592 silly reify   '/mnt/data/technologia_work/node_modules/@babel/helper-validator-option': '/mnt/data/technologia_work/node_modules/@babel/.helper-validator-option-ANDnzYW1',
592 silly reify   '/mnt/data/technologia_work/node_modules/@babel/helpers': '/mnt/data/technologia_work/node_modules/@babel/.helpers-h1lMMbD3',
592 silly reify   '/mnt/data/technologia_work/node_modules/@babel/parser': '/mnt/data/technologia_work/node_modules/@babel/.parser-OWXnfudr',
592 silly reify   '/mnt/data/technologia_work/node_modules/@babel/template': '/mnt/data/technologia_work/node_modules/@babel/.template-EcdK3Wxo',
592 silly reify   '/mnt/data/technologia_work/node_modules/@babel/traverse': '/mnt/data/technologia_work/node_modules/@babel/.traverse-n6fbHN6z',
592 silly reify   '/mnt/data/technologia_work/node_modules/@babel/types': '/mnt/data/technologia_work/node_modules/@babel/.types-ul7X6nAN',
592 silly reify   '/mnt/data/technologia_work/node_modules/@cloudflare/kv-asset-handler': '/mnt/data/technologia_work/node_modules/@cloudflare/.kv-asset-handler-Z706GHPd',
592 silly reify   '/mnt/data/technologia_work/node_modules/@cloudflare/unenv-preset': '/mnt/data/technologia_work/node_modules/@cloudflare/.unenv-preset-dpe6ykxJ',
592 silly reify   '/mnt/data/technologia_work/node_modules/@cloudflare/vite-plugin': '/mnt/data/technologia_work/node_modules/@cloudflare/.vite-plugin-0qZrL8oQ',
592 silly reify   '/mnt/data/technologia_work/node_modules/@cloudflare/workerd-darwin-64': '/mnt/data/technologia_work/node_modules/@cloudflare/.workerd-darwin-64-55TJQNIT',
592 silly reify   '/mnt/data/technologia_work/node_modules/@cloudflare/workerd-darwin-arm64': '/mnt/data/technologia_work/node_modules/@cloudflare/.workerd-darwin-arm64-caBWrPav',
592 silly reify   '/mnt/data/technologia_work/node_modules/@cloudflare/workerd-linux-64': '/mnt/data/technologia_work/node_modules/@cloudflare/.workerd-linux-64-c3BN4bJ5',
592 silly reify   '/mnt/data/technologia_work/node_modules/@cloudflare/workerd-linux-arm64': '/mnt/data/technologia_work/node_modules/@cloudflare/.workerd-linux-arm64-cS04yZZp',
592 silly reify   '/mnt/data/technologia_work/node_modules/@cloudflare/workerd-windows-64': '/mnt/data/technologia_work/node_modules/@cloudflare/.workerd-windows-64-NRih8yO9',
592 silly reify   '/mnt/data/technologia_work/node_modules/@cspotcode/source-map-support': '/mnt/data/technologia_work/node_modules/@cspotcode/.source-map-support-zsPvuujO',
592 silly reify   '/mnt/data/technologia_work/node_modules/@drizzle-team/brocli': '/mnt/data/technologia_work/node_modules/@drizzle-team/.brocli-Fyc6JWGc',
592 silly reify   '/mnt/data/technologia_work/node_modules/@emnapi/core': '/mnt/data/technologia_work/node_modules/@emnapi/.core-Wz7IfOln',
592 silly reify   '/mnt/data/technologia_work/node_modules/@emnapi/runtime': '/mnt/data/technologia_work/node_modules/@emnapi/.runtime-cvNOdf6x',
592 silly reify   '/mnt/data/technologia_work/node_modules/@emnapi/wasi-threads': '/mnt/data/technologia_work/node_modules/@emnapi/.wasi-threads-4OQbiR31',
592 silly reify   '/mnt/data/technologia_work/node_modules/@esbuild/aix-ppc64': '/mnt/data/technologia_work/node_modules/@esbuild/.aix-ppc64-vLvUOg3G',
592 silly reify   '/mnt/data/technologia_work/node_modules/@esbuild/android-arm': '/mnt/data/technologia_work/node_modules/@esbuild/.android-arm-PjZhW28z',
592 silly reify   '/mnt/data/technologia_work/node_modules/@esbuild/android-arm64': '/mnt/data/technologia_work/node_modules/@esbuild/.android-arm64-yyCRjQmr',
592 silly reify   '/mnt/data/technologia_work/node_modules/@esbuild/android-x64': '/mnt/data/technologia_work/node_modules/@esbuild/.android-x64-E1Jdv7ao',
592 silly reify   '/mnt/data/technologia_work/node_modules/@esbuild/darwin-arm64': '/mnt/data/technologia_work/node_modules/@esbuild/.darwin-arm64-AkvcrfoK',
592 silly reify   '/mnt/data/technologia_work/node_modules/@esbuild/darwin-x64': '/mnt/data/technologia_work/node_modules/@esbuild/.darwin-x64-KCh857VI',
592 silly reify   '/mnt/data/technologia_work/node_modules/@esbuild/freebsd-arm64': '/mnt/data/technologia_work/node_modules/@esbuild/.freebsd-arm64-02lGlR7Q',
592 silly reify   '/mnt/data/technologia_work/node_modules/@esbuild/freebsd-x64': '/mnt/data/technologia_work/node_modules/@esbuild/.freebsd-x64-v6NyISL5',
592 silly reify   '/mnt/data/technologia_work/node_modules/@esbuild/linux-arm': '/mnt/data/technologia_work/node_modules/@esbuild/.linux-arm-nI2rW6Wl',
592 silly reify   '/mnt/data/technologia_work/node_modules/@esbuild/linux-arm64': '/mnt/data/technologia_work/node_modules/@esbuild/.linux-arm64-whHrUnTO',
592 silly reify   '/mnt/data/technologia_work/node_modules/@esbuild/linux-ia32': '/mnt/data/technologia_work/node_modules/@esbuild/.linux-ia32-MXQHfwDH',
592 silly reify   '/mnt/data/technologia_work/node_modules/@esbuild/linux-loong64': '/mnt/data/technologia_work/node_modules/@esbuild/.linux-loong64-wR6BLN5E',
592 silly reify   '/mnt/data/technologia_work/node_modules/@esbuild/linux-mips64el': '/mnt/data/technologia_work/node_modules/@esbuild/.linux-mips64el-mXI30Zc4',
592 silly reify   '/mnt/data/technologia_work/node_modules/@esbuild/linux-ppc64': '/mnt/data/technologia_work/node_modules/@esbuild/.linux-ppc64-Ix3VvB1t',
592 silly reify   '/mnt/data/technologia_work/node_modules/@esbuild/linux-riscv64': '/mnt/data/technologia_work/node_modules/@esbuild/.linux-riscv64-ZrUU2uTq',
592 silly reify   '/mnt/data/technologia_work/node_modules/@esbuild/linux-s390x': '/mnt/data/technologia_work/node_modules/@esbuild/.linux-s390x-PjElCngd',
592 silly reify   '/mnt/data/technologia_work/node_modules/@esbuild/linux-x64': '/mnt/data/technologia_work/node_modules/@esbuild/.linux-x64-vSPncgcu',
592 silly reify   '/mnt/data/technologia_work/node_modules/@esbuild/netbsd-arm64': '/mnt/data/technologia_work/node_modules/@esbuild/.netbsd-arm64-1b97mTth',
592 silly reify   '/mnt/data/technologia_work/node_modules/@esbuild/netbsd-x64': '/mnt/data/technologia_work/node_modules/@esbuild/.netbsd-x64-7BI8m8oj',
592 silly reify   '/mnt/data/technologia_work/node_modules/@esbuild/openbsd-arm64': '/mnt/data/technologia_work/node_modules/@esbuild/.openbsd-arm64-GL1WYEQc',
592 silly reify   '/mnt/data/technologia_work/node_modules/@esbuild/openbsd-x64': '/mnt/data/technologia_work/node_modules/@esbuild/.openbsd-x64-hpRLYbba',
592 silly reify   '/mnt/data/technologia_work/node_modules/@esbuild/openharmony-arm64': '/mnt/data/technologia_work/node_modules/@esbuild/.openharmony-arm64-tJUNPShT',
592 silly reify   '/mnt/data/technologia_work/node_modules/@esbuild/sunos-x64': '/mnt/data/technologia_work/node_modules/@esbuild/.sunos-x64-BsQbA4AM',
592 silly reify   '/mnt/data/technologia_work/node_modules/@esbuild/win32-arm64': '/mnt/data/technologia_work/node_modules/@esbuild/.win32-arm64-WQtQ1l44',
592 silly reify   '/mnt/data/technologia_work/node_modules/@esbuild/win32-ia32': '/mnt/data/technologia_work/node_modules/@esbuild/.win32-ia32-XzoS9Hun',
592 silly reify   '/mnt/data/technologia_work/node_modules/@esbuild/win32-x64': '/mnt/data/technologia_work/node_modules/@esbuild/.win32-x64-5NLLFBg0',
592 silly reify   '/mnt/data/technologia_work/node_modules/@esbuild-kit/core-utils': '/mnt/data/technologia_work/node_modules/@esbuild-kit/.core-utils-y5ooh6u0',
592 silly reify   '/mnt/data/technologia_work/node_modules/@esbuild-kit/esm-loader': '/mnt/data/technologia_work/node_modules/@esbuild-kit/.esm-loader-Fhu3VPCe',
592 silly reify   '/mnt/data/technologia_work/node_modules/@eslint/config-array': '/mnt/data/technologia_work/node_modules/@eslint/.config-array-rX4ZFDTZ',
592 silly reify   '/mnt/data/technologia_work/node_modules/@eslint/config-helpers': '/mnt/data/technologia_work/node_modules/@eslint/.config-helpers-BorAfpJE',
592 silly reify   '/mnt/data/technologia_work/node_modules/@eslint/core': '/mnt/data/technologia_work/node_modules/@eslint/.core-nsssS0CL',
592 silly reify   '/mnt/data/technologia_work/node_modules/@eslint/eslintrc': '/mnt/data/technologia_work/node_modules/@eslint/.eslintrc-8mDN8oFV',
592 silly reify   '/mnt/data/technologia_work/node_modules/@eslint/js': '/mnt/data/technologia_work/node_modules/@eslint/.js-ILWrulcc',
592 silly reify   '/mnt/data/technologia_work/node_modules/@eslint/object-schema': '/mnt/data/technologia_work/node_modules/@eslint/.object-schema-pyQwIOzj',
592 silly reify   '/mnt/data/technologia_work/node_modules/@eslint/plugin-kit': '/mnt/data/technologia_work/node_modules/@eslint/.plugin-kit-QJn1hPhC',
592 silly reify   '/mnt/data/technologia_work/node_modules/@eslint-community/eslint-utils': '/mnt/data/technologia_work/node_modules/@eslint-community/.eslint-utils-L7nJTb9h',
592 silly reify   '/mnt/data/technologia_work/node_modules/@eslint-community/regexpp': '/mnt/data/technologia_work/node_modules/@eslint-community/.regexpp-BAtPzRWZ',
592 silly reify   '/mnt/data/technologia_work/node_modules/@humanfs/core': '/mnt/data/technologia_work/node_modules/@humanfs/.core-gUrog1QD',
592 silly reify   '/mnt/data/technologia_work/node_modules/@humanfs/node': '/mnt/data/technologia_work/node_modules/@humanfs/.node-V1GwtFtq',
592 silly reify   '/mnt/data/technologia_work/node_modules/@humanfs/types': '/mnt/data/technologia_work/node_modules/@humanfs/.types-oUCQOwpC',
592 silly reify   '/mnt/data/technologia_work/node_modules/@humanwhocodes/module-importer': '/mnt/data/technologia_work/node_modules/@humanwhocodes/.module-importer-lO0BR0Az',
592 silly reify   '/mnt/data/technologia_work/node_modules/@humanwhocodes/retry': '/mnt/data/technologia_work/node_modules/@humanwhocodes/.retry-Qyk6MdSf',
592 silly reify   '/mnt/data/technologia_work/node_modules/@img/colour': '/mnt/data/technologia_work/node_modules/@img/.colour-70lPqa1m',
592 silly reify   '/mnt/data/technologia_work/node_modules/@img/sharp-darwin-arm64': '/mnt/data/technologia_work/node_modules/@img/.sharp-darwin-arm64-b4ZUmszE',
592 silly reify   '/mnt/data/technologia_work/node_modules/@img/sharp-darwin-x64': '/mnt/data/technologia_work/node_modules/@img/.sharp-darwin-x64-eeCEACz0',
592 silly reify   '/mnt/data/technologia_work/node_modules/@img/sharp-libvips-darwin-arm64': '/mnt/data/technologia_work/node_modules/@img/.sharp-libvips-darwin-arm64-Ta19KmV2',
592 silly reify   '/mnt/data/technologia_work/node_modules/@img/sharp-libvips-darwin-x64': '/mnt/data/technologia_work/node_modules/@img/.sharp-libvips-darwin-x64-V0YOHHrn',
592 silly reify   '/mnt/data/technologia_work/node_modules/@img/sharp-libvips-linux-arm': '/mnt/data/technologia_work/node_modules/@img/.sharp-libvips-linux-arm-aeHYEpGG',
592 silly reify   '/mnt/data/technologia_work/node_modules/@img/sharp-libvips-linux-arm64': '/mnt/data/technologia_work/node_modules/@img/.sharp-libvips-linux-arm64-lOUg6mKk',
592 silly reify   '/mnt/data/technologia_work/node_modules/@img/sharp-libvips-linux-ppc64': '/mnt/data/technologia_work/node_modules/@img/.sharp-libvips-linux-ppc64-mjSseu5N',
592 silly reify   '/mnt/data/technologia_work/node_modules/@img/sharp-libvips-linux-riscv64': '/mnt/data/technologia_work/node_modules/@img/.sharp-libvips-linux-riscv64-E430y2ta',
592 silly reify   '/mnt/data/technologia_work/node_modules/@img/sharp-libvips-linux-s390x': '/mnt/data/technologia_work/node_modules/@img/.sharp-libvips-linux-s390x-JsbfDaUY',
592 silly reify   '/mnt/data/technologia_work/node_modules/@img/sharp-libvips-linux-x64': '/mnt/data/technologia_work/node_modules/@img/.sharp-libvips-linux-x64-5yQkBQlV',
592 silly reify   '/mnt/data/technologia_work/node_modules/@img/sharp-libvips-linuxmusl-arm64': '/mnt/data/technologia_work/node_modules/@img/.sharp-libvips-linuxmusl-arm64-6EeeGxfz',
592 silly reify   '/mnt/data/technologia_work/node_modules/@img/sharp-libvips-linuxmusl-x64': '/mnt/data/technologia_work/node_modules/@img/.sharp-libvips-linuxmusl-x64-GpgfbDbs',
592 silly reify   '/mnt/data/technologia_work/node_modules/@img/sharp-linux-arm': '/mnt/data/technologia_work/node_modules/@img/.sharp-linux-arm-BLGS88sm',
592 silly reify   '/mnt/data/technologia_work/node_modules/@img/sharp-linux-arm64': '/mnt/data/technologia_work/node_modules/@img/.sharp-linux-arm64-YgDcmwC0',
592 silly reify   '/mnt/data/technologia_work/node_modules/@img/sharp-linux-ppc64': '/mnt/data/technologia_work/node_modules/@img/.sharp-linux-ppc64-PTYIzM66',
592 silly reify   '/mnt/data/technologia_work/node_modules/@img/sharp-linux-riscv64': '/mnt/data/technologia_work/node_modules/@img/.sharp-linux-riscv64-RHC4PNDk',
592 silly reify   '/mnt/data/technologia_work/node_modules/@img/sharp-linux-s390x': '/mnt/data/technologia_work/node_modules/@img/.sharp-linux-s390x-TBDGPczV',
592 silly reify   '/mnt/data/technologia_work/node_modules/@img/sharp-linux-x64': '/mnt/data/technologia_work/node_modules/@img/.sharp-linux-x64-WaFR1iGc',
592 silly reify   '/mnt/data/technologia_work/node_modules/@img/sharp-linuxmusl-arm64': '/mnt/data/technologia_work/node_modules/@img/.sharp-linuxmusl-arm64-mPngyMPY',
592 silly reify   '/mnt/data/technologia_work/node_modules/@img/sharp-linuxmusl-x64': '/mnt/data/technologia_work/node_modules/@img/.sharp-linuxmusl-x64-bYPxvXZG',
592 silly reify   '/mnt/data/technologia_work/node_modules/@img/sharp-wasm32': '/mnt/data/technologia_work/node_modules/@img/.sharp-wasm32-uIzC69Za',
592 silly reify   '/mnt/data/technologia_work/node_modules/@img/sharp-win32-arm64': '/mnt/data/technologia_work/node_modules/@img/.sharp-win32-arm64-DLaB3QIx',
592 silly reify   '/mnt/data/technologia_work/node_modules/@img/sharp-win32-ia32': '/mnt/data/technologia_work/node_modules/@img/.sharp-win32-ia32-Jy3sTCoO',
592 silly reify   '/mnt/data/technologia_work/node_modules/@img/sharp-win32-x64': '/mnt/data/technologia_work/node_modules/@img/.sharp-win32-x64-7FkbUqLg',
592 silly reify   '/mnt/data/technologia_work/node_modules/@jridgewell/gen-mapping': '/mnt/data/technologia_work/node_modules/@jridgewell/.gen-mapping-dLUwHoqv',
592 silly reify   '/mnt/data/technologia_work/node_modules/@jridgewell/remapping': '/mnt/data/technologia_work/node_modules/@jridgewell/.remapping-ck3MT2ly',
592 silly reify   '/mnt/data/technologia_work/node_modules/@jridgewell/resolve-uri': '/mnt/data/technologia_work/node_modules/@jridgewell/.resolve-uri-ZIkbz87k',
592 silly reify   '/mnt/data/technologia_work/node_modules/@jridgewell/source-map': '/mnt/data/technologia_work/node_modules/@jridgewell/.source-map-7w7Sq3dO',
592 silly reify   '/mnt/data/technologia_work/node_modules/@jridgewell/sourcemap-codec': '/mnt/data/technologia_work/node_modules/@jridgewell/.sourcemap-codec-42fXk05t',
592 silly reify   '/mnt/data/technologia_work/node_modules/@jridgewell/trace-mapping': '/mnt/data/technologia_work/node_modules/@jridgewell/.trace-mapping-dFuLMxT6',
592 silly reify   '/mnt/data/technologia_work/node_modules/@napi-rs/wasm-runtime': '/mnt/data/technologia_work/node_modules/@napi-rs/.wasm-runtime-qaNyj2y3',
592 silly reify   '/mnt/data/technologia_work/node_modules/@next/env': '/mnt/data/technologia_work/node_modules/@next/.env-rNgBrDgb',
592 silly reify   '/mnt/data/technologia_work/node_modules/@next/eslint-plugin-next': '/mnt/data/technologia_work/node_modules/@next/.eslint-plugin-next-CF1ov38J',
592 silly reify   '/mnt/data/technologia_work/node_modules/@next/swc-darwin-arm64': '/mnt/data/technologia_work/node_modules/@next/.swc-darwin-arm64-wiU6K6oP',
592 silly reify   '/mnt/data/technologia_work/node_modules/@next/swc-darwin-x64': '/mnt/data/technologia_work/node_modules/@next/.swc-darwin-x64-w9Be9BSq',
592 silly reify   '/mnt/data/technologia_work/node_modules/@next/swc-linux-arm64-gnu': '/mnt/data/technologia_work/node_modules/@next/.swc-linux-arm64-gnu-y5iU66ue',
592 silly reify   '/mnt/data/technologia_work/node_modules/@next/swc-linux-arm64-musl': '/mnt/data/technologia_work/node_modules/@next/.swc-linux-arm64-musl-uw3r75kO',
592 silly reify   '/mnt/data/technologia_work/node_modules/@next/swc-linux-x64-gnu': '/mnt/data/technologia_work/node_modules/@next/.swc-linux-x64-gnu-fsEhKPSi',
592 silly reify   '/mnt/data/technologia_work/node_modules/@next/swc-linux-x64-musl': '/mnt/data/technologia_work/node_modules/@next/.swc-linux-x64-musl-KSuYzsJG',
592 silly reify   '/mnt/data/technologia_work/node_modules/@next/swc-win32-arm64-msvc': '/mnt/data/technologia_work/node_modules/@next/.swc-win32-arm64-msvc-1Qui36hD',
592 silly reify   '/mnt/data/technologia_work/node_modules/@next/swc-win32-x64-msvc': '/mnt/data/technologia_work/node_modules/@next/.swc-win32-x64-msvc-vCe21tF5',
592 silly reify   '/mnt/data/technologia_work/node_modules/@nodelib/fs.scandir': '/mnt/data/technologia_work/node_modules/@nodelib/.fs.scandir-qD1xgmKw',
592 silly reify   '/mnt/data/technologia_work/node_modules/@nodelib/fs.stat': '/mnt/data/technologia_work/node_modules/@nodelib/.fs.stat-5uspM4j0',
592 silly reify   '/mnt/data/technologia_work/node_modules/@nodelib/fs.walk': '/mnt/data/technologia_work/node_modules/@nodelib/.fs.walk-ivmFR9Ty',
592 silly reify   '/mnt/data/technologia_work/node_modules/@nolyfill/is-core-module': '/mnt/data/technologia_work/node_modules/@nolyfill/.is-core-module-NdXOn9Hp',
592 silly reify   '/mnt/data/technologia_work/node_modules/@oxc-project/types': '/mnt/data/technologia_work/node_modules/@oxc-project/.types-VJYxJPak',
592 silly reify   '/mnt/data/technologia_work/node_modules/@poppinss/colors': '/mnt/data/technologia_work/node_modules/@poppinss/.colors-e4xtBliz',
592 silly reify   '/mnt/data/technologia_work/node_modules/@poppinss/dumper': '/mnt/data/technologia_work/node_modules/@poppinss/.dumper-tRMxE5YW',
592 silly reify   '/mnt/data/technologia_work/node_modules/@poppinss/exception': '/mnt/data/technologia_work/node_modules/@poppinss/.exception-KrcDLj4E',
592 silly reify   '/mnt/data/technologia_work/node_modules/@resvg/resvg-wasm': '/mnt/data/technologia_work/node_modules/@resvg/.resvg-wasm-LEMlF2LR',
592 silly reify   '/mnt/data/technologia_work/node_modules/@rolldown/binding-android-arm64': '/mnt/data/technologia_work/node_modules/@rolldown/.binding-android-arm64-nHGwZZpZ',
592 silly reify   '/mnt/data/technologia_work/node_modules/@rolldown/binding-darwin-arm64': '/mnt/data/technologia_work/node_modules/@rolldown/.binding-darwin-arm64-qjFBmWly',
592 silly reify   '/mnt/data/technologia_work/node_modules/@rolldown/binding-darwin-x64': '/mnt/data/technologia_work/node_modules/@rolldown/.binding-darwin-x64-lFghX3pM',
592 silly reify   '/mnt/data/technologia_work/node_modules/@rolldown/binding-freebsd-x64': '/mnt/data/technologia_work/node_modules/@rolldown/.binding-freebsd-x64-U2FRvAaf',
592 silly reify   '/mnt/data/technologia_work/node_modules/@rolldown/binding-linux-arm-gnueabihf': '/mnt/data/technologia_work/node_modules/@rolldown/.binding-linux-arm-gnueabihf-Q6QtgJdY',
592 silly reify   '/mnt/data/technologia_work/node_modules/@rolldown/binding-linux-arm64-gnu': '/mnt/data/technologia_work/node_modules/@rolldown/.binding-linux-arm64-gnu-salJpHVr',
592 silly reify   '/mnt/data/technologia_work/node_modules/@rolldown/binding-linux-arm64-musl': '/mnt/data/technologia_work/node_modules/@rolldown/.binding-linux-arm64-musl-hCuRVCJg',
592 silly reify   '/mnt/data/technologia_work/node_modules/@rolldown/binding-linux-ppc64-gnu': '/mnt/data/technologia_work/node_modules/@rolldown/.binding-linux-ppc64-gnu-KA7RBTc6',
592 silly reify   '/mnt/data/technologia_work/node_modules/@rolldown/binding-linux-s390x-gnu': '/mnt/data/technologia_work/node_modules/@rolldown/.binding-linux-s390x-gnu-Ajzd8yXO',
592 silly reify   '/mnt/data/technologia_work/node_modules/@rolldown/binding-linux-x64-gnu': '/mnt/data/technologia_work/node_modules/@rolldown/.binding-linux-x64-gnu-jAroKYaX',
592 silly reify   '/mnt/data/technologia_work/node_modules/@rolldown/binding-linux-x64-musl': '/mnt/data/technologia_work/node_modules/@rolldown/.binding-linux-x64-musl-vgNKxX05',
592 silly reify   '/mnt/data/technologia_work/node_modules/@rolldown/binding-openharmony-arm64': '/mnt/data/technologia_work/node_modules/@rolldown/.binding-openharmony-arm64-R78B1FOA',
592 silly reify   '/mnt/data/technologia_work/node_modules/@rolldown/binding-wasm32-wasi': '/mnt/data/technologia_work/node_modules/@rolldown/.binding-wasm32-wasi-g8RYWfH9',
592 silly reify   '/mnt/data/technologia_work/node_modules/@rolldown/binding-win32-arm64-msvc': '/mnt/data/technologia_work/node_modules/@rolldown/.binding-win32-arm64-msvc-PYlc1Adc',
592 silly reify   '/mnt/data/technologia_work/node_modules/@rolldown/binding-win32-x64-msvc': '/mnt/data/technologia_work/node_modules/@rolldown/.binding-win32-x64-msvc-XberNL5S',
592 silly reify   '/mnt/data/technologia_work/node_modules/@rolldown/pluginutils': '/mnt/data/technologia_work/node_modules/@rolldown/.pluginutils-JuCeSRce',
592 silly reify   '/mnt/data/technologia_work/node_modules/@rtsao/scc': '/mnt/data/technologia_work/node_modules/@rtsao/.scc-gugKzok0',
592 silly reify   '/mnt/data/technologia_work/node_modules/@shuding/opentype.js': '/mnt/data/technologia_work/node_modules/@shuding/.opentype.js-apWMRYv8',
592 silly reify   '/mnt/data/technologia_work/node_modules/@sindresorhus/is': '/mnt/data/technologia_work/node_modules/@sindresorhus/.is-hJI781lQ',
592 silly reify   '/mnt/data/technologia_work/node_modules/@speed-highlight/core': '/mnt/data/technologia_work/node_modules/@speed-highlight/.core-fnfLcjuV',
592 silly reify   '/mnt/data/technologia_work/node_modules/@swc/helpers': '/mnt/data/technologia_work/node_modules/@swc/.helpers-dbuWrn4C',
592 silly reify   '/mnt/data/technologia_work/node_modules/@tailwindcss/oxide': '/mnt/data/technologia_work/node_modules/@tailwindcss/.oxide-MzE89ZA2',
592 silly reify   '/mnt/data/technologia_work/node_modules/@tailwindcss/node': '/mnt/data/technologia_work/node_modules/@tailwindcss/.node-1aquJMhx',
592 silly reify   '/mnt/data/technologia_work/node_modules/@tailwindcss/oxide-android-arm64': '/mnt/data/technologia_work/node_modules/@tailwindcss/.oxide-android-arm64-mefm5Cm9',
592 silly reify   '/mnt/data/technologia_work/node_modules/@tailwindcss/oxide-darwin-arm64': '/mnt/data/technologia_work/node_modules/@tailwindcss/.oxide-darwin-arm64-ttsRIXdc',
592 silly reify   '/mnt/data/technologia_work/node_modules/@tailwindcss/oxide-darwin-x64': '/mnt/data/technologia_work/node_modules/@tailwindcss/.oxide-darwin-x64-wpyMxfL0',
592 silly reify   '/mnt/data/technologia_work/node_modules/@tailwindcss/oxide-freebsd-x64': '/mnt/data/technologia_work/node_modules/@tailwindcss/.oxide-freebsd-x64-Y9taiYtD',
592 silly reify   '/mnt/data/technologia_work/node_modules/@tailwindcss/oxide-linux-arm-gnueabihf': '/mnt/data/technologia_work/node_modules/@tailwindcss/.oxide-linux-arm-gnueabihf-OUuoHW6L',
592 silly reify   '/mnt/data/technologia_work/node_modules/@tailwindcss/oxide-linux-arm64-gnu': '/mnt/data/technologia_work/node_modules/@tailwindcss/.oxide-linux-arm64-gnu-3DcnpHLS',
592 silly reify   '/mnt/data/technologia_work/node_modules/@tailwindcss/oxide-linux-arm64-musl': '/mnt/data/technologia_work/node_modules/@tailwindcss/.oxide-linux-arm64-musl-lcS19G4E',
592 silly reify   '/mnt/data/technologia_work/node_modules/@tailwindcss/oxide-linux-x64-gnu': '/mnt/data/technologia_work/node_modules/@tailwindcss/.oxide-linux-x64-gnu-IHImzFJa',
592 silly reify   '/mnt/data/technologia_work/node_modules/@tailwindcss/oxide-linux-x64-musl': '/mnt/data/technologia_work/node_modules/@tailwindcss/.oxide-linux-x64-musl-Cy38hagA',
592 silly reify   '/mnt/data/technologia_work/node_modules/@tailwindcss/oxide-wasm32-wasi': '/mnt/data/technologia_work/node_modules/@tailwindcss/.oxide-wasm32-wasi-IiXAWOaK',
592 silly reify   '/mnt/data/technologia_work/node_modules/@tailwindcss/oxide-win32-arm64-msvc': '/mnt/data/technologia_work/node_modules/@tailwindcss/.oxide-win32-arm64-msvc-EeM4WMbc',
592 silly reify   '/mnt/data/technologia_work/node_modules/@tailwindcss/oxide-win32-x64-msvc': '/mnt/data/technologia_work/node_modules/@tailwindcss/.oxide-win32-x64-msvc-gNjLI54e',
592 silly reify   '/mnt/data/technologia_work/node_modules/@tailwindcss/postcss': '/mnt/data/technologia_work/node_modules/@tailwindcss/.postcss-WKlu3Njn',
592 silly reify   '/mnt/data/technologia_work/node_modules/@tybys/wasm-util': '/mnt/data/technologia_work/node_modules/@tybys/.wasm-util-qLWfQK7o',
592 silly reify   '/mnt/data/technologia_work/node_modules/@types/eslint': '/mnt/data/technologia_work/node_modules/@types/.eslint-FGZLlHHz',
592 silly reify   '/mnt/data/technologia_work/node_modules/@types/eslint-scope': '/mnt/data/technologia_work/node_modules/@types/.eslint-scope-TwgKOLE3',
592 silly reify   '/mnt/data/technologia_work/node_modules/@types/estree': '/mnt/data/technologia_work/node_modules/@types/.estree-qq8MjxqS',
592 silly reify   '/mnt/data/technologia_work/node_modules/@types/json-schema': '/mnt/data/technologia_work/node_modules/@types/.json-schema-pYpmuzGs',
592 silly reify   '/mnt/data/technologia_work/node_modules/@types/json5': '/mnt/data/technologia_work/node_modules/@types/.json5-311ZFu3e',
592 silly reify   '/mnt/data/technologia_work/node_modules/@types/node': '/mnt/data/technologia_work/node_modules/@types/.node-QWZ9wqJy',
592 silly reify   '/mnt/data/technologia_work/node_modules/@types/react': '/mnt/data/technologia_work/node_modules/@types/.react-UwoMA3M0',
592 silly reify   '/mnt/data/technologia_work/node_modules/@types/react-dom': '/mnt/data/technologia_work/node_modules/@types/.react-dom-tqVWToEu',
592 silly reify   '/mnt/data/technologia_work/node_modules/@typescript-eslint/eslint-plugin': '/mnt/data/technologia_work/node_modules/@typescript-eslint/.eslint-plugin-c77YeWfj',
592 silly reify   '/mnt/data/technologia_work/node_modules/@typescript-eslint/parser': '/mnt/data/technologia_work/node_modules/@typescript-eslint/.parser-VEt4xuw9',
592 silly reify   '/mnt/data/technologia_work/node_modules/@typescript-eslint/project-service': '/mnt/data/technologia_work/node_modules/@typescript-eslint/.project-service-zPLhP0jy',
592 silly reify   '/mnt/data/technologia_work/node_modules/@typescript-eslint/scope-manager': '/mnt/data/technologia_work/node_modules/@typescript-eslint/.scope-manager-GwWCMaXh',
592 silly reify   '/mnt/data/technologia_work/node_modules/@typescript-eslint/tsconfig-utils': '/mnt/data/technologia_work/node_modules/@typescript-eslint/.tsconfig-utils-NzQeeW5s',
592 silly reify   '/mnt/data/technologia_work/node_modules/@typescript-eslint/type-utils': '/mnt/data/technologia_work/node_modules/@typescript-eslint/.type-utils-pucPfXIG',
592 silly reify   '/mnt/data/technologia_work/node_modules/@typescript-eslint/types': '/mnt/data/technologia_work/node_modules/@typescript-eslint/.types-YXLcHd8V',
592 silly reify   '/mnt/data/technologia_work/node_modules/@typescript-eslint/typescript-estree': '/mnt/data/technologia_work/node_modules/@typescript-eslint/.typescript-estree-sKEcjVVJ',
592 silly reify   '/mnt/data/technologia_work/node_modules/@typescript-eslint/utils': '/mnt/data/technologia_work/node_modules/@typescript-eslint/.utils-2yMZzFSc',
592 silly reify   '/mnt/data/technologia_work/node_modules/@typescript-eslint/visitor-keys': '/mnt/data/technologia_work/node_modules/@typescript-eslint/.visitor-keys-LpSfKIJC',
592 silly reify   '/mnt/data/technologia_work/node_modules/@unpic/core': '/mnt/data/technologia_work/node_modules/@unpic/.core-X91N7zT4',
592 silly reify   '/mnt/data/technologia_work/node_modules/@unpic/react': '/mnt/data/technologia_work/node_modules/@unpic/.react-ASAuaBZI',
592 silly reify   '/mnt/data/technologia_work/node_modules/@unrs/resolver-binding-android-arm-eabi': '/mnt/data/technologia_work/node_modules/@unrs/.resolver-binding-android-arm-eabi-Tq5BcTnN',
592 silly reify   '/mnt/data/technologia_work/node_modules/@unrs/resolver-binding-android-arm64': '/mnt/data/technologia_work/node_modules/@unrs/.resolver-binding-android-arm64-fpWlDhb5',
592 silly reify   '/mnt/data/technologia_work/node_modules/@unrs/resolver-binding-darwin-arm64': '/mnt/data/technologia_work/node_modules/@unrs/.resolver-binding-darwin-arm64-yKU47Y2o',
592 silly reify   '/mnt/data/technologia_work/node_modules/@unrs/resolver-binding-darwin-x64': '/mnt/data/technologia_work/node_modules/@unrs/.resolver-binding-darwin-x64-rRkO5EFY',
592 silly reify   '/mnt/data/technologia_work/node_modules/@unrs/resolver-binding-freebsd-x64': '/mnt/data/technologia_work/node_modules/@unrs/.resolver-binding-freebsd-x64-ILfNyGW0',
592 silly reify   '/mnt/data/technologia_work/node_modules/@unrs/resolver-binding-linux-arm-gnueabihf': '/mnt/data/technologia_work/node_modules/@unrs/.resolver-binding-linux-arm-gnueabihf-6fTHmAQG',
592 silly reify   '/mnt/data/technologia_work/node_modules/@unrs/resolver-binding-linux-arm-musleabihf': '/mnt/data/technologia_work/node_modules/@unrs/.resolver-binding-linux-arm-musleabihf-ppALvcxe',
592 silly reify   '/mnt/data/technologia_work/node_modules/@unrs/resolver-binding-linux-arm64-gnu': '/mnt/data/technologia_work/node_modules/@unrs/.resolver-binding-linux-arm64-gnu-XR5YReQI',
592 silly reify   '/mnt/data/technologia_work/node_modules/@unrs/resolver-binding-linux-arm64-musl': '/mnt/data/technologia_work/node_modules/@unrs/.resolver-binding-linux-arm64-musl-TlMCZKWk',
592 silly reify   '/mnt/data/technologia_work/node_modules/@unrs/resolver-binding-linux-ppc64-gnu': '/mnt/data/technologia_work/node_modules/@unrs/.resolver-binding-linux-ppc64-gnu-xA9Gfri2',
592 silly reify   '/mnt/data/technologia_work/node_modules/@unrs/resolver-binding-linux-riscv64-gnu': '/mnt/data/technologia_work/node_modules/@unrs/.resolver-binding-linux-riscv64-gnu-OYPs7DXe',
592 silly reify   '/mnt/data/technologia_work/node_modules/@unrs/resolver-binding-linux-riscv64-musl': '/mnt/data/technologia_work/node_modules/@unrs/.resolver-binding-linux-riscv64-musl-G3iW8Jvw',
592 silly reify   '/mnt/data/technologia_work/node_modules/@unrs/resolver-binding-linux-s390x-gnu': '/mnt/data/technologia_work/node_modules/@unrs/.resolver-binding-linux-s390x-gnu-e9ERCtv1',
592 silly reify   '/mnt/data/technologia_work/node_modules/@unrs/resolver-binding-linux-x64-gnu': '/mnt/data/technologia_work/node_modules/@unrs/.resolver-binding-linux-x64-gnu-FNEDswuF',
592 silly reify   '/mnt/data/technologia_work/node_modules/@unrs/resolver-binding-linux-x64-musl': '/mnt/data/technologia_work/node_modules/@unrs/.resolver-binding-linux-x64-musl-AJ33bQsu',
592 silly reify   '/mnt/data/technologia_work/node_modules/@unrs/resolver-binding-wasm32-wasi': '/mnt/data/technologia_work/node_modules/@unrs/.resolver-binding-wasm32-wasi-6JuZ85MV',
592 silly reify   '/mnt/data/technologia_work/node_modules/@unrs/resolver-binding-win32-arm64-msvc': '/mnt/data/technologia_work/node_modules/@unrs/.resolver-binding-win32-arm64-msvc-jv2hEY9j',
592 silly reify   '/mnt/data/technologia_work/node_modules/@unrs/resolver-binding-win32-ia32-msvc': '/mnt/data/technologia_work/node_modules/@unrs/.resolver-binding-win32-ia32-msvc-8CtJIG2X',
592 silly reify   '/mnt/data/technologia_work/node_modules/@unrs/resolver-binding-win32-x64-msvc': '/mnt/data/technologia_work/node_modules/@unrs/.resolver-binding-win32-x64-msvc-30cocOQf',
592 silly reify   '/mnt/data/technologia_work/node_modules/@vercel/og': '/mnt/data/technologia_work/node_modules/@vercel/.og-dapcNKaM',
592 silly reify   '/mnt/data/technologia_work/node_modules/@vitejs/plugin-react': '/mnt/data/technologia_work/node_modules/@vitejs/.plugin-react-rJMeQC1X',
592 silly reify   '/mnt/data/technologia_work/node_modules/@vitejs/plugin-rsc': '/mnt/data/technologia_work/node_modules/@vitejs/.plugin-rsc-WFzAciC8',
592 silly reify   '/mnt/data/technologia_work/node_modules/@webassemblyjs/ast': '/mnt/data/technologia_work/node_modules/@webassemblyjs/.ast-bVNu9HFa',
592 silly reify   '/mnt/data/technologia_work/node_modules/@webassemblyjs/floating-point-hex-parser': '/mnt/data/technologia_work/node_modules/@webassemblyjs/.floating-point-hex-parser-RgLVJxe3',
592 silly reify   '/mnt/data/technologia_work/node_modules/@webassemblyjs/helper-api-error': '/mnt/data/technologia_work/node_modules/@webassemblyjs/.helper-api-error-OGiwMTYu',
592 silly reify   '/mnt/data/technologia_work/node_modules/@webassemblyjs/helper-buffer': '/mnt/data/technologia_work/node_modules/@webassemblyjs/.helper-buffer-KmQ2j1yY',
592 silly reify   '/mnt/data/technologia_work/node_modules/@webassemblyjs/helper-numbers': '/mnt/data/technologia_work/node_modules/@webassemblyjs/.helper-numbers-gf0Hnkfo',
592 silly reify   '/mnt/data/technologia_work/node_modules/@webassemblyjs/helper-wasm-bytecode': '/mnt/data/technologia_work/node_modules/@webassemblyjs/.helper-wasm-bytecode-BORdgDmn',
592 silly reify   '/mnt/data/technologia_work/node_modules/@webassemblyjs/helper-wasm-section': '/mnt/data/technologia_work/node_modules/@webassemblyjs/.helper-wasm-section-2KSHzksi',
592 silly reify   '/mnt/data/technologia_work/node_modules/@webassemblyjs/ieee754': '/mnt/data/technologia_work/node_modules/@webassemblyjs/.ieee754-1yPz5J3Z',
592 silly reify   '/mnt/data/technologia_work/node_modules/@webassemblyjs/leb128': '/mnt/data/technologia_work/node_modules/@webassemblyjs/.leb128-Bfh2JkEj',
592 silly reify   '/mnt/data/technologia_work/node_modules/@webassemblyjs/utf8': '/mnt/data/technologia_work/node_modules/@webassemblyjs/.utf8-FslxbIvM',
592 silly reify   '/mnt/data/technologia_work/node_modules/@webassemblyjs/wasm-edit': '/mnt/data/technologia_work/node_modules/@webassemblyjs/.wasm-edit-rrSFrcp1',
592 silly reify   '/mnt/data/technologia_work/node_modules/@webassemblyjs/wasm-gen': '/mnt/data/technologia_work/node_modules/@webassemblyjs/.wasm-gen-3aOu9RjE',
592 silly reify   '/mnt/data/technologia_work/node_modules/@webassemblyjs/wasm-opt': '/mnt/data/technologia_work/node_modules/@webassemblyjs/.wasm-opt-XtjR6kZG',
592 silly reify   '/mnt/data/technologia_work/node_modules/@webassemblyjs/wasm-parser': '/mnt/data/technologia_work/node_modules/@webassemblyjs/.wasm-parser-9416YHCq',
592 silly reify   '/mnt/data/technologia_work/node_modules/@webassemblyjs/wast-printer': '/mnt/data/technologia_work/node_modules/@webassemblyjs/.wast-printer-Up7Q5CM5',
592 silly reify   '/mnt/data/technologia_work/node_modules/@xtuc/ieee754': '/mnt/data/technologia_work/node_modules/@xtuc/.ieee754-1ExHlu4q',
592 silly reify   '/mnt/data/technologia_work/node_modules/@xtuc/long': '/mnt/data/technologia_work/node_modules/@xtuc/.long-K4x75OFg'
592 silly reify }
593 verbose reify failed optional dependency /mnt/data/technologia_work/node_modules/@tailwindcss/oxide-wasm32-wasi
594 silly reify mark deleted [
594 silly reify   '/mnt/data/technologia_work/node_modules/@tailwindcss/oxide-wasm32-wasi'
594 silly reify ]
595 verbose reify failed optional dependency /mnt/data/technologia_work/node_modules/@tailwindcss/oxide-wasm32-wasi/node_modules/@emnapi/core
596 silly reify mark deleted [
596 silly reify   '/mnt/data/technologia_work/node_modules/@tailwindcss/oxide-wasm32-wasi/node_modules/@emnapi/core'
596 silly reify ]
597 verbose reify failed optional dependency /mnt/data/technologia_work/node_modules/@tailwindcss/oxide-wasm32-wasi/node_modules/@emnapi/runtime
598 silly reify mark deleted [
598 silly reify   '/mnt/data/technologia_work/node_modules/@tailwindcss/oxide-wasm32-wasi/node_modules/@emnapi/runtime'
598 silly reify ]
599 verbose reify failed optional dependency /mnt/data/technologia_work/node_modules/@tailwindcss/oxide-wasm32-wasi/node_modules/@emnapi/wasi-threads
600 silly reify mark deleted [
600 silly reify   '/mnt/data/technologia_work/node_modules/@tailwindcss/oxide-wasm32-wasi/node_modules/@emnapi/wasi-threads'
600 silly reify ]
601 verbose reify failed optional dependency /mnt/data/technologia_work/node_modules/@tailwindcss/oxide-wasm32-wasi/node_modules/@napi-rs/wasm-runtime
602 silly reify mark deleted [
602 silly reify   '/mnt/data/technologia_work/node_modules/@tailwindcss/oxide-wasm32-wasi/node_modules/@napi-rs/wasm-runtime'
602 silly reify ]
603 verbose reify failed optional dependency /mnt/data/technologia_work/node_modules/@tailwindcss/oxide-wasm32-wasi/node_modules/@tybys/wasm-util
604 silly reify mark deleted [
604 silly reify   '/mnt/data/technologia_work/node_modules/@tailwindcss/oxide-wasm32-wasi/node_modules/@tybys/wasm-util'
604 silly reify ]
605 verbose reify failed optional dependency /mnt/data/technologia_work/node_modules/@tailwindcss/oxide-wasm32-wasi/node_modules/tslib
606 silly reify mark deleted [
606 silly reify   '/mnt/data/technologia_work/node_modules/@tailwindcss/oxide-wasm32-wasi/node_modules/tslib'
606 silly reify ]
607 verbose reify failed optional dependency /mnt/data/technologia_work/node_modules/@unrs/resolver-binding-win32-x64-msvc
608 silly reify mark deleted [
608 silly reify   '/mnt/data/technologia_work/node_modules/@unrs/resolver-binding-win32-x64-msvc'
608 silly reify ]
609 verbose reify failed optional dependency /mnt/data/technologia_work/node_modules/@unrs/resolver-binding-win32-ia32-msvc
610 silly reify mark deleted [
610 silly reify   '/mnt/data/technologia_work/node_modules/@unrs/resolver-binding-win32-ia32-msvc'
610 silly reify ]
611 verbose reify failed optional dependency /mnt/data/technologia_work/node_modules/@unrs/resolver-binding-win32-arm64-msvc
612 silly reify mark deleted [
612 silly reify   '/mnt/data/technologia_work/node_modules/@unrs/resolver-binding-win32-arm64-msvc'
612 silly reify ]
613 verbose reify failed optional dependency /mnt/data/technologia_work/node_modules/@unrs/resolver-binding-wasm32-wasi
614 silly reify mark deleted [
614 silly reify   '/mnt/data/technologia_work/node_modules/@unrs/resolver-binding-wasm32-wasi'
614 silly reify ]
615 verbose reify failed optional dependency /mnt/data/technologia_work/node_modules/@napi-rs/wasm-runtime
616 silly reify mark deleted [ '/mnt/data/technologia_work/node_modules/@napi-rs/wasm-runtime' ]
617 verbose reify failed optional dependency /mnt/data/technologia_work/node_modules/@unrs/resolver-binding-linux-x64-musl
618 silly reify mark deleted [
618 silly reify   '/mnt/data/technologia_work/node_modules/@unrs/resolver-binding-linux-x64-musl'
618 silly reify ]
619 verbose reify failed optional dependency /mnt/data/technologia_work/node_modules/@unrs/resolver-binding-linux-s390x-gnu
620 silly reify mark deleted [
620 silly reify   '/mnt/data/technologia_work/node_modules/@unrs/resolver-binding-linux-s390x-gnu'
620 silly reify ]
621 verbose reify failed optional dependency /mnt/data/technologia_work/node_modules/@unrs/resolver-binding-linux-riscv64-musl
622 silly reify mark deleted [
622 silly reify   '/mnt/data/technologia_work/node_modules/@unrs/resolver-binding-linux-riscv64-musl'
622 silly reify ]
623 verbose reify failed optional dependency /mnt/data/technologia_work/node_modules/@unrs/resolver-binding-linux-riscv64-gnu
624 silly reify mark deleted [
624 silly reify   '/mnt/data/technologia_work/node_modules/@unrs/resolver-binding-linux-riscv64-gnu'
624 silly reify ]
625 verbose reify failed optional dependency /mnt/data/technologia_work/node_modules/@unrs/resolver-binding-linux-ppc64-gnu
626 silly reify mark deleted [
626 silly reify   '/mnt/data/technologia_work/node_modules/@unrs/resolver-binding-linux-ppc64-gnu'
626 silly reify ]
627 verbose reify failed optional dependency /mnt/data/technologia_work/node_modules/@unrs/resolver-binding-linux-arm64-musl
628 silly reify mark deleted [
628 silly reify   '/mnt/data/technologia_work/node_modules/@unrs/resolver-binding-linux-arm64-musl'
628 silly reify ]
629 verbose reify failed optional dependency /mnt/data/technologia_work/node_modules/@unrs/resolver-binding-linux-arm64-gnu
630 silly reify mark deleted [
630 silly reify   '/mnt/data/technologia_work/node_modules/@unrs/resolver-binding-linux-arm64-gnu'
630 silly reify ]
631 verbose reify failed optional dependency /mnt/data/technologia_work/node_modules/@unrs/resolver-binding-linux-arm-musleabihf
632 silly reify mark deleted [
632 silly reify   '/mnt/data/technologia_work/node_modules/@unrs/resolver-binding-linux-arm-musleabihf'
632 silly reify ]
633 verbose reify failed optional dependency /mnt/data/technologia_work/node_modules/@unrs/resolver-binding-linux-arm-gnueabihf
634 silly reify mark deleted [
634 silly reify   '/mnt/data/technologia_work/node_modules/@unrs/resolver-binding-linux-arm-gnueabihf'
634 silly reify ]
635 verbose reify failed optional dependency /mnt/data/technologia_work/node_modules/@unrs/resolver-binding-freebsd-x64
636 silly reify mark deleted [
636 silly reify   '/mnt/data/technologia_work/node_modules/@unrs/resolver-binding-freebsd-x64'
636 silly reify ]
637 verbose reify failed optional dependency /mnt/data/technologia_work/node_modules/@unrs/resolver-binding-darwin-x64
638 silly reify mark deleted [
638 silly reify   '/mnt/data/technologia_work/node_modules/@unrs/resolver-binding-darwin-x64'
638 silly reify ]
639 verbose reify failed optional dependency /mnt/data/technologia_work/node_modules/@unrs/resolver-binding-darwin-arm64
640 silly reify mark deleted [
640 silly reify   '/mnt/data/technologia_work/node_modules/@unrs/resolver-binding-darwin-arm64'
640 silly reify ]
641 verbose reify failed optional dependency /mnt/data/technologia_work/node_modules/@unrs/resolver-binding-android-arm64
642 silly reify mark deleted [
642 silly reify   '/mnt/data/technologia_work/node_modules/@unrs/resolver-binding-android-arm64'
642 silly reify ]
643 verbose reify failed optional dependency /mnt/data/technologia_work/node_modules/@unrs/resolver-binding-android-arm-eabi
644 silly reify mark deleted [
644 silly reify   '/mnt/data/technologia_work/node_modules/@unrs/resolver-binding-android-arm-eabi'
644 silly reify ]
645 verbose reify failed optional dependency /mnt/data/technologia_work/node_modules/@tailwindcss/oxide-win32-x64-msvc
646 silly reify mark deleted [
646 silly reify   '/mnt/data/technologia_work/node_modules/@tailwindcss/oxide-win32-x64-msvc'
646 silly reify ]
647 verbose reify failed optional dependency /mnt/data/technologia_work/node_modules/@tailwindcss/oxide-win32-arm64-msvc
648 silly reify mark deleted [
648 silly reify   '/mnt/data/technologia_work/node_modules/@tailwindcss/oxide-win32-arm64-msvc'
648 silly reify ]
649 verbose reify failed optional dependency /mnt/data/technologia_work/node_modules/@tailwindcss/oxide-linux-x64-musl
650 silly reify mark deleted [
650 silly reify   '/mnt/data/technologia_work/node_modules/@tailwindcss/oxide-linux-x64-musl'
650 silly reify ]
651 verbose reify failed optional dependency /mnt/data/technologia_work/node_modules/@tailwindcss/oxide-linux-arm64-musl
652 silly reify mark deleted [
652 silly reify   '/mnt/data/technologia_work/node_modules/@tailwindcss/oxide-linux-arm64-musl'
652 silly reify ]
653 verbose reify failed optional dependency /mnt/data/technologia_work/node_modules/@tailwindcss/oxide-linux-arm64-gnu
654 silly reify mark deleted [
654 silly reify   '/mnt/data/technologia_work/node_modules/@tailwindcss/oxide-linux-arm64-gnu'
654 silly reify ]
655 verbose reify failed optional dependency /mnt/data/technologia_work/node_modules/@tailwindcss/oxide-linux-arm-gnueabihf
656 silly reify mark deleted [
656 silly reify   '/mnt/data/technologia_work/node_modules/@tailwindcss/oxide-linux-arm-gnueabihf'
656 silly reify ]
657 verbose reify failed optional dependency /mnt/data/technologia_work/node_modules/@tailwindcss/oxide-freebsd-x64
658 silly reify mark deleted [
658 silly reify   '/mnt/data/technologia_work/node_modules/@tailwindcss/oxide-freebsd-x64'
658 silly reify ]
659 verbose reify failed optional dependency /mnt/data/technologia_work/node_modules/@tailwindcss/oxide-darwin-x64
660 silly reify mark deleted [
660 silly reify   '/mnt/data/technologia_work/node_modules/@tailwindcss/oxide-darwin-x64'
660 silly reify ]
661 verbose reify failed optional dependency /mnt/data/technologia_work/node_modules/@tailwindcss/oxide-darwin-arm64
662 silly reify mark deleted [
662 silly reify   '/mnt/data/technologia_work/node_modules/@tailwindcss/oxide-darwin-arm64'
662 silly reify ]
663 verbose reify failed optional dependency /mnt/data/technologia_work/node_modules/@tailwindcss/oxide-android-arm64
664 silly reify mark deleted [
664 silly reify   '/mnt/data/technologia_work/node_modules/@tailwindcss/oxide-android-arm64'
664 silly reify ]
665 verbose reify failed optional dependency /mnt/data/technologia_work/node_modules/@rolldown/binding-win32-x64-msvc
666 silly reify mark deleted [
666 silly reify   '/mnt/data/technologia_work/node_modules/@rolldown/binding-win32-x64-msvc'
666 silly reify ]
667 verbose reify failed optional dependency /mnt/data/technologia_work/node_modules/@rolldown/binding-win32-arm64-msvc
668 silly reify mark deleted [
668 silly reify   '/mnt/data/technologia_work/node_modules/@rolldown/binding-win32-arm64-msvc'
668 silly reify ]
669 verbose reify failed optional dependency /mnt/data/technologia_work/node_modules/@rolldown/binding-wasm32-wasi
670 silly reify mark deleted [
670 silly reify   '/mnt/data/technologia_work/node_modules/@rolldown/binding-wasm32-wasi'
670 silly reify ]
671 verbose reify failed optional dependency /mnt/data/technologia_work/node_modules/@rolldown/binding-wasm32-wasi/node_modules/@napi-rs/wasm-runtime
672 silly reify mark deleted [
672 silly reify   '/mnt/data/technologia_work/node_modules/@rolldown/binding-wasm32-wasi/node_modules/@napi-rs/wasm-runtime'
672 silly reify ]
673 verbose reify failed optional dependency /mnt/data/technologia_work/node_modules/@rolldown/binding-openharmony-arm64
674 silly reify mark deleted [
674 silly reify   '/mnt/data/technologia_work/node_modules/@rolldown/binding-openharmony-arm64'
674 silly reify ]
675 verbose reify failed optional dependency /mnt/data/technologia_work/node_modules/@rolldown/binding-linux-x64-musl
676 silly reify mark deleted [
676 silly reify   '/mnt/data/technologia_work/node_modules/@rolldown/binding-linux-x64-musl'
676 silly reify ]
677 verbose reify failed optional dependency /mnt/data/technologia_work/node_modules/@rolldown/binding-linux-s390x-gnu
678 silly reify mark deleted [
678 silly reify   '/mnt/data/technologia_work/node_modules/@rolldown/binding-linux-s390x-gnu'
678 silly reify ]
679 verbose reify failed optional dependency /mnt/data/technologia_work/node_modules/@rolldown/binding-linux-ppc64-gnu
680 silly reify mark deleted [
680 silly reify   '/mnt/data/technologia_work/node_modules/@rolldown/binding-linux-ppc64-gnu'
680 silly reify ]
681 verbose reify failed optional dependency /mnt/data/technologia_work/node_modules/@rolldown/binding-linux-arm64-musl
682 silly reify mark deleted [
682 silly reify   '/mnt/data/technologia_work/node_modules/@rolldown/binding-linux-arm64-musl'
682 silly reify ]
683 verbose reify failed optional dependency /mnt/data/technologia_work/node_modules/@rolldown/binding-linux-arm64-gnu
684 silly reify mark deleted [
684 silly reify   '/mnt/data/technologia_work/node_modules/@rolldown/binding-linux-arm64-gnu'
684 silly reify ]
685 verbose reify failed optional dependency /mnt/data/technologia_work/node_modules/@rolldown/binding-linux-arm-gnueabihf
686 silly reify mark deleted [
686 silly reify   '/mnt/data/technologia_work/node_modules/@rolldown/binding-linux-arm-gnueabihf'
686 silly reify ]
687 verbose reify failed optional dependency /mnt/data/technologia_work/node_modules/@rolldown/binding-freebsd-x64
688 silly reify mark deleted [
688 silly reify   '/mnt/data/technologia_work/node_modules/@rolldown/binding-freebsd-x64'
688 silly reify ]
689 verbose reify failed optional dependency /mnt/data/technologia_work/node_modules/@rolldown/binding-darwin-x64
690 silly reify mark deleted [
690 silly reify   '/mnt/data/technologia_work/node_modules/@rolldown/binding-darwin-x64'
690 silly reify ]
691 verbose reify failed optional dependency /mnt/data/technologia_work/node_modules/@rolldown/binding-darwin-arm64
692 silly reify mark deleted [
692 silly reify   '/mnt/data/technologia_work/node_modules/@rolldown/binding-darwin-arm64'
692 silly reify ]
693 verbose reify failed optional dependency /mnt/data/technologia_work/node_modules/@rolldown/binding-android-arm64
694 silly reify mark deleted [
694 silly reify   '/mnt/data/technologia_work/node_modules/@rolldown/binding-android-arm64'
694 silly reify ]
695 verbose reify failed optional dependency /mnt/data/technologia_work/node_modules/@next/swc-win32-x64-msvc
696 silly reify mark deleted [ '/mnt/data/technologia_work/node_modules/@next/swc-win32-x64-msvc' ]
697 verbose reify failed optional dependency /mnt/data/technologia_work/node_modules/@next/swc-win32-arm64-msvc
698 silly reify mark deleted [
698 silly reify   '/mnt/data/technologia_work/node_modules/@next/swc-win32-arm64-msvc'
698 silly reify ]
699 verbose reify failed optional dependency /mnt/data/technologia_work/node_modules/@next/swc-linux-x64-musl
700 silly reify mark deleted [ '/mnt/data/technologia_work/node_modules/@next/swc-linux-x64-musl' ]
701 verbose reify failed optional dependency /mnt/data/technologia_work/node_modules/@next/swc-linux-arm64-musl
702 silly reify mark deleted [
702 silly reify   '/mnt/data/technologia_work/node_modules/@next/swc-linux-arm64-musl'
702 silly reify ]
703 verbose reify failed optional dependency /mnt/data/technologia_work/node_modules/@next/swc-linux-arm64-gnu
704 silly reify mark deleted [ '/mnt/data/technologia_work/node_modules/@next/swc-linux-arm64-gnu' ]
705 verbose reify failed optional dependency /mnt/data/technologia_work/node_modules/@next/swc-darwin-x64
706 silly reify mark deleted [ '/mnt/data/technologia_work/node_modules/@next/swc-darwin-x64' ]
707 verbose reify failed optional dependency /mnt/data/technologia_work/node_modules/@next/swc-darwin-arm64
708 silly reify mark deleted [ '/mnt/data/technologia_work/node_modules/@next/swc-darwin-arm64' ]
709 verbose reify failed optional dependency /mnt/data/technologia_work/node_modules/@img/sharp-win32-x64
710 silly reify mark deleted [ '/mnt/data/technologia_work/node_modules/@img/sharp-win32-x64' ]
711 verbose reify failed optional dependency /mnt/data/technologia_work/node_modules/@img/sharp-win32-ia32
712 silly reify mark deleted [ '/mnt/data/technologia_work/node_modules/@img/sharp-win32-ia32' ]
713 verbose reify failed optional dependency /mnt/data/technologia_work/node_modules/@img/sharp-win32-arm64
714 silly reify mark deleted [ '/mnt/data/technologia_work/node_modules/@img/sharp-win32-arm64' ]
715 verbose reify failed optional dependency /mnt/data/technologia_work/node_modules/@img/sharp-wasm32
716 silly reify mark deleted [ '/mnt/data/technologia_work/node_modules/@img/sharp-wasm32' ]
717 verbose reify failed optional dependency /mnt/data/technologia_work/node_modules/@img/sharp-linuxmusl-x64
718 silly reify mark deleted [ '/mnt/data/technologia_work/node_modules/@img/sharp-linuxmusl-x64' ]
719 verbose reify failed optional dependency /mnt/data/technologia_work/node_modules/@img/sharp-linuxmusl-arm64
720 silly reify mark deleted [
720 silly reify   '/mnt/data/technologia_work/node_modules/@img/sharp-linuxmusl-arm64'
720 silly reify ]
721 verbose reify failed optional dependency /mnt/data/technologia_work/node_modules/@img/sharp-linux-s390x
722 silly reify mark deleted [ '/mnt/data/technologia_work/node_modules/@img/sharp-linux-s390x' ]
723 verbose reify failed optional dependency /mnt/data/technologia_work/node_modules/@img/sharp-linux-riscv64
724 silly reify mark deleted [ '/mnt/data/technologia_work/node_modules/@img/sharp-linux-riscv64' ]
725 verbose reify failed optional dependency /mnt/data/technologia_work/node_modules/@img/sharp-linux-ppc64
726 silly reify mark deleted [ '/mnt/data/technologia_work/node_modules/@img/sharp-linux-ppc64' ]
727 verbose reify failed optional dependency /mnt/data/technologia_work/node_modules/@img/sharp-linux-arm64
728 silly reify mark deleted [ '/mnt/data/technologia_work/node_modules/@img/sharp-linux-arm64' ]
729 verbose reify failed optional dependency /mnt/data/technologia_work/node_modules/@img/sharp-linux-arm
730 silly reify mark deleted [ '/mnt/data/technologia_work/node_modules/@img/sharp-linux-arm' ]
731 verbose reify failed optional dependency /mnt/data/technologia_work/node_modules/@img/sharp-libvips-linuxmusl-x64
732 silly reify mark deleted [
732 silly reify   '/mnt/data/technologia_work/node_modules/@img/sharp-libvips-linuxmusl-x64'
732 silly reify ]
733 verbose reify failed optional dependency /mnt/data/technologia_work/node_modules/@img/sharp-libvips-linuxmusl-arm64
734 silly reify mark deleted [
734 silly reify   '/mnt/data/technologia_work/node_modules/@img/sharp-libvips-linuxmusl-arm64'
734 silly reify ]
735 verbose reify failed optional dependency /mnt/data/technologia_work/node_modules/@img/sharp-libvips-linux-s390x
736 silly reify mark deleted [
736 silly reify   '/mnt/data/technologia_work/node_modules/@img/sharp-libvips-linux-s390x'
736 silly reify ]
737 verbose reify failed optional dependency /mnt/data/technologia_work/node_modules/@img/sharp-libvips-linux-riscv64
738 silly reify mark deleted [
738 silly reify   '/mnt/data/technologia_work/node_modules/@img/sharp-libvips-linux-riscv64'
738 silly reify ]
739 verbose reify failed optional dependency /mnt/data/technologia_work/node_modules/@img/sharp-libvips-linux-ppc64
740 silly reify mark deleted [
740 silly reify   '/mnt/data/technologia_work/node_modules/@img/sharp-libvips-linux-ppc64'
740 silly reify ]
741 verbose reify failed optional dependency /mnt/data/technologia_work/node_modules/@img/sharp-libvips-linux-arm64
742 silly reify mark deleted [
742 silly reify   '/mnt/data/technologia_work/node_modules/@img/sharp-libvips-linux-arm64'
742 silly reify ]
743 verbose reify failed optional dependency /mnt/data/technologia_work/node_modules/@img/sharp-libvips-linux-arm
744 silly reify mark deleted [
744 silly reify   '/mnt/data/technologia_work/node_modules/@img/sharp-libvips-linux-arm'
744 silly reify ]
745 verbose reify failed optional dependency /mnt/data/technologia_work/node_modules/@img/sharp-libvips-darwin-x64
746 silly reify mark deleted [
746 silly reify   '/mnt/data/technologia_work/node_modules/@img/sharp-libvips-darwin-x64'
746 silly reify ]
747 verbose reify failed optional dependency /mnt/data/technologia_work/node_modules/@img/sharp-libvips-darwin-arm64
748 silly reify mark deleted [
748 silly reify   '/mnt/data/technologia_work/node_modules/@img/sharp-libvips-darwin-arm64'
748 silly reify ]
749 verbose reify failed optional dependency /mnt/data/technologia_work/node_modules/@img/sharp-darwin-x64
750 silly reify mark deleted [ '/mnt/data/technologia_work/node_modules/@img/sharp-darwin-x64' ]
751 verbose reify failed optional dependency /mnt/data/technologia_work/node_modules/@img/sharp-darwin-arm64
752 silly reify mark deleted [ '/mnt/data/technologia_work/node_modules/@img/sharp-darwin-arm64' ]
753 verbose reify failed optional dependency /mnt/data/technologia_work/node_modules/@esbuild-kit/core-utils/node_modules/@esbuild/win32-ia32
754 silly reify mark deleted [
754 silly reify   '/mnt/data/technologia_work/node_modules/@esbuild-kit/core-utils/node_modules/@esbuild/win32-ia32'
754 silly reify ]
755 verbose reify failed optional dependency /mnt/data/technologia_work/node_modules/@esbuild-kit/core-utils/node_modules/@esbuild/win32-x64
756 silly reify mark deleted [
756 silly reify   '/mnt/data/technologia_work/node_modules/@esbuild-kit/core-utils/node_modules/@esbuild/win32-x64'
756 silly reify ]
757 verbose reify failed optional dependency /mnt/data/technologia_work/node_modules/@esbuild-kit/core-utils/node_modules/@esbuild/win32-arm64
758 silly reify mark deleted [
758 silly reify   '/mnt/data/technologia_work/node_modules/@esbuild-kit/core-utils/node_modules/@esbuild/win32-arm64'
758 silly reify ]
759 verbose reify failed optional dependency /mnt/data/technologia_work/node_modules/@esbuild-kit/core-utils/node_modules/@esbuild/openbsd-x64
760 silly reify mark deleted [
760 silly reify   '/mnt/data/technologia_work/node_modules/@esbuild-kit/core-utils/node_modules/@esbuild/openbsd-x64'
760 silly reify ]
761 verbose reify failed optional dependency /mnt/data/technologia_work/node_modules/@esbuild-kit/core-utils/node_modules/@esbuild/sunos-x64
762 silly reify mark deleted [
762 silly reify   '/mnt/data/technologia_work/node_modules/@esbuild-kit/core-utils/node_modules/@esbuild/sunos-x64'
762 silly reify ]
763 verbose reify failed optional dependency /mnt/data/technologia_work/node_modules/@esbuild-kit/core-utils/node_modules/@esbuild/netbsd-x64
764 silly reify mark deleted [
764 silly reify   '/mnt/data/technologia_work/node_modules/@esbuild-kit/core-utils/node_modules/@esbuild/netbsd-x64'
764 silly reify ]
765 verbose reify failed optional dependency /mnt/data/technologia_work/node_modules/@esbuild-kit/core-utils/node_modules/@esbuild/linux-s390x
766 silly reify mark deleted [
766 silly reify   '/mnt/data/technologia_work/node_modules/@esbuild-kit/core-utils/node_modules/@esbuild/linux-s390x'
766 silly reify ]
767 verbose reify failed optional dependency /mnt/data/technologia_work/node_modules/@esbuild-kit/core-utils/node_modules/@esbuild/linux-riscv64
768 silly reify mark deleted [
768 silly reify   '/mnt/data/technologia_work/node_modules/@esbuild-kit/core-utils/node_modules/@esbuild/linux-riscv64'
768 silly reify ]
769 verbose reify failed optional dependency /mnt/data/technologia_work/node_modules/@esbuild-kit/core-utils/node_modules/@esbuild/linux-ppc64
770 silly reify mark deleted [
770 silly reify   '/mnt/data/technologia_work/node_modules/@esbuild-kit/core-utils/node_modules/@esbuild/linux-ppc64'
770 silly reify ]
771 verbose reify failed optional dependency /mnt/data/technologia_work/node_modules/@esbuild-kit/core-utils/node_modules/@esbuild/linux-mips64el
772 silly reify mark deleted [
772 silly reify   '/mnt/data/technologia_work/node_modules/@esbuild-kit/core-utils/node_modules/@esbuild/linux-mips64el'
772 silly reify ]
773 verbose reify failed optional dependency /mnt/data/technologia_work/node_modules/@esbuild-kit/core-utils/node_modules/@esbuild/linux-loong64
774 silly reify mark deleted [
774 silly reify   '/mnt/data/technologia_work/node_modules/@esbuild-kit/core-utils/node_modules/@esbuild/linux-loong64'
774 silly reify ]
775 verbose reify failed optional dependency /mnt/data/technologia_work/node_modules/@esbuild-kit/core-utils/node_modules/@esbuild/linux-ia32
776 silly reify mark deleted [
776 silly reify   '/mnt/data/technologia_work/node_modules/@esbuild-kit/core-utils/node_modules/@esbuild/linux-ia32'
776 silly reify ]
777 verbose reify failed optional dependency /mnt/data/technologia_work/node_modules/@esbuild-kit/core-utils/node_modules/@esbuild/linux-arm64
778 silly reify mark deleted [
778 silly reify   '/mnt/data/technologia_work/node_modules/@esbuild-kit/core-utils/node_modules/@esbuild/linux-arm64'
778 silly reify ]
779 verbose reify failed optional dependency /mnt/data/technologia_work/node_modules/@esbuild-kit/core-utils/node_modules/@esbuild/linux-arm
780 silly reify mark deleted [
780 silly reify   '/mnt/data/technologia_work/node_modules/@esbuild-kit/core-utils/node_modules/@esbuild/linux-arm'
780 silly reify ]
781 verbose reify failed optional dependency /mnt/data/technologia_work/node_modules/@esbuild-kit/core-utils/node_modules/@esbuild/freebsd-x64
782 silly reify mark deleted [
782 silly reify   '/mnt/data/technologia_work/node_modules/@esbuild-kit/core-utils/node_modules/@esbuild/freebsd-x64'
782 silly reify ]
783 verbose reify failed optional dependency /mnt/data/technologia_work/node_modules/@esbuild-kit/core-utils/node_modules/@esbuild/freebsd-arm64
784 silly reify mark deleted [
784 silly reify   '/mnt/data/technologia_work/node_modules/@esbuild-kit/core-utils/node_modules/@esbuild/freebsd-arm64'
784 silly reify ]
785 verbose reify failed optional dependency /mnt/data/technologia_work/node_modules/@esbuild-kit/core-utils/node_modules/@esbuild/darwin-x64
786 silly reify mark deleted [
786 silly reify   '/mnt/data/technologia_work/node_modules/@esbuild-kit/core-utils/node_modules/@esbuild/darwin-x64'
786 silly reify ]
787 verbose reify failed optional dependency /mnt/data/technologia_work/node_modules/@esbuild-kit/core-utils/node_modules/@esbuild/darwin-arm64
788 silly reify mark deleted [
788 silly reify   '/mnt/data/technologia_work/node_modules/@esbuild-kit/core-utils/node_modules/@esbuild/darwin-arm64'
788 silly reify ]
789 verbose reify failed optional dependency /mnt/data/technologia_work/node_modules/@esbuild-kit/core-utils/node_modules/@esbuild/android-arm64
790 silly reify mark deleted [
790 silly reify   '/mnt/data/technologia_work/node_modules/@esbuild-kit/core-utils/node_modules/@esbuild/android-arm64'
790 silly reify ]
791 verbose reify failed optional dependency /mnt/data/technologia_work/node_modules/@esbuild-kit/core-utils/node_modules/@esbuild/android-x64
792 silly reify mark deleted [
792 silly reify   '/mnt/data/technologia_work/node_modules/@esbuild-kit/core-utils/node_modules/@esbuild/android-x64'
792 silly reify ]
793 verbose reify failed optional dependency /mnt/data/technologia_work/node_modules/@esbuild-kit/core-utils/node_modules/@esbuild/android-arm
794 silly reify mark deleted [
794 silly reify   '/mnt/data/technologia_work/node_modules/@esbuild-kit/core-utils/node_modules/@esbuild/android-arm'
794 silly reify ]
795 verbose reify failed optional dependency /mnt/data/technologia_work/node_modules/@esbuild/win32-x64
796 silly reify mark deleted [ '/mnt/data/technologia_work/node_modules/@esbuild/win32-x64' ]
797 verbose reify failed optional dependency /mnt/data/technologia_work/node_modules/@esbuild/win32-ia32
798 silly reify mark deleted [ '/mnt/data/technologia_work/node_modules/@esbuild/win32-ia32' ]
799 verbose reify failed optional dependency /mnt/data/technologia_work/node_modules/@esbuild/win32-arm64
800 silly reify mark deleted [ '/mnt/data/technologia_work/node_modules/@esbuild/win32-arm64' ]
801 verbose reify failed optional dependency /mnt/data/technologia_work/node_modules/@esbuild/sunos-x64
802 silly reify mark deleted [ '/mnt/data/technologia_work/node_modules/@esbuild/sunos-x64' ]
803 verbose reify failed optional dependency /mnt/data/technologia_work/node_modules/@esbuild/openharmony-arm64
804 silly reify mark deleted [
804 silly reify   '/mnt/data/technologia_work/node_modules/@esbuild/openharmony-arm64'
804 silly reify ]
805 verbose reify failed optional dependency /mnt/data/technologia_work/node_modules/@esbuild/openbsd-x64
806 silly reify mark deleted [ '/mnt/data/technologia_work/node_modules/@esbuild/openbsd-x64' ]
807 verbose reify failed optional dependency /mnt/data/technologia_work/node_modules/@esbuild/openbsd-arm64
808 silly reify mark deleted [ '/mnt/data/technologia_work/node_modules/@esbuild/openbsd-arm64' ]
809 verbose reify failed optional dependency /mnt/data/technologia_work/node_modules/@esbuild/netbsd-x64
810 silly reify mark deleted [ '/mnt/data/technologia_work/node_modules/@esbuild/netbsd-x64' ]
811 verbose reify failed optional dependency /mnt/data/technologia_work/node_modules/@esbuild/netbsd-arm64
812 silly reify mark deleted [ '/mnt/data/technologia_work/node_modules/@esbuild/netbsd-arm64' ]
813 verbose reify failed optional dependency /mnt/data/technologia_work/node_modules/@esbuild/linux-s390x
814 silly reify mark deleted [ '/mnt/data/technologia_work/node_modules/@esbuild/linux-s390x' ]
815 verbose reify failed optional dependency /mnt/data/technologia_work/node_modules/@esbuild/linux-riscv64
816 silly reify mark deleted [ '/mnt/data/technologia_work/node_modules/@esbuild/linux-riscv64' ]
817 verbose reify failed optional dependency /mnt/data/technologia_work/node_modules/@esbuild/linux-ppc64
818 silly reify mark deleted [ '/mnt/data/technologia_work/node_modules/@esbuild/linux-ppc64' ]
819 verbose reify failed optional dependency /mnt/data/technologia_work/node_modules/@esbuild/linux-mips64el
820 silly reify mark deleted [ '/mnt/data/technologia_work/node_modules/@esbuild/linux-mips64el' ]
821 verbose reify failed optional dependency /mnt/data/technologia_work/node_modules/@esbuild/linux-loong64
822 silly reify mark deleted [ '/mnt/data/technologia_work/node_modules/@esbuild/linux-loong64' ]
823 verbose reify failed optional dependency /mnt/data/technologia_work/node_modules/@esbuild/linux-ia32
824 silly reify mark deleted [ '/mnt/data/technologia_work/node_modules/@esbuild/linux-ia32' ]
825 verbose reify failed optional dependency /mnt/data/technologia_work/node_modules/@esbuild/linux-arm64
826 silly reify mark deleted [ '/mnt/data/technologia_work/node_modules/@esbuild/linux-arm64' ]
827 verbose reify failed optional dependency /mnt/data/technologia_work/node_modules/@esbuild/linux-arm
828 silly reify mark deleted [ '/mnt/data/technologia_work/node_modules/@esbuild/linux-arm' ]
829 verbose reify failed optional dependency /mnt/data/technologia_work/node_modules/@esbuild/freebsd-x64
830 silly reify mark deleted [ '/mnt/data/technologia_work/node_modules/@esbuild/freebsd-x64' ]
831 verbose reify failed optional dependency /mnt/data/technologia_work/node_modules/@esbuild/freebsd-arm64
832 silly reify mark deleted [ '/mnt/data/technologia_work/node_modules/@esbuild/freebsd-arm64' ]
833 verbose reify failed optional dependency /mnt/data/technologia_work/node_modules/@esbuild/darwin-x64
834 silly reify mark deleted [ '/mnt/data/technologia_work/node_modules/@esbuild/darwin-x64' ]
835 verbose reify failed optional dependency /mnt/data/technologia_work/node_modules/@esbuild/darwin-arm64
836 silly reify mark deleted [ '/mnt/data/technologia_work/node_modules/@esbuild/darwin-arm64' ]
837 verbose reify failed optional dependency /mnt/data/technologia_work/node_modules/@esbuild/android-x64
838 silly reify mark deleted [ '/mnt/data/technologia_work/node_modules/@esbuild/android-x64' ]
839 verbose reify failed optional dependency /mnt/data/technologia_work/node_modules/@esbuild/android-arm64
840 silly reify mark deleted [ '/mnt/data/technologia_work/node_modules/@esbuild/android-arm64' ]
841 verbose reify failed optional dependency /mnt/data/technologia_work/node_modules/@esbuild/android-arm
842 silly reify mark deleted [ '/mnt/data/technologia_work/node_modules/@esbuild/android-arm' ]
843 verbose reify failed optional dependency /mnt/data/technologia_work/node_modules/@esbuild/aix-ppc64
844 silly reify mark deleted [ '/mnt/data/technologia_work/node_modules/@esbuild/aix-ppc64' ]
845 verbose reify failed optional dependency /mnt/data/technologia_work/node_modules/@cloudflare/workerd-windows-64
846 silly reify mark deleted [
846 silly reify   '/mnt/data/technologia_work/node_modules/@cloudflare/workerd-windows-64'
846 silly reify ]
847 verbose reify failed optional dependency /mnt/data/technologia_work/node_modules/@cloudflare/workerd-linux-arm64
848 silly reify mark deleted [
848 silly reify   '/mnt/data/technologia_work/node_modules/@cloudflare/workerd-linux-arm64'
848 silly reify ]
849 verbose reify failed optional dependency /mnt/data/technologia_work/node_modules/@cloudflare/workerd-darwin-arm64
850 silly reify mark deleted [
850 silly reify   '/mnt/data/technologia_work/node_modules/@cloudflare/workerd-darwin-arm64'
850 silly reify ]
851 verbose reify failed optional dependency /mnt/data/technologia_work/node_modules/@cloudflare/workerd-darwin-64
852 silly reify mark deleted [
852 silly reify   '/mnt/data/technologia_work/node_modules/@cloudflare/workerd-darwin-64'
852 silly reify ]
853 verbose reify failed optional dependency /mnt/data/technologia_work/node_modules/wrangler/node_modules/@esbuild/win32-arm64
854 silly reify mark deleted [
854 silly reify   '/mnt/data/technologia_work/node_modules/wrangler/node_modules/@esbuild/win32-arm64'
854 silly reify ]
855 verbose reify failed optional dependency /mnt/data/technologia_work/node_modules/wrangler/node_modules/@esbuild/win32-x64
856 silly reify mark deleted [
856 silly reify   '/mnt/data/technologia_work/node_modules/wrangler/node_modules/@esbuild/win32-x64'
856 silly reify ]
857 verbose reify failed optional dependency /mnt/data/technologia_work/node_modules/wrangler/node_modules/@esbuild/win32-ia32
858 silly reify mark deleted [
858 silly reify   '/mnt/data/technologia_work/node_modules/wrangler/node_modules/@esbuild/win32-ia32'
858 silly reify ]
859 verbose reify failed optional dependency /mnt/data/technologia_work/node_modules/wrangler/node_modules/@esbuild/sunos-x64
860 silly reify mark deleted [
860 silly reify   '/mnt/data/technologia_work/node_modules/wrangler/node_modules/@esbuild/sunos-x64'
860 silly reify ]
861 verbose reify failed optional dependency /mnt/data/technologia_work/node_modules/wrangler/node_modules/@esbuild/openbsd-x64
862 silly reify mark deleted [
862 silly reify   '/mnt/data/technologia_work/node_modules/wrangler/node_modules/@esbuild/openbsd-x64'
862 silly reify ]
863 verbose reify failed optional dependency /mnt/data/technologia_work/node_modules/wrangler/node_modules/@esbuild/openharmony-arm64
864 silly reify mark deleted [
864 silly reify   '/mnt/data/technologia_work/node_modules/wrangler/node_modules/@esbuild/openharmony-arm64'
864 silly reify ]
865 verbose reify failed optional dependency /mnt/data/technologia_work/node_modules/wrangler/node_modules/@esbuild/openbsd-arm64
866 silly reify mark deleted [
866 silly reify   '/mnt/data/technologia_work/node_modules/wrangler/node_modules/@esbuild/openbsd-arm64'
866 silly reify ]
867 verbose reify failed optional dependency /mnt/data/technologia_work/node_modules/wrangler/node_modules/@esbuild/netbsd-x64
868 silly reify mark deleted [
868 silly reify   '/mnt/data/technologia_work/node_modules/wrangler/node_modules/@esbuild/netbsd-x64'
868 silly reify ]
869 verbose reify failed optional dependency /mnt/data/technologia_work/node_modules/wrangler/node_modules/@esbuild/netbsd-arm64
870 silly reify mark deleted [
870 silly reify   '/mnt/data/technologia_work/node_modules/wrangler/node_modules/@esbuild/netbsd-arm64'
870 silly reify ]
871 verbose reify failed optional dependency /mnt/data/technologia_work/node_modules/wrangler/node_modules/@esbuild/linux-s390x
872 silly reify mark deleted [
872 silly reify   '/mnt/data/technologia_work/node_modules/wrangler/node_modules/@esbuild/linux-s390x'
872 silly reify ]
873 verbose reify failed optional dependency /mnt/data/technologia_work/node_modules/wrangler/node_modules/@esbuild/linux-riscv64
874 silly reify mark deleted [
874 silly reify   '/mnt/data/technologia_work/node_modules/wrangler/node_modules/@esbuild/linux-riscv64'
874 silly reify ]
875 verbose reify failed optional dependency /mnt/data/technologia_work/node_modules/wrangler/node_modules/@esbuild/linux-ppc64
876 silly reify mark deleted [
876 silly reify   '/mnt/data/technologia_work/node_modules/wrangler/node_modules/@esbuild/linux-ppc64'
876 silly reify ]
877 verbose reify failed optional dependency /mnt/data/technologia_work/node_modules/wrangler/node_modules/@esbuild/linux-mips64el
878 silly reify mark deleted [
878 silly reify   '/mnt/data/technologia_work/node_modules/wrangler/node_modules/@esbuild/linux-mips64el'
878 silly reify ]
879 verbose reify failed optional dependency /mnt/data/technologia_work/node_modules/wrangler/node_modules/@esbuild/linux-loong64
880 silly reify mark deleted [
880 silly reify   '/mnt/data/technologia_work/node_modules/wrangler/node_modules/@esbuild/linux-loong64'
880 silly reify ]
881 verbose reify failed optional dependency /mnt/data/technologia_work/node_modules/wrangler/node_modules/@esbuild/linux-ia32
882 silly reify mark deleted [
882 silly reify   '/mnt/data/technologia_work/node_modules/wrangler/node_modules/@esbuild/linux-ia32'
882 silly reify ]
883 verbose reify failed optional dependency /mnt/data/technologia_work/node_modules/wrangler/node_modules/@esbuild/linux-arm64
884 silly reify mark deleted [
884 silly reify   '/mnt/data/technologia_work/node_modules/wrangler/node_modules/@esbuild/linux-arm64'
884 silly reify ]
885 verbose reify failed optional dependency /mnt/data/technologia_work/node_modules/wrangler/node_modules/@esbuild/linux-arm
886 silly reify mark deleted [
886 silly reify   '/mnt/data/technologia_work/node_modules/wrangler/node_modules/@esbuild/linux-arm'
886 silly reify ]
887 verbose reify failed optional dependency /mnt/data/technologia_work/node_modules/wrangler/node_modules/@esbuild/freebsd-x64
888 silly reify mark deleted [
888 silly reify   '/mnt/data/technologia_work/node_modules/wrangler/node_modules/@esbuild/freebsd-x64'
888 silly reify ]
889 verbose reify failed optional dependency /mnt/data/technologia_work/node_modules/wrangler/node_modules/@esbuild/freebsd-arm64
890 silly reify mark deleted [
890 silly reify   '/mnt/data/technologia_work/node_modules/wrangler/node_modules/@esbuild/freebsd-arm64'
890 silly reify ]
891 verbose reify failed optional dependency /mnt/data/technologia_work/node_modules/wrangler/node_modules/@esbuild/darwin-x64
892 silly reify mark deleted [
892 silly reify   '/mnt/data/technologia_work/node_modules/wrangler/node_modules/@esbuild/darwin-x64'
892 silly reify ]
893 verbose reify failed optional dependency /mnt/data/technologia_work/node_modules/wrangler/node_modules/@esbuild/darwin-arm64
894 silly reify mark deleted [
894 silly reify   '/mnt/data/technologia_work/node_modules/wrangler/node_modules/@esbuild/darwin-arm64'
894 silly reify ]
895 verbose reify failed optional dependency /mnt/data/technologia_work/node_modules/wrangler/node_modules/@esbuild/android-arm64
896 silly reify mark deleted [
896 silly reify   '/mnt/data/technologia_work/node_modules/wrangler/node_modules/@esbuild/android-arm64'
896 silly reify ]
897 verbose reify failed optional dependency /mnt/data/technologia_work/node_modules/wrangler/node_modules/@esbuild/android-x64
898 silly reify mark deleted [
898 silly reify   '/mnt/data/technologia_work/node_modules/wrangler/node_modules/@esbuild/android-x64'
898 silly reify ]
899 verbose reify failed optional dependency /mnt/data/technologia_work/node_modules/wrangler/node_modules/@esbuild/android-arm
900 silly reify mark deleted [
900 silly reify   '/mnt/data/technologia_work/node_modules/wrangler/node_modules/@esbuild/android-arm'
900 silly reify ]
901 verbose reify failed optional dependency /mnt/data/technologia_work/node_modules/wrangler/node_modules/@esbuild/aix-ppc64
902 silly reify mark deleted [
902 silly reify   '/mnt/data/technologia_work/node_modules/wrangler/node_modules/@esbuild/aix-ppc64'
902 silly reify ]
903 verbose reify failed optional dependency /mnt/data/technologia_work/node_modules/vite/node_modules/lightningcss-win32-x64-msvc
904 silly reify mark deleted [
904 silly reify   '/mnt/data/technologia_work/node_modules/vite/node_modules/lightningcss-win32-x64-msvc'
904 silly reify ]
905 verbose reify failed optional dependency /mnt/data/technologia_work/node_modules/vite/node_modules/lightningcss-linux-x64-musl
906 silly reify mark deleted [
906 silly reify   '/mnt/data/technologia_work/node_modules/vite/node_modules/lightningcss-linux-x64-musl'
906 silly reify ]
907 verbose reify failed optional dependency /mnt/data/technologia_work/node_modules/vite/node_modules/lightningcss-win32-arm64-msvc
908 silly reify mark deleted [
908 silly reify   '/mnt/data/technologia_work/node_modules/vite/node_modules/lightningcss-win32-arm64-msvc'
908 silly reify ]
909 verbose reify failed optional dependency /mnt/data/technologia_work/node_modules/vite/node_modules/lightningcss-linux-arm64-musl
910 silly reify mark deleted [
910 silly reify   '/mnt/data/technologia_work/node_modules/vite/node_modules/lightningcss-linux-arm64-musl'
910 silly reify ]
911 verbose reify failed optional dependency /mnt/data/technologia_work/node_modules/vite/node_modules/lightningcss-linux-arm64-gnu
912 silly reify mark deleted [
912 silly reify   '/mnt/data/technologia_work/node_modules/vite/node_modules/lightningcss-linux-arm64-gnu'
912 silly reify ]
913 verbose reify failed optional dependency /mnt/data/technologia_work/node_modules/vite/node_modules/lightningcss-linux-arm-gnueabihf
914 silly reify mark deleted [
914 silly reify   '/mnt/data/technologia_work/node_modules/vite/node_modules/lightningcss-linux-arm-gnueabihf'
914 silly reify ]
915 verbose reify failed optional dependency /mnt/data/technologia_work/node_modules/vite/node_modules/lightningcss-freebsd-x64
916 silly reify mark deleted [
916 silly reify   '/mnt/data/technologia_work/node_modules/vite/node_modules/lightningcss-freebsd-x64'
916 silly reify ]
917 verbose reify failed optional dependency /mnt/data/technologia_work/node_modules/vite/node_modules/lightningcss-darwin-x64
918 silly reify mark deleted [
918 silly reify   '/mnt/data/technologia_work/node_modules/vite/node_modules/lightningcss-darwin-x64'
918 silly reify ]
919 verbose reify failed optional dependency /mnt/data/technologia_work/node_modules/vite/node_modules/lightningcss-darwin-arm64
920 silly reify mark deleted [
920 silly reify   '/mnt/data/technologia_work/node_modules/vite/node_modules/lightningcss-darwin-arm64'
920 silly reify ]
921 verbose reify failed optional dependency /mnt/data/technologia_work/node_modules/vite/node_modules/lightningcss-android-arm64
922 silly reify mark deleted [
922 silly reify   '/mnt/data/technologia_work/node_modules/vite/node_modules/lightningcss-android-arm64'
922 silly reify ]
923 verbose reify failed optional dependency /mnt/data/technologia_work/node_modules/lightningcss-win32-x64-msvc
924 silly reify mark deleted [
924 silly reify   '/mnt/data/technologia_work/node_modules/lightningcss-win32-x64-msvc'
924 silly reify ]
925 verbose reify failed optional dependency /mnt/data/technologia_work/node_modules/lightningcss-win32-arm64-msvc
926 silly reify mark deleted [
926 silly reify   '/mnt/data/technologia_work/node_modules/lightningcss-win32-arm64-msvc'
926 silly reify ]
927 verbose reify failed optional dependency /mnt/data/technologia_work/node_modules/lightningcss-linux-x64-musl
928 silly reify mark deleted [
928 silly reify   '/mnt/data/technologia_work/node_modules/lightningcss-linux-x64-musl'
928 silly reify ]
929 verbose reify failed optional dependency /mnt/data/technologia_work/node_modules/lightningcss-linux-arm64-musl
930 silly reify mark deleted [
930 silly reify   '/mnt/data/technologia_work/node_modules/lightningcss-linux-arm64-musl'
930 silly reify ]
931 verbose reify failed optional dependency /mnt/data/technologia_work/node_modules/lightningcss-linux-arm64-gnu
932 silly reify mark deleted [
932 silly reify   '/mnt/data/technologia_work/node_modules/lightningcss-linux-arm64-gnu'
932 silly reify ]
933 verbose reify failed optional dependency /mnt/data/technologia_work/node_modules/lightningcss-linux-arm-gnueabihf
934 silly reify mark deleted [
934 silly reify   '/mnt/data/technologia_work/node_modules/lightningcss-linux-arm-gnueabihf'
934 silly reify ]
935 verbose reify failed optional dependency /mnt/data/technologia_work/node_modules/lightningcss-freebsd-x64
936 silly reify mark deleted [ '/mnt/data/technologia_work/node_modules/lightningcss-freebsd-x64' ]
937 verbose reify failed optional dependency /mnt/data/technologia_work/node_modules/lightningcss-darwin-x64
938 silly reify mark deleted [ '/mnt/data/technologia_work/node_modules/lightningcss-darwin-x64' ]
939 verbose reify failed optional dependency /mnt/data/technologia_work/node_modules/lightningcss-darwin-arm64
940 silly reify mark deleted [ '/mnt/data/technologia_work/node_modules/lightningcss-darwin-arm64' ]
941 verbose reify failed optional dependency /mnt/data/technologia_work/node_modules/lightningcss-android-arm64
942 silly reify mark deleted [
942 silly reify   '/mnt/data/technologia_work/node_modules/lightningcss-android-arm64'
942 silly reify ]
943 verbose reify failed optional dependency /mnt/data/technologia_work/node_modules/fsevents
944 silly reify mark deleted [ '/mnt/data/technologia_work/node_modules/fsevents' ]
945 verbose reify failed optional dependency /mnt/data/technologia_work/node_modules/drizzle-kit/node_modules/@esbuild/win32-ia32
946 silly reify mark deleted [
946 silly reify   '/mnt/data/technologia_work/node_modules/drizzle-kit/node_modules/@esbuild/win32-ia32'
946 silly reify ]
947 verbose reify failed optional dependency /mnt/data/technologia_work/node_modules/drizzle-kit/node_modules/@esbuild/win32-arm64
948 silly reify mark deleted [
948 silly reify   '/mnt/data/technologia_work/node_modules/drizzle-kit/node_modules/@esbuild/win32-arm64'
948 silly reify ]
949 verbose reify failed optional dependency /mnt/data/technologia_work/node_modules/drizzle-kit/node_modules/@esbuild/win32-x64
950 silly reify mark deleted [
950 silly reify   '/mnt/data/technologia_work/node_modules/drizzle-kit/node_modules/@esbuild/win32-x64'
950 silly reify ]
951 verbose reify failed optional dependency /mnt/data/technologia_work/node_modules/drizzle-kit/node_modules/@esbuild/openharmony-arm64
952 silly reify mark deleted [
952 silly reify   '/mnt/data/technologia_work/node_modules/drizzle-kit/node_modules/@esbuild/openharmony-arm64'
952 silly reify ]
953 verbose reify failed optional dependency /mnt/data/technologia_work/node_modules/drizzle-kit/node_modules/@esbuild/sunos-x64
954 silly reify mark deleted [
954 silly reify   '/mnt/data/technologia_work/node_modules/drizzle-kit/node_modules/@esbuild/sunos-x64'
954 silly reify ]
955 verbose reify failed optional dependency /mnt/data/technologia_work/node_modules/drizzle-kit/node_modules/@esbuild/openbsd-x64
956 silly reify mark deleted [
956 silly reify   '/mnt/data/technologia_work/node_modules/drizzle-kit/node_modules/@esbuild/openbsd-x64'
956 silly reify ]
957 verbose reify failed optional dependency /mnt/data/technologia_work/node_modules/drizzle-kit/node_modules/@esbuild/openbsd-arm64
958 silly reify mark deleted [
958 silly reify   '/mnt/data/technologia_work/node_modules/drizzle-kit/node_modules/@esbuild/openbsd-arm64'
958 silly reify ]
959 verbose reify failed optional dependency /mnt/data/technologia_work/node_modules/drizzle-kit/node_modules/@esbuild/netbsd-x64
960 silly reify mark deleted [
960 silly reify   '/mnt/data/technologia_work/node_modules/drizzle-kit/node_modules/@esbuild/netbsd-x64'
960 silly reify ]
961 verbose reify failed optional dependency /mnt/data/technologia_work/node_modules/drizzle-kit/node_modules/@esbuild/netbsd-arm64
962 silly reify mark deleted [
962 silly reify   '/mnt/data/technologia_work/node_modules/drizzle-kit/node_modules/@esbuild/netbsd-arm64'
962 silly reify ]
963 verbose reify failed optional dependency /mnt/data/technologia_work/node_modules/drizzle-kit/node_modules/@esbuild/linux-s390x
964 silly reify mark deleted [
964 silly reify   '/mnt/data/technologia_work/node_modules/drizzle-kit/node_modules/@esbuild/linux-s390x'
964 silly reify ]
965 verbose reify failed optional dependency /mnt/data/technologia_work/node_modules/drizzle-kit/node_modules/@esbuild/linux-riscv64
966 silly reify mark deleted [
966 silly reify   '/mnt/data/technologia_work/node_modules/drizzle-kit/node_modules/@esbuild/linux-riscv64'
966 silly reify ]
967 verbose reify failed optional dependency /mnt/data/technologia_work/node_modules/drizzle-kit/node_modules/@esbuild/linux-ppc64
968 silly reify mark deleted [
968 silly reify   '/mnt/data/technologia_work/node_modules/drizzle-kit/node_modules/@esbuild/linux-ppc64'
968 silly reify ]
969 verbose reify failed optional dependency /mnt/data/technologia_work/node_modules/drizzle-kit/node_modules/@esbuild/linux-mips64el
970 silly reify mark deleted [
970 silly reify   '/mnt/data/technologia_work/node_modules/drizzle-kit/node_modules/@esbuild/linux-mips64el'
970 silly reify ]
971 verbose reify failed optional dependency /mnt/data/technologia_work/node_modules/drizzle-kit/node_modules/@esbuild/linux-loong64
972 silly reify mark deleted [
972 silly reify   '/mnt/data/technologia_work/node_modules/drizzle-kit/node_modules/@esbuild/linux-loong64'
972 silly reify ]
973 verbose reify failed optional dependency /mnt/data/technologia_work/node_modules/drizzle-kit/node_modules/@esbuild/linux-ia32
974 silly reify mark deleted [
974 silly reify   '/mnt/data/technologia_work/node_modules/drizzle-kit/node_modules/@esbuild/linux-ia32'
974 silly reify ]
975 verbose reify failed optional dependency /mnt/data/technologia_work/node_modules/drizzle-kit/node_modules/@esbuild/linux-arm64
976 silly reify mark deleted [
976 silly reify   '/mnt/data/technologia_work/node_modules/drizzle-kit/node_modules/@esbuild/linux-arm64'
976 silly reify ]
977 verbose reify failed optional dependency /mnt/data/technologia_work/node_modules/drizzle-kit/node_modules/@esbuild/linux-arm
978 silly reify mark deleted [
978 silly reify   '/mnt/data/technologia_work/node_modules/drizzle-kit/node_modules/@esbuild/linux-arm'
978 silly reify ]
979 verbose reify failed optional dependency /mnt/data/technologia_work/node_modules/drizzle-kit/node_modules/@esbuild/freebsd-x64
980 silly reify mark deleted [
980 silly reify   '/mnt/data/technologia_work/node_modules/drizzle-kit/node_modules/@esbuild/freebsd-x64'
980 silly reify ]
981 verbose reify failed optional dependency /mnt/data/technologia_work/node_modules/drizzle-kit/node_modules/@esbuild/freebsd-arm64
982 silly reify mark deleted [
982 silly reify   '/mnt/data/technologia_work/node_modules/drizzle-kit/node_modules/@esbuild/freebsd-arm64'
982 silly reify ]
983 verbose reify failed optional dependency /mnt/data/technologia_work/node_modules/drizzle-kit/node_modules/@esbuild/darwin-x64
984 silly reify mark deleted [
984 silly reify   '/mnt/data/technologia_work/node_modules/drizzle-kit/node_modules/@esbuild/darwin-x64'
984 silly reify ]
985 verbose reify failed optional dependency /mnt/data/technologia_work/node_modules/drizzle-kit/node_modules/@esbuild/darwin-arm64
986 silly reify mark deleted [
986 silly reify   '/mnt/data/technologia_work/node_modules/drizzle-kit/node_modules/@esbuild/darwin-arm64'
986 silly reify ]
987 verbose reify failed optional dependency /mnt/data/technologia_work/node_modules/drizzle-kit/node_modules/@esbuild/android-x64
988 silly reify mark deleted [
988 silly reify   '/mnt/data/technologia_work/node_modules/drizzle-kit/node_modules/@esbuild/android-x64'
988 silly reify ]
989 verbose reify failed optional dependency /mnt/data/technologia_work/node_modules/drizzle-kit/node_modules/@esbuild/android-arm64
990 silly reify mark deleted [
990 silly reify   '/mnt/data/technologia_work/node_modules/drizzle-kit/node_modules/@esbuild/android-arm64'
990 silly reify ]
991 verbose reify failed optional dependency /mnt/data/technologia_work/node_modules/drizzle-kit/node_modules/@esbuild/aix-ppc64
992 silly reify mark deleted [
992 silly reify   '/mnt/data/technologia_work/node_modules/drizzle-kit/node_modules/@esbuild/aix-ppc64'
992 silly reify ]
993 verbose reify failed optional dependency /mnt/data/technologia_work/node_modules/drizzle-kit/node_modules/@esbuild/android-arm
994 silly reify mark deleted [
994 silly reify   '/mnt/data/technologia_work/node_modules/drizzle-kit/node_modules/@esbuild/android-arm'
994 silly reify ]
995 http cache @xtuc/ieee754@https://packages.applied-caas-gateway1.internal.api.openai.org/artifactory/api/npm/npm-public/@xtuc/ieee754/-/ieee754-1.2.0.tgz 0ms (cache hit)
996 http cache @xtuc/long@https://packages.applied-caas-gateway1.internal.api.openai.org/artifactory/api/npm/npm-public/@xtuc/long/-/long-4.2.2.tgz 0ms (cache hit)
997 http cache @webassemblyjs/wast-printer@https://packages.applied-caas-gateway1.internal.api.openai.org/artifactory/api/npm/npm-public/@webassemblyjs/wast-printer/-/wast-printer-1.14.1.tgz 0ms (cache hit)
998 http cache @webassemblyjs/wasm-parser@https://packages.applied-caas-gateway1.internal.api.openai.org/artifactory/api/npm/npm-public/@webassemblyjs/wasm-parser/-/wasm-parser-1.14.1.tgz 0ms (cache hit)
999 http cache @webassemblyjs/wasm-gen@https://packages.applied-caas-gateway1.internal.api.openai.org/artifactory/api/npm/npm-public/@webassemblyjs/wasm-gen/-/wasm-gen-1.14.1.tgz 0ms (cache hit)
1000 http cache @webassemblyjs/wasm-opt@https://packages.applied-caas-gateway1.internal.api.openai.org/artifactory/api/npm/npm-public/@webassemblyjs/wasm-opt/-/wasm-opt-1.14.1.tgz 0ms (cache hit)
1001 http cache @webassemblyjs/wasm-edit@https://packages.applied-caas-gateway1.internal.api.openai.org/artifactory/api/npm/npm-public/@webassemblyjs/wasm-edit/-/wasm-edit-1.14.1.tgz 0ms (cache hit)
1002 http cache @webassemblyjs/utf8@https://packages.applied-caas-gateway1.internal.api.openai.org/artifactory/api/npm/npm-public/@webassemblyjs/utf8/-/utf8-1.13.2.tgz 0ms (cache hit)
1003 http cache @webassemblyjs/leb128@https://packages.applied-caas-gateway1.internal.api.openai.org/artifactory/api/npm/npm-public/@webassemblyjs/leb128/-/leb128-1.13.2.tgz 0ms (cache hit)
1004 http cache @webassemblyjs/helper-wasm-section@https://packages.applied-caas-gateway1.internal.api.openai.org/artifactory/api/npm/npm-public/@webassemblyjs/helper-wasm-section/-/helper-wasm-section-1.14.1.tgz 0ms (cache hit)
1005 http cache @webassemblyjs/ieee754@https://packages.applied-caas-gateway1.internal.api.openai.org/artifactory/api/npm/npm-public/@webassemblyjs/ieee754/-/ieee754-1.13.2.tgz 0ms (cache hit)
1006 http cache @webassemblyjs/helper-buffer@https://packages.applied-caas-gateway1.internal.api.openai.org/artifactory/api/npm/npm-public/@webassemblyjs/helper-buffer/-/helper-buffer-1.14.1.tgz 0ms (cache hit)
1007 http cache @webassemblyjs/helper-api-error@https://packages.applied-caas-gateway1.internal.api.openai.org/artifactory/api/npm/npm-public/@webassemblyjs/helper-api-error/-/helper-api-error-1.13.2.tgz 0ms (cache hit)
1008 http cache @webassemblyjs/helper-numbers@https://packages.applied-caas-gateway1.internal.api.openai.org/artifactory/api/npm/npm-public/@webassemblyjs/helper-numbers/-/helper-numbers-1.13.2.tgz 0ms (cache hit)
1009 http cache @webassemblyjs/ast@https://packages.applied-caas-gateway1.internal.api.openai.org/artifactory/api/npm/npm-public/@webassemblyjs/ast/-/ast-1.14.1.tgz 0ms (cache hit)
1010 http cache @webassemblyjs/floating-point-hex-parser@https://packages.applied-caas-gateway1.internal.api.openai.org/artifactory/api/npm/npm-public/@webassemblyjs/floating-point-hex-parser/-/floating-point-hex-parser-1.13.2.tgz 0ms (cache hit)
1011 http cache @vitejs/plugin-rsc@https://packages.applied-caas-gateway1.internal.api.openai.org/artifactory/api/npm/npm-public/@vitejs/plugin-rsc/-/plugin-rsc-0.5.26.tgz 0ms (cache hit)
1012 http cache @vitejs/plugin-react@https://packages.applied-caas-gateway1.internal.api.openai.org/artifactory/api/npm/npm-public/@vitejs/plugin-react/-/plugin-react-6.0.2.tgz 0ms (cache hit)
1013 http cache @webassemblyjs/helper-wasm-bytecode@https://packages.applied-caas-gateway1.internal.api.openai.org/artifactory/api/npm/npm-public/@webassemblyjs/helper-wasm-bytecode/-/helper-wasm-bytecode-1.13.2.tgz 0ms (cache hit)
1014 http cache @vercel/og@https://packages.applied-caas-gateway1.internal.api.openai.org/artifactory/api/npm/npm-public/@vercel/og/-/og-0.8.6.tgz 0ms (cache hit)
1015 http cache @unpic/react@https://packages.applied-caas-gateway1.internal.api.openai.org/artifactory/api/npm/npm-public/@unpic/react/-/react-1.0.2.tgz 0ms (cache hit)
1016 http cache @unrs/resolver-binding-linux-x64-gnu@https://packages.applied-caas-gateway1.internal.api.openai.org/artifactory/api/npm/npm-public/@unrs/resolver-binding-linux-x64-gnu/-/resolver-binding-linux-x64-gnu-1.11.1.tgz 0ms (cache hit)
1017 http cache @unpic/core@https://packages.applied-caas-gateway1.internal.api.openai.org/artifactory/api/npm/npm-public/@unpic/core/-/core-1.0.3.tgz 0ms (cache hit)
1018 http cache @typescript-eslint/visitor-keys@https://packages.applied-caas-gateway1.internal.api.openai.org/artifactory/api/npm/npm-public/@typescript-eslint/visitor-keys/-/visitor-keys-8.59.3.tgz 0ms (cache hit)
1019 http cache @typescript-eslint/utils@https://packages.applied-caas-gateway1.internal.api.openai.org/artifactory/api/npm/npm-public/@typescript-eslint/utils/-/utils-8.59.3.tgz 0ms (cache hit)
1020 http cache @typescript-eslint/typescript-estree@https://packages.applied-caas-gateway1.internal.api.openai.org/artifactory/api/npm/npm-public/@typescript-eslint/typescript-estree/-/typescript-estree-8.59.3.tgz 0ms (cache hit)
1021 http cache @typescript-eslint/types@https://packages.applied-caas-gateway1.internal.api.openai.org/artifactory/api/npm/npm-public/@typescript-eslint/types/-/types-8.59.3.tgz 0ms (cache hit)
1022 http cache @typescript-eslint/type-utils@https://packages.applied-caas-gateway1.internal.api.openai.org/artifactory/api/npm/npm-public/@typescript-eslint/type-utils/-/type-utils-8.59.3.tgz 0ms (cache hit)
1023 http cache @typescript-eslint/tsconfig-utils@https://packages.applied-caas-gateway1.internal.api.openai.org/artifactory/api/npm/npm-public/@typescript-eslint/tsconfig-utils/-/tsconfig-utils-8.59.3.tgz 0ms (cache hit)
1024 http cache @typescript-eslint/scope-manager@https://packages.applied-caas-gateway1.internal.api.openai.org/artifactory/api/npm/npm-public/@typescript-eslint/scope-manager/-/scope-manager-8.59.3.tgz 0ms (cache hit)
1025 http cache @typescript-eslint/project-service@https://packages.applied-caas-gateway1.internal.api.openai.org/artifactory/api/npm/npm-public/@typescript-eslint/project-service/-/project-service-8.59.3.tgz 0ms (cache hit)
1026 http cache @typescript-eslint/eslint-plugin@https://packages.applied-caas-gateway1.internal.api.openai.org/artifactory/api/npm/npm-public/@typescript-eslint/eslint-plugin/-/eslint-plugin-8.59.3.tgz 0ms (cache hit)
1027 http cache @typescript-eslint/parser@https://packages.applied-caas-gateway1.internal.api.openai.org/artifactory/api/npm/npm-public/@typescript-eslint/parser/-/parser-8.59.3.tgz 0ms (cache hit)
1028 http cache @types/react-dom@https://packages.applied-caas-gateway1.internal.api.openai.org/artifactory/api/npm/npm-public/@types/react-dom/-/react-dom-19.2.3.tgz 0ms (cache hit)
1029 http cache @types/react@https://packages.applied-caas-gateway1.internal.api.openai.org/artifactory/api/npm/npm-public/@types/react/-/react-19.2.14.tgz 0ms (cache hit)
1030 http cache @types/node@https://packages.applied-caas-gateway1.internal.api.openai.org/artifactory/api/npm/npm-public/@types/node/-/node-22.19.19.tgz 0ms (cache hit)
1031 http cache @types/json5@https://packages.applied-caas-gateway1.internal.api.openai.org/artifactory/api/npm/npm-public/@types/json5/-/json5-0.0.29.tgz 0ms (cache hit)
1032 http cache @types/estree@https://packages.applied-caas-gateway1.internal.api.openai.org/artifactory/api/npm/npm-public/@types/estree/-/estree-1.0.9.tgz 0ms (cache hit)
1033 http cache @types/eslint@https://packages.applied-caas-gateway1.internal.api.openai.org/artifactory/api/npm/npm-public/@types/eslint/-/eslint-9.6.1.tgz 1ms (cache hit)
1034 http cache @types/json-schema@https://packages.applied-caas-gateway1.internal.api.openai.org/artifactory/api/npm/npm-public/@types/json-schema/-/json-schema-7.0.15.tgz 0ms (cache hit)
1035 http cache @types/eslint-scope@https://packages.applied-caas-gateway1.internal.api.openai.org/artifactory/api/npm/npm-public/@types/eslint-scope/-/eslint-scope-3.7.7.tgz 0ms (cache hit)
1036 http cache @tybys/wasm-util@https://packages.applied-caas-gateway1.internal.api.openai.org/artifactory/api/npm/npm-public/@tybys/wasm-util/-/wasm-util-0.10.2.tgz 0ms (cache hit)
1037 http cache @tailwindcss/oxide-linux-x64-gnu@https://packages.applied-caas-gateway1.internal.api.openai.org/artifactory/api/npm/npm-public/@tailwindcss/oxide-linux-x64-gnu/-/oxide-linux-x64-gnu-4.2.1.tgz 0ms (cache hit)
1038 http cache @tailwindcss/node@https://packages.applied-caas-gateway1.internal.api.openai.org/artifactory/api/npm/npm-public/@tailwindcss/node/-/node-4.2.1.tgz 0ms (cache hit)
1039 http cache @tailwindcss/postcss@https://packages.applied-caas-gateway1.internal.api.openai.org/artifactory/api/npm/npm-public/@tailwindcss/postcss/-/postcss-4.2.1.tgz 0ms (cache hit)
1040 http cache @swc/helpers@https://packages.applied-caas-gateway1.internal.api.openai.org/artifactory/api/npm/npm-public/@swc/helpers/-/helpers-0.5.15.tgz 0ms (cache hit)
1041 http cache @tailwindcss/oxide@https://packages.applied-caas-gateway1.internal.api.openai.org/artifactory/api/npm/npm-public/@tailwindcss/oxide/-/oxide-4.2.1.tgz 0ms (cache hit)
1042 http cache @speed-highlight/core@https://packages.applied-caas-gateway1.internal.api.openai.org/artifactory/api/npm/npm-public/@speed-highlight/core/-/core-1.2.15.tgz 0ms (cache hit)
1043 http cache @sindresorhus/is@https://packages.applied-caas-gateway1.internal.api.openai.org/artifactory/api/npm/npm-public/@sindresorhus/is/-/is-7.2.0.tgz 0ms (cache hit)
1044 http cache @shuding/opentype.js@https://packages.applied-caas-gateway1.internal.api.openai.org/artifactory/api/npm/npm-public/@shuding/opentype.js/-/opentype.js-1.4.0-beta.0.tgz 0ms (cache hit)
1045 http cache @rolldown/pluginutils@https://packages.applied-caas-gateway1.internal.api.openai.org/artifactory/api/npm/npm-public/@rolldown/pluginutils/-/pluginutils-1.0.1.tgz 0ms (cache hit)
1046 http cache @rtsao/scc@https://packages.applied-caas-gateway1.internal.api.openai.org/artifactory/api/npm/npm-public/@rtsao/scc/-/scc-1.1.0.tgz 0ms (cache hit)
1047 http cache @rolldown/binding-linux-x64-gnu@https://packages.applied-caas-gateway1.internal.api.openai.org/artifactory/api/npm/npm-public/@rolldown/binding-linux-x64-gnu/-/binding-linux-x64-gnu-1.0.1.tgz 0ms (cache hit)
1048 http cache @resvg/resvg-wasm@https://packages.applied-caas-gateway1.internal.api.openai.org/artifactory/api/npm/npm-public/@resvg/resvg-wasm/-/resvg-wasm-2.4.0.tgz 0ms (cache hit)
1049 http cache @poppinss/dumper@https://packages.applied-caas-gateway1.internal.api.openai.org/artifactory/api/npm/npm-public/@poppinss/dumper/-/dumper-0.6.5.tgz 0ms (cache hit)
1050 http cache @poppinss/exception@https://packages.applied-caas-gateway1.internal.api.openai.org/artifactory/api/npm/npm-public/@poppinss/exception/-/exception-1.2.3.tgz 0ms (cache hit)
1051 http cache @oxc-project/types@https://packages.applied-caas-gateway1.internal.api.openai.org/artifactory/api/npm/npm-public/@oxc-project/types/-/types-0.130.0.tgz 0ms (cache hit)
1052 http cache @poppinss/colors@https://packages.applied-caas-gateway1.internal.api.openai.org/artifactory/api/npm/npm-public/@poppinss/colors/-/colors-4.1.6.tgz 0ms (cache hit)
1053 http cache @nodelib/fs.walk@https://packages.applied-caas-gateway1.internal.api.openai.org/artifactory/api/npm/npm-public/@nodelib/fs.walk/-/fs.walk-1.2.8.tgz 0ms (cache hit)
1054 http cache @nolyfill/is-core-module@https://packages.applied-caas-gateway1.internal.api.openai.org/artifactory/api/npm/npm-public/@nolyfill/is-core-module/-/is-core-module-1.0.39.tgz 0ms (cache hit)
1055 http cache @nodelib/fs.stat@https://packages.applied-caas-gateway1.internal.api.openai.org/artifactory/api/npm/npm-public/@nodelib/fs.stat/-/fs.stat-2.0.5.tgz 0ms (cache hit)
1056 http cache @nodelib/fs.scandir@https://packages.applied-caas-gateway1.internal.api.openai.org/artifactory/api/npm/npm-public/@nodelib/fs.scandir/-/fs.scandir-2.1.5.tgz 0ms (cache hit)
1057 http cache @next/swc-linux-x64-gnu@https://packages.applied-caas-gateway1.internal.api.openai.org/artifactory/api/npm/npm-public/@next/swc-linux-x64-gnu/-/swc-linux-x64-gnu-16.2.6.tgz 0ms (cache hit)
1058 http cache @next/eslint-plugin-next@https://packages.applied-caas-gateway1.internal.api.openai.org/artifactory/api/npm/npm-public/@next/eslint-plugin-next/-/eslint-plugin-next-16.2.6.tgz 0ms (cache hit)
1059 http cache @next/env@https://packages.applied-caas-gateway1.internal.api.openai.org/artifactory/api/npm/npm-public/@next/env/-/env-16.2.6.tgz 0ms (cache hit)
1060 http cache @napi-rs/wasm-runtime@https://packages.applied-caas-gateway1.internal.api.openai.org/artifactory/api/npm/npm-public/@napi-rs/wasm-runtime/-/wasm-runtime-0.2.12.tgz 0ms (cache hit)
1061 http cache @jridgewell/sourcemap-codec@https://packages.applied-caas-gateway1.internal.api.openai.org/artifactory/api/npm/npm-public/@jridgewell/sourcemap-codec/-/sourcemap-codec-1.5.5.tgz 0ms (cache hit)
1062 http cache @jridgewell/source-map@https://packages.applied-caas-gateway1.internal.api.openai.org/artifactory/api/npm/npm-public/@jridgewell/source-map/-/source-map-0.3.11.tgz 0ms (cache hit)
1063 http cache @jridgewell/trace-mapping@https://packages.applied-caas-gateway1.internal.api.openai.org/artifactory/api/npm/npm-public/@jridgewell/trace-mapping/-/trace-mapping-0.3.31.tgz 0ms (cache hit)
1064 http cache @jridgewell/resolve-uri@https://packages.applied-caas-gateway1.internal.api.openai.org/artifactory/api/npm/npm-public/@jridgewell/resolve-uri/-/resolve-uri-3.1.2.tgz 0ms (cache hit)
1065 http cache @img/sharp-linux-x64@https://packages.applied-caas-gateway1.internal.api.openai.org/artifactory/api/npm/npm-public/@img/sharp-linux-x64/-/sharp-linux-x64-0.34.5.tgz 0ms (cache hit)
1066 http cache @jridgewell/remapping@https://packages.applied-caas-gateway1.internal.api.openai.org/artifactory/api/npm/npm-public/@jridgewell/remapping/-/remapping-2.3.5.tgz 0ms (cache hit)
1067 http cache @jridgewell/gen-mapping@https://packages.applied-caas-gateway1.internal.api.openai.org/artifactory/api/npm/npm-public/@jridgewell/gen-mapping/-/gen-mapping-0.3.13.tgz 0ms (cache hit)
1068 http cache @img/sharp-libvips-linux-x64@https://packages.applied-caas-gateway1.internal.api.openai.org/artifactory/api/npm/npm-public/@img/sharp-libvips-linux-x64/-/sharp-libvips-linux-x64-1.2.4.tgz 0ms (cache hit)
1069 http cache @img/colour@https://packages.applied-caas-gateway1.internal.api.openai.org/artifactory/api/npm/npm-public/@img/colour/-/colour-1.1.0.tgz 0ms (cache hit)
1070 http cache @humanfs/node@https://packages.applied-caas-gateway1.internal.api.openai.org/artifactory/api/npm/npm-public/@humanfs/node/-/node-0.16.8.tgz 0ms (cache hit)
1071 http cache @humanfs/types@https://packages.applied-caas-gateway1.internal.api.openai.org/artifactory/api/npm/npm-public/@humanfs/types/-/types-0.15.0.tgz 0ms (cache hit)
1072 http cache @humanwhocodes/module-importer@https://packages.applied-caas-gateway1.internal.api.openai.org/artifactory/api/npm/npm-public/@humanwhocodes/module-importer/-/module-importer-1.0.1.tgz 0ms (cache hit)
1073 http cache @humanwhocodes/retry@https://packages.applied-caas-gateway1.internal.api.openai.org/artifactory/api/npm/npm-public/@humanwhocodes/retry/-/retry-0.4.3.tgz 0ms (cache hit)
1074 http cache @humanfs/core@https://packages.applied-caas-gateway1.internal.api.openai.org/artifactory/api/npm/npm-public/@humanfs/core/-/core-0.19.2.tgz 0ms (cache hit)
1075 http cache @eslint-community/eslint-utils@https://packages.applied-caas-gateway1.internal.api.openai.org/artifactory/api/npm/npm-public/@eslint-community/eslint-utils/-/eslint-utils-4.9.1.tgz 0ms (cache hit)
1076 http cache @eslint-community/regexpp@https://packages.applied-caas-gateway1.internal.api.openai.org/artifactory/api/npm/npm-public/@eslint-community/regexpp/-/regexpp-4.12.2.tgz 0ms (cache hit)
1077 http cache @eslint/object-schema@https://packages.applied-caas-gateway1.internal.api.openai.org/artifactory/api/npm/npm-public/@eslint/object-schema/-/object-schema-2.1.7.tgz 0ms (cache hit)
1078 http cache @eslint/plugin-kit@https://packages.applied-caas-gateway1.internal.api.openai.org/artifactory/api/npm/npm-public/@eslint/plugin-kit/-/plugin-kit-0.4.1.tgz 0ms (cache hit)
1079 http cache @eslint/js@https://packages.applied-caas-gateway1.internal.api.openai.org/artifactory/api/npm/npm-public/@eslint/js/-/js-9.39.4.tgz 0ms (cache hit)
1080 http cache @eslint/core@https://packages.applied-caas-gateway1.internal.api.openai.org/artifactory/api/npm/npm-public/@eslint/core/-/core-0.17.0.tgz 0ms (cache hit)
1081 http cache @eslint/eslintrc@https://packages.applied-caas-gateway1.internal.api.openai.org/artifactory/api/npm/npm-public/@eslint/eslintrc/-/eslintrc-3.3.5.tgz 0ms (cache hit)
1082 http cache @eslint/config-helpers@https://packages.applied-caas-gateway1.internal.api.openai.org/artifactory/api/npm/npm-public/@eslint/config-helpers/-/config-helpers-0.4.2.tgz 0ms (cache hit)
1083 http cache @esbuild-kit/esm-loader@https://packages.applied-caas-gateway1.internal.api.openai.org/artifactory/api/npm/npm-public/@esbuild-kit/esm-loader/-/esm-loader-2.6.5.tgz 0ms (cache hit)
1084 http cache @eslint/config-array@https://packages.applied-caas-gateway1.internal.api.openai.org/artifactory/api/npm/npm-public/@eslint/config-array/-/config-array-0.21.2.tgz 0ms (cache hit)
1085 http cache @esbuild-kit/core-utils@https://packages.applied-caas-gateway1.internal.api.openai.org/artifactory/api/npm/npm-public/@esbuild-kit/core-utils/-/core-utils-3.3.2.tgz 0ms (cache hit)
1086 http cache @emnapi/wasi-threads@https://packages.applied-caas-gateway1.internal.api.openai.org/artifactory/api/npm/npm-public/@emnapi/wasi-threads/-/wasi-threads-1.2.1.tgz 0ms (cache hit)
1087 http cache @esbuild/linux-x64@https://packages.applied-caas-gateway1.internal.api.openai.org/artifactory/api/npm/npm-public/@esbuild/linux-x64/-/linux-x64-0.28.0.tgz 0ms (cache hit)
1088 http cache @emnapi/core@https://packages.applied-caas-gateway1.internal.api.openai.org/artifactory/api/npm/npm-public/@emnapi/core/-/core-1.10.0.tgz 0ms (cache hit)
1089 http cache @emnapi/runtime@https://packages.applied-caas-gateway1.internal.api.openai.org/artifactory/api/npm/npm-public/@emnapi/runtime/-/runtime-1.10.0.tgz 0ms (cache hit)
1090 http cache @cspotcode/source-map-support@https://packages.applied-caas-gateway1.internal.api.openai.org/artifactory/api/npm/npm-public/@cspotcode/source-map-support/-/source-map-support-0.8.1.tgz 0ms (cache hit)
1091 http cache @drizzle-team/brocli@https://packages.applied-caas-gateway1.internal.api.openai.org/artifactory/api/npm/npm-public/@drizzle-team/brocli/-/brocli-0.10.2.tgz 0ms (cache hit)
1092 http cache @cloudflare/vite-plugin@https://packages.applied-caas-gateway1.internal.api.openai.org/artifactory/api/npm/npm-public/@cloudflare/vite-plugin/-/vite-plugin-1.37.1.tgz 0ms (cache hit)
1093 http cache @cloudflare/workerd-linux-64@https://packages.applied-caas-gateway1.internal.api.openai.org/artifactory/api/npm/npm-public/@cloudflare/workerd-linux-64/-/workerd-linux-64-1.20260515.1.tgz 0ms (cache hit)
1094 http cache @cloudflare/kv-asset-handler@https://packages.applied-caas-gateway1.internal.api.openai.org/artifactory/api/npm/npm-public/@cloudflare/kv-asset-handler/-/kv-asset-handler-0.5.0.tgz 0ms (cache hit)
1095 http cache @cloudflare/unenv-preset@https://packages.applied-caas-gateway1.internal.api.openai.org/artifactory/api/npm/npm-public/@cloudflare/unenv-preset/-/unenv-preset-2.16.1.tgz 0ms (cache hit)
1096 http cache @babel/types@https://packages.applied-caas-gateway1.internal.api.openai.org/artifactory/api/npm/npm-public/@babel/types/-/types-7.29.0.tgz 0ms (cache hit)
1097 http cache @babel/template@https://packages.applied-caas-gateway1.internal.api.openai.org/artifactory/api/npm/npm-public/@babel/template/-/template-7.28.6.tgz 0ms (cache hit)
1098 http cache @babel/parser@https://packages.applied-caas-gateway1.internal.api.openai.org/artifactory/api/npm/npm-public/@babel/parser/-/parser-7.29.3.tgz 0ms (cache hit)
1099 http cache @babel/helpers@https://packages.applied-caas-gateway1.internal.api.openai.org/artifactory/api/npm/npm-public/@babel/helpers/-/helpers-7.29.2.tgz 0ms (cache hit)
1100 http cache @babel/traverse@https://packages.applied-caas-gateway1.internal.api.openai.org/artifactory/api/npm/npm-public/@babel/traverse/-/traverse-7.29.0.tgz 0ms (cache hit)
1101 http cache @babel/helper-validator-option@https://packages.applied-caas-gateway1.internal.api.openai.org/artifactory/api/npm/npm-public/@babel/helper-validator-option/-/helper-validator-option-7.27.1.tgz 0ms (cache hit)
1102 http cache @babel/helper-validator-identifier@https://packages.applied-caas-gateway1.internal.api.openai.org/artifactory/api/npm/npm-public/@babel/helper-validator-identifier/-/helper-validator-identifier-7.28.5.tgz 0ms (cache hit)
1103 http cache @babel/helper-string-parser@https://packages.applied-caas-gateway1.internal.api.openai.org/artifactory/api/npm/npm-public/@babel/helper-string-parser/-/helper-string-parser-7.27.1.tgz 0ms (cache hit)
1104 http cache @babel/helper-module-transforms@https://packages.applied-caas-gateway1.internal.api.openai.org/artifactory/api/npm/npm-public/@babel/helper-module-transforms/-/helper-module-transforms-7.28.6.tgz 0ms (cache hit)
1105 http cache @babel/helper-module-imports@https://packages.applied-caas-gateway1.internal.api.openai.org/artifactory/api/npm/npm-public/@babel/helper-module-imports/-/helper-module-imports-7.28.6.tgz 0ms (cache hit)
1106 http cache @babel/helper-compilation-targets@https://packages.applied-caas-gateway1.internal.api.openai.org/artifactory/api/npm/npm-public/@babel/helper-compilation-targets/-/helper-compilation-targets-7.28.6.tgz 0ms (cache hit)
1107 http cache @babel/helper-globals@https://packages.applied-caas-gateway1.internal.api.openai.org/artifactory/api/npm/npm-public/@babel/helper-globals/-/helper-globals-7.28.0.tgz 0ms (cache hit)
1108 http cache @babel/generator@https://packages.applied-caas-gateway1.internal.api.openai.org/artifactory/api/npm/npm-public/@babel/generator/-/generator-7.29.1.tgz 0ms (cache hit)
1109 http cache @babel/core@https://packages.applied-caas-gateway1.internal.api.openai.org/artifactory/api/npm/npm-public/@babel/core/-/core-7.29.0.tgz 0ms (cache hit)
1110 http cache @babel/compat-data@https://packages.applied-caas-gateway1.internal.api.openai.org/artifactory/api/npm/npm-public/@babel/compat-data/-/compat-data-7.29.3.tgz 0ms (cache hit)
1111 http cache @babel/code-frame@https://packages.applied-caas-gateway1.internal.api.openai.org/artifactory/api/npm/npm-public/@babel/code-frame/-/code-frame-7.29.0.tgz 0ms (cache hit)
1112 http cache @alloc/quick-lru@https://packages.applied-caas-gateway1.internal.api.openai.org/artifactory/api/npm/npm-public/@alloc/quick-lru/-/quick-lru-5.2.0.tgz 0ms (cache hit)
1113 http cache zod-validation-error@https://packages.applied-caas-gateway1.internal.api.openai.org/artifactory/api/npm/npm-public/zod-validation-error/-/zod-validation-error-4.0.2.tgz 0ms (cache hit)
1114 http cache zod@https://packages.applied-caas-gateway1.internal.api.openai.org/artifactory/api/npm/npm-public/zod/-/zod-4.4.3.tgz 0ms (cache hit)
1115 http cache youch-core@https://packages.applied-caas-gateway1.internal.api.openai.org/artifactory/api/npm/npm-public/youch-core/-/youch-core-0.3.3.tgz 0ms (cache hit)
1116 http cache youch@https://packages.applied-caas-gateway1.internal.api.openai.org/artifactory/api/npm/npm-public/youch/-/youch-4.1.0-beta.10.tgz 0ms (cache hit)
1117 http cache yoga-layout@https://packages.applied-caas-gateway1.internal.api.openai.org/artifactory/api/npm/npm-public/yoga-layout/-/yoga-layout-3.2.1.tgz 0ms (cache hit)
1118 http cache yocto-queue@https://packages.applied-caas-gateway1.internal.api.openai.org/artifactory/api/npm/npm-public/yocto-queue/-/yocto-queue-0.1.0.tgz 0ms (cache hit)
1119 http cache wrangler@https://packages.applied-caas-gateway1.internal.api.openai.org/artifactory/api/npm/npm-public/wrangler/-/wrangler-4.92.0.tgz 0ms (cache hit)
1120 http cache ws@https://packages.applied-caas-gateway1.internal.api.openai.org/artifactory/api/npm/npm-public/ws/-/ws-8.18.0.tgz 0ms (cache hit)
1121 http cache yallist@https://packages.applied-caas-gateway1.internal.api.openai.org/artifactory/api/npm/npm-public/yallist/-/yallist-3.1.1.tgz 0ms (cache hit)
1122 http cache workerd@https://packages.applied-caas-gateway1.internal.api.openai.org/artifactory/api/npm/npm-public/workerd/-/workerd-1.20260515.1.tgz 0ms (cache hit)
1123 http cache word-wrap@https://packages.applied-caas-gateway1.internal.api.openai.org/artifactory/api/npm/npm-public/word-wrap/-/word-wrap-1.2.5.tgz 0ms (cache hit)
1124 http cache which-collection@https://packages.applied-caas-gateway1.internal.api.openai.org/artifactory/api/npm/npm-public/which-collection/-/which-collection-1.0.2.tgz 0ms (cache hit)
1125 http cache which-typed-array@https://packages.applied-caas-gateway1.internal.api.openai.org/artifactory/api/npm/npm-public/which-typed-array/-/which-typed-array-1.1.20.tgz 0ms (cache hit)
1126 http cache which-builtin-type@https://packages.applied-caas-gateway1.internal.api.openai.org/artifactory/api/npm/npm-public/which-builtin-type/-/which-builtin-type-1.2.1.tgz 0ms (cache hit)
1127 http cache which-boxed-primitive@https://packages.applied-caas-gateway1.internal.api.openai.org/artifactory/api/npm/npm-public/which-boxed-primitive/-/which-boxed-primitive-1.1.1.tgz 0ms (cache hit)
1128 http cache webpack@https://packages.applied-caas-gateway1.internal.api.openai.org/artifactory/api/npm/npm-public/webpack/-/webpack-5.106.2.tgz 0ms (cache hit)
1129 http cache which@https://packages.applied-caas-gateway1.internal.api.openai.org/artifactory/api/npm/npm-public/which/-/which-2.0.2.tgz 0ms (cache hit)
1130 http cache webpack-sources@https://packages.applied-caas-gateway1.internal.api.openai.org/artifactory/api/npm/npm-public/webpack-sources/-/webpack-sources-3.4.1.tgz 0ms (cache hit)
1131 http cache web-vitals@https://packages.applied-caas-gateway1.internal.api.openai.org/artifactory/api/npm/npm-public/web-vitals/-/web-vitals-4.2.4.tgz 0ms (cache hit)
1132 http cache vitefu@https://packages.applied-caas-gateway1.internal.api.openai.org/artifactory/api/npm/npm-public/vitefu/-/vitefu-1.1.3.tgz 0ms (cache hit)
1133 http cache vite-tsconfig-paths@https://packages.applied-caas-gateway1.internal.api.openai.org/artifactory/api/npm/npm-public/vite-tsconfig-paths/-/vite-tsconfig-paths-6.1.1.tgz 0ms (cache hit)
1134 http cache vite-plugin-dynamic-import@https://packages.applied-caas-gateway1.internal.api.openai.org/artifactory/api/npm/npm-public/vite-plugin-dynamic-import/-/vite-plugin-dynamic-import-1.6.0.tgz 0ms (cache hit)
1135 http cache watchpack@https://packages.applied-caas-gateway1.internal.api.openai.org/artifactory/api/npm/npm-public/watchpack/-/watchpack-2.5.1.tgz 0ms (cache hit)
1136 http cache vite-plugin-commonjs@https://packages.applied-caas-gateway1.internal.api.openai.org/artifactory/api/npm/npm-public/vite-plugin-commonjs/-/vite-plugin-commonjs-0.10.4.tgz 0ms (cache hit)
1137 http cache vite@https://packages.applied-caas-gateway1.internal.api.openai.org/artifactory/api/npm/npm-public/vite/-/vite-8.0.13.tgz 0ms (cache hit)
1138 http cache vinext@https://packages.applied-caas-gateway1.internal.api.openai.org/artifactory/api/npm/npm-public/vinext/-/vinext-0.0.50.tgz 0ms (cache hit)
1139 http cache update-browserslist-db@https://packages.applied-caas-gateway1.internal.api.openai.org/artifactory/api/npm/npm-public/update-browserslist-db/-/update-browserslist-db-1.2.3.tgz 0ms (cache hit)
1140 http cache uri-js@https://packages.applied-caas-gateway1.internal.api.openai.org/artifactory/api/npm/npm-public/uri-js/-/uri-js-4.4.1.tgz 0ms (cache hit)
1141 http cache unrs-resolver@https://packages.applied-caas-gateway1.internal.api.openai.org/artifactory/api/npm/npm-public/unrs-resolver/-/unrs-resolver-1.11.1.tgz 0ms (cache hit)
1142 http cache unpic@https://packages.applied-caas-gateway1.internal.api.openai.org/artifactory/api/npm/npm-public/unpic/-/unpic-4.2.2.tgz 0ms (cache hit)
1143 http cache unenv@https://packages.applied-caas-gateway1.internal.api.openai.org/artifactory/api/npm/npm-public/unenv/-/unenv-2.0.0-rc.24.tgz 0ms (cache hit)
1144 http cache unicode-trie@https://packages.applied-caas-gateway1.internal.api.openai.org/artifactory/api/npm/npm-public/unicode-trie/-/unicode-trie-2.0.0.tgz 0ms (cache hit)
1145 http cache undici-types@https://packages.applied-caas-gateway1.internal.api.openai.org/artifactory/api/npm/npm-public/undici-types/-/undici-types-6.21.0.tgz 0ms (cache hit)
1146 http cache undici@https://packages.applied-caas-gateway1.internal.api.openai.org/artifactory/api/npm/npm-public/undici/-/undici-7.24.8.tgz 0ms (cache hit)
1147 http cache unbox-primitive@https://packages.applied-caas-gateway1.internal.api.openai.org/artifactory/api/npm/npm-public/unbox-primitive/-/unbox-primitive-1.1.0.tgz 0ms (cache hit)
1148 http cache typescript-eslint@https://packages.applied-caas-gateway1.internal.api.openai.org/artifactory/api/npm/npm-public/typescript-eslint/-/typescript-eslint-8.59.3.tgz 0ms (cache hit)
1149 http cache typescript@https://packages.applied-caas-gateway1.internal.api.openai.org/artifactory/api/npm/npm-public/typescript/-/typescript-5.9.3.tgz 0ms (cache hit)
1150 http cache typed-array-byte-offset@https://packages.applied-caas-gateway1.internal.api.openai.org/artifactory/api/npm/npm-public/typed-array-byte-offset/-/typed-array-byte-offset-1.0.4.tgz 0ms (cache hit)
1151 http cache typed-array-length@https://packages.applied-caas-gateway1.internal.api.openai.org/artifactory/api/npm/npm-public/typed-array-length/-/typed-array-length-1.0.7.tgz 0ms (cache hit)
1152 http cache typed-array-byte-length@https://packages.applied-caas-gateway1.internal.api.openai.org/artifactory/api/npm/npm-public/typed-array-byte-length/-/typed-array-byte-length-1.0.3.tgz 0ms (cache hit)
1153 http cache type-check@https://packages.applied-caas-gateway1.internal.api.openai.org/artifactory/api/npm/npm-public/type-check/-/type-check-0.4.0.tgz 0ms (cache hit)
1154 http cache typed-array-buffer@https://packages.applied-caas-gateway1.internal.api.openai.org/artifactory/api/npm/npm-public/typed-array-buffer/-/typed-array-buffer-1.0.3.tgz 0ms (cache hit)
1155 http cache tsx@https://packages.applied-caas-gateway1.internal.api.openai.org/artifactory/api/npm/npm-public/tsx/-/tsx-4.22.1.tgz 0ms (cache hit)
1156 http cache turbo-stream@https://packages.applied-caas-gateway1.internal.api.openai.org/artifactory/api/npm/npm-public/turbo-stream/-/turbo-stream-3.2.0.tgz 0ms (cache hit)
1157 http cache tsconfig-paths@https://packages.applied-caas-gateway1.internal.api.openai.org/artifactory/api/npm/npm-public/tsconfig-paths/-/tsconfig-paths-3.15.0.tgz 0ms (cache hit)
1158 http cache tslib@https://packages.applied-caas-gateway1.internal.api.openai.org/artifactory/api/npm/npm-public/tslib/-/tslib-2.8.1.tgz 0ms (cache hit)
1159 http cache ts-api-utils@https://packages.applied-caas-gateway1.internal.api.openai.org/artifactory/api/npm/npm-public/ts-api-utils/-/ts-api-utils-2.5.0.tgz 0ms (cache hit)
1160 http cache tsconfck@https://packages.applied-caas-gateway1.internal.api.openai.org/artifactory/api/npm/npm-public/tsconfck/-/tsconfck-3.1.6.tgz 0ms (cache hit)
1161 http cache tinyglobby@https://packages.applied-caas-gateway1.internal.api.openai.org/artifactory/api/npm/npm-public/tinyglobby/-/tinyglobby-0.2.16.tgz 0ms (cache hit)
1162 http cache tiny-inflate@https://packages.applied-caas-gateway1.internal.api.openai.org/artifactory/api/npm/npm-public/tiny-inflate/-/tiny-inflate-1.0.3.tgz 0ms (cache hit)
1163 http cache terser-webpack-plugin@https://packages.applied-caas-gateway1.internal.api.openai.org/artifactory/api/npm/npm-public/terser-webpack-plugin/-/terser-webpack-plugin-5.6.0.tgz 0ms (cache hit)
1164 http cache tapable@https://packages.applied-caas-gateway1.internal.api.openai.org/artifactory/api/npm/npm-public/tapable/-/tapable-2.3.3.tgz 0ms (cache hit)
1165 http cache to-regex-range@https://packages.applied-caas-gateway1.internal.api.openai.org/artifactory/api/npm/npm-public/to-regex-range/-/to-regex-range-5.0.1.tgz 0ms (cache hit)
1166 http cache tailwindcss@https://packages.applied-caas-gateway1.internal.api.openai.org/artifactory/api/npm/npm-public/tailwindcss/-/tailwindcss-4.2.1.tgz 0ms (cache hit)
1167 http cache terser@https://packages.applied-caas-gateway1.internal.api.openai.org/artifactory/api/npm/npm-public/terser/-/terser-5.47.1.tgz 0ms (cache hit)
1168 http cache styled-jsx@https://packages.applied-caas-gateway1.internal.api.openai.org/artifactory/api/npm/npm-public/styled-jsx/-/styled-jsx-5.1.6.tgz 0ms (cache hit)
1169 http cache supports-color@https://packages.applied-caas-gateway1.internal.api.openai.org/artifactory/api/npm/npm-public/supports-color/-/supports-color-7.2.0.tgz 0ms (cache hit)
1170 http cache supports-preserve-symlinks-flag@https://packages.applied-caas-gateway1.internal.api.openai.org/artifactory/api/npm/npm-public/supports-preserve-symlinks-flag/-/supports-preserve-symlinks-flag-1.0.0.tgz 0ms (cache hit)
1171 http cache strip-literal@https://packages.applied-caas-gateway1.internal.api.openai.org/artifactory/api/npm/npm-public/strip-literal/-/strip-literal-3.1.0.tgz 0ms (cache hit)
1172 http cache strip-bom@https://packages.applied-caas-gateway1.internal.api.openai.org/artifactory/api/npm/npm-public/strip-bom/-/strip-bom-3.0.0.tgz 1ms (cache hit)
1173 http cache strip-json-comments@https://packages.applied-caas-gateway1.internal.api.openai.org/artifactory/api/npm/npm-public/strip-json-comments/-/strip-json-comments-3.1.1.tgz 0ms (cache hit)
1174 http cache string.prototype.trimend@https://packages.applied-caas-gateway1.internal.api.openai.org/artifactory/api/npm/npm-public/string.prototype.trimend/-/string.prototype.trimend-1.0.9.tgz 0ms (cache hit)
1175 http cache string.prototype.trim@https://packages.applied-caas-gateway1.internal.api.openai.org/artifactory/api/npm/npm-public/string.prototype.trim/-/string.prototype.trim-1.2.10.tgz 0ms (cache hit)
1176 http cache string.prototype.repeat@https://packages.applied-caas-gateway1.internal.api.openai.org/artifactory/api/npm/npm-public/string.prototype.repeat/-/string.prototype.repeat-1.0.0.tgz 0ms (cache hit)
1177 http cache string.prototype.matchall@https://packages.applied-caas-gateway1.internal.api.openai.org/artifactory/api/npm/npm-public/string.prototype.matchall/-/string.prototype.matchall-4.0.12.tgz 0ms (cache hit)
1178 http cache string.prototype.trimstart@https://packages.applied-caas-gateway1.internal.api.openai.org/artifactory/api/npm/npm-public/string.prototype.trimstart/-/string.prototype.trimstart-1.0.8.tgz 0ms (cache hit)
1179 http cache string.prototype.includes@https://packages.applied-caas-gateway1.internal.api.openai.org/artifactory/api/npm/npm-public/string.prototype.includes/-/string.prototype.includes-2.0.1.tgz 0ms (cache hit)
1180 http cache string.prototype.codepointat@https://packages.applied-caas-gateway1.internal.api.openai.org/artifactory/api/npm/npm-public/string.prototype.codepointat/-/string.prototype.codepointat-0.2.1.tgz 0ms (cache hit)
1181 http cache stop-iteration-iterator@https://packages.applied-caas-gateway1.internal.api.openai.org/artifactory/api/npm/npm-public/stop-iteration-iterator/-/stop-iteration-iterator-1.1.0.tgz 0ms (cache hit)
1182 http cache stable-hash@https://packages.applied-caas-gateway1.internal.api.openai.org/artifactory/api/npm/npm-public/stable-hash/-/stable-hash-0.0.5.tgz 0ms (cache hit)
1183 http cache srvx@https://packages.applied-caas-gateway1.internal.api.openai.org/artifactory/api/npm/npm-public/srvx/-/srvx-0.11.15.tgz 0ms (cache hit)
1184 http cache source-map-js@https://packages.applied-caas-gateway1.internal.api.openai.org/artifactory/api/npm/npm-public/source-map-js/-/source-map-js-1.2.1.tgz 0ms (cache hit)
1185 http cache source-map@https://packages.applied-caas-gateway1.internal.api.openai.org/artifactory/api/npm/npm-public/source-map/-/source-map-0.6.1.tgz 0ms (cache hit)
1186 http cache side-channel-weakmap@https://packages.applied-caas-gateway1.internal.api.openai.org/artifactory/api/npm/npm-public/side-channel-weakmap/-/side-channel-weakmap-1.0.2.tgz 0ms (cache hit)
1187 http cache source-map-support@https://packages.applied-caas-gateway1.internal.api.openai.org/artifactory/api/npm/npm-public/source-map-support/-/source-map-support-0.5.21.tgz 0ms (cache hit)
1188 http cache side-channel-list@https://packages.applied-caas-gateway1.internal.api.openai.org/artifactory/api/npm/npm-public/side-channel-list/-/side-channel-list-1.0.1.tgz 0ms (cache hit)
1189 http cache side-channel-map@https://packages.applied-caas-gateway1.internal.api.openai.org/artifactory/api/npm/npm-public/side-channel-map/-/side-channel-map-1.0.1.tgz 0ms (cache hit)
1190 http cache shebang-regex@https://packages.applied-caas-gateway1.internal.api.openai.org/artifactory/api/npm/npm-public/shebang-regex/-/shebang-regex-3.0.0.tgz 0ms (cache hit)
1191 http cache side-channel@https://packages.applied-caas-gateway1.internal.api.openai.org/artifactory/api/npm/npm-public/side-channel/-/side-channel-1.1.0.tgz 0ms (cache hit)
1192 http cache sharp@https://packages.applied-caas-gateway1.internal.api.openai.org/artifactory/api/npm/npm-public/sharp/-/sharp-0.34.5.tgz 0ms (cache hit)
1193 http cache shebang-command@https://packages.applied-caas-gateway1.internal.api.openai.org/artifactory/api/npm/npm-public/shebang-command/-/shebang-command-2.0.0.tgz 0ms (cache hit)
1194 http cache set-proto@https://packages.applied-caas-gateway1.internal.api.openai.org/artifactory/api/npm/npm-public/set-proto/-/set-proto-1.0.0.tgz 0ms (cache hit)
1195 http cache set-function-name@https://packages.applied-caas-gateway1.internal.api.openai.org/artifactory/api/npm/npm-public/set-function-name/-/set-function-name-2.0.2.tgz 0ms (cache hit)
1196 http cache set-function-length@https://packages.applied-caas-gateway1.internal.api.openai.org/artifactory/api/npm/npm-public/set-function-length/-/set-function-length-1.2.2.tgz 0ms (cache hit)
1197 http cache schema-utils@https://packages.applied-caas-gateway1.internal.api.openai.org/artifactory/api/npm/npm-public/schema-utils/-/schema-utils-4.3.3.tgz 0ms (cache hit)
1198 http cache satori@https://packages.applied-caas-gateway1.internal.api.openai.org/artifactory/api/npm/npm-public/satori/-/satori-0.16.0.tgz 0ms (cache hit)
1199 http cache scheduler@https://packages.applied-caas-gateway1.internal.api.openai.org/artifactory/api/npm/npm-public/scheduler/-/scheduler-0.27.0.tgz 0ms (cache hit)
1200 http cache safe-regex-test@https://packages.applied-caas-gateway1.internal.api.openai.org/artifactory/api/npm/npm-public/safe-regex-test/-/safe-regex-test-1.1.0.tgz 0ms (cache hit)
1201 http cache semver@https://packages.applied-caas-gateway1.internal.api.openai.org/artifactory/api/npm/npm-public/semver/-/semver-6.3.1.tgz 0ms (cache hit)
1202 http cache safe-push-apply@https://packages.applied-caas-gateway1.internal.api.openai.org/artifactory/api/npm/npm-public/safe-push-apply/-/safe-push-apply-1.0.0.tgz 0ms (cache hit)
1203 http cache safe-array-concat@https://packages.applied-caas-gateway1.internal.api.openai.org/artifactory/api/npm/npm-public/safe-array-concat/-/safe-array-concat-1.1.4.tgz 0ms (cache hit)
1204 http cache rolldown@https://packages.applied-caas-gateway1.internal.api.openai.org/artifactory/api/npm/npm-public/rolldown/-/rolldown-1.0.1.tgz 0ms (cache hit)
1205 http cache run-parallel@https://packages.applied-caas-gateway1.internal.api.openai.org/artifactory/api/npm/npm-public/run-parallel/-/run-parallel-1.2.0.tgz 0ms (cache hit)
1206 http cache reusify@https://packages.applied-caas-gateway1.internal.api.openai.org/artifactory/api/npm/npm-public/reusify/-/reusify-1.1.0.tgz 0ms (cache hit)
1207 http cache resolve-pkg-maps@https://packages.applied-caas-gateway1.internal.api.openai.org/artifactory/api/npm/npm-public/resolve-pkg-maps/-/resolve-pkg-maps-1.0.0.tgz 0ms (cache hit)
1208 http cache resolve-from@https://packages.applied-caas-gateway1.internal.api.openai.org/artifactory/api/npm/npm-public/resolve-from/-/resolve-from-4.0.0.tgz 0ms (cache hit)
1209 http cache require-from-string@https://packages.applied-caas-gateway1.internal.api.openai.org/artifactory/api/npm/npm-public/require-from-string/-/require-from-string-2.0.2.tgz 0ms (cache hit)
1210 http cache resolve@https://packages.applied-caas-gateway1.internal.api.openai.org/artifactory/api/npm/npm-public/resolve/-/resolve-2.0.0-next.7.tgz 0ms (cache hit)
1211 http cache regexp.prototype.flags@https://packages.applied-caas-gateway1.internal.api.openai.org/artifactory/api/npm/npm-public/regexp.prototype.flags/-/regexp.prototype.flags-1.5.4.tgz 0ms (cache hit)
1212 http cache reflect.getprototypeof@https://packages.applied-caas-gateway1.internal.api.openai.org/artifactory/api/npm/npm-public/reflect.getprototypeof/-/reflect.getprototypeof-1.0.10.tgz 0ms (cache hit)
1213 http cache react-server-dom-webpack@https://packages.applied-caas-gateway1.internal.api.openai.org/artifactory/api/npm/npm-public/react-server-dom-webpack/-/react-server-dom-webpack-19.2.6.tgz 0ms (cache hit)
1214 http cache react-dom@https://packages.applied-caas-gateway1.internal.api.openai.org/artifactory/api/npm/npm-public/react-dom/-/react-dom-19.2.6.tgz 0ms (cache hit)
1215 http cache react-is@https://packages.applied-caas-gateway1.internal.api.openai.org/artifactory/api/npm/npm-public/react-is/-/react-is-16.13.1.tgz 0ms (cache hit)
1216 http cache queue-microtask@https://packages.applied-caas-gateway1.internal.api.openai.org/artifactory/api/npm/npm-public/queue-microtask/-/queue-microtask-1.2.3.tgz 0ms (cache hit)
1217 http cache react@https://packages.applied-caas-gateway1.internal.api.openai.org/artifactory/api/npm/npm-public/react/-/react-19.2.6.tgz 0ms (cache hit)
1218 http cache punycode@https://packages.applied-caas-gateway1.internal.api.openai.org/artifactory/api/npm/npm-public/punycode/-/punycode-2.3.1.tgz 0ms (cache hit)
1219 http cache prop-types@https://packages.applied-caas-gateway1.internal.api.openai.org/artifactory/api/npm/npm-public/prop-types/-/prop-types-15.8.1.tgz 0ms (cache hit)
1220 http cache prelude-ls@https://packages.applied-caas-gateway1.internal.api.openai.org/artifactory/api/npm/npm-public/prelude-ls/-/prelude-ls-1.2.1.tgz 0ms (cache hit)
1221 http cache postcss-value-parser@https://packages.applied-caas-gateway1.internal.api.openai.org/artifactory/api/npm/npm-public/postcss-value-parser/-/postcss-value-parser-4.2.0.tgz 0ms (cache hit)
1222 http cache possible-typed-array-names@https://packages.applied-caas-gateway1.internal.api.openai.org/artifactory/api/npm/npm-public/possible-typed-array-names/-/possible-typed-array-names-1.1.0.tgz 0ms (cache hit)
1223 http cache postcss@https://packages.applied-caas-gateway1.internal.api.openai.org/artifactory/api/npm/npm-public/postcss/-/postcss-8.5.14.tgz 0ms (cache hit)
1224 http cache picomatch@https://packages.applied-caas-gateway1.internal.api.openai.org/artifactory/api/npm/npm-public/picomatch/-/picomatch-2.3.2.tgz 0ms (cache hit)
1225 http cache picocolors@https://packages.applied-caas-gateway1.internal.api.openai.org/artifactory/api/npm/npm-public/picocolors/-/picocolors-1.1.1.tgz 0ms (cache hit)
1226 http cache pathe@https://packages.applied-caas-gateway1.internal.api.openai.org/artifactory/api/npm/npm-public/pathe/-/pathe-2.0.3.tgz 0ms (cache hit)
1227 http cache path-to-regexp@https://packages.applied-caas-gateway1.internal.api.openai.org/artifactory/api/npm/npm-public/path-to-regexp/-/path-to-regexp-6.3.0.tgz 0ms (cache hit)
1228 http cache path-parse@https://packages.applied-caas-gateway1.internal.api.openai.org/artifactory/api/npm/npm-public/path-parse/-/path-parse-1.0.7.tgz 0ms (cache hit)
1229 http cache path-key@https://packages.applied-caas-gateway1.internal.api.openai.org/artifactory/api/npm/npm-public/path-key/-/path-key-3.1.1.tgz 0ms (cache hit)
1230 http cache path-exists@https://packages.applied-caas-gateway1.internal.api.openai.org/artifactory/api/npm/npm-public/path-exists/-/path-exists-4.0.0.tgz 0ms (cache hit)
1231 http cache parse-css-color@https://packages.applied-caas-gateway1.internal.api.openai.org/artifactory/api/npm/npm-public/parse-css-color/-/parse-css-color-0.2.1.tgz 0ms (cache hit)
1232 http cache parent-module@https://packages.applied-caas-gateway1.internal.api.openai.org/artifactory/api/npm/npm-public/parent-module/-/parent-module-1.0.1.tgz 0ms (cache hit)
1233 http cache pako@https://packages.applied-caas-gateway1.internal.api.openai.org/artifactory/api/npm/npm-public/pako/-/pako-0.2.9.tgz 0ms (cache hit)
1234 http cache p-locate@https://packages.applied-caas-gateway1.internal.api.openai.org/artifactory/api/npm/npm-public/p-locate/-/p-locate-5.0.0.tgz 0ms (cache hit)
1235 http cache p-limit@https://packages.applied-caas-gateway1.internal.api.openai.org/artifactory/api/npm/npm-public/p-limit/-/p-limit-3.1.0.tgz 0ms (cache hit)
1236 http cache own-keys@https://packages.applied-caas-gateway1.internal.api.openai.org/artifactory/api/npm/npm-public/own-keys/-/own-keys-1.0.1.tgz 0ms (cache hit)
1237 http cache optionator@https://packages.applied-caas-gateway1.internal.api.openai.org/artifactory/api/npm/npm-public/optionator/-/optionator-0.9.4.tgz 0ms (cache hit)
1238 http cache object.values@https://packages.applied-caas-gateway1.internal.api.openai.org/artifactory/api/npm/npm-public/object.values/-/object.values-1.2.1.tgz 0ms (cache hit)
1239 http cache object.groupby@https://packages.applied-caas-gateway1.internal.api.openai.org/artifactory/api/npm/npm-public/object.groupby/-/object.groupby-1.0.3.tgz 0ms (cache hit)
1240 http cache object.entries@https://packages.applied-caas-gateway1.internal.api.openai.org/artifactory/api/npm/npm-public/object.entries/-/object.entries-1.1.9.tgz 0ms (cache hit)
1241 http cache object.fromentries@https://packages.applied-caas-gateway1.internal.api.openai.org/artifactory/api/npm/npm-public/object.fromentries/-/object.fromentries-2.0.8.tgz 0ms (cache hit)
1242 http cache object.assign@https://packages.applied-caas-gateway1.internal.api.openai.org/artifactory/api/npm/npm-public/object.assign/-/object.assign-4.1.7.tgz 0ms (cache hit)
1243 http cache object-keys@https://packages.applied-caas-gateway1.internal.api.openai.org/artifactory/api/npm/npm-public/object-keys/-/object-keys-1.1.1.tgz 0ms (cache hit)
1244 http cache object-assign@https://packages.applied-caas-gateway1.internal.api.openai.org/artifactory/api/npm/npm-public/object-assign/-/object-assign-4.1.1.tgz 0ms (cache hit)
1245 http cache next@https://packages.applied-caas-gateway1.internal.api.openai.org/artifactory/api/npm/npm-public/next/-/next-16.2.6.tgz 0ms (cache hit)
1246 http cache node-exports-info@https://packages.applied-caas-gateway1.internal.api.openai.org/artifactory/api/npm/npm-public/node-exports-info/-/node-exports-info-1.6.0.tgz 0ms (cache hit)
1247 http cache node-releases@https://packages.applied-caas-gateway1.internal.api.openai.org/artifactory/api/npm/npm-public/node-releases/-/node-releases-2.0.44.tgz 0ms (cache hit)
1248 http cache object-inspect@https://packages.applied-caas-gateway1.internal.api.openai.org/artifactory/api/npm/npm-public/object-inspect/-/object-inspect-1.13.4.tgz 0ms (cache hit)
1249 http cache neo-async@https://packages.applied-caas-gateway1.internal.api.openai.org/artifactory/api/npm/npm-public/neo-async/-/neo-async-2.6.2.tgz 0ms (cache hit)
1250 http cache natural-compare@https://packages.applied-caas-gateway1.internal.api.openai.org/artifactory/api/npm/npm-public/natural-compare/-/natural-compare-1.4.0.tgz 0ms (cache hit)
1251 http cache nanoid@https://packages.applied-caas-gateway1.internal.api.openai.org/artifactory/api/npm/npm-public/nanoid/-/nanoid-3.3.12.tgz 0ms (cache hit)
1252 http cache napi-postinstall@https://packages.applied-caas-gateway1.internal.api.openai.org/artifactory/api/npm/npm-public/napi-postinstall/-/napi-postinstall-0.3.4.tgz 0ms (cache hit)
1253 http cache ms@https://packages.applied-caas-gateway1.internal.api.openai.org/artifactory/api/npm/npm-public/ms/-/ms-2.1.3.tgz 0ms (cache hit)
1254 http cache minimist@https://packages.applied-caas-gateway1.internal.api.openai.org/artifactory/api/npm/npm-public/minimist/-/minimist-1.2.8.tgz 0ms (cache hit)
1255 http cache minimatch@https://packages.applied-caas-gateway1.internal.api.openai.org/artifactory/api/npm/npm-public/minimatch/-/minimatch-3.1.5.tgz 0ms (cache hit)
1256 http cache micromatch@https://packages.applied-caas-gateway1.internal.api.openai.org/artifactory/api/npm/npm-public/micromatch/-/micromatch-4.0.8.tgz 0ms (cache hit)
1257 http cache mime-db@https://packages.applied-caas-gateway1.internal.api.openai.org/artifactory/api/npm/npm-public/mime-db/-/mime-db-1.54.0.tgz 0ms (cache hit)
1258 http cache miniflare@https://packages.applied-caas-gateway1.internal.api.openai.org/artifactory/api/npm/npm-public/miniflare/-/miniflare-4.20260515.0.tgz 0ms (cache hit)
1259 http cache merge-stream@https://packages.applied-caas-gateway1.internal.api.openai.org/artifactory/api/npm/npm-public/merge-stream/-/merge-stream-2.0.0.tgz 0ms (cache hit)
1260 http cache merge2@https://packages.applied-caas-gateway1.internal.api.openai.org/artifactory/api/npm/npm-public/merge2/-/merge2-1.4.1.tgz 0ms (cache hit)
1261 http cache lru-cache@https://packages.applied-caas-gateway1.internal.api.openai.org/artifactory/api/npm/npm-public/lru-cache/-/lru-cache-5.1.1.tgz 0ms (cache hit)
1262 http cache math-intrinsics@https://packages.applied-caas-gateway1.internal.api.openai.org/artifactory/api/npm/npm-public/math-intrinsics/-/math-intrinsics-1.1.0.tgz 0ms (cache hit)
1263 http cache magic-string@https://packages.applied-caas-gateway1.internal.api.openai.org/artifactory/api/npm/npm-public/magic-string/-/magic-string-0.30.21.tgz 0ms (cache hit)
1264 http cache lodash.merge@https://packages.applied-caas-gateway1.internal.api.openai.org/artifactory/api/npm/npm-public/lodash.merge/-/lodash.merge-4.6.2.tgz 0ms (cache hit)
1265 http cache loose-envify@https://packages.applied-caas-gateway1.internal.api.openai.org/artifactory/api/npm/npm-public/loose-envify/-/loose-envify-1.4.0.tgz 0ms (cache hit)
1266 http cache locate-path@https://packages.applied-caas-gateway1.internal.api.openai.org/artifactory/api/npm/npm-public/locate-path/-/locate-path-6.0.0.tgz 0ms (cache hit)
1267 http cache loader-runner@https://packages.applied-caas-gateway1.internal.api.openai.org/artifactory/api/npm/npm-public/loader-runner/-/loader-runner-4.3.2.tgz 0ms (cache hit)
1268 http cache linebreak@https://packages.applied-caas-gateway1.internal.api.openai.org/artifactory/api/npm/npm-public/linebreak/-/linebreak-1.1.0.tgz 0ms (cache hit)
1269 http cache lightningcss-linux-x64-gnu@https://packages.applied-caas-gateway1.internal.api.openai.org/artifactory/api/npm/npm-public/lightningcss-linux-x64-gnu/-/lightningcss-linux-x64-gnu-1.31.1.tgz 0ms (cache hit)
1270 http cache lightningcss@https://packages.applied-caas-gateway1.internal.api.openai.org/artifactory/api/npm/npm-public/lightningcss/-/lightningcss-1.31.1.tgz 0ms (cache hit)
1271 http cache language-tags@https://packages.applied-caas-gateway1.internal.api.openai.org/artifactory/api/npm/npm-public/language-tags/-/language-tags-1.0.9.tgz 0ms (cache hit)
1272 http cache levn@https://packages.applied-caas-gateway1.internal.api.openai.org/artifactory/api/npm/npm-public/levn/-/levn-0.4.1.tgz 0ms (cache hit)
1273 http cache language-subtag-registry@https://packages.applied-caas-gateway1.internal.api.openai.org/artifactory/api/npm/npm-public/language-subtag-registry/-/language-subtag-registry-0.3.23.tgz 0ms (cache hit)
1274 http cache keyv@https://packages.applied-caas-gateway1.internal.api.openai.org/artifactory/api/npm/npm-public/keyv/-/keyv-4.5.4.tgz 0ms (cache hit)
1275 http cache kleur@https://packages.applied-caas-gateway1.internal.api.openai.org/artifactory/api/npm/npm-public/kleur/-/kleur-4.1.5.tgz 0ms (cache hit)
1276 http cache jsx-ast-utils@https://packages.applied-caas-gateway1.internal.api.openai.org/artifactory/api/npm/npm-public/jsx-ast-utils/-/jsx-ast-utils-3.3.5.tgz 0ms (cache hit)
1277 http cache json-stable-stringify-without-jsonify@https://packages.applied-caas-gateway1.internal.api.openai.org/artifactory/api/npm/npm-public/json-stable-stringify-without-jsonify/-/json-stable-stringify-without-jsonify-1.0.1.tgz 0ms (cache hit)
1278 http cache json5@https://packages.applied-caas-gateway1.internal.api.openai.org/artifactory/api/npm/npm-public/json5/-/json5-2.2.3.tgz 0ms (cache hit)
1279 http cache json-schema-traverse@https://packages.applied-caas-gateway1.internal.api.openai.org/artifactory/api/npm/npm-public/json-schema-traverse/-/json-schema-traverse-0.4.1.tgz 0ms (cache hit)
1280 http cache json-buffer@https://packages.applied-caas-gateway1.internal.api.openai.org/artifactory/api/npm/npm-public/json-buffer/-/json-buffer-3.0.1.tgz 0ms (cache hit)
1281 http cache jsesc@https://packages.applied-caas-gateway1.internal.api.openai.org/artifactory/api/npm/npm-public/jsesc/-/jsesc-3.1.0.tgz 0ms (cache hit)
1282 http cache js-yaml@https://packages.applied-caas-gateway1.internal.api.openai.org/artifactory/api/npm/npm-public/js-yaml/-/js-yaml-4.1.1.tgz 0ms (cache hit)
1283 http cache js-tokens@https://packages.applied-caas-gateway1.internal.api.openai.org/artifactory/api/npm/npm-public/js-tokens/-/js-tokens-4.0.0.tgz 0ms (cache hit)
1284 http cache jiti@https://packages.applied-caas-gateway1.internal.api.openai.org/artifactory/api/npm/npm-public/jiti/-/jiti-2.7.0.tgz 0ms (cache hit)
1285 http cache iterator.prototype@https://packages.applied-caas-gateway1.internal.api.openai.org/artifactory/api/npm/npm-public/iterator.prototype/-/iterator.prototype-1.1.5.tgz 0ms (cache hit)
1286 http cache isexe@https://packages.applied-caas-gateway1.internal.api.openai.org/artifactory/api/npm/npm-public/isexe/-/isexe-2.0.0.tgz 0ms (cache hit)
1287 http cache jest-worker@https://packages.applied-caas-gateway1.internal.api.openai.org/artifactory/api/npm/npm-public/jest-worker/-/jest-worker-27.5.1.tgz 0ms (cache hit)
1288 http cache isarray@https://packages.applied-caas-gateway1.internal.api.openai.org/artifactory/api/npm/npm-public/isarray/-/isarray-2.0.5.tgz 0ms (cache hit)
1289 http cache is-weakset@https://packages.applied-caas-gateway1.internal.api.openai.org/artifactory/api/npm/npm-public/is-weakset/-/is-weakset-2.0.4.tgz 0ms (cache hit)
1290 http cache is-weakref@https://packages.applied-caas-gateway1.internal.api.openai.org/artifactory/api/npm/npm-public/is-weakref/-/is-weakref-1.1.1.tgz 0ms (cache hit)
1291 http cache is-weakmap@https://packages.applied-caas-gateway1.internal.api.openai.org/artifactory/api/npm/npm-public/is-weakmap/-/is-weakmap-2.0.2.tgz 0ms (cache hit)
1292 http cache is-typed-array@https://packages.applied-caas-gateway1.internal.api.openai.org/artifactory/api/npm/npm-public/is-typed-array/-/is-typed-array-1.1.15.tgz 0ms (cache hit)
1293 http cache is-symbol@https://packages.applied-caas-gateway1.internal.api.openai.org/artifactory/api/npm/npm-public/is-symbol/-/is-symbol-1.1.1.tgz 0ms (cache hit)
1294 http cache is-string@https://packages.applied-caas-gateway1.internal.api.openai.org/artifactory/api/npm/npm-public/is-string/-/is-string-1.1.1.tgz 0ms (cache hit)
1295 http cache is-shared-array-buffer@https://packages.applied-caas-gateway1.internal.api.openai.org/artifactory/api/npm/npm-public/is-shared-array-buffer/-/is-shared-array-buffer-1.0.4.tgz 0ms (cache hit)
1296 http cache is-regex@https://packages.applied-caas-gateway1.internal.api.openai.org/artifactory/api/npm/npm-public/is-regex/-/is-regex-1.2.1.tgz 0ms (cache hit)
1297 http cache is-set@https://packages.applied-caas-gateway1.internal.api.openai.org/artifactory/api/npm/npm-public/is-set/-/is-set-2.0.3.tgz 0ms (cache hit)
1298 http cache is-number-object@https://packages.applied-caas-gateway1.internal.api.openai.org/artifactory/api/npm/npm-public/is-number-object/-/is-number-object-1.1.1.tgz 0ms (cache hit)
1299 http cache is-number@https://packages.applied-caas-gateway1.internal.api.openai.org/artifactory/api/npm/npm-public/is-number/-/is-number-7.0.0.tgz 0ms (cache hit)
1300 http cache is-negative-zero@https://packages.applied-caas-gateway1.internal.api.openai.org/artifactory/api/npm/npm-public/is-negative-zero/-/is-negative-zero-2.0.3.tgz 0ms (cache hit)
1301 http cache is-map@https://packages.applied-caas-gateway1.internal.api.openai.org/artifactory/api/npm/npm-public/is-map/-/is-map-2.0.3.tgz 0ms (cache hit)
1302 http cache is-glob@https://packages.applied-caas-gateway1.internal.api.openai.org/artifactory/api/npm/npm-public/is-glob/-/is-glob-4.0.3.tgz 0ms (cache hit)
1303 http cache is-generator-function@https://packages.applied-caas-gateway1.internal.api.openai.org/artifactory/api/npm/npm-public/is-generator-function/-/is-generator-function-1.1.2.tgz 0ms (cache hit)
1304 http cache is-finalizationregistry@https://packages.applied-caas-gateway1.internal.api.openai.org/artifactory/api/npm/npm-public/is-finalizationregistry/-/is-finalizationregistry-1.1.1.tgz 0ms (cache hit)
1305 http cache is-extglob@https://packages.applied-caas-gateway1.internal.api.openai.org/artifactory/api/npm/npm-public/is-extglob/-/is-extglob-2.1.1.tgz 0ms (cache hit)
1306 http cache is-date-object@https://packages.applied-caas-gateway1.internal.api.openai.org/artifactory/api/npm/npm-public/is-date-object/-/is-date-object-1.1.0.tgz 0ms (cache hit)
1307 http cache is-data-view@https://packages.applied-caas-gateway1.internal.api.openai.org/artifactory/api/npm/npm-public/is-data-view/-/is-data-view-1.0.2.tgz 0ms (cache hit)
1308 http cache is-core-module@https://packages.applied-caas-gateway1.internal.api.openai.org/artifactory/api/npm/npm-public/is-core-module/-/is-core-module-2.16.2.tgz 0ms (cache hit)
1309 http cache is-bun-module@https://packages.applied-caas-gateway1.internal.api.openai.org/artifactory/api/npm/npm-public/is-bun-module/-/is-bun-module-2.0.0.tgz 0ms (cache hit)
1310 http cache is-callable@https://packages.applied-caas-gateway1.internal.api.openai.org/artifactory/api/npm/npm-public/is-callable/-/is-callable-1.2.7.tgz 0ms (cache hit)
1311 http cache is-boolean-object@https://packages.applied-caas-gateway1.internal.api.openai.org/artifactory/api/npm/npm-public/is-boolean-object/-/is-boolean-object-1.2.2.tgz 0ms (cache hit)
1312 http cache is-async-function@https://packages.applied-caas-gateway1.internal.api.openai.org/artifactory/api/npm/npm-public/is-async-function/-/is-async-function-2.1.1.tgz 0ms (cache hit)
1313 http cache is-bigint@https://packages.applied-caas-gateway1.internal.api.openai.org/artifactory/api/npm/npm-public/is-bigint/-/is-bigint-1.1.0.tgz 0ms (cache hit)
1314 http cache is-array-buffer@https://packages.applied-caas-gateway1.internal.api.openai.org/artifactory/api/npm/npm-public/is-array-buffer/-/is-array-buffer-3.0.5.tgz 0ms (cache hit)
1315 http cache ipaddr.js@https://packages.applied-caas-gateway1.internal.api.openai.org/artifactory/api/npm/npm-public/ipaddr.js/-/ipaddr.js-2.4.0.tgz 0ms (cache hit)
1316 http cache imurmurhash@https://packages.applied-caas-gateway1.internal.api.openai.org/artifactory/api/npm/npm-public/imurmurhash/-/imurmurhash-0.1.4.tgz 0ms (cache hit)
1317 http cache import-fresh@https://packages.applied-caas-gateway1.internal.api.openai.org/artifactory/api/npm/npm-public/import-fresh/-/import-fresh-3.3.1.tgz 0ms (cache hit)
1318 http cache internal-slot@https://packages.applied-caas-gateway1.internal.api.openai.org/artifactory/api/npm/npm-public/internal-slot/-/internal-slot-1.1.0.tgz 0ms (cache hit)
1319 http cache image-size@https://packages.applied-caas-gateway1.internal.api.openai.org/artifactory/api/npm/npm-public/image-size/-/image-size-2.0.2.tgz 0ms (cache hit)
1320 http cache hex-rgb@https://packages.applied-caas-gateway1.internal.api.openai.org/artifactory/api/npm/npm-public/hex-rgb/-/hex-rgb-4.3.0.tgz 0ms (cache hit)
1321 http cache ignore@https://packages.applied-caas-gateway1.internal.api.openai.org/artifactory/api/npm/npm-public/ignore/-/ignore-5.3.2.tgz 0ms (cache hit)
1322 http cache hermes-parser@https://packages.applied-caas-gateway1.internal.api.openai.org/artifactory/api/npm/npm-public/hermes-parser/-/hermes-parser-0.25.1.tgz 0ms (cache hit)
1323 http cache hermes-estree@https://packages.applied-caas-gateway1.internal.api.openai.org/artifactory/api/npm/npm-public/hermes-estree/-/hermes-estree-0.25.1.tgz 0ms (cache hit)
1324 http cache has-tostringtag@https://packages.applied-caas-gateway1.internal.api.openai.org/artifactory/api/npm/npm-public/has-tostringtag/-/has-tostringtag-1.0.2.tgz 0ms (cache hit)
1325 http cache hasown@https://packages.applied-caas-gateway1.internal.api.openai.org/artifactory/api/npm/npm-public/hasown/-/hasown-2.0.3.tgz 0ms (cache hit)
1326 http cache has-symbols@https://packages.applied-caas-gateway1.internal.api.openai.org/artifactory/api/npm/npm-public/has-symbols/-/has-symbols-1.1.0.tgz 0ms (cache hit)
1327 http cache has-flag@https://packages.applied-caas-gateway1.internal.api.openai.org/artifactory/api/npm/npm-public/has-flag/-/has-flag-4.0.0.tgz 0ms (cache hit)
1328 http cache has-property-descriptors@https://packages.applied-caas-gateway1.internal.api.openai.org/artifactory/api/npm/npm-public/has-property-descriptors/-/has-property-descriptors-1.0.2.tgz 0ms (cache hit)
1329 http cache has-bigints@https://packages.applied-caas-gateway1.internal.api.openai.org/artifactory/api/npm/npm-public/has-bigints/-/has-bigints-1.1.0.tgz 0ms (cache hit)
1330 http cache has-proto@https://packages.applied-caas-gateway1.internal.api.openai.org/artifactory/api/npm/npm-public/has-proto/-/has-proto-1.2.0.tgz 0ms (cache hit)
1331 http cache graceful-fs@https://packages.applied-caas-gateway1.internal.api.openai.org/artifactory/api/npm/npm-public/graceful-fs/-/graceful-fs-4.2.11.tgz 0ms (cache hit)
1332 http cache gopd@https://packages.applied-caas-gateway1.internal.api.openai.org/artifactory/api/npm/npm-public/gopd/-/gopd-1.2.0.tgz 0ms (cache hit)
1333 http cache globrex@https://packages.applied-caas-gateway1.internal.api.openai.org/artifactory/api/npm/npm-public/globrex/-/globrex-0.1.2.tgz 0ms (cache hit)
1334 http cache globalthis@https://packages.applied-caas-gateway1.internal.api.openai.org/artifactory/api/npm/npm-public/globalthis/-/globalthis-1.0.4.tgz 0ms (cache hit)
1335 http cache globals@https://packages.applied-caas-gateway1.internal.api.openai.org/artifactory/api/npm/npm-public/globals/-/globals-14.0.0.tgz 0ms (cache hit)
1336 http cache get-tsconfig@https://packages.applied-caas-gateway1.internal.api.openai.org/artifactory/api/npm/npm-public/get-tsconfig/-/get-tsconfig-4.14.0.tgz 0ms (cache hit)
1337 http cache glob-to-regexp@https://packages.applied-caas-gateway1.internal.api.openai.org/artifactory/api/npm/npm-public/glob-to-regexp/-/glob-to-regexp-0.4.1.tgz 0ms (cache hit)
1338 http cache glob-parent@https://packages.applied-caas-gateway1.internal.api.openai.org/artifactory/api/npm/npm-public/glob-parent/-/glob-parent-6.0.2.tgz 0ms (cache hit)
1339 http cache get-symbol-description@https://packages.applied-caas-gateway1.internal.api.openai.org/artifactory/api/npm/npm-public/get-symbol-description/-/get-symbol-description-1.1.0.tgz 0ms (cache hit)
1340 http cache get-proto@https://packages.applied-caas-gateway1.internal.api.openai.org/artifactory/api/npm/npm-public/get-proto/-/get-proto-1.0.1.tgz 0ms (cache hit)
1341 http cache get-intrinsic@https://packages.applied-caas-gateway1.internal.api.openai.org/artifactory/api/npm/npm-public/get-intrinsic/-/get-intrinsic-1.3.0.tgz 0ms (cache hit)
1342 http cache gensync@https://packages.applied-caas-gateway1.internal.api.openai.org/artifactory/api/npm/npm-public/gensync/-/gensync-1.0.0-beta.2.tgz 0ms (cache hit)
1343 http cache generator-function@https://packages.applied-caas-gateway1.internal.api.openai.org/artifactory/api/npm/npm-public/generator-function/-/generator-function-2.0.1.tgz 0ms (cache hit)
1344 http cache function.prototype.name@https://packages.applied-caas-gateway1.internal.api.openai.org/artifactory/api/npm/npm-public/function.prototype.name/-/function.prototype.name-1.1.8.tgz 0ms (cache hit)
1345 http cache functions-have-names@https://packages.applied-caas-gateway1.internal.api.openai.org/artifactory/api/npm/npm-public/functions-have-names/-/functions-have-names-1.2.3.tgz 0ms (cache hit)
1346 http cache for-each@https://packages.applied-caas-gateway1.internal.api.openai.org/artifactory/api/npm/npm-public/for-each/-/for-each-0.3.5.tgz 0ms (cache hit)
1347 http cache function-bind@https://packages.applied-caas-gateway1.internal.api.openai.org/artifactory/api/npm/npm-public/function-bind/-/function-bind-1.1.2.tgz 0ms (cache hit)
1348 http cache flatted@https://packages.applied-caas-gateway1.internal.api.openai.org/artifactory/api/npm/npm-public/flatted/-/flatted-3.4.2.tgz 0ms (cache hit)
1349 http cache flat-cache@https://packages.applied-caas-gateway1.internal.api.openai.org/artifactory/api/npm/npm-public/flat-cache/-/flat-cache-4.0.1.tgz 0ms (cache hit)
1350 http cache find-up@https://packages.applied-caas-gateway1.internal.api.openai.org/artifactory/api/npm/npm-public/find-up/-/find-up-5.0.0.tgz 0ms (cache hit)
1351 http cache fflate@https://packages.applied-caas-gateway1.internal.api.openai.org/artifactory/api/npm/npm-public/fflate/-/fflate-0.7.4.tgz 0ms (cache hit)
1352 http cache fill-range@https://packages.applied-caas-gateway1.internal.api.openai.org/artifactory/api/npm/npm-public/fill-range/-/fill-range-7.1.1.tgz 0ms (cache hit)
1353 http cache file-entry-cache@https://packages.applied-caas-gateway1.internal.api.openai.org/artifactory/api/npm/npm-public/file-entry-cache/-/file-entry-cache-8.0.0.tgz 0ms (cache hit)
1354 http cache fast-uri@https://packages.applied-caas-gateway1.internal.api.openai.org/artifactory/api/npm/npm-public/fast-uri/-/fast-uri-3.1.2.tgz 1ms (cache hit)
1355 http cache fastq@https://packages.applied-caas-gateway1.internal.api.openai.org/artifactory/api/npm/npm-public/fastq/-/fastq-1.20.1.tgz 0ms (cache hit)
1356 http cache fast-levenshtein@https://packages.applied-caas-gateway1.internal.api.openai.org/artifactory/api/npm/npm-public/fast-levenshtein/-/fast-levenshtein-2.0.6.tgz 0ms (cache hit)
1357 http cache fast-glob@https://packages.applied-caas-gateway1.internal.api.openai.org/artifactory/api/npm/npm-public/fast-glob/-/fast-glob-3.3.1.tgz 0ms (cache hit)
1358 http cache fast-json-stable-stringify@https://packages.applied-caas-gateway1.internal.api.openai.org/artifactory/api/npm/npm-public/fast-json-stable-stringify/-/fast-json-stable-stringify-2.1.0.tgz 0ms (cache hit)
1359 http cache fast-deep-equal@https://packages.applied-caas-gateway1.internal.api.openai.org/artifactory/api/npm/npm-public/fast-deep-equal/-/fast-deep-equal-3.1.3.tgz 0ms (cache hit)
1360 http cache events@https://packages.applied-caas-gateway1.internal.api.openai.org/artifactory/api/npm/npm-public/events/-/events-3.3.0.tgz 0ms (cache hit)
1361 http cache esutils@https://packages.applied-caas-gateway1.internal.api.openai.org/artifactory/api/npm/npm-public/esutils/-/esutils-2.0.3.tgz 0ms (cache hit)
1362 http cache esquery@https://packages.applied-caas-gateway1.internal.api.openai.org/artifactory/api/npm/npm-public/esquery/-/esquery-1.7.0.tgz 0ms (cache hit)
1363 http cache estree-walker@https://packages.applied-caas-gateway1.internal.api.openai.org/artifactory/api/npm/npm-public/estree-walker/-/estree-walker-3.0.3.tgz 0ms (cache hit)
1364 http cache estraverse@https://packages.applied-caas-gateway1.internal.api.openai.org/artifactory/api/npm/npm-public/estraverse/-/estraverse-5.3.0.tgz 0ms (cache hit)
1365 http cache esrecurse@https://packages.applied-caas-gateway1.internal.api.openai.org/artifactory/api/npm/npm-public/esrecurse/-/esrecurse-4.3.0.tgz 0ms (cache hit)
1366 http cache espree@https://packages.applied-caas-gateway1.internal.api.openai.org/artifactory/api/npm/npm-public/espree/-/espree-10.4.0.tgz 0ms (cache hit)
1367 http cache eslint-plugin-react@https://packages.applied-caas-gateway1.internal.api.openai.org/artifactory/api/npm/npm-public/eslint-plugin-react/-/eslint-plugin-react-7.37.5.tgz 0ms (cache hit)
1368 http cache eslint-scope@https://packages.applied-caas-gateway1.internal.api.openai.org/artifactory/api/npm/npm-public/eslint-scope/-/eslint-scope-8.4.0.tgz 0ms (cache hit)
1369 http cache eslint-visitor-keys@https://packages.applied-caas-gateway1.internal.api.openai.org/artifactory/api/npm/npm-public/eslint-visitor-keys/-/eslint-visitor-keys-4.2.1.tgz 0ms (cache hit)
1370 http cache eslint-plugin-react-hooks@https://packages.applied-caas-gateway1.internal.api.openai.org/artifactory/api/npm/npm-public/eslint-plugin-react-hooks/-/eslint-plugin-react-hooks-7.1.1.tgz 0ms (cache hit)
1371 http cache eslint-plugin-jsx-a11y@https://packages.applied-caas-gateway1.internal.api.openai.org/artifactory/api/npm/npm-public/eslint-plugin-jsx-a11y/-/eslint-plugin-jsx-a11y-6.10.2.tgz 0ms (cache hit)
1372 http cache eslint-plugin-import@https://packages.applied-caas-gateway1.internal.api.openai.org/artifactory/api/npm/npm-public/eslint-plugin-import/-/eslint-plugin-import-2.32.0.tgz 0ms (cache hit)
1373 http cache eslint-import-resolver-node@https://packages.applied-caas-gateway1.internal.api.openai.org/artifactory/api/npm/npm-public/eslint-import-resolver-node/-/eslint-import-resolver-node-0.3.10.tgz 0ms (cache hit)
1374 http cache eslint-module-utils@https://packages.applied-caas-gateway1.internal.api.openai.org/artifactory/api/npm/npm-public/eslint-module-utils/-/eslint-module-utils-2.12.1.tgz 0ms (cache hit)
1375 http cache eslint@https://packages.applied-caas-gateway1.internal.api.openai.org/artifactory/api/npm/npm-public/eslint/-/eslint-9.39.4.tgz 0ms (cache hit)
1376 http cache eslint-config-next@https://packages.applied-caas-gateway1.internal.api.openai.org/artifactory/api/npm/npm-public/eslint-config-next/-/eslint-config-next-16.2.6.tgz 0ms (cache hit)
1377 http cache eslint-import-resolver-typescript@https://packages.applied-caas-gateway1.internal.api.openai.org/artifactory/api/npm/npm-public/eslint-import-resolver-typescript/-/eslint-import-resolver-typescript-3.10.1.tgz 0ms (cache hit)
1378 http cache escape-string-regexp@https://packages.applied-caas-gateway1.internal.api.openai.org/artifactory/api/npm/npm-public/escape-string-regexp/-/escape-string-regexp-4.0.0.tgz 0ms (cache hit)
1379 http cache escalade@https://packages.applied-caas-gateway1.internal.api.openai.org/artifactory/api/npm/npm-public/escalade/-/escalade-3.2.0.tgz 0ms (cache hit)
1380 http cache escape-html@https://packages.applied-caas-gateway1.internal.api.openai.org/artifactory/api/npm/npm-public/escape-html/-/escape-html-1.0.3.tgz 0ms (cache hit)
1381 http cache esbuild@https://packages.applied-caas-gateway1.internal.api.openai.org/artifactory/api/npm/npm-public/esbuild/-/esbuild-0.28.0.tgz 0ms (cache hit)
1382 http cache es-set-tostringtag@https://packages.applied-caas-gateway1.internal.api.openai.org/artifactory/api/npm/npm-public/es-set-tostringtag/-/es-set-tostringtag-2.1.0.tgz 0ms (cache hit)
1383 http cache es-shim-unscopables@https://packages.applied-caas-gateway1.internal.api.openai.org/artifactory/api/npm/npm-public/es-shim-unscopables/-/es-shim-unscopables-1.1.0.tgz 0ms (cache hit)
1384 http cache es-object-atoms@https://packages.applied-caas-gateway1.internal.api.openai.org/artifactory/api/npm/npm-public/es-object-atoms/-/es-object-atoms-1.1.1.tgz 0ms (cache hit)
1385 http cache es-module-lexer@https://packages.applied-caas-gateway1.internal.api.openai.org/artifactory/api/npm/npm-public/es-module-lexer/-/es-module-lexer-2.1.0.tgz 0ms (cache hit)
1386 http cache es-errors@https://packages.applied-caas-gateway1.internal.api.openai.org/artifactory/api/npm/npm-public/es-errors/-/es-errors-1.3.0.tgz 0ms (cache hit)
1387 http cache es-iterator-helpers@https://packages.applied-caas-gateway1.internal.api.openai.org/artifactory/api/npm/npm-public/es-iterator-helpers/-/es-iterator-helpers-1.3.2.tgz 1ms (cache hit)
1388 http cache es-define-property@https://packages.applied-caas-gateway1.internal.api.openai.org/artifactory/api/npm/npm-public/es-define-property/-/es-define-property-1.0.1.tgz 0ms (cache hit)
1389 http cache es-abstract@https://packages.applied-caas-gateway1.internal.api.openai.org/artifactory/api/npm/npm-public/es-abstract/-/es-abstract-1.24.2.tgz 0ms (cache hit)
1390 http cache error-stack-parser-es@https://packages.applied-caas-gateway1.internal.api.openai.org/artifactory/api/npm/npm-public/error-stack-parser-es/-/error-stack-parser-es-1.0.5.tgz 0ms (cache hit)
1391 http cache enhanced-resolve@https://packages.applied-caas-gateway1.internal.api.openai.org/artifactory/api/npm/npm-public/enhanced-resolve/-/enhanced-resolve-5.21.3.tgz 0ms (cache hit)
1392 http cache emoji-regex-xs@https://packages.applied-caas-gateway1.internal.api.openai.org/artifactory/api/npm/npm-public/emoji-regex-xs/-/emoji-regex-xs-2.0.1.tgz 0ms (cache hit)
1393 http cache emoji-regex@https://packages.applied-caas-gateway1.internal.api.openai.org/artifactory/api/npm/npm-public/emoji-regex/-/emoji-regex-9.2.2.tgz 0ms (cache hit)
1394 http cache electron-to-chromium@https://packages.applied-caas-gateway1.internal.api.openai.org/artifactory/api/npm/npm-public/electron-to-chromium/-/electron-to-chromium-1.5.358.tgz 0ms (cache hit)
1395 http cache dunder-proto@https://packages.applied-caas-gateway1.internal.api.openai.org/artifactory/api/npm/npm-public/dunder-proto/-/dunder-proto-1.0.1.tgz 0ms (cache hit)
1396 http cache drizzle-orm@https://packages.applied-caas-gateway1.internal.api.openai.org/artifactory/api/npm/npm-public/drizzle-orm/-/drizzle-orm-0.45.2.tgz 0ms (cache hit)
1397 http cache drizzle-kit@https://packages.applied-caas-gateway1.internal.api.openai.org/artifactory/api/npm/npm-public/drizzle-kit/-/drizzle-kit-0.31.10.tgz 0ms (cache hit)
1398 http cache detect-libc@https://packages.applied-caas-gateway1.internal.api.openai.org/artifactory/api/npm/npm-public/detect-libc/-/detect-libc-2.1.2.tgz 0ms (cache hit)
1399 http cache define-properties@https://packages.applied-caas-gateway1.internal.api.openai.org/artifactory/api/npm/npm-public/define-properties/-/define-properties-1.2.1.tgz 0ms (cache hit)
1400 http cache define-data-property@https://packages.applied-caas-gateway1.internal.api.openai.org/artifactory/api/npm/npm-public/define-data-property/-/define-data-property-1.1.4.tgz 0ms (cache hit)
1401 http cache doctrine@https://packages.applied-caas-gateway1.internal.api.openai.org/artifactory/api/npm/npm-public/doctrine/-/doctrine-2.1.0.tgz 0ms (cache hit)
1402 http cache debug@https://packages.applied-caas-gateway1.internal.api.openai.org/artifactory/api/npm/npm-public/debug/-/debug-4.4.3.tgz 0ms (cache hit)
1403 http cache deep-is@https://packages.applied-caas-gateway1.internal.api.openai.org/artifactory/api/npm/npm-public/deep-is/-/deep-is-0.1.4.tgz 0ms (cache hit)
1404 http cache data-view-byte-offset@https://packages.applied-caas-gateway1.internal.api.openai.org/artifactory/api/npm/npm-public/data-view-byte-offset/-/data-view-byte-offset-1.0.1.tgz 0ms (cache hit)
1405 http cache data-view-byte-length@https://packages.applied-caas-gateway1.internal.api.openai.org/artifactory/api/npm/npm-public/data-view-byte-length/-/data-view-byte-length-1.0.2.tgz 0ms (cache hit)
1406 http cache data-view-buffer@https://packages.applied-caas-gateway1.internal.api.openai.org/artifactory/api/npm/npm-public/data-view-buffer/-/data-view-buffer-1.0.2.tgz 0ms (cache hit)
1407 http cache csstype@https://packages.applied-caas-gateway1.internal.api.openai.org/artifactory/api/npm/npm-public/csstype/-/csstype-3.2.3.tgz 0ms (cache hit)
1408 http cache css-to-react-native@https://packages.applied-caas-gateway1.internal.api.openai.org/artifactory/api/npm/npm-public/css-to-react-native/-/css-to-react-native-3.2.0.tgz 0ms (cache hit)
1409 http cache css-gradient-parser@https://packages.applied-caas-gateway1.internal.api.openai.org/artifactory/api/npm/npm-public/css-gradient-parser/-/css-gradient-parser-0.0.16.tgz 0ms (cache hit)
1410 http cache damerau-levenshtein@https://packages.applied-caas-gateway1.internal.api.openai.org/artifactory/api/npm/npm-public/damerau-levenshtein/-/damerau-levenshtein-1.0.8.tgz 0ms (cache hit)
1411 http cache css-color-keywords@https://packages.applied-caas-gateway1.internal.api.openai.org/artifactory/api/npm/npm-public/css-color-keywords/-/css-color-keywords-1.0.0.tgz 0ms (cache hit)
1412 http cache css-box-shadow@https://packages.applied-caas-gateway1.internal.api.openai.org/artifactory/api/npm/npm-public/css-box-shadow/-/css-box-shadow-1.0.0-3.tgz 0ms (cache hit)
1413 http cache css-background-parser@https://packages.applied-caas-gateway1.internal.api.openai.org/artifactory/api/npm/npm-public/css-background-parser/-/css-background-parser-0.1.0.tgz 0ms (cache hit)
1414 http cache cookie@https://packages.applied-caas-gateway1.internal.api.openai.org/artifactory/api/npm/npm-public/cookie/-/cookie-1.1.1.tgz 0ms (cache hit)
1415 http cache es-to-primitive@https://packages.applied-caas-gateway1.internal.api.openai.org/artifactory/api/npm/npm-public/es-to-primitive/-/es-to-primitive-1.3.0.tgz 0ms (cache hit)
1416 http cache cross-spawn@https://packages.applied-caas-gateway1.internal.api.openai.org/artifactory/api/npm/npm-public/cross-spawn/-/cross-spawn-7.0.6.tgz 0ms (cache hit)
1417 http cache concat-map@https://packages.applied-caas-gateway1.internal.api.openai.org/artifactory/api/npm/npm-public/concat-map/-/concat-map-0.0.1.tgz 0ms (cache hit)
1418 http cache convert-source-map@https://packages.applied-caas-gateway1.internal.api.openai.org/artifactory/api/npm/npm-public/convert-source-map/-/convert-source-map-2.0.0.tgz 0ms (cache hit)
1419 http cache color-name@https://packages.applied-caas-gateway1.internal.api.openai.org/artifactory/api/npm/npm-public/color-name/-/color-name-1.1.4.tgz 0ms (cache hit)
1420 http cache commander@https://packages.applied-caas-gateway1.internal.api.openai.org/artifactory/api/npm/npm-public/commander/-/commander-2.20.3.tgz 0ms (cache hit)
1421 http cache color-convert@https://packages.applied-caas-gateway1.internal.api.openai.org/artifactory/api/npm/npm-public/color-convert/-/color-convert-2.0.1.tgz 0ms (cache hit)
1422 http cache caniuse-lite@https://packages.applied-caas-gateway1.internal.api.openai.org/artifactory/api/npm/npm-public/caniuse-lite/-/caniuse-lite-1.0.30001793.tgz 0ms (cache hit)
1423 http cache client-only@https://packages.applied-caas-gateway1.internal.api.openai.org/artifactory/api/npm/npm-public/client-only/-/client-only-0.0.1.tgz 0ms (cache hit)
1424 http cache chrome-trace-event@https://packages.applied-caas-gateway1.internal.api.openai.org/artifactory/api/npm/npm-public/chrome-trace-event/-/chrome-trace-event-1.0.4.tgz 0ms (cache hit)
1425 http cache chalk@https://packages.applied-caas-gateway1.internal.api.openai.org/artifactory/api/npm/npm-public/chalk/-/chalk-4.1.2.tgz 0ms (cache hit)
1426 http cache camelize@https://packages.applied-caas-gateway1.internal.api.openai.org/artifactory/api/npm/npm-public/camelize/-/camelize-1.0.1.tgz 0ms (cache hit)
1427 http cache callsites@https://packages.applied-caas-gateway1.internal.api.openai.org/artifactory/api/npm/npm-public/callsites/-/callsites-3.1.0.tgz 0ms (cache hit)
1428 http cache call-bind-apply-helpers@https://packages.applied-caas-gateway1.internal.api.openai.org/artifactory/api/npm/npm-public/call-bind-apply-helpers/-/call-bind-apply-helpers-1.0.2.tgz 0ms (cache hit)
1429 http cache call-bound@https://packages.applied-caas-gateway1.internal.api.openai.org/artifactory/api/npm/npm-public/call-bound/-/call-bound-1.0.4.tgz 0ms (cache hit)
1430 http cache buffer-from@https://packages.applied-caas-gateway1.internal.api.openai.org/artifactory/api/npm/npm-public/buffer-from/-/buffer-from-1.1.2.tgz 0ms (cache hit)
1431 http cache browserslist@https://packages.applied-caas-gateway1.internal.api.openai.org/artifactory/api/npm/npm-public/browserslist/-/browserslist-4.28.2.tgz 0ms (cache hit)
1432 http cache braces@https://packages.applied-caas-gateway1.internal.api.openai.org/artifactory/api/npm/npm-public/braces/-/braces-3.0.3.tgz 0ms (cache hit)
1433 http cache call-bind@https://packages.applied-caas-gateway1.internal.api.openai.org/artifactory/api/npm/npm-public/call-bind/-/call-bind-1.0.9.tgz 0ms (cache hit)
1434 http cache brace-expansion@https://packages.applied-caas-gateway1.internal.api.openai.org/artifactory/api/npm/npm-public/brace-expansion/-/brace-expansion-1.1.14.tgz 0ms (cache hit)
1435 http cache blake3-wasm@https://packages.applied-caas-gateway1.internal.api.openai.org/artifactory/api/npm/npm-public/blake3-wasm/-/blake3-wasm-2.1.5.tgz 0ms (cache hit)
1436 http cache baseline-browser-mapping@https://packages.applied-caas-gateway1.internal.api.openai.org/artifactory/api/npm/npm-public/baseline-browser-mapping/-/baseline-browser-mapping-2.10.30.tgz 0ms (cache hit)
1437 http cache base64-js@https://packages.applied-caas-gateway1.internal.api.openai.org/artifactory/api/npm/npm-public/base64-js/-/base64-js-0.0.8.tgz 0ms (cache hit)
1438 http cache balanced-match@https://packages.applied-caas-gateway1.internal.api.openai.org/artifactory/api/npm/npm-public/balanced-match/-/balanced-match-1.0.2.tgz 0ms (cache hit)
1439 http cache axobject-query@https://packages.applied-caas-gateway1.internal.api.openai.org/artifactory/api/npm/npm-public/axobject-query/-/axobject-query-4.1.0.tgz 0ms (cache hit)
1440 http cache available-typed-arrays@https://packages.applied-caas-gateway1.internal.api.openai.org/artifactory/api/npm/npm-public/available-typed-arrays/-/available-typed-arrays-1.0.7.tgz 0ms (cache hit)
1441 http cache axe-core@https://packages.applied-caas-gateway1.internal.api.openai.org/artifactory/api/npm/npm-public/axe-core/-/axe-core-4.11.4.tgz 0ms (cache hit)
1442 http cache arraybuffer.prototype.slice@https://packages.applied-caas-gateway1.internal.api.openai.org/artifactory/api/npm/npm-public/arraybuffer.prototype.slice/-/arraybuffer.prototype.slice-1.0.4.tgz 0ms (cache hit)
1443 http cache async-function@https://packages.applied-caas-gateway1.internal.api.openai.org/artifactory/api/npm/npm-public/async-function/-/async-function-1.0.0.tgz 0ms (cache hit)
1444 http cache array.prototype.tosorted@https://packages.applied-caas-gateway1.internal.api.openai.org/artifactory/api/npm/npm-public/array.prototype.tosorted/-/array.prototype.tosorted-1.1.4.tgz 0ms (cache hit)
1445 http cache ast-types-flow@https://packages.applied-caas-gateway1.internal.api.openai.org/artifactory/api/npm/npm-public/ast-types-flow/-/ast-types-flow-0.0.8.tgz 0ms (cache hit)
1446 http cache array.prototype.flatmap@https://packages.applied-caas-gateway1.internal.api.openai.org/artifactory/api/npm/npm-public/array.prototype.flatmap/-/array.prototype.flatmap-1.3.3.tgz 0ms (cache hit)
1447 http cache array.prototype.findlastindex@https://packages.applied-caas-gateway1.internal.api.openai.org/artifactory/api/npm/npm-public/array.prototype.findlastindex/-/array.prototype.findlastindex-1.2.6.tgz 0ms (cache hit)
1448 http cache array.prototype.flat@https://packages.applied-caas-gateway1.internal.api.openai.org/artifactory/api/npm/npm-public/array.prototype.flat/-/array.prototype.flat-1.3.3.tgz 0ms (cache hit)
1449 http cache array-buffer-byte-length@https://packages.applied-caas-gateway1.internal.api.openai.org/artifactory/api/npm/npm-public/array-buffer-byte-length/-/array-buffer-byte-length-1.0.2.tgz 0ms (cache hit)
1450 http cache array.prototype.findlast@https://packages.applied-caas-gateway1.internal.api.openai.org/artifactory/api/npm/npm-public/array.prototype.findlast/-/array.prototype.findlast-1.2.5.tgz 0ms (cache hit)
1451 http cache array-includes@https://packages.applied-caas-gateway1.internal.api.openai.org/artifactory/api/npm/npm-public/array-includes/-/array-includes-3.1.9.tgz 0ms (cache hit)
1452 http cache aria-query@https://packages.applied-caas-gateway1.internal.api.openai.org/artifactory/api/npm/npm-public/aria-query/-/aria-query-5.3.2.tgz 0ms (cache hit)
1453 http cache argparse@https://packages.applied-caas-gateway1.internal.api.openai.org/artifactory/api/npm/npm-public/argparse/-/argparse-2.0.1.tgz 0ms (cache hit)
1454 http cache ajv-formats@https://packages.applied-caas-gateway1.internal.api.openai.org/artifactory/api/npm/npm-public/ajv-formats/-/ajv-formats-2.1.1.tgz 0ms (cache hit)
1455 http cache ansi-styles@https://packages.applied-caas-gateway1.internal.api.openai.org/artifactory/api/npm/npm-public/ansi-styles/-/ansi-styles-4.3.0.tgz 0ms (cache hit)
1456 http cache acorn-loose@https://packages.applied-caas-gateway1.internal.api.openai.org/artifactory/api/npm/npm-public/acorn-loose/-/acorn-loose-8.5.2.tgz 0ms (cache hit)
1457 http cache ajv@https://packages.applied-caas-gateway1.internal.api.openai.org/artifactory/api/npm/npm-public/ajv/-/ajv-6.15.0.tgz 0ms (cache hit)
1458 http cache acorn-jsx@https://packages.applied-caas-gateway1.internal.api.openai.org/artifactory/api/npm/npm-public/acorn-jsx/-/acorn-jsx-5.3.2.tgz 0ms (cache hit)
1459 http cache acorn-import-phases@https://packages.applied-caas-gateway1.internal.api.openai.org/artifactory/api/npm/npm-public/acorn-import-phases/-/acorn-import-phases-1.0.4.tgz 0ms (cache hit)
1460 http cache @rolldown/pluginutils@https://packages.applied-caas-gateway1.internal.api.openai.org/artifactory/api/npm/npm-public/@rolldown/pluginutils/-/pluginutils-1.0.0-rc.18.tgz 0ms (cache hit)
1461 http cache acorn@https://packages.applied-caas-gateway1.internal.api.openai.org/artifactory/api/npm/npm-public/acorn/-/acorn-8.16.0.tgz 0ms (cache hit)
1462 http cache eslint-visitor-keys@https://packages.applied-caas-gateway1.internal.api.openai.org/artifactory/api/npm/npm-public/eslint-visitor-keys/-/eslint-visitor-keys-5.0.1.tgz 0ms (cache hit)
1463 http cache minimatch@https://packages.applied-caas-gateway1.internal.api.openai.org/artifactory/api/npm/npm-public/minimatch/-/minimatch-10.2.5.tgz 0ms (cache hit)
1464 http cache balanced-match@https://packages.applied-caas-gateway1.internal.api.openai.org/artifactory/api/npm/npm-public/balanced-match/-/balanced-match-4.0.4.tgz 0ms (cache hit)
1465 http cache semver@https://packages.applied-caas-gateway1.internal.api.openai.org/artifactory/api/npm/npm-public/semver/-/semver-7.8.0.tgz 0ms (cache hit)
1466 http cache brace-expansion@https://packages.applied-caas-gateway1.internal.api.openai.org/artifactory/api/npm/npm-public/brace-expansion/-/brace-expansion-5.0.6.tgz 0ms (cache hit)
1467 http cache supports-color@https://packages.applied-caas-gateway1.internal.api.openai.org/artifactory/api/npm/npm-public/supports-color/-/supports-color-10.2.2.tgz 0ms (cache hit)
1468 http cache ignore@https://packages.applied-caas-gateway1.internal.api.openai.org/artifactory/api/npm/npm-public/ignore/-/ignore-7.0.5.tgz 0ms (cache hit)
1469 http cache eslint-visitor-keys@https://packages.applied-caas-gateway1.internal.api.openai.org/artifactory/api/npm/npm-public/eslint-visitor-keys/-/eslint-visitor-keys-3.4.3.tgz 0ms (cache hit)
1470 http cache @napi-rs/wasm-runtime@https://packages.applied-caas-gateway1.internal.api.openai.org/artifactory/api/npm/npm-public/@napi-rs/wasm-runtime/-/wasm-runtime-1.1.4.tgz 0ms (cache hit)
1471 http cache @esbuild/linux-x64@https://packages.applied-caas-gateway1.internal.api.openai.org/artifactory/api/npm/npm-public/@esbuild/linux-x64/-/linux-x64-0.18.20.tgz 0ms (cache hit)
1472 http cache esbuild@https://packages.applied-caas-gateway1.internal.api.openai.org/artifactory/api/npm/npm-public/esbuild/-/esbuild-0.18.20.tgz 0ms (cache hit)
1473 http cache esbuild@https://packages.applied-caas-gateway1.internal.api.openai.org/artifactory/api/npm/npm-public/esbuild/-/esbuild-0.27.3.tgz 0ms (cache hit)
1474 http cache @esbuild/linux-x64@https://packages.applied-caas-gateway1.internal.api.openai.org/artifactory/api/npm/npm-public/@esbuild/linux-x64/-/linux-x64-0.27.3.tgz 0ms (cache hit)
1475 http cache @jridgewell/trace-mapping@https://packages.applied-caas-gateway1.internal.api.openai.org/artifactory/api/npm/npm-public/@jridgewell/trace-mapping/-/trace-mapping-0.3.9.tgz 0ms (cache hit)
1476 http cache estraverse@https://packages.applied-caas-gateway1.internal.api.openai.org/artifactory/api/npm/npm-public/estraverse/-/estraverse-4.3.0.tgz 0ms (cache hit)
1477 http cache eslint-scope@https://packages.applied-caas-gateway1.internal.api.openai.org/artifactory/api/npm/npm-public/eslint-scope/-/eslint-scope-5.1.1.tgz 0ms (cache hit)
1478 http cache es-module-lexer@https://packages.applied-caas-gateway1.internal.api.openai.org/artifactory/api/npm/npm-public/es-module-lexer/-/es-module-lexer-1.7.0.tgz 0ms (cache hit)
1479 http cache picomatch@https://packages.applied-caas-gateway1.internal.api.openai.org/artifactory/api/npm/npm-public/picomatch/-/picomatch-4.0.4.tgz 0ms (cache hit)
1480 http cache glob-parent@https://packages.applied-caas-gateway1.internal.api.openai.org/artifactory/api/npm/npm-public/glob-parent/-/glob-parent-5.1.2.tgz 0ms (cache hit)
1481 http cache fast-glob@https://packages.applied-caas-gateway1.internal.api.openai.org/artifactory/api/npm/npm-public/fast-glob/-/fast-glob-3.3.3.tgz 0ms (cache hit)
1482 http cache lightningcss@https://packages.applied-caas-gateway1.internal.api.openai.org/artifactory/api/npm/npm-public/lightningcss/-/lightningcss-1.32.0.tgz 0ms (cache hit)
1483 http cache lightningcss-linux-x64-gnu@https://packages.applied-caas-gateway1.internal.api.openai.org/artifactory/api/npm/npm-public/lightningcss-linux-x64-gnu/-/lightningcss-linux-x64-gnu-1.32.0.tgz 0ms (cache hit)
1484 http cache fdir@https://packages.applied-caas-gateway1.internal.api.openai.org/artifactory/api/npm/npm-public/fdir/-/fdir-6.5.0.tgz 0ms (cache hit)
1485 http cache picomatch@https://packages.applied-caas-gateway1.internal.api.openai.org/artifactory/api/npm/npm-public/picomatch/-/picomatch-4.0.4.tgz 0ms (cache hit)
1486 http cache json5@https://packages.applied-caas-gateway1.internal.api.openai.org/artifactory/api/npm/npm-public/json5/-/json5-1.0.2.tgz 0ms (cache hit)
1487 http cache semver@https://packages.applied-caas-gateway1.internal.api.openai.org/artifactory/api/npm/npm-public/semver/-/semver-7.8.0.tgz 0ms (cache hit)
1488 http cache js-tokens@https://packages.applied-caas-gateway1.internal.api.openai.org/artifactory/api/npm/npm-public/js-tokens/-/js-tokens-9.0.1.tgz 0ms (cache hit)
1489 http cache json-schema-traverse@https://packages.applied-caas-gateway1.internal.api.openai.org/artifactory/api/npm/npm-public/json-schema-traverse/-/json-schema-traverse-1.0.0.tgz 0ms (cache hit)
1490 http cache ajv@https://packages.applied-caas-gateway1.internal.api.openai.org/artifactory/api/npm/npm-public/ajv/-/ajv-8.20.0.tgz 0ms (cache hit)
1491 http cache ajv-keywords@https://packages.applied-caas-gateway1.internal.api.openai.org/artifactory/api/npm/npm-public/ajv-keywords/-/ajv-keywords-5.1.0.tgz 0ms (cache hit)
1492 http cache postcss@https://packages.applied-caas-gateway1.internal.api.openai.org/artifactory/api/npm/npm-public/postcss/-/postcss-8.4.31.tgz 0ms (cache hit)
1493 http cache supports-color@https://packages.applied-caas-gateway1.internal.api.openai.org/artifactory/api/npm/npm-public/supports-color/-/supports-color-8.1.1.tgz 0ms (cache hit)
1494 http cache semver@https://packages.applied-caas-gateway1.internal.api.openai.org/artifactory/api/npm/npm-public/semver/-/semver-7.8.0.tgz 0ms (cache hit)
1495 http cache glob-parent@https://packages.applied-caas-gateway1.internal.api.openai.org/artifactory/api/npm/npm-public/glob-parent/-/glob-parent-5.1.2.tgz 0ms (cache hit)
1496 http cache debug@https://packages.applied-caas-gateway1.internal.api.openai.org/artifactory/api/npm/npm-public/debug/-/debug-3.2.7.tgz 0ms (cache hit)
1497 http cache debug@https://packages.applied-caas-gateway1.internal.api.openai.org/artifactory/api/npm/npm-public/debug/-/debug-3.2.7.tgz 0ms (cache hit)
1498 http cache debug@https://packages.applied-caas-gateway1.internal.api.openai.org/artifactory/api/npm/npm-public/debug/-/debug-3.2.7.tgz 0ms (cache hit)
1499 http cache globals@https://packages.applied-caas-gateway1.internal.api.openai.org/artifactory/api/npm/npm-public/globals/-/globals-16.4.0.tgz 0ms (cache hit)
1500 http cache @esbuild/linux-x64@https://packages.applied-caas-gateway1.internal.api.openai.org/artifactory/api/npm/npm-public/@esbuild/linux-x64/-/linux-x64-0.25.12.tgz 0ms (cache hit)
1501 http cache esbuild@https://packages.applied-caas-gateway1.internal.api.openai.org/artifactory/api/npm/npm-public/esbuild/-/esbuild-0.25.12.tgz 0ms (cache hit)
1502 http cache json-schema-traverse@https://packages.applied-caas-gateway1.internal.api.openai.org/artifactory/api/npm/npm-public/json-schema-traverse/-/json-schema-traverse-1.0.0.tgz 0ms (cache hit)
1503 http cache ajv@https://packages.applied-caas-gateway1.internal.api.openai.org/artifactory/api/npm/npm-public/ajv/-/ajv-8.20.0.tgz 0ms (cache hit)
1504 silly tarball no local data for @xtuc/ieee754@https://packages.applied-caas-gateway1.internal.api.openai.org/artifactory/api/npm/npm-public/@xtuc/ieee754/-/ieee754-1.2.0.tgz. Extracting by manifest.
1505 silly tarball no local data for @xtuc/long@https://packages.applied-caas-gateway1.internal.api.openai.org/artifactory/api/npm/npm-public/@xtuc/long/-/long-4.2.2.tgz. Extracting by manifest.
1506 silly tarball no local data for @webassemblyjs/wast-printer@https://packages.applied-caas-gateway1.internal.api.openai.org/artifactory/api/npm/npm-public/@webassemblyjs/wast-printer/-/wast-printer-1.14.1.tgz. Extracting by manifest.
1507 silly tarball no local data for @webassemblyjs/wasm-parser@https://packages.applied-caas-gateway1.internal.api.openai.org/artifactory/api/npm/npm-public/@webassemblyjs/wasm-parser/-/wasm-parser-1.14.1.tgz. Extracting by manifest.
1508 silly tarball no local data for @webassemblyjs/wasm-gen@https://packages.applied-caas-gateway1.internal.api.openai.org/artifactory/api/npm/npm-public/@webassemblyjs/wasm-gen/-/wasm-gen-1.14.1.tgz. Extracting by manifest.
1509 silly tarball no local data for @webassemblyjs/wasm-opt@https://packages.applied-caas-gateway1.internal.api.openai.org/artifactory/api/npm/npm-public/@webassemblyjs/wasm-opt/-/wasm-opt-1.14.1.tgz. Extracting by manifest.
1510 silly tarball no local data for @webassemblyjs/wasm-edit@https://packages.applied-caas-gateway1.internal.api.openai.org/artifactory/api/npm/npm-public/@webassemblyjs/wasm-edit/-/wasm-edit-1.14.1.tgz. Extracting by manifest.
1511 silly tarball no local data for @webassemblyjs/utf8@https://packages.applied-caas-gateway1.internal.api.openai.org/artifactory/api/npm/npm-public/@webassemblyjs/utf8/-/utf8-1.13.2.tgz. Extracting by manifest.
1512 silly tarball no local data for @webassemblyjs/leb128@https://packages.applied-caas-gateway1.internal.api.openai.org/artifactory/api/npm/npm-public/@webassemblyjs/leb128/-/leb128-1.13.2.tgz. Extracting by manifest.
1513 silly tarball no local data for @webassemblyjs/helper-wasm-section@https://packages.applied-caas-gateway1.internal.api.openai.org/artifactory/api/npm/npm-public/@webassemblyjs/helper-wasm-section/-/helper-wasm-section-1.14.1.tgz. Extracting by manifest.
1514 silly tarball no local data for @webassemblyjs/ieee754@https://packages.applied-caas-gateway1.internal.api.openai.org/artifactory/api/npm/npm-public/@webassemblyjs/ieee754/-/ieee754-1.13.2.tgz. Extracting by manifest.
1515 silly tarball no local data for @webassemblyjs/helper-buffer@https://packages.applied-caas-gateway1.internal.api.openai.org/artifactory/api/npm/npm-public/@webassemblyjs/helper-buffer/-/helper-buffer-1.14.1.tgz. Extracting by manifest.
1516 silly tarball no local data for @webassemblyjs/helper-api-error@https://packages.applied-caas-gateway1.internal.api.openai.org/artifactory/api/npm/npm-public/@webassemblyjs/helper-api-error/-/helper-api-error-1.13.2.tgz. Extracting by manifest.
1517 silly tarball no local data for @webassemblyjs/helper-numbers@https://packages.applied-caas-gateway1.internal.api.openai.org/artifactory/api/npm/npm-public/@webassemblyjs/helper-numbers/-/helper-numbers-1.13.2.tgz. Extracting by manifest.
1518 silly tarball no local data for @webassemblyjs/ast@https://packages.applied-caas-gateway1.internal.api.openai.org/artifactory/api/npm/npm-public/@webassemblyjs/ast/-/ast-1.14.1.tgz. Extracting by manifest.
1519 silly tarball no local data for @webassemblyjs/floating-point-hex-parser@https://packages.applied-caas-gateway1.internal.api.openai.org/artifactory/api/npm/npm-public/@webassemblyjs/floating-point-hex-parser/-/floating-point-hex-parser-1.13.2.tgz. Extracting by manifest.
1520 silly tarball no local data for @vitejs/plugin-rsc@https://packages.applied-caas-gateway1.internal.api.openai.org/artifactory/api/npm/npm-public/@vitejs/plugin-rsc/-/plugin-rsc-0.5.26.tgz. Extracting by manifest.
1521 silly tarball no local data for @vitejs/plugin-react@https://packages.applied-caas-gateway1.internal.api.openai.org/artifactory/api/npm/npm-public/@vitejs/plugin-react/-/plugin-react-6.0.2.tgz. Extracting by manifest.
1522 silly tarball no local data for @webassemblyjs/helper-wasm-bytecode@https://packages.applied-caas-gateway1.internal.api.openai.org/artifactory/api/npm/npm-public/@webassemblyjs/helper-wasm-bytecode/-/helper-wasm-bytecode-1.13.2.tgz. Extracting by manifest.
1523 silly tarball no local data for @vercel/og@https://packages.applied-caas-gateway1.internal.api.openai.org/artifactory/api/npm/npm-public/@vercel/og/-/og-0.8.6.tgz. Extracting by manifest.
1524 silly tarball no local data for @unpic/react@https://packages.applied-caas-gateway1.internal.api.openai.org/artifactory/api/npm/npm-public/@unpic/react/-/react-1.0.2.tgz. Extracting by manifest.
1525 silly tarball no local data for @unrs/resolver-binding-linux-x64-gnu@https://packages.applied-caas-gateway1.internal.api.openai.org/artifactory/api/npm/npm-public/@unrs/resolver-binding-linux-x64-gnu/-/resolver-binding-linux-x64-gnu-1.11.1.tgz. Extracting by manifest.
1526 silly tarball no local data for @unpic/core@https://packages.applied-caas-gateway1.internal.api.openai.org/artifactory/api/npm/npm-public/@unpic/core/-/core-1.0.3.tgz. Extracting by manifest.
1527 silly tarball no local data for @typescript-eslint/visitor-keys@https://packages.applied-caas-gateway1.internal.api.openai.org/artifactory/api/npm/npm-public/@typescript-eslint/visitor-keys/-/visitor-keys-8.59.3.tgz. Extracting by manifest.
1528 silly tarball no local data for @typescript-eslint/utils@https://packages.applied-caas-gateway1.internal.api.openai.org/artifactory/api/npm/npm-public/@typescript-eslint/utils/-/utils-8.59.3.tgz. Extracting by manifest.
1529 silly tarball no local data for @typescript-eslint/typescript-estree@https://packages.applied-caas-gateway1.internal.api.openai.org/artifactory/api/npm/npm-public/@typescript-eslint/typescript-estree/-/typescript-estree-8.59.3.tgz. Extracting by manifest.
1530 silly tarball no local data for @typescript-eslint/types@https://packages.applied-caas-gateway1.internal.api.openai.org/artifactory/api/npm/npm-public/@typescript-eslint/types/-/types-8.59.3.tgz. Extracting by manifest.
1531 silly tarball no local data for @typescript-eslint/type-utils@https://packages.applied-caas-gateway1.internal.api.openai.org/artifactory/api/npm/npm-public/@typescript-eslint/type-utils/-/type-utils-8.59.3.tgz. Extracting by manifest.
1532 silly tarball no local data for @typescript-eslint/tsconfig-utils@https://packages.applied-caas-gateway1.internal.api.openai.org/artifactory/api/npm/npm-public/@typescript-eslint/tsconfig-utils/-/tsconfig-utils-8.59.3.tgz. Extracting by manifest.
1533 silly tarball no local data for @typescript-eslint/scope-manager@https://packages.applied-caas-gateway1.internal.api.openai.org/artifactory/api/npm/npm-public/@typescript-eslint/scope-manager/-/scope-manager-8.59.3.tgz. Extracting by manifest.
1534 silly tarball no local data for @typescript-eslint/project-service@https://packages.applied-caas-gateway1.internal.api.openai.org/artifactory/api/npm/npm-public/@typescript-eslint/project-service/-/project-service-8.59.3.tgz. Extracting by manifest.
1535 silly tarball no local data for @typescript-eslint/eslint-plugin@https://packages.applied-caas-gateway1.internal.api.openai.org/artifactory/api/npm/npm-public/@typescript-eslint/eslint-plugin/-/eslint-plugin-8.59.3.tgz. Extracting by manifest.
1536 silly tarball no local data for @typescript-eslint/parser@https://packages.applied-caas-gateway1.internal.api.openai.org/artifactory/api/npm/npm-public/@typescript-eslint/parser/-/parser-8.59.3.tgz. Extracting by manifest.
1537 silly tarball no local data for @types/react-dom@https://packages.applied-caas-gateway1.internal.api.openai.org/artifactory/api/npm/npm-public/@types/react-dom/-/react-dom-19.2.3.tgz. Extracting by manifest.
1538 silly tarball no local data for @types/react@https://packages.applied-caas-gateway1.internal.api.openai.org/artifactory/api/npm/npm-public/@types/react/-/react-19.2.14.tgz. Extracting by manifest.
1539 silly tarball no local data for @types/node@https://packages.applied-caas-gateway1.internal.api.openai.org/artifactory/api/npm/npm-public/@types/node/-/node-22.19.19.tgz. Extracting by manifest.
1540 silly tarball no local data for @types/json5@https://packages.applied-caas-gateway1.internal.api.openai.org/artifactory/api/npm/npm-public/@types/json5/-/json5-0.0.29.tgz. Extracting by manifest.
1541 silly tarball no local data for @types/estree@https://packages.applied-caas-gateway1.internal.api.openai.org/artifactory/api/npm/npm-public/@types/estree/-/estree-1.0.9.tgz. Extracting by manifest.
1542 silly tarball no local data for @types/eslint@https://packages.applied-caas-gateway1.internal.api.openai.org/artifactory/api/npm/npm-public/@types/eslint/-/eslint-9.6.1.tgz. Extracting by manifest.
1543 silly tarball no local data for @types/json-schema@https://packages.applied-caas-gateway1.internal.api.openai.org/artifactory/api/npm/npm-public/@types/json-schema/-/json-schema-7.0.15.tgz. Extracting by manifest.
1544 silly tarball no local data for @types/eslint-scope@https://packages.applied-caas-gateway1.internal.api.openai.org/artifactory/api/npm/npm-public/@types/eslint-scope/-/eslint-scope-3.7.7.tgz. Extracting by manifest.
1545 silly tarball no local data for @tybys/wasm-util@https://packages.applied-caas-gateway1.internal.api.openai.org/artifactory/api/npm/npm-public/@tybys/wasm-util/-/wasm-util-0.10.2.tgz. Extracting by manifest.
1546 silly tarball no local data for @tailwindcss/oxide-linux-x64-gnu@https://packages.applied-caas-gateway1.internal.api.openai.org/artifactory/api/npm/npm-public/@tailwindcss/oxide-linux-x64-gnu/-/oxide-linux-x64-gnu-4.2.1.tgz. Extracting by manifest.
1547 silly tarball no local data for @tailwindcss/node@https://packages.applied-caas-gateway1.internal.api.openai.org/artifactory/api/npm/npm-public/@tailwindcss/node/-/node-4.2.1.tgz. Extracting by manifest.
1548 silly tarball no local data for @tailwindcss/postcss@https://packages.applied-caas-gateway1.internal.api.openai.org/artifactory/api/npm/npm-public/@tailwindcss/postcss/-/postcss-4.2.1.tgz. Extracting by manifest.
1549 silly tarball no local data for @swc/helpers@https://packages.applied-caas-gateway1.internal.api.openai.org/artifactory/api/npm/npm-public/@swc/helpers/-/helpers-0.5.15.tgz. Extracting by manifest.
1550 silly tarball no local data for @tailwindcss/oxide@https://packages.applied-caas-gateway1.internal.api.openai.org/artifactory/api/npm/npm-public/@tailwindcss/oxide/-/oxide-4.2.1.tgz. Extracting by manifest.
1551 silly tarball no local data for @speed-highlight/core@https://packages.applied-caas-gateway1.internal.api.openai.org/artifactory/api/npm/npm-public/@speed-highlight/core/-/core-1.2.15.tgz. Extracting by manifest.
1552 silly tarball no local data for @sindresorhus/is@https://packages.applied-caas-gateway1.internal.api.openai.org/artifactory/api/npm/npm-public/@sindresorhus/is/-/is-7.2.0.tgz. Extracting by manifest.
1553 silly tarball no local data for @shuding/opentype.js@https://packages.applied-caas-gateway1.internal.api.openai.org/artifactory/api/npm/npm-public/@shuding/opentype.js/-/opentype.js-1.4.0-beta.0.tgz. Extracting by manifest.
1554 silly tarball no local data for @rolldown/pluginutils@https://packages.applied-caas-gateway1.internal.api.openai.org/artifactory/api/npm/npm-public/@rolldown/pluginutils/-/pluginutils-1.0.1.tgz. Extracting by manifest.
1555 silly tarball no local data for @rtsao/scc@https://packages.applied-caas-gateway1.internal.api.openai.org/artifactory/api/npm/npm-public/@rtsao/scc/-/scc-1.1.0.tgz. Extracting by manifest.
1556 silly tarball no local data for @rolldown/binding-linux-x64-gnu@https://packages.applied-caas-gateway1.internal.api.openai.org/artifactory/api/npm/npm-public/@rolldown/binding-linux-x64-gnu/-/binding-linux-x64-gnu-1.0.1.tgz. Extracting by manifest.
1557 silly tarball no local data for @resvg/resvg-wasm@https://packages.applied-caas-gateway1.internal.api.openai.org/artifactory/api/npm/npm-public/@resvg/resvg-wasm/-/resvg-wasm-2.4.0.tgz. Extracting by manifest.
1558 silly tarball no local data for @poppinss/dumper@https://packages.applied-caas-gateway1.internal.api.openai.org/artifactory/api/npm/npm-public/@poppinss/dumper/-/dumper-0.6.5.tgz. Extracting by manifest.
1559 silly tarball no local data for @poppinss/exception@https://packages.applied-caas-gateway1.internal.api.openai.org/artifactory/api/npm/npm-public/@poppinss/exception/-/exception-1.2.3.tgz. Extracting by manifest.
1560 silly tarball no local data for @oxc-project/types@https://packages.applied-caas-gateway1.internal.api.openai.org/artifactory/api/npm/npm-public/@oxc-project/types/-/types-0.130.0.tgz. Extracting by manifest.
1561 silly tarball no local data for @poppinss/colors@https://packages.applied-caas-gateway1.internal.api.openai.org/artifactory/api/npm/npm-public/@poppinss/colors/-/colors-4.1.6.tgz. Extracting by manifest.
1562 silly tarball no local data for @nodelib/fs.walk@https://packages.applied-caas-gateway1.internal.api.openai.org/artifactory/api/npm/npm-public/@nodelib/fs.walk/-/fs.walk-1.2.8.tgz. Extracting by manifest.
1563 silly tarball no local data for @nolyfill/is-core-module@https://packages.applied-caas-gateway1.internal.api.openai.org/artifactory/api/npm/npm-public/@nolyfill/is-core-module/-/is-core-module-1.0.39.tgz. Extracting by manifest.
1564 silly tarball no local data for @nodelib/fs.stat@https://packages.applied-caas-gateway1.internal.api.openai.org/artifactory/api/npm/npm-public/@nodelib/fs.stat/-/fs.stat-2.0.5.tgz. Extracting by manifest.
1565 silly tarball no local data for @nodelib/fs.scandir@https://packages.applied-caas-gateway1.internal.api.openai.org/artifactory/api/npm/npm-public/@nodelib/fs.scandir/-/fs.scandir-2.1.5.tgz. Extracting by manifest.
1566 silly tarball no local data for @next/swc-linux-x64-gnu@https://packages.applied-caas-gateway1.internal.api.openai.org/artifactory/api/npm/npm-public/@next/swc-linux-x64-gnu/-/swc-linux-x64-gnu-16.2.6.tgz. Extracting by manifest.
1567 silly tarball no local data for @next/eslint-plugin-next@https://packages.applied-caas-gateway1.internal.api.openai.org/artifactory/api/npm/npm-public/@next/eslint-plugin-next/-/eslint-plugin-next-16.2.6.tgz. Extracting by manifest.
1568 silly tarball no local data for @next/env@https://packages.applied-caas-gateway1.internal.api.openai.org/artifactory/api/npm/npm-public/@next/env/-/env-16.2.6.tgz. Extracting by manifest.
1569 silly tarball no local data for @napi-rs/wasm-runtime@https://packages.applied-caas-gateway1.internal.api.openai.org/artifactory/api/npm/npm-public/@napi-rs/wasm-runtime/-/wasm-runtime-0.2.12.tgz. Extracting by manifest.
1570 silly tarball no local data for @jridgewell/sourcemap-codec@https://packages.applied-caas-gateway1.internal.api.openai.org/artifactory/api/npm/npm-public/@jridgewell/sourcemap-codec/-/sourcemap-codec-1.5.5.tgz. Extracting by manifest.
1571 silly tarball no local data for @jridgewell/source-map@https://packages.applied-caas-gateway1.internal.api.openai.org/artifactory/api/npm/npm-public/@jridgewell/source-map/-/source-map-0.3.11.tgz. Extracting by manifest.
1572 silly tarball no local data for @jridgewell/trace-mapping@https://packages.applied-caas-gateway1.internal.api.openai.org/artifactory/api/npm/npm-public/@jridgewell/trace-mapping/-/trace-mapping-0.3.31.tgz. Extracting by manifest.
1573 silly tarball no local data for @jridgewell/resolve-uri@https://packages.applied-caas-gateway1.internal.api.openai.org/artifactory/api/npm/npm-public/@jridgewell/resolve-uri/-/resolve-uri-3.1.2.tgz. Extracting by manifest.
1574 silly tarball no local data for @img/sharp-linux-x64@https://packages.applied-caas-gateway1.internal.api.openai.org/artifactory/api/npm/npm-public/@img/sharp-linux-x64/-/sharp-linux-x64-0.34.5.tgz. Extracting by manifest.
1575 silly tarball no local data for @jridgewell/remapping@https://packages.applied-caas-gateway1.internal.api.openai.org/artifactory/api/npm/npm-public/@jridgewell/remapping/-/remapping-2.3.5.tgz. Extracting by manifest.
1576 silly tarball no local data for @jridgewell/gen-mapping@https://packages.applied-caas-gateway1.internal.api.openai.org/artifactory/api/npm/npm-public/@jridgewell/gen-mapping/-/gen-mapping-0.3.13.tgz. Extracting by manifest.
1577 silly tarball no local data for @img/sharp-libvips-linux-x64@https://packages.applied-caas-gateway1.internal.api.openai.org/artifactory/api/npm/npm-public/@img/sharp-libvips-linux-x64/-/sharp-libvips-linux-x64-1.2.4.tgz. Extracting by manifest.
1578 silly tarball no local data for @img/colour@https://packages.applied-caas-gateway1.internal.api.openai.org/artifactory/api/npm/npm-public/@img/colour/-/colour-1.1.0.tgz. Extracting by manifest.
1579 silly tarball no local data for @humanfs/node@https://packages.applied-caas-gateway1.internal.api.openai.org/artifactory/api/npm/npm-public/@humanfs/node/-/node-0.16.8.tgz. Extracting by manifest.
1580 silly tarball no local data for @humanfs/types@https://packages.applied-caas-gateway1.internal.api.openai.org/artifactory/api/npm/npm-public/@humanfs/types/-/types-0.15.0.tgz. Extracting by manifest.
1581 silly tarball no local data for @humanwhocodes/module-importer@https://packages.applied-caas-gateway1.internal.api.openai.org/artifactory/api/npm/npm-public/@humanwhocodes/module-importer/-/module-importer-1.0.1.tgz. Extracting by manifest.
1582 silly tarball no local data for @humanwhocodes/retry@https://packages.applied-caas-gateway1.internal.api.openai.org/artifactory/api/npm/npm-public/@humanwhocodes/retry/-/retry-0.4.3.tgz. Extracting by manifest.
1583 silly tarball no local data for @humanfs/core@https://packages.applied-caas-gateway1.internal.api.openai.org/artifactory/api/npm/npm-public/@humanfs/core/-/core-0.19.2.tgz. Extracting by manifest.
1584 silly tarball no local data for @eslint-community/eslint-utils@https://packages.applied-caas-gateway1.internal.api.openai.org/artifactory/api/npm/npm-public/@eslint-community/eslint-utils/-/eslint-utils-4.9.1.tgz. Extracting by manifest.
1585 silly tarball no local data for @eslint-community/regexpp@https://packages.applied-caas-gateway1.internal.api.openai.org/artifactory/api/npm/npm-public/@eslint-community/regexpp/-/regexpp-4.12.2.tgz. Extracting by manifest.
1586 silly tarball no local data for @eslint/object-schema@https://packages.applied-caas-gateway1.internal.api.openai.org/artifactory/api/npm/npm-public/@eslint/object-schema/-/object-schema-2.1.7.tgz. Extracting by manifest.
1587 silly tarball no local data for @eslint/plugin-kit@https://packages.applied-caas-gateway1.internal.api.openai.org/artifactory/api/npm/npm-public/@eslint/plugin-kit/-/plugin-kit-0.4.1.tgz. Extracting by manifest.
1588 silly tarball no local data for @eslint/js@https://packages.applied-caas-gateway1.internal.api.openai.org/artifactory/api/npm/npm-public/@eslint/js/-/js-9.39.4.tgz. Extracting by manifest.
1589 silly tarball no local data for @eslint/core@https://packages.applied-caas-gateway1.internal.api.openai.org/artifactory/api/npm/npm-public/@eslint/core/-/core-0.17.0.tgz. Extracting by manifest.
1590 silly tarball no local data for @eslint/eslintrc@https://packages.applied-caas-gateway1.internal.api.openai.org/artifactory/api/npm/npm-public/@eslint/eslintrc/-/eslintrc-3.3.5.tgz. Extracting by manifest.
1591 silly tarball no local data for @eslint/config-helpers@https://packages.applied-caas-gateway1.internal.api.openai.org/artifactory/api/npm/npm-public/@eslint/config-helpers/-/config-helpers-0.4.2.tgz. Extracting by manifest.
1592 silly tarball no local data for @esbuild-kit/esm-loader@https://packages.applied-caas-gateway1.internal.api.openai.org/artifactory/api/npm/npm-public/@esbuild-kit/esm-loader/-/esm-loader-2.6.5.tgz. Extracting by manifest.
1593 silly tarball no local data for @eslint/config-array@https://packages.applied-caas-gateway1.internal.api.openai.org/artifactory/api/npm/npm-public/@eslint/config-array/-/config-array-0.21.2.tgz. Extracting by manifest.
1594 silly tarball no local data for @esbuild-kit/core-utils@https://packages.applied-caas-gateway1.internal.api.openai.org/artifactory/api/npm/npm-public/@esbuild-kit/core-utils/-/core-utils-3.3.2.tgz. Extracting by manifest.
1595 silly tarball no local data for @emnapi/wasi-threads@https://packages.applied-caas-gateway1.internal.api.openai.org/artifactory/api/npm/npm-public/@emnapi/wasi-threads/-/wasi-threads-1.2.1.tgz. Extracting by manifest.
1596 silly tarball no local data for @esbuild/linux-x64@https://packages.applied-caas-gateway1.internal.api.openai.org/artifactory/api/npm/npm-public/@esbuild/linux-x64/-/linux-x64-0.28.0.tgz. Extracting by manifest.
1597 silly tarball no local data for @emnapi/core@https://packages.applied-caas-gateway1.internal.api.openai.org/artifactory/api/npm/npm-public/@emnapi/core/-/core-1.10.0.tgz. Extracting by manifest.
1598 silly tarball no local data for @emnapi/runtime@https://packages.applied-caas-gateway1.internal.api.openai.org/artifactory/api/npm/npm-public/@emnapi/runtime/-/runtime-1.10.0.tgz. Extracting by manifest.
1599 silly tarball no local data for @cspotcode/source-map-support@https://packages.applied-caas-gateway1.internal.api.openai.org/artifactory/api/npm/npm-public/@cspotcode/source-map-support/-/source-map-support-0.8.1.tgz. Extracting by manifest.
1600 silly tarball no local data for @drizzle-team/brocli@https://packages.applied-caas-gateway1.internal.api.openai.org/artifactory/api/npm/npm-public/@drizzle-team/brocli/-/brocli-0.10.2.tgz. Extracting by manifest.
1601 silly tarball no local data for @cloudflare/vite-plugin@https://packages.applied-caas-gateway1.internal.api.openai.org/artifactory/api/npm/npm-public/@cloudflare/vite-plugin/-/vite-plugin-1.37.1.tgz. Extracting by manifest.
1602 silly tarball no local data for @cloudflare/workerd-linux-64@https://packages.applied-caas-gateway1.internal.api.openai.org/artifactory/api/npm/npm-public/@cloudflare/workerd-linux-64/-/workerd-linux-64-1.20260515.1.tgz. Extracting by manifest.
1603 silly tarball no local data for @cloudflare/kv-asset-handler@https://packages.applied-caas-gateway1.internal.api.openai.org/artifactory/api/npm/npm-public/@cloudflare/kv-asset-handler/-/kv-asset-handler-0.5.0.tgz. Extracting by manifest.
1604 silly tarball no local data for @cloudflare/unenv-preset@https://packages.applied-caas-gateway1.internal.api.openai.org/artifactory/api/npm/npm-public/@cloudflare/unenv-preset/-/unenv-preset-2.16.1.tgz. Extracting by manifest.
1605 silly tarball no local data for @babel/types@https://packages.applied-caas-gateway1.internal.api.openai.org/artifactory/api/npm/npm-public/@babel/types/-/types-7.29.0.tgz. Extracting by manifest.
1606 silly tarball no local data for @babel/template@https://packages.applied-caas-gateway1.internal.api.openai.org/artifactory/api/npm/npm-public/@babel/template/-/template-7.28.6.tgz. Extracting by manifest.
1607 silly tarball no local data for @babel/parser@https://packages.applied-caas-gateway1.internal.api.openai.org/artifactory/api/npm/npm-public/@babel/parser/-/parser-7.29.3.tgz. Extracting by manifest.
1608 silly tarball no local data for @babel/helpers@https://packages.applied-caas-gateway1.internal.api.openai.org/artifactory/api/npm/npm-public/@babel/helpers/-/helpers-7.29.2.tgz. Extracting by manifest.
1609 silly tarball no local data for @babel/traverse@https://packages.applied-caas-gateway1.internal.api.openai.org/artifactory/api/npm/npm-public/@babel/traverse/-/traverse-7.29.0.tgz. Extracting by manifest.
1610 silly tarball no local data for @babel/helper-validator-option@https://packages.applied-caas-gateway1.internal.api.openai.org/artifactory/api/npm/npm-public/@babel/helper-validator-option/-/helper-validator-option-7.27.1.tgz. Extracting by manifest.
1611 silly tarball no local data for @babel/helper-validator-identifier@https://packages.applied-caas-gateway1.internal.api.openai.org/artifactory/api/npm/npm-public/@babel/helper-validator-identifier/-/helper-validator-identifier-7.28.5.tgz. Extracting by manifest.
1612 silly tarball no local data for @babel/helper-string-parser@https://packages.applied-caas-gateway1.internal.api.openai.org/artifactory/api/npm/npm-public/@babel/helper-string-parser/-/helper-string-parser-7.27.1.tgz. Extracting by manifest.
1613 silly tarball no local data for @babel/helper-module-transforms@https://packages.applied-caas-gateway1.internal.api.openai.org/artifactory/api/npm/npm-public/@babel/helper-module-transforms/-/helper-module-transforms-7.28.6.tgz. Extracting by manifest.
1614 silly tarball no local data for @babel/helper-module-imports@https://packages.applied-caas-gateway1.internal.api.openai.org/artifactory/api/npm/npm-public/@babel/helper-module-imports/-/helper-module-imports-7.28.6.tgz. Extracting by manifest.
1615 silly tarball no local data for @babel/helper-compilation-targets@https://packages.applied-caas-gateway1.internal.api.openai.org/artifactory/api/npm/npm-public/@babel/helper-compilation-targets/-/helper-compilation-targets-7.28.6.tgz. Extracting by manifest.
1616 silly tarball no local data for @babel/helper-globals@https://packages.applied-caas-gateway1.internal.api.openai.org/artifactory/api/npm/npm-public/@babel/helper-globals/-/helper-globals-7.28.0.tgz. Extracting by manifest.
1617 silly tarball no local data for @babel/generator@https://packages.applied-caas-gateway1.internal.api.openai.org/artifactory/api/npm/npm-public/@babel/generator/-/generator-7.29.1.tgz. Extracting by manifest.
1618 silly tarball no local data for @babel/core@https://packages.applied-caas-gateway1.internal.api.openai.org/artifactory/api/npm/npm-public/@babel/core/-/core-7.29.0.tgz. Extracting by manifest.
1619 silly tarball no local data for @babel/compat-data@https://packages.applied-caas-gateway1.internal.api.openai.org/artifactory/api/npm/npm-public/@babel/compat-data/-/compat-data-7.29.3.tgz. Extracting by manifest.
1620 silly tarball no local data for @babel/code-frame@https://packages.applied-caas-gateway1.internal.api.openai.org/artifactory/api/npm/npm-public/@babel/code-frame/-/code-frame-7.29.0.tgz. Extracting by manifest.
1621 silly tarball no local data for @alloc/quick-lru@https://packages.applied-caas-gateway1.internal.api.openai.org/artifactory/api/npm/npm-public/@alloc/quick-lru/-/quick-lru-5.2.0.tgz. Extracting by manifest.
1622 silly tarball no local data for zod-validation-error@https://packages.applied-caas-gateway1.internal.api.openai.org/artifactory/api/npm/npm-public/zod-validation-error/-/zod-validation-error-4.0.2.tgz. Extracting by manifest.
1623 silly tarball no local data for zod@https://packages.applied-caas-gateway1.internal.api.openai.org/artifactory/api/npm/npm-public/zod/-/zod-4.4.3.tgz. Extracting by manifest.
1624 silly tarball no local data for youch-core@https://packages.applied-caas-gateway1.internal.api.openai.org/artifactory/api/npm/npm-public/youch-core/-/youch-core-0.3.3.tgz. Extracting by manifest.
1625 silly tarball no local data for youch@https://packages.applied-caas-gateway1.internal.api.openai.org/artifactory/api/npm/npm-public/youch/-/youch-4.1.0-beta.10.tgz. Extracting by manifest.
1626 silly tarball no local data for yoga-layout@https://packages.applied-caas-gateway1.internal.api.openai.org/artifactory/api/npm/npm-public/yoga-layout/-/yoga-layout-3.2.1.tgz. Extracting by manifest.
1627 silly tarball no local data for yocto-queue@https://packages.applied-caas-gateway1.internal.api.openai.org/artifactory/api/npm/npm-public/yocto-queue/-/yocto-queue-0.1.0.tgz. Extracting by manifest.
1628 silly tarball no local data for wrangler@https://packages.applied-caas-gateway1.internal.api.openai.org/artifactory/api/npm/npm-public/wrangler/-/wrangler-4.92.0.tgz. Extracting by manifest.
1629 silly tarball no local data for ws@https://packages.applied-caas-gateway1.internal.api.openai.org/artifactory/api/npm/npm-public/ws/-/ws-8.18.0.tgz. Extracting by manifest.
1630 silly tarball no local data for yallist@https://packages.applied-caas-gateway1.internal.api.openai.org/artifactory/api/npm/npm-public/yallist/-/yallist-3.1.1.tgz. Extracting by manifest.
1631 silly tarball no local data for workerd@https://packages.applied-caas-gateway1.internal.api.openai.org/artifactory/api/npm/npm-public/workerd/-/workerd-1.20260515.1.tgz. Extracting by manifest.
1632 silly tarball no local data for word-wrap@https://packages.applied-caas-gateway1.internal.api.openai.org/artifactory/api/npm/npm-public/word-wrap/-/word-wrap-1.2.5.tgz. Extracting by manifest.
1633 silly tarball no local data for which-collection@https://packages.applied-caas-gateway1.internal.api.openai.org/artifactory/api/npm/npm-public/which-collection/-/which-collection-1.0.2.tgz. Extracting by manifest.
1634 silly tarball no local data for which-typed-array@https://packages.applied-caas-gateway1.internal.api.openai.org/artifactory/api/npm/npm-public/which-typed-array/-/which-typed-array-1.1.20.tgz. Extracting by manifest.
1635 silly tarball no local data for which-builtin-type@https://packages.applied-caas-gateway1.internal.api.openai.org/artifactory/api/npm/npm-public/which-builtin-type/-/which-builtin-type-1.2.1.tgz. Extracting by manifest.
1636 silly tarball no local data for which-boxed-primitive@https://packages.applied-caas-gateway1.internal.api.openai.org/artifactory/api/npm/npm-public/which-boxed-primitive/-/which-boxed-primitive-1.1.1.tgz. Extracting by manifest.
1637 silly tarball no local data for webpack@https://packages.applied-caas-gateway1.internal.api.openai.org/artifactory/api/npm/npm-public/webpack/-/webpack-5.106.2.tgz. Extracting by manifest.
1638 silly tarball no local data for which@https://packages.applied-caas-gateway1.internal.api.openai.org/artifactory/api/npm/npm-public/which/-/which-2.0.2.tgz. Extracting by manifest.
1639 silly tarball no local data for webpack-sources@https://packages.applied-caas-gateway1.internal.api.openai.org/artifactory/api/npm/npm-public/webpack-sources/-/webpack-sources-3.4.1.tgz. Extracting by manifest.
1640 silly tarball no local data for web-vitals@https://packages.applied-caas-gateway1.internal.api.openai.org/artifactory/api/npm/npm-public/web-vitals/-/web-vitals-4.2.4.tgz. Extracting by manifest.
1641 silly tarball no local data for vitefu@https://packages.applied-caas-gateway1.internal.api.openai.org/artifactory/api/npm/npm-public/vitefu/-/vitefu-1.1.3.tgz. Extracting by manifest.
1642 silly tarball no local data for vite-tsconfig-paths@https://packages.applied-caas-gateway1.internal.api.openai.org/artifactory/api/npm/npm-public/vite-tsconfig-paths/-/vite-tsconfig-paths-6.1.1.tgz. Extracting by manifest.
1643 silly tarball no local data for vite-plugin-dynamic-import@https://packages.applied-caas-gateway1.internal.api.openai.org/artifactory/api/npm/npm-public/vite-plugin-dynamic-import/-/vite-plugin-dynamic-import-1.6.0.tgz. Extracting by manifest.
1644 silly tarball no local data for watchpack@https://packages.applied-caas-gateway1.internal.api.openai.org/artifactory/api/npm/npm-public/watchpack/-/watchpack-2.5.1.tgz. Extracting by manifest.
1645 silly tarball no local data for vite-plugin-commonjs@https://packages.applied-caas-gateway1.internal.api.openai.org/artifactory/api/npm/npm-public/vite-plugin-commonjs/-/vite-plugin-commonjs-0.10.4.tgz. Extracting by manifest.
1646 silly tarball no local data for vite@https://packages.applied-caas-gateway1.internal.api.openai.org/artifactory/api/npm/npm-public/vite/-/vite-8.0.13.tgz. Extracting by manifest.
1647 silly tarball no local data for vinext@https://packages.applied-caas-gateway1.internal.api.openai.org/artifactory/api/npm/npm-public/vinext/-/vinext-0.0.50.tgz. Extracting by manifest.
1648 silly tarball no local data for update-browserslist-db@https://packages.applied-caas-gateway1.internal.api.openai.org/artifactory/api/npm/npm-public/update-browserslist-db/-/update-browserslist-db-1.2.3.tgz. Extracting by manifest.
1649 silly tarball no local data for uri-js@https://packages.applied-caas-gateway1.internal.api.openai.org/artifactory/api/npm/npm-public/uri-js/-/uri-js-4.4.1.tgz. Extracting by manifest.
1650 silly tarball no local data for unrs-resolver@https://packages.applied-caas-gateway1.internal.api.openai.org/artifactory/api/npm/npm-public/unrs-resolver/-/unrs-resolver-1.11.1.tgz. Extracting by manifest.
1651 silly tarball no local data for unpic@https://packages.applied-caas-gateway1.internal.api.openai.org/artifactory/api/npm/npm-public/unpic/-/unpic-4.2.2.tgz. Extracting by manifest.
1652 silly tarball no local data for unenv@https://packages.applied-caas-gateway1.internal.api.openai.org/artifactory/api/npm/npm-public/unenv/-/unenv-2.0.0-rc.24.tgz. Extracting by manifest.
1653 silly tarball no local data for unicode-trie@https://packages.applied-caas-gateway1.internal.api.openai.org/artifactory/api/npm/npm-public/unicode-trie/-/unicode-trie-2.0.0.tgz. Extracting by manifest.
1654 silly tarball no local data for undici-types@https://packages.applied-caas-gateway1.internal.api.openai.org/artifactory/api/npm/npm-public/undici-types/-/undici-types-6.21.0.tgz. Extracting by manifest.
1655 silly tarball no local data for undici@https://packages.applied-caas-gateway1.internal.api.openai.org/artifactory/api/npm/npm-public/undici/-/undici-7.24.8.tgz. Extracting by manifest.
1656 silly tarball no local data for unbox-primitive@https://packages.applied-caas-gateway1.internal.api.openai.org/artifactory/api/npm/npm-public/unbox-primitive/-/unbox-primitive-1.1.0.tgz. Extracting by manifest.
1657 silly tarball no local data for typescript-eslint@https://packages.applied-caas-gateway1.internal.api.openai.org/artifactory/api/npm/npm-public/typescript-eslint/-/typescript-eslint-8.59.3.tgz. Extracting by manifest.
1658 silly tarball no local data for typescript@https://packages.applied-caas-gateway1.internal.api.openai.org/artifactory/api/npm/npm-public/typescript/-/typescript-5.9.3.tgz. Extracting by manifest.
1659 silly tarball no local data for typed-array-byte-offset@https://packages.applied-caas-gateway1.internal.api.openai.org/artifactory/api/npm/npm-public/typed-array-byte-offset/-/typed-array-byte-offset-1.0.4.tgz. Extracting by manifest.
1660 silly tarball no local data for typed-array-length@https://packages.applied-caas-gateway1.internal.api.openai.org/artifactory/api/npm/npm-public/typed-array-length/-/typed-array-length-1.0.7.tgz. Extracting by manifest.
1661 silly tarball no local data for typed-array-byte-length@https://packages.applied-caas-gateway1.internal.api.openai.org/artifactory/api/npm/npm-public/typed-array-byte-length/-/typed-array-byte-length-1.0.3.tgz. Extracting by manifest.
1662 silly tarball no local data for type-check@https://packages.applied-caas-gateway1.internal.api.openai.org/artifactory/api/npm/npm-public/type-check/-/type-check-0.4.0.tgz. Extracting by manifest.
1663 silly tarball no local data for typed-array-buffer@https://packages.applied-caas-gateway1.internal.api.openai.org/artifactory/api/npm/npm-public/typed-array-buffer/-/typed-array-buffer-1.0.3.tgz. Extracting by manifest.
1664 silly tarball no local data for tsx@https://packages.applied-caas-gateway1.internal.api.openai.org/artifactory/api/npm/npm-public/tsx/-/tsx-4.22.1.tgz. Extracting by manifest.
1665 silly tarball no local data for turbo-stream@https://packages.applied-caas-gateway1.internal.api.openai.org/artifactory/api/npm/npm-public/turbo-stream/-/turbo-stream-3.2.0.tgz. Extracting by manifest.
1666 silly tarball no local data for tsconfig-paths@https://packages.applied-caas-gateway1.internal.api.openai.org/artifactory/api/npm/npm-public/tsconfig-paths/-/tsconfig-paths-3.15.0.tgz. Extracting by manifest.
1667 silly tarball no local data for tslib@https://packages.applied-caas-gateway1.internal.api.openai.org/artifactory/api/npm/npm-public/tslib/-/tslib-2.8.1.tgz. Extracting by manifest.
1668 silly tarball no local data for ts-api-utils@https://packages.applied-caas-gateway1.internal.api.openai.org/artifactory/api/npm/npm-public/ts-api-utils/-/ts-api-utils-2.5.0.tgz. Extracting by manifest.
1669 silly tarball no local data for tsconfck@https://packages.applied-caas-gateway1.internal.api.openai.org/artifactory/api/npm/npm-public/tsconfck/-/tsconfck-3.1.6.tgz. Extracting by manifest.
1670 silly tarball no local data for tinyglobby@https://packages.applied-caas-gateway1.internal.api.openai.org/artifactory/api/npm/npm-public/tinyglobby/-/tinyglobby-0.2.16.tgz. Extracting by manifest.
1671 silly tarball no local data for tiny-inflate@https://packages.applied-caas-gateway1.internal.api.openai.org/artifactory/api/npm/npm-public/tiny-inflate/-/tiny-inflate-1.0.3.tgz. Extracting by manifest.
1672 silly tarball no local data for terser-webpack-plugin@https://packages.applied-caas-gateway1.internal.api.openai.org/artifactory/api/npm/npm-public/terser-webpack-plugin/-/terser-webpack-plugin-5.6.0.tgz. Extracting by manifest.
1673 silly tarball no local data for tapable@https://packages.applied-caas-gateway1.internal.api.openai.org/artifactory/api/npm/npm-public/tapable/-/tapable-2.3.3.tgz. Extracting by manifest.
1674 silly tarball no local data for to-regex-range@https://packages.applied-caas-gateway1.internal.api.openai.org/artifactory/api/npm/npm-public/to-regex-range/-/to-regex-range-5.0.1.tgz. Extracting by manifest.
1675 silly tarball no local data for tailwindcss@https://packages.applied-caas-gateway1.internal.api.openai.org/artifactory/api/npm/npm-public/tailwindcss/-/tailwindcss-4.2.1.tgz. Extracting by manifest.
1676 silly tarball no local data for terser@https://packages.applied-caas-gateway1.internal.api.openai.org/artifactory/api/npm/npm-public/terser/-/terser-5.47.1.tgz. Extracting by manifest.
1677 silly tarball no local data for styled-jsx@https://packages.applied-caas-gateway1.internal.api.openai.org/artifactory/api/npm/npm-public/styled-jsx/-/styled-jsx-5.1.6.tgz. Extracting by manifest.
1678 silly tarball no local data for supports-color@https://packages.applied-caas-gateway1.internal.api.openai.org/artifactory/api/npm/npm-public/supports-color/-/supports-color-7.2.0.tgz. Extracting by manifest.
1679 silly tarball no local data for supports-preserve-symlinks-flag@https://packages.applied-caas-gateway1.internal.api.openai.org/artifactory/api/npm/npm-public/supports-preserve-symlinks-flag/-/supports-preserve-symlinks-flag-1.0.0.tgz. Extracting by manifest.
1680 silly tarball no local data for strip-literal@https://packages.applied-caas-gateway1.internal.api.openai.org/artifactory/api/npm/npm-public/strip-literal/-/strip-literal-3.1.0.tgz. Extracting by manifest.
1681 silly tarball no local data for strip-bom@https://packages.applied-caas-gateway1.internal.api.openai.org/artifactory/api/npm/npm-public/strip-bom/-/strip-bom-3.0.0.tgz. Extracting by manifest.
1682 silly tarball no local data for strip-json-comments@https://packages.applied-caas-gateway1.internal.api.openai.org/artifactory/api/npm/npm-public/strip-json-comments/-/strip-json-comments-3.1.1.tgz. Extracting by manifest.
1683 silly tarball no local data for string.prototype.trimend@https://packages.applied-caas-gateway1.internal.api.openai.org/artifactory/api/npm/npm-public/string.prototype.trimend/-/string.prototype.trimend-1.0.9.tgz. Extracting by manifest.
1684 silly tarball no local data for string.prototype.trim@https://packages.applied-caas-gateway1.internal.api.openai.org/artifactory/api/npm/npm-public/string.prototype.trim/-/string.prototype.trim-1.2.10.tgz. Extracting by manifest.
1685 silly tarball no local data for string.prototype.repeat@https://packages.applied-caas-gateway1.internal.api.openai.org/artifactory/api/npm/npm-public/string.prototype.repeat/-/string.prototype.repeat-1.0.0.tgz. Extracting by manifest.
1686 silly tarball no local data for string.prototype.matchall@https://packages.applied-caas-gateway1.internal.api.openai.org/artifactory/api/npm/npm-public/string.prototype.matchall/-/string.prototype.matchall-4.0.12.tgz. Extracting by manifest.
1687 silly tarball no local data for string.prototype.trimstart@https://packages.applied-caas-gateway1.internal.api.openai.org/artifactory/api/npm/npm-public/string.prototype.trimstart/-/string.prototype.trimstart-1.0.8.tgz. Extracting by manifest.
1688 silly tarball no local data for string.prototype.includes@https://packages.applied-caas-gateway1.internal.api.openai.org/artifactory/api/npm/npm-public/string.prototype.includes/-/string.prototype.includes-2.0.1.tgz. Extracting by manifest.
1689 silly tarball no local data for string.prototype.codepointat@https://packages.applied-caas-gateway1.internal.api.openai.org/artifactory/api/npm/npm-public/string.prototype.codepointat/-/string.prototype.codepointat-0.2.1.tgz. Extracting by manifest.
1690 silly tarball no local data for stop-iteration-iterator@https://packages.applied-caas-gateway1.internal.api.openai.org/artifactory/api/npm/npm-public/stop-iteration-iterator/-/stop-iteration-iterator-1.1.0.tgz. Extracting by manifest.
1691 silly tarball no local data for stable-hash@https://packages.applied-caas-gateway1.internal.api.openai.org/artifactory/api/npm/npm-public/stable-hash/-/stable-hash-0.0.5.tgz. Extracting by manifest.
1692 silly tarball no local data for srvx@https://packages.applied-caas-gateway1.internal.api.openai.org/artifactory/api/npm/npm-public/srvx/-/srvx-0.11.15.tgz. Extracting by manifest.
1693 silly tarball no local data for source-map-js@https://packages.applied-caas-gateway1.internal.api.openai.org/artifactory/api/npm/npm-public/source-map-js/-/source-map-js-1.2.1.tgz. Extracting by manifest.
1694 silly tarball no local data for source-map@https://packages.applied-caas-gateway1.internal.api.openai.org/artifactory/api/npm/npm-public/source-map/-/source-map-0.6.1.tgz. Extracting by manifest.
1695 silly tarball no local data for side-channel-weakmap@https://packages.applied-caas-gateway1.internal.api.openai.org/artifactory/api/npm/npm-public/side-channel-weakmap/-/side-channel-weakmap-1.0.2.tgz. Extracting by manifest.
1696 silly tarball no local data for source-map-support@https://packages.applied-caas-gateway1.internal.api.openai.org/artifactory/api/npm/npm-public/source-map-support/-/source-map-support-0.5.21.tgz. Extracting by manifest.
1697 silly tarball no local data for side-channel-list@https://packages.applied-caas-gateway1.internal.api.openai.org/artifactory/api/npm/npm-public/side-channel-list/-/side-channel-list-1.0.1.tgz. Extracting by manifest.
1698 silly tarball no local data for side-channel-map@https://packages.applied-caas-gateway1.internal.api.openai.org/artifactory/api/npm/npm-public/side-channel-map/-/side-channel-map-1.0.1.tgz. Extracting by manifest.
1699 silly tarball no local data for shebang-regex@https://packages.applied-caas-gateway1.internal.api.openai.org/artifactory/api/npm/npm-public/shebang-regex/-/shebang-regex-3.0.0.tgz. Extracting by manifest.
1700 silly tarball no local data for side-channel@https://packages.applied-caas-gateway1.internal.api.openai.org/artifactory/api/npm/npm-public/side-channel/-/side-channel-1.1.0.tgz. Extracting by manifest.
1701 silly tarball no local data for sharp@https://packages.applied-caas-gateway1.internal.api.openai.org/artifactory/api/npm/npm-public/sharp/-/sharp-0.34.5.tgz. Extracting by manifest.
1702 silly tarball no local data for shebang-command@https://packages.applied-caas-gateway1.internal.api.openai.org/artifactory/api/npm/npm-public/shebang-command/-/shebang-command-2.0.0.tgz. Extracting by manifest.
1703 silly tarball no local data for set-proto@https://packages.applied-caas-gateway1.internal.api.openai.org/artifactory/api/npm/npm-public/set-proto/-/set-proto-1.0.0.tgz. Extracting by manifest.
1704 silly tarball no local data for set-function-name@https://packages.applied-caas-gateway1.internal.api.openai.org/artifactory/api/npm/npm-public/set-function-name/-/set-function-name-2.0.2.tgz. Extracting by manifest.
1705 silly tarball no local data for set-function-length@https://packages.applied-caas-gateway1.internal.api.openai.org/artifactory/api/npm/npm-public/set-function-length/-/set-function-length-1.2.2.tgz. Extracting by manifest.
1706 silly tarball no local data for schema-utils@https://packages.applied-caas-gateway1.internal.api.openai.org/artifactory/api/npm/npm-public/schema-utils/-/schema-utils-4.3.3.tgz. Extracting by manifest.
1707 silly tarball no local data for satori@https://packages.applied-caas-gateway1.internal.api.openai.org/artifactory/api/npm/npm-public/satori/-/satori-0.16.0.tgz. Extracting by manifest.
1708 silly tarball no local data for scheduler@https://packages.applied-caas-gateway1.internal.api.openai.org/artifactory/api/npm/npm-public/scheduler/-/scheduler-0.27.0.tgz. Extracting by manifest.
1709 silly tarball no local data for safe-regex-test@https://packages.applied-caas-gateway1.internal.api.openai.org/artifactory/api/npm/npm-public/safe-regex-test/-/safe-regex-test-1.1.0.tgz. Extracting by manifest.
1710 silly tarball no local data for semver@https://packages.applied-caas-gateway1.internal.api.openai.org/artifactory/api/npm/npm-public/semver/-/semver-6.3.1.tgz. Extracting by manifest.
1711 silly tarball no local data for safe-push-apply@https://packages.applied-caas-gateway1.internal.api.openai.org/artifactory/api/npm/npm-public/safe-push-apply/-/safe-push-apply-1.0.0.tgz. Extracting by manifest.
1712 silly tarball no local data for safe-array-concat@https://packages.applied-caas-gateway1.internal.api.openai.org/artifactory/api/npm/npm-public/safe-array-concat/-/safe-array-concat-1.1.4.tgz. Extracting by manifest.
1713 silly tarball no local data for rolldown@https://packages.applied-caas-gateway1.internal.api.openai.org/artifactory/api/npm/npm-public/rolldown/-/rolldown-1.0.1.tgz. Extracting by manifest.
1714 silly tarball no local data for run-parallel@https://packages.applied-caas-gateway1.internal.api.openai.org/artifactory/api/npm/npm-public/run-parallel/-/run-parallel-1.2.0.tgz. Extracting by manifest.
1715 silly tarball no local data for reusify@https://packages.applied-caas-gateway1.internal.api.openai.org/artifactory/api/npm/npm-public/reusify/-/reusify-1.1.0.tgz. Extracting by manifest.
1716 silly tarball no local data for resolve-pkg-maps@https://packages.applied-caas-gateway1.internal.api.openai.org/artifactory/api/npm/npm-public/resolve-pkg-maps/-/resolve-pkg-maps-1.0.0.tgz. Extracting by manifest.
1717 silly tarball no local data for resolve-from@https://packages.applied-caas-gateway1.internal.api.openai.org/artifactory/api/npm/npm-public/resolve-from/-/resolve-from-4.0.0.tgz. Extracting by manifest.
1718 silly tarball no local data for require-from-string@https://packages.applied-caas-gateway1.internal.api.openai.org/artifactory/api/npm/npm-public/require-from-string/-/require-from-string-2.0.2.tgz. Extracting by manifest.
1719 silly tarball no local data for resolve@https://packages.applied-caas-gateway1.internal.api.openai.org/artifactory/api/npm/npm-public/resolve/-/resolve-2.0.0-next.7.tgz. Extracting by manifest.
1720 silly tarball no local data for regexp.prototype.flags@https://packages.applied-caas-gateway1.internal.api.openai.org/artifactory/api/npm/npm-public/regexp.prototype.flags/-/regexp.prototype.flags-1.5.4.tgz. Extracting by manifest.
1721 silly tarball no local data for reflect.getprototypeof@https://packages.applied-caas-gateway1.internal.api.openai.org/artifactory/api/npm/npm-public/reflect.getprototypeof/-/reflect.getprototypeof-1.0.10.tgz. Extracting by manifest.
1722 silly tarball no local data for react-server-dom-webpack@https://packages.applied-caas-gateway1.internal.api.openai.org/artifactory/api/npm/npm-public/react-server-dom-webpack/-/react-server-dom-webpack-19.2.6.tgz. Extracting by manifest.
1723 silly tarball no local data for react-dom@https://packages.applied-caas-gateway1.internal.api.openai.org/artifactory/api/npm/npm-public/react-dom/-/react-dom-19.2.6.tgz. Extracting by manifest.
1724 silly tarball no local data for react-is@https://packages.applied-caas-gateway1.internal.api.openai.org/artifactory/api/npm/npm-public/react-is/-/react-is-16.13.1.tgz. Extracting by manifest.
1725 silly tarball no local data for queue-microtask@https://packages.applied-caas-gateway1.internal.api.openai.org/artifactory/api/npm/npm-public/queue-microtask/-/queue-microtask-1.2.3.tgz. Extracting by manifest.
1726 silly tarball no local data for react@https://packages.applied-caas-gateway1.internal.api.openai.org/artifactory/api/npm/npm-public/react/-/react-19.2.6.tgz. Extracting by manifest.
1727 silly tarball no local data for punycode@https://packages.applied-caas-gateway1.internal.api.openai.org/artifactory/api/npm/npm-public/punycode/-/punycode-2.3.1.tgz. Extracting by manifest.
1728 silly tarball no local data for prop-types@https://packages.applied-caas-gateway1.internal.api.openai.org/artifactory/api/npm/npm-public/prop-types/-/prop-types-15.8.1.tgz. Extracting by manifest.
1729 silly tarball no local data for prelude-ls@https://packages.applied-caas-gateway1.internal.api.openai.org/artifactory/api/npm/npm-public/prelude-ls/-/prelude-ls-1.2.1.tgz. Extracting by manifest.
1730 silly tarball no local data for postcss-value-parser@https://packages.applied-caas-gateway1.internal.api.openai.org/artifactory/api/npm/npm-public/postcss-value-parser/-/postcss-value-parser-4.2.0.tgz. Extracting by manifest.
1731 silly tarball no local data for possible-typed-array-names@https://packages.applied-caas-gateway1.internal.api.openai.org/artifactory/api/npm/npm-public/possible-typed-array-names/-/possible-typed-array-names-1.1.0.tgz. Extracting by manifest.
1732 silly tarball no local data for postcss@https://packages.applied-caas-gateway1.internal.api.openai.org/artifactory/api/npm/npm-public/postcss/-/postcss-8.5.14.tgz. Extracting by manifest.
1733 silly tarball no local data for picomatch@https://packages.applied-caas-gateway1.internal.api.openai.org/artifactory/api/npm/npm-public/picomatch/-/picomatch-2.3.2.tgz. Extracting by manifest.
1734 silly tarball no local data for picocolors@https://packages.applied-caas-gateway1.internal.api.openai.org/artifactory/api/npm/npm-public/picocolors/-/picocolors-1.1.1.tgz. Extracting by manifest.
1735 silly tarball no local data for pathe@https://packages.applied-caas-gateway1.internal.api.openai.org/artifactory/api/npm/npm-public/pathe/-/pathe-2.0.3.tgz. Extracting by manifest.
1736 silly tarball no local data for path-to-regexp@https://packages.applied-caas-gateway1.internal.api.openai.org/artifactory/api/npm/npm-public/path-to-regexp/-/path-to-regexp-6.3.0.tgz. Extracting by manifest.
1737 silly tarball no local data for path-parse@https://packages.applied-caas-gateway1.internal.api.openai.org/artifactory/api/npm/npm-public/path-parse/-/path-parse-1.0.7.tgz. Extracting by manifest.
1738 silly tarball no local data for path-key@https://packages.applied-caas-gateway1.internal.api.openai.org/artifactory/api/npm/npm-public/path-key/-/path-key-3.1.1.tgz. Extracting by manifest.
1739 silly tarball no local data for path-exists@https://packages.applied-caas-gateway1.internal.api.openai.org/artifactory/api/npm/npm-public/path-exists/-/path-exists-4.0.0.tgz. Extracting by manifest.
1740 silly tarball no local data for parse-css-color@https://packages.applied-caas-gateway1.internal.api.openai.org/artifactory/api/npm/npm-public/parse-css-color/-/parse-css-color-0.2.1.tgz. Extracting by manifest.
1741 silly tarball no local data for parent-module@https://packages.applied-caas-gateway1.internal.api.openai.org/artifactory/api/npm/npm-public/parent-module/-/parent-module-1.0.1.tgz. Extracting by manifest.
1742 silly tarball no local data for pako@https://packages.applied-caas-gateway1.internal.api.openai.org/artifactory/api/npm/npm-public/pako/-/pako-0.2.9.tgz. Extracting by manifest.
1743 silly tarball no local data for p-locate@https://packages.applied-caas-gateway1.internal.api.openai.org/artifactory/api/npm/npm-public/p-locate/-/p-locate-5.0.0.tgz. Extracting by manifest.
1744 silly tarball no local data for p-limit@https://packages.applied-caas-gateway1.internal.api.openai.org/artifactory/api/npm/npm-public/p-limit/-/p-limit-3.1.0.tgz. Extracting by manifest.
1745 silly tarball no local data for own-keys@https://packages.applied-caas-gateway1.internal.api.openai.org/artifactory/api/npm/npm-public/own-keys/-/own-keys-1.0.1.tgz. Extracting by manifest.
1746 silly tarball no local data for optionator@https://packages.applied-caas-gateway1.internal.api.openai.org/artifactory/api/npm/npm-public/optionator/-/optionator-0.9.4.tgz. Extracting by manifest.
1747 silly tarball no local data for object.values@https://packages.applied-caas-gateway1.internal.api.openai.org/artifactory/api/npm/npm-public/object.values/-/object.values-1.2.1.tgz. Extracting by manifest.
1748 silly tarball no local data for object.groupby@https://packages.applied-caas-gateway1.internal.api.openai.org/artifactory/api/npm/npm-public/object.groupby/-/object.groupby-1.0.3.tgz. Extracting by manifest.
1749 silly tarball no local data for object.entries@https://packages.applied-caas-gateway1.internal.api.openai.org/artifactory/api/npm/npm-public/object.entries/-/object.entries-1.1.9.tgz. Extracting by manifest.
1750 silly tarball no local data for object.fromentries@https://packages.applied-caas-gateway1.internal.api.openai.org/artifactory/api/npm/npm-public/object.fromentries/-/object.fromentries-2.0.8.tgz. Extracting by manifest.
1751 silly tarball no local data for object.assign@https://packages.applied-caas-gateway1.internal.api.openai.org/artifactory/api/npm/npm-public/object.assign/-/object.assign-4.1.7.tgz. Extracting by manifest.
1752 silly tarball no local data for object-keys@https://packages.applied-caas-gateway1.internal.api.openai.org/artifactory/api/npm/npm-public/object-keys/-/object-keys-1.1.1.tgz. Extracting by manifest.
1753 silly tarball no local data for object-assign@https://packages.applied-caas-gateway1.internal.api.openai.org/artifactory/api/npm/npm-public/object-assign/-/object-assign-4.1.1.tgz. Extracting by manifest.
1754 silly tarball no local data for next@https://packages.applied-caas-gateway1.internal.api.openai.org/artifactory/api/npm/npm-public/next/-/next-16.2.6.tgz. Extracting by manifest.
1755 silly tarball no local data for node-exports-info@https://packages.applied-caas-gateway1.internal.api.openai.org/artifactory/api/npm/npm-public/node-exports-info/-/node-exports-info-1.6.0.tgz. Extracting by manifest.
1756 silly tarball no local data for node-releases@https://packages.applied-caas-gateway1.internal.api.openai.org/artifactory/api/npm/npm-public/node-releases/-/node-releases-2.0.44.tgz. Extracting by manifest.
1757 silly tarball no local data for object-inspect@https://packages.applied-caas-gateway1.internal.api.openai.org/artifactory/api/npm/npm-public/object-inspect/-/object-inspect-1.13.4.tgz. Extracting by manifest.
1758 silly tarball no local data for neo-async@https://packages.applied-caas-gateway1.internal.api.openai.org/artifactory/api/npm/npm-public/neo-async/-/neo-async-2.6.2.tgz. Extracting by manifest.
1759 silly tarball no local data for natural-compare@https://packages.applied-caas-gateway1.internal.api.openai.org/artifactory/api/npm/npm-public/natural-compare/-/natural-compare-1.4.0.tgz. Extracting by manifest.
1760 silly tarball no local data for nanoid@https://packages.applied-caas-gateway1.internal.api.openai.org/artifactory/api/npm/npm-public/nanoid/-/nanoid-3.3.12.tgz. Extracting by manifest.
1761 silly tarball no local data for napi-postinstall@https://packages.applied-caas-gateway1.internal.api.openai.org/artifactory/api/npm/npm-public/napi-postinstall/-/napi-postinstall-0.3.4.tgz. Extracting by manifest.
1762 silly tarball no local data for ms@https://packages.applied-caas-gateway1.internal.api.openai.org/artifactory/api/npm/npm-public/ms/-/ms-2.1.3.tgz. Extracting by manifest.
1763 silly tarball no local data for minimist@https://packages.applied-caas-gateway1.internal.api.openai.org/artifactory/api/npm/npm-public/minimist/-/minimist-1.2.8.tgz. Extracting by manifest.
1764 silly tarball no local data for minimatch@https://packages.applied-caas-gateway1.internal.api.openai.org/artifactory/api/npm/npm-public/minimatch/-/minimatch-3.1.5.tgz. Extracting by manifest.
1765 silly tarball no local data for micromatch@https://packages.applied-caas-gateway1.internal.api.openai.org/artifactory/api/npm/npm-public/micromatch/-/micromatch-4.0.8.tgz. Extracting by manifest.
1766 silly tarball no local data for mime-db@https://packages.applied-caas-gateway1.internal.api.openai.org/artifactory/api/npm/npm-public/mime-db/-/mime-db-1.54.0.tgz. Extracting by manifest.
1767 silly tarball no local data for miniflare@https://packages.applied-caas-gateway1.internal.api.openai.org/artifactory/api/npm/npm-public/miniflare/-/miniflare-4.20260515.0.tgz. Extracting by manifest.
1768 silly tarball no local data for merge-stream@https://packages.applied-caas-gateway1.internal.api.openai.org/artifactory/api/npm/npm-public/merge-stream/-/merge-stream-2.0.0.tgz. Extracting by manifest.
1769 silly tarball no local data for merge2@https://packages.applied-caas-gateway1.internal.api.openai.org/artifactory/api/npm/npm-public/merge2/-/merge2-1.4.1.tgz. Extracting by manifest.
1770 silly tarball no local data for lru-cache@https://packages.applied-caas-gateway1.internal.api.openai.org/artifactory/api/npm/npm-public/lru-cache/-/lru-cache-5.1.1.tgz. Extracting by manifest.
1771 silly tarball no local data for math-intrinsics@https://packages.applied-caas-gateway1.internal.api.openai.org/artifactory/api/npm/npm-public/math-intrinsics/-/math-intrinsics-1.1.0.tgz. Extracting by manifest.
1772 silly tarball no local data for magic-string@https://packages.applied-caas-gateway1.internal.api.openai.org/artifactory/api/npm/npm-public/magic-string/-/magic-string-0.30.21.tgz. Extracting by manifest.
1773 silly tarball no local data for lodash.merge@https://packages.applied-caas-gateway1.internal.api.openai.org/artifactory/api/npm/npm-public/lodash.merge/-/lodash.merge-4.6.2.tgz. Extracting by manifest.
1774 silly tarball no local data for loose-envify@https://packages.applied-caas-gateway1.internal.api.openai.org/artifactory/api/npm/npm-public/loose-envify/-/loose-envify-1.4.0.tgz. Extracting by manifest.
1775 silly tarball no local data for locate-path@https://packages.applied-caas-gateway1.internal.api.openai.org/artifactory/api/npm/npm-public/locate-path/-/locate-path-6.0.0.tgz. Extracting by manifest.
1776 silly tarball no local data for loader-runner@https://packages.applied-caas-gateway1.internal.api.openai.org/artifactory/api/npm/npm-public/loader-runner/-/loader-runner-4.3.2.tgz. Extracting by manifest.
1777 silly tarball no local data for linebreak@https://packages.applied-caas-gateway1.internal.api.openai.org/artifactory/api/npm/npm-public/linebreak/-/linebreak-1.1.0.tgz. Extracting by manifest.
1778 silly tarball no local data for lightningcss-linux-x64-gnu@https://packages.applied-caas-gateway1.internal.api.openai.org/artifactory/api/npm/npm-public/lightningcss-linux-x64-gnu/-/lightningcss-linux-x64-gnu-1.31.1.tgz. Extracting by manifest.
1779 silly tarball no local data for lightningcss@https://packages.applied-caas-gateway1.internal.api.openai.org/artifactory/api/npm/npm-public/lightningcss/-/lightningcss-1.31.1.tgz. Extracting by manifest.
1780 silly tarball no local data for language-tags@https://packages.applied-caas-gateway1.internal.api.openai.org/artifactory/api/npm/npm-public/language-tags/-/language-tags-1.0.9.tgz. Extracting by manifest.
1781 silly tarball no local data for levn@https://packages.applied-caas-gateway1.internal.api.openai.org/artifactory/api/npm/npm-public/levn/-/levn-0.4.1.tgz. Extracting by manifest.
1782 silly tarball no local data for language-subtag-registry@https://packages.applied-caas-gateway1.internal.api.openai.org/artifactory/api/npm/npm-public/language-subtag-registry/-/language-subtag-registry-0.3.23.tgz. Extracting by manifest.
1783 silly tarball no local data for keyv@https://packages.applied-caas-gateway1.internal.api.openai.org/artifactory/api/npm/npm-public/keyv/-/keyv-4.5.4.tgz. Extracting by manifest.
1784 silly tarball no local data for kleur@https://packages.applied-caas-gateway1.internal.api.openai.org/artifactory/api/npm/npm-public/kleur/-/kleur-4.1.5.tgz. Extracting by manifest.
1785 silly tarball no local data for jsx-ast-utils@https://packages.applied-caas-gateway1.internal.api.openai.org/artifactory/api/npm/npm-public/jsx-ast-utils/-/jsx-ast-utils-3.3.5.tgz. Extracting by manifest.
1786 silly tarball no local data for json-stable-stringify-without-jsonify@https://packages.applied-caas-gateway1.internal.api.openai.org/artifactory/api/npm/npm-public/json-stable-stringify-without-jsonify/-/json-stable-stringify-without-jsonify-1.0.1.tgz. Extracting by manifest.
1787 silly tarball no local data for json5@https://packages.applied-caas-gateway1.internal.api.openai.org/artifactory/api/npm/npm-public/json5/-/json5-2.2.3.tgz. Extracting by manifest.
1788 silly tarball no local data for json-schema-traverse@https://packages.applied-caas-gateway1.internal.api.openai.org/artifactory/api/npm/npm-public/json-schema-traverse/-/json-schema-traverse-0.4.1.tgz. Extracting by manifest.
1789 silly tarball no local data for json-buffer@https://packages.applied-caas-gateway1.internal.api.openai.org/artifactory/api/npm/npm-public/json-buffer/-/json-buffer-3.0.1.tgz. Extracting by manifest.
1790 silly tarball no local data for jsesc@https://packages.applied-caas-gateway1.internal.api.openai.org/artifactory/api/npm/npm-public/jsesc/-/jsesc-3.1.0.tgz. Extracting by manifest.
1791 silly tarball no local data for js-yaml@https://packages.applied-caas-gateway1.internal.api.openai.org/artifactory/api/npm/npm-public/js-yaml/-/js-yaml-4.1.1.tgz. Extracting by manifest.
1792 silly tarball no local data for js-tokens@https://packages.applied-caas-gateway1.internal.api.openai.org/artifactory/api/npm/npm-public/js-tokens/-/js-tokens-4.0.0.tgz. Extracting by manifest.
1793 silly tarball no local data for jiti@https://packages.applied-caas-gateway1.internal.api.openai.org/artifactory/api/npm/npm-public/jiti/-/jiti-2.7.0.tgz. Extracting by manifest.
1794 silly tarball no local data for iterator.prototype@https://packages.applied-caas-gateway1.internal.api.openai.org/artifactory/api/npm/npm-public/iterator.prototype/-/iterator.prototype-1.1.5.tgz. Extracting by manifest.
1795 silly tarball no local data for isexe@https://packages.applied-caas-gateway1.internal.api.openai.org/artifactory/api/npm/npm-public/isexe/-/isexe-2.0.0.tgz. Extracting by manifest.
1796 silly tarball no local data for jest-worker@https://packages.applied-caas-gateway1.internal.api.openai.org/artifactory/api/npm/npm-public/jest-worker/-/jest-worker-27.5.1.tgz. Extracting by manifest.
1797 silly tarball no local data for isarray@https://packages.applied-caas-gateway1.internal.api.openai.org/artifactory/api/npm/npm-public/isarray/-/isarray-2.0.5.tgz. Extracting by manifest.
1798 silly tarball no local data for is-weakset@https://packages.applied-caas-gateway1.internal.api.openai.org/artifactory/api/npm/npm-public/is-weakset/-/is-weakset-2.0.4.tgz. Extracting by manifest.
1799 silly tarball no local data for is-weakref@https://packages.applied-caas-gateway1.internal.api.openai.org/artifactory/api/npm/npm-public/is-weakref/-/is-weakref-1.1.1.tgz. Extracting by manifest.
1800 silly tarball no local data for is-weakmap@https://packages.applied-caas-gateway1.internal.api.openai.org/artifactory/api/npm/npm-public/is-weakmap/-/is-weakmap-2.0.2.tgz. Extracting by manifest.
1801 silly tarball no local data for is-typed-array@https://packages.applied-caas-gateway1.internal.api.openai.org/artifactory/api/npm/npm-public/is-typed-array/-/is-typed-array-1.1.15.tgz. Extracting by manifest.
1802 silly tarball no local data for is-symbol@https://packages.applied-caas-gateway1.internal.api.openai.org/artifactory/api/npm/npm-public/is-symbol/-/is-symbol-1.1.1.tgz. Extracting by manifest.
1803 silly tarball no local data for is-string@https://packages.applied-caas-gateway1.internal.api.openai.org/artifactory/api/npm/npm-public/is-string/-/is-string-1.1.1.tgz. Extracting by manifest.
1804 silly tarball no local data for is-shared-array-buffer@https://packages.applied-caas-gateway1.internal.api.openai.org/artifactory/api/npm/npm-public/is-shared-array-buffer/-/is-shared-array-buffer-1.0.4.tgz. Extracting by manifest.
1805 silly tarball no local data for is-regex@https://packages.applied-caas-gateway1.internal.api.openai.org/artifactory/api/npm/npm-public/is-regex/-/is-regex-1.2.1.tgz. Extracting by manifest.
1806 silly tarball no local data for is-set@https://packages.applied-caas-gateway1.internal.api.openai.org/artifactory/api/npm/npm-public/is-set/-/is-set-2.0.3.tgz. Extracting by manifest.
1807 silly tarball no local data for is-number-object@https://packages.applied-caas-gateway1.internal.api.openai.org/artifactory/api/npm/npm-public/is-number-object/-/is-number-object-1.1.1.tgz. Extracting by manifest.
1808 silly tarball no local data for is-number@https://packages.applied-caas-gateway1.internal.api.openai.org/artifactory/api/npm/npm-public/is-number/-/is-number-7.0.0.tgz. Extracting by manifest.
1809 silly tarball no local data for is-negative-zero@https://packages.applied-caas-gateway1.internal.api.openai.org/artifactory/api/npm/npm-public/is-negative-zero/-/is-negative-zero-2.0.3.tgz. Extracting by manifest.
1810 silly tarball no local data for is-map@https://packages.applied-caas-gateway1.internal.api.openai.org/artifactory/api/npm/npm-public/is-map/-/is-map-2.0.3.tgz. Extracting by manifest.
1811 silly tarball no local data for is-glob@https://packages.applied-caas-gateway1.internal.api.openai.org/artifactory/api/npm/npm-public/is-glob/-/is-glob-4.0.3.tgz. Extracting by manifest.
1812 silly tarball no local data for is-generator-function@https://packages.applied-caas-gateway1.internal.api.openai.org/artifactory/api/npm/npm-public/is-generator-function/-/is-generator-function-1.1.2.tgz. Extracting by manifest.
1813 silly tarball no local data for is-finalizationregistry@https://packages.applied-caas-gateway1.internal.api.openai.org/artifactory/api/npm/npm-public/is-finalizationregistry/-/is-finalizationregistry-1.1.1.tgz. Extracting by manifest.
1814 silly tarball no local data for is-extglob@https://packages.applied-caas-gateway1.internal.api.openai.org/artifactory/api/npm/npm-public/is-extglob/-/is-extglob-2.1.1.tgz. Extracting by manifest.
1815 silly tarball no local data for is-date-object@https://packages.applied-caas-gateway1.internal.api.openai.org/artifactory/api/npm/npm-public/is-date-object/-/is-date-object-1.1.0.tgz. Extracting by manifest.
1816 silly tarball no local data for is-data-view@https://packages.applied-caas-gateway1.internal.api.openai.org/artifactory/api/npm/npm-public/is-data-view/-/is-data-view-1.0.2.tgz. Extracting by manifest.
1817 silly tarball no local data for is-core-module@https://packages.applied-caas-gateway1.internal.api.openai.org/artifactory/api/npm/npm-public/is-core-module/-/is-core-module-2.16.2.tgz. Extracting by manifest.
1818 silly tarball no local data for is-bun-module@https://packages.applied-caas-gateway1.internal.api.openai.org/artifactory/api/npm/npm-public/is-bun-module/-/is-bun-module-2.0.0.tgz. Extracting by manifest.
1819 silly tarball no local data for is-callable@https://packages.applied-caas-gateway1.internal.api.openai.org/artifactory/api/npm/npm-public/is-callable/-/is-callable-1.2.7.tgz. Extracting by manifest.
1820 silly tarball no local data for is-boolean-object@https://packages.applied-caas-gateway1.internal.api.openai.org/artifactory/api/npm/npm-public/is-boolean-object/-/is-boolean-object-1.2.2.tgz. Extracting by manifest.
1821 silly tarball no local data for is-async-function@https://packages.applied-caas-gateway1.internal.api.openai.org/artifactory/api/npm/npm-public/is-async-function/-/is-async-function-2.1.1.tgz. Extracting by manifest.
1822 silly tarball no local data for is-bigint@https://packages.applied-caas-gateway1.internal.api.openai.org/artifactory/api/npm/npm-public/is-bigint/-/is-bigint-1.1.0.tgz. Extracting by manifest.
1823 silly tarball no local data for is-array-buffer@https://packages.applied-caas-gateway1.internal.api.openai.org/artifactory/api/npm/npm-public/is-array-buffer/-/is-array-buffer-3.0.5.tgz. Extracting by manifest.
1824 silly tarball no local data for ipaddr.js@https://packages.applied-caas-gateway1.internal.api.openai.org/artifactory/api/npm/npm-public/ipaddr.js/-/ipaddr.js-2.4.0.tgz. Extracting by manifest.
1825 silly tarball no local data for imurmurhash@https://packages.applied-caas-gateway1.internal.api.openai.org/artifactory/api/npm/npm-public/imurmurhash/-/imurmurhash-0.1.4.tgz. Extracting by manifest.
1826 silly tarball no local data for import-fresh@https://packages.applied-caas-gateway1.internal.api.openai.org/artifactory/api/npm/npm-public/import-fresh/-/import-fresh-3.3.1.tgz. Extracting by manifest.
1827 silly tarball no local data for internal-slot@https://packages.applied-caas-gateway1.internal.api.openai.org/artifactory/api/npm/npm-public/internal-slot/-/internal-slot-1.1.0.tgz. Extracting by manifest.
1828 silly tarball no local data for image-size@https://packages.applied-caas-gateway1.internal.api.openai.org/artifactory/api/npm/npm-public/image-size/-/image-size-2.0.2.tgz. Extracting by manifest.
1829 silly tarball no local data for hex-rgb@https://packages.applied-caas-gateway1.internal.api.openai.org/artifactory/api/npm/npm-public/hex-rgb/-/hex-rgb-4.3.0.tgz. Extracting by manifest.
1830 silly tarball no local data for ignore@https://packages.applied-caas-gateway1.internal.api.openai.org/artifactory/api/npm/npm-public/ignore/-/ignore-5.3.2.tgz. Extracting by manifest.
1831 silly tarball no local data for hermes-parser@https://packages.applied-caas-gateway1.internal.api.openai.org/artifactory/api/npm/npm-public/hermes-parser/-/hermes-parser-0.25.1.tgz. Extracting by manifest.
1832 silly tarball no local data for hermes-estree@https://packages.applied-caas-gateway1.internal.api.openai.org/artifactory/api/npm/npm-public/hermes-estree/-/hermes-estree-0.25.1.tgz. Extracting by manifest.
1833 silly tarball no local data for has-tostringtag@https://packages.applied-caas-gateway1.internal.api.openai.org/artifactory/api/npm/npm-public/has-tostringtag/-/has-tostringtag-1.0.2.tgz. Extracting by manifest.
1834 silly tarball no local data for hasown@https://packages.applied-caas-gateway1.internal.api.openai.org/artifactory/api/npm/npm-public/hasown/-/hasown-2.0.3.tgz. Extracting by manifest.
1835 silly tarball no local data for has-symbols@https://packages.applied-caas-gateway1.internal.api.openai.org/artifactory/api/npm/npm-public/has-symbols/-/has-symbols-1.1.0.tgz. Extracting by manifest.
1836 silly tarball no local data for has-flag@https://packages.applied-caas-gateway1.internal.api.openai.org/artifactory/api/npm/npm-public/has-flag/-/has-flag-4.0.0.tgz. Extracting by manifest.
1837 silly tarball no local data for has-property-descriptors@https://packages.applied-caas-gateway1.internal.api.openai.org/artifactory/api/npm/npm-public/has-property-descriptors/-/has-property-descriptors-1.0.2.tgz. Extracting by manifest.
1838 silly tarball no local data for has-bigints@https://packages.applied-caas-gateway1.internal.api.openai.org/artifactory/api/npm/npm-public/has-bigints/-/has-bigints-1.1.0.tgz. Extracting by manifest.
1839 silly tarball no local data for has-proto@https://packages.applied-caas-gateway1.internal.api.openai.org/artifactory/api/npm/npm-public/has-proto/-/has-proto-1.2.0.tgz. Extracting by manifest.
1840 silly tarball no local data for graceful-fs@https://packages.applied-caas-gateway1.internal.api.openai.org/artifactory/api/npm/npm-public/graceful-fs/-/graceful-fs-4.2.11.tgz. Extracting by manifest.
1841 silly tarball no local data for gopd@https://packages.applied-caas-gateway1.internal.api.openai.org/artifactory/api/npm/npm-public/gopd/-/gopd-1.2.0.tgz. Extracting by manifest.
1842 silly tarball no local data for globrex@https://packages.applied-caas-gateway1.internal.api.openai.org/artifactory/api/npm/npm-public/globrex/-/globrex-0.1.2.tgz. Extracting by manifest.
1843 silly tarball no local data for globalthis@https://packages.applied-caas-gateway1.internal.api.openai.org/artifactory/api/npm/npm-public/globalthis/-/globalthis-1.0.4.tgz. Extracting by manifest.
1844 silly tarball no local data for globals@https://packages.applied-caas-gateway1.internal.api.openai.org/artifactory/api/npm/npm-public/globals/-/globals-14.0.0.tgz. Extracting by manifest.
1845 silly tarball no local data for get-tsconfig@https://packages.applied-caas-gateway1.internal.api.openai.org/artifactory/api/npm/npm-public/get-tsconfig/-/get-tsconfig-4.14.0.tgz. Extracting by manifest.
1846 silly tarball no local data for glob-to-regexp@https://packages.applied-caas-gateway1.internal.api.openai.org/artifactory/api/npm/npm-public/glob-to-regexp/-/glob-to-regexp-0.4.1.tgz. Extracting by manifest.
1847 silly tarball no local data for glob-parent@https://packages.applied-caas-gateway1.internal.api.openai.org/artifactory/api/npm/npm-public/glob-parent/-/glob-parent-6.0.2.tgz. Extracting by manifest.
1848 silly tarball no local data for get-symbol-description@https://packages.applied-caas-gateway1.internal.api.openai.org/artifactory/api/npm/npm-public/get-symbol-description/-/get-symbol-description-1.1.0.tgz. Extracting by manifest.
1849 silly tarball no local data for get-proto@https://packages.applied-caas-gateway1.internal.api.openai.org/artifactory/api/npm/npm-public/get-proto/-/get-proto-1.0.1.tgz. Extracting by manifest.
1850 silly tarball no local data for get-intrinsic@https://packages.applied-caas-gateway1.internal.api.openai.org/artifactory/api/npm/npm-public/get-intrinsic/-/get-intrinsic-1.3.0.tgz. Extracting by manifest.
1851 silly tarball no local data for gensync@https://packages.applied-caas-gateway1.internal.api.openai.org/artifactory/api/npm/npm-public/gensync/-/gensync-1.0.0-beta.2.tgz. Extracting by manifest.
1852 silly tarball no local data for generator-function@https://packages.applied-caas-gateway1.internal.api.openai.org/artifactory/api/npm/npm-public/generator-function/-/generator-function-2.0.1.tgz. Extracting by manifest.
1853 silly tarball no local data for function.prototype.name@https://packages.applied-caas-gateway1.internal.api.openai.org/artifactory/api/npm/npm-public/function.prototype.name/-/function.prototype.name-1.1.8.tgz. Extracting by manifest.
1854 silly tarball no local data for functions-have-names@https://packages.applied-caas-gateway1.internal.api.openai.org/artifactory/api/npm/npm-public/functions-have-names/-/functions-have-names-1.2.3.tgz. Extracting by manifest.
1855 silly tarball no local data for for-each@https://packages.applied-caas-gateway1.internal.api.openai.org/artifactory/api/npm/npm-public/for-each/-/for-each-0.3.5.tgz. Extracting by manifest.
1856 silly tarball no local data for function-bind@https://packages.applied-caas-gateway1.internal.api.openai.org/artifactory/api/npm/npm-public/function-bind/-/function-bind-1.1.2.tgz. Extracting by manifest.
1857 silly tarball no local data for flatted@https://packages.applied-caas-gateway1.internal.api.openai.org/artifactory/api/npm/npm-public/flatted/-/flatted-3.4.2.tgz. Extracting by manifest.
1858 silly tarball no local data for flat-cache@https://packages.applied-caas-gateway1.internal.api.openai.org/artifactory/api/npm/npm-public/flat-cache/-/flat-cache-4.0.1.tgz. Extracting by manifest.
1859 silly tarball no local data for find-up@https://packages.applied-caas-gateway1.internal.api.openai.org/artifactory/api/npm/npm-public/find-up/-/find-up-5.0.0.tgz. Extracting by manifest.
1860 silly tarball no local data for fflate@https://packages.applied-caas-gateway1.internal.api.openai.org/artifactory/api/npm/npm-public/fflate/-/fflate-0.7.4.tgz. Extracting by manifest.
1861 silly tarball no local data for fill-range@https://packages.applied-caas-gateway1.internal.api.openai.org/artifactory/api/npm/npm-public/fill-range/-/fill-range-7.1.1.tgz. Extracting by manifest.
1862 silly tarball no local data for file-entry-cache@https://packages.applied-caas-gateway1.internal.api.openai.org/artifactory/api/npm/npm-public/file-entry-cache/-/file-entry-cache-8.0.0.tgz. Extracting by manifest.
1863 silly tarball no local data for fast-uri@https://packages.applied-caas-gateway1.internal.api.openai.org/artifactory/api/npm/npm-public/fast-uri/-/fast-uri-3.1.2.tgz. Extracting by manifest.
1864 silly tarball no local data for fastq@https://packages.applied-caas-gateway1.internal.api.openai.org/artifactory/api/npm/npm-public/fastq/-/fastq-1.20.1.tgz. Extracting by manifest.
1865 silly tarball no local data for fast-levenshtein@https://packages.applied-caas-gateway1.internal.api.openai.org/artifactory/api/npm/npm-public/fast-levenshtein/-/fast-levenshtein-2.0.6.tgz. Extracting by manifest.
1866 silly tarball no local data for fast-glob@https://packages.applied-caas-gateway1.internal.api.openai.org/artifactory/api/npm/npm-public/fast-glob/-/fast-glob-3.3.1.tgz. Extracting by manifest.
1867 silly tarball no local data for fast-json-stable-stringify@https://packages.applied-caas-gateway1.internal.api.openai.org/artifactory/api/npm/npm-public/fast-json-stable-stringify/-/fast-json-stable-stringify-2.1.0.tgz. Extracting by manifest.
1868 silly tarball no local data for fast-deep-equal@https://packages.applied-caas-gateway1.internal.api.openai.org/artifactory/api/npm/npm-public/fast-deep-equal/-/fast-deep-equal-3.1.3.tgz. Extracting by manifest.
1869 silly tarball no local data for events@https://packages.applied-caas-gateway1.internal.api.openai.org/artifactory/api/npm/npm-public/events/-/events-3.3.0.tgz. Extracting by manifest.
1870 silly tarball no local data for esutils@https://packages.applied-caas-gateway1.internal.api.openai.org/artifactory/api/npm/npm-public/esutils/-/esutils-2.0.3.tgz. Extracting by manifest.
1871 silly tarball no local data for esquery@https://packages.applied-caas-gateway1.internal.api.openai.org/artifactory/api/npm/npm-public/esquery/-/esquery-1.7.0.tgz. Extracting by manifest.
1872 silly tarball no local data for estree-walker@https://packages.applied-caas-gateway1.internal.api.openai.org/artifactory/api/npm/npm-public/estree-walker/-/estree-walker-3.0.3.tgz. Extracting by manifest.
1873 silly tarball no local data for estraverse@https://packages.applied-caas-gateway1.internal.api.openai.org/artifactory/api/npm/npm-public/estraverse/-/estraverse-5.3.0.tgz. Extracting by manifest.
1874 silly tarball no local data for esrecurse@https://packages.applied-caas-gateway1.internal.api.openai.org/artifactory/api/npm/npm-public/esrecurse/-/esrecurse-4.3.0.tgz. Extracting by manifest.
1875 silly tarball no local data for espree@https://packages.applied-caas-gateway1.internal.api.openai.org/artifactory/api/npm/npm-public/espree/-/espree-10.4.0.tgz. Extracting by manifest.
1876 silly tarball no local data for eslint-plugin-react@https://packages.applied-caas-gateway1.internal.api.openai.org/artifactory/api/npm/npm-public/eslint-plugin-react/-/eslint-plugin-react-7.37.5.tgz. Extracting by manifest.
1877 silly tarball no local data for eslint-scope@https://packages.applied-caas-gateway1.internal.api.openai.org/artifactory/api/npm/npm-public/eslint-scope/-/eslint-scope-8.4.0.tgz. Extracting by manifest.
1878 silly tarball no local data for eslint-visitor-keys@https://packages.applied-caas-gateway1.internal.api.openai.org/artifactory/api/npm/npm-public/eslint-visitor-keys/-/eslint-visitor-keys-4.2.1.tgz. Extracting by manifest.
1879 silly tarball no local data for eslint-plugin-react-hooks@https://packages.applied-caas-gateway1.internal.api.openai.org/artifactory/api/npm/npm-public/eslint-plugin-react-hooks/-/eslint-plugin-react-hooks-7.1.1.tgz. Extracting by manifest.
1880 silly tarball no local data for eslint-plugin-jsx-a11y@https://packages.applied-caas-gateway1.internal.api.openai.org/artifactory/api/npm/npm-public/eslint-plugin-jsx-a11y/-/eslint-plugin-jsx-a11y-6.10.2.tgz. Extracting by manifest.
1881 silly tarball no local data for eslint-plugin-import@https://packages.applied-caas-gateway1.internal.api.openai.org/artifactory/api/npm/npm-public/eslint-plugin-import/-/eslint-plugin-import-2.32.0.tgz. Extracting by manifest.
1882 silly tarball no local data for eslint-import-resolver-node@https://packages.applied-caas-gateway1.internal.api.openai.org/artifactory/api/npm/npm-public/eslint-import-resolver-node/-/eslint-import-resolver-node-0.3.10.tgz. Extracting by manifest.
1883 silly tarball no local data for eslint-module-utils@https://packages.applied-caas-gateway1.internal.api.openai.org/artifactory/api/npm/npm-public/eslint-module-utils/-/eslint-module-utils-2.12.1.tgz. Extracting by manifest.
1884 silly tarball no local data for eslint@https://packages.applied-caas-gateway1.internal.api.openai.org/artifactory/api/npm/npm-public/eslint/-/eslint-9.39.4.tgz. Extracting by manifest.
1885 silly tarball no local data for eslint-config-next@https://packages.applied-caas-gateway1.internal.api.openai.org/artifactory/api/npm/npm-public/eslint-config-next/-/eslint-config-next-16.2.6.tgz. Extracting by manifest.
1886 silly tarball no local data for eslint-import-resolver-typescript@https://packages.applied-caas-gateway1.internal.api.openai.org/artifactory/api/npm/npm-public/eslint-import-resolver-typescript/-/eslint-import-resolver-typescript-3.10.1.tgz. Extracting by manifest.
1887 silly tarball no local data for escape-string-regexp@https://packages.applied-caas-gateway1.internal.api.openai.org/artifactory/api/npm/npm-public/escape-string-regexp/-/escape-string-regexp-4.0.0.tgz. Extracting by manifest.
1888 silly tarball no local data for escalade@https://packages.applied-caas-gateway1.internal.api.openai.org/artifactory/api/npm/npm-public/escalade/-/escalade-3.2.0.tgz. Extracting by manifest.
1889 silly tarball no local data for escape-html@https://packages.applied-caas-gateway1.internal.api.openai.org/artifactory/api/npm/npm-public/escape-html/-/escape-html-1.0.3.tgz. Extracting by manifest.
1890 silly tarball no local data for esbuild@https://packages.applied-caas-gateway1.internal.api.openai.org/artifactory/api/npm/npm-public/esbuild/-/esbuild-0.28.0.tgz. Extracting by manifest.
1891 silly tarball no local data for es-set-tostringtag@https://packages.applied-caas-gateway1.internal.api.openai.org/artifactory/api/npm/npm-public/es-set-tostringtag/-/es-set-tostringtag-2.1.0.tgz. Extracting by manifest.
1892 silly tarball no local data for es-shim-unscopables@https://packages.applied-caas-gateway1.internal.api.openai.org/artifactory/api/npm/npm-public/es-shim-unscopables/-/es-shim-unscopables-1.1.0.tgz. Extracting by manifest.
1893 silly tarball no local data for es-object-atoms@https://packages.applied-caas-gateway1.internal.api.openai.org/artifactory/api/npm/npm-public/es-object-atoms/-/es-object-atoms-1.1.1.tgz. Extracting by manifest.
1894 silly tarball no local data for es-module-lexer@https://packages.applied-caas-gateway1.internal.api.openai.org/artifactory/api/npm/npm-public/es-module-lexer/-/es-module-lexer-2.1.0.tgz. Extracting by manifest.
1895 silly tarball no local data for es-errors@https://packages.applied-caas-gateway1.internal.api.openai.org/artifactory/api/npm/npm-public/es-errors/-/es-errors-1.3.0.tgz. Extracting by manifest.
1896 silly tarball no local data for es-iterator-helpers@https://packages.applied-caas-gateway1.internal.api.openai.org/artifactory/api/npm/npm-public/es-iterator-helpers/-/es-iterator-helpers-1.3.2.tgz. Extracting by manifest.
1897 silly tarball no local data for es-define-property@https://packages.applied-caas-gateway1.internal.api.openai.org/artifactory/api/npm/npm-public/es-define-property/-/es-define-property-1.0.1.tgz. Extracting by manifest.
1898 silly tarball no local data for es-abstract@https://packages.applied-caas-gateway1.internal.api.openai.org/artifactory/api/npm/npm-public/es-abstract/-/es-abstract-1.24.2.tgz. Extracting by manifest.
1899 silly tarball no local data for error-stack-parser-es@https://packages.applied-caas-gateway1.internal.api.openai.org/artifactory/api/npm/npm-public/error-stack-parser-es/-/error-stack-parser-es-1.0.5.tgz. Extracting by manifest.
1900 silly tarball no local data for enhanced-resolve@https://packages.applied-caas-gateway1.internal.api.openai.org/artifactory/api/npm/npm-public/enhanced-resolve/-/enhanced-resolve-5.21.3.tgz. Extracting by manifest.
1901 silly tarball no local data for emoji-regex-xs@https://packages.applied-caas-gateway1.internal.api.openai.org/artifactory/api/npm/npm-public/emoji-regex-xs/-/emoji-regex-xs-2.0.1.tgz. Extracting by manifest.
1902 silly tarball no local data for emoji-regex@https://packages.applied-caas-gateway1.internal.api.openai.org/artifactory/api/npm/npm-public/emoji-regex/-/emoji-regex-9.2.2.tgz. Extracting by manifest.
1903 silly tarball no local data for electron-to-chromium@https://packages.applied-caas-gateway1.internal.api.openai.org/artifactory/api/npm/npm-public/electron-to-chromium/-/electron-to-chromium-1.5.358.tgz. Extracting by manifest.
1904 silly tarball no local data for dunder-proto@https://packages.applied-caas-gateway1.internal.api.openai.org/artifactory/api/npm/npm-public/dunder-proto/-/dunder-proto-1.0.1.tgz. Extracting by manifest.
1905 silly tarball no local data for drizzle-orm@https://packages.applied-caas-gateway1.internal.api.openai.org/artifactory/api/npm/npm-public/drizzle-orm/-/drizzle-orm-0.45.2.tgz. Extracting by manifest.
1906 silly tarball no local data for drizzle-kit@https://packages.applied-caas-gateway1.internal.api.openai.org/artifactory/api/npm/npm-public/drizzle-kit/-/drizzle-kit-0.31.10.tgz. Extracting by manifest.
1907 silly tarball no local data for detect-libc@https://packages.applied-caas-gateway1.internal.api.openai.org/artifactory/api/npm/npm-public/detect-libc/-/detect-libc-2.1.2.tgz. Extracting by manifest.
1908 silly tarball no local data for define-properties@https://packages.applied-caas-gateway1.internal.api.openai.org/artifactory/api/npm/npm-public/define-properties/-/define-properties-1.2.1.tgz. Extracting by manifest.
1909 silly tarball no local data for define-data-property@https://packages.applied-caas-gateway1.internal.api.openai.org/artifactory/api/npm/npm-public/define-data-property/-/define-data-property-1.1.4.tgz. Extracting by manifest.
1910 silly tarball no local data for doctrine@https://packages.applied-caas-gateway1.internal.api.openai.org/artifactory/api/npm/npm-public/doctrine/-/doctrine-2.1.0.tgz. Extracting by manifest.
1911 silly tarball no local data for debug@https://packages.applied-caas-gateway1.internal.api.openai.org/artifactory/api/npm/npm-public/debug/-/debug-4.4.3.tgz. Extracting by manifest.
1912 silly tarball no local data for deep-is@https://packages.applied-caas-gateway1.internal.api.openai.org/artifactory/api/npm/npm-public/deep-is/-/deep-is-0.1.4.tgz. Extracting by manifest.
1913 silly tarball no local data for data-view-byte-offset@https://packages.applied-caas-gateway1.internal.api.openai.org/artifactory/api/npm/npm-public/data-view-byte-offset/-/data-view-byte-offset-1.0.1.tgz. Extracting by manifest.
1914 silly tarball no local data for data-view-byte-length@https://packages.applied-caas-gateway1.internal.api.openai.org/artifactory/api/npm/npm-public/data-view-byte-length/-/data-view-byte-length-1.0.2.tgz. Extracting by manifest.
1915 silly tarball no local data for data-view-buffer@https://packages.applied-caas-gateway1.internal.api.openai.org/artifactory/api/npm/npm-public/data-view-buffer/-/data-view-buffer-1.0.2.tgz. Extracting by manifest.
1916 silly tarball no local data for csstype@https://packages.applied-caas-gateway1.internal.api.openai.org/artifactory/api/npm/npm-public/csstype/-/csstype-3.2.3.tgz. Extracting by manifest.
1917 silly tarball no local data for css-to-react-native@https://packages.applied-caas-gateway1.internal.api.openai.org/artifactory/api/npm/npm-public/css-to-react-native/-/css-to-react-native-3.2.0.tgz. Extracting by manifest.
1918 silly tarball no local data for css-gradient-parser@https://packages.applied-caas-gateway1.internal.api.openai.org/artifactory/api/npm/npm-public/css-gradient-parser/-/css-gradient-parser-0.0.16.tgz. Extracting by manifest.
1919 silly tarball no local data for damerau-levenshtein@https://packages.applied-caas-gateway1.internal.api.openai.org/artifactory/api/npm/npm-public/damerau-levenshtein/-/damerau-levenshtein-1.0.8.tgz. Extracting by manifest.
1920 silly tarball no local data for css-color-keywords@https://packages.applied-caas-gateway1.internal.api.openai.org/artifactory/api/npm/npm-public/css-color-keywords/-/css-color-keywords-1.0.0.tgz. Extracting by manifest.
1921 silly tarball no local data for css-box-shadow@https://packages.applied-caas-gateway1.internal.api.openai.org/artifactory/api/npm/npm-public/css-box-shadow/-/css-box-shadow-1.0.0-3.tgz. Extracting by manifest.
1922 silly tarball no local data for css-background-parser@https://packages.applied-caas-gateway1.internal.api.openai.org/artifactory/api/npm/npm-public/css-background-parser/-/css-background-parser-0.1.0.tgz. Extracting by manifest.
1923 silly tarball no local data for cookie@https://packages.applied-caas-gateway1.internal.api.openai.org/artifactory/api/npm/npm-public/cookie/-/cookie-1.1.1.tgz. Extracting by manifest.
1924 silly tarball no local data for es-to-primitive@https://packages.applied-caas-gateway1.internal.api.openai.org/artifactory/api/npm/npm-public/es-to-primitive/-/es-to-primitive-1.3.0.tgz. Extracting by manifest.
1925 silly tarball no local data for cross-spawn@https://packages.applied-caas-gateway1.internal.api.openai.org/artifactory/api/npm/npm-public/cross-spawn/-/cross-spawn-7.0.6.tgz. Extracting by manifest.
1926 silly tarball no local data for concat-map@https://packages.applied-caas-gateway1.internal.api.openai.org/artifactory/api/npm/npm-public/concat-map/-/concat-map-0.0.1.tgz. Extracting by manifest.
1927 silly tarball no local data for convert-source-map@https://packages.applied-caas-gateway1.internal.api.openai.org/artifactory/api/npm/npm-public/convert-source-map/-/convert-source-map-2.0.0.tgz. Extracting by manifest.
1928 silly tarball no local data for color-name@https://packages.applied-caas-gateway1.internal.api.openai.org/artifactory/api/npm/npm-public/color-name/-/color-name-1.1.4.tgz. Extracting by manifest.
1929 silly tarball no local data for commander@https://packages.applied-caas-gateway1.internal.api.openai.org/artifactory/api/npm/npm-public/commander/-/commander-2.20.3.tgz. Extracting by manifest.
1930 silly tarball no local data for color-convert@https://packages.applied-caas-gateway1.internal.api.openai.org/artifactory/api/npm/npm-public/color-convert/-/color-convert-2.0.1.tgz. Extracting by manifest.
1931 silly tarball no local data for caniuse-lite@https://packages.applied-caas-gateway1.internal.api.openai.org/artifactory/api/npm/npm-public/caniuse-lite/-/caniuse-lite-1.0.30001793.tgz. Extracting by manifest.
1932 silly tarball no local data for client-only@https://packages.applied-caas-gateway1.internal.api.openai.org/artifactory/api/npm/npm-public/client-only/-/client-only-0.0.1.tgz. Extracting by manifest.
1933 silly tarball no local data for chrome-trace-event@https://packages.applied-caas-gateway1.internal.api.openai.org/artifactory/api/npm/npm-public/chrome-trace-event/-/chrome-trace-event-1.0.4.tgz. Extracting by manifest.
1934 silly tarball no local data for chalk@https://packages.applied-caas-gateway1.internal.api.openai.org/artifactory/api/npm/npm-public/chalk/-/chalk-4.1.2.tgz. Extracting by manifest.
1935 silly tarball no local data for camelize@https://packages.applied-caas-gateway1.internal.api.openai.org/artifactory/api/npm/npm-public/camelize/-/camelize-1.0.1.tgz. Extracting by manifest.
1936 silly tarball no local data for callsites@https://packages.applied-caas-gateway1.internal.api.openai.org/artifactory/api/npm/npm-public/callsites/-/callsites-3.1.0.tgz. Extracting by manifest.
1937 silly tarball no local data for call-bind-apply-helpers@https://packages.applied-caas-gateway1.internal.api.openai.org/artifactory/api/npm/npm-public/call-bind-apply-helpers/-/call-bind-apply-helpers-1.0.2.tgz. Extracting by manifest.
1938 silly tarball no local data for call-bound@https://packages.applied-caas-gateway1.internal.api.openai.org/artifactory/api/npm/npm-public/call-bound/-/call-bound-1.0.4.tgz. Extracting by manifest.
1939 silly tarball no local data for buffer-from@https://packages.applied-caas-gateway1.internal.api.openai.org/artifactory/api/npm/npm-public/buffer-from/-/buffer-from-1.1.2.tgz. Extracting by manifest.
1940 silly tarball no local data for browserslist@https://packages.applied-caas-gateway1.internal.api.openai.org/artifactory/api/npm/npm-public/browserslist/-/browserslist-4.28.2.tgz. Extracting by manifest.
1941 silly tarball no local data for braces@https://packages.applied-caas-gateway1.internal.api.openai.org/artifactory/api/npm/npm-public/braces/-/braces-3.0.3.tgz. Extracting by manifest.
1942 silly tarball no local data for call-bind@https://packages.applied-caas-gateway1.internal.api.openai.org/artifactory/api/npm/npm-public/call-bind/-/call-bind-1.0.9.tgz. Extracting by manifest.
1943 silly tarball no local data for brace-expansion@https://packages.applied-caas-gateway1.internal.api.openai.org/artifactory/api/npm/npm-public/brace-expansion/-/brace-expansion-1.1.14.tgz. Extracting by manifest.
1944 silly tarball no local data for blake3-wasm@https://packages.applied-caas-gateway1.internal.api.openai.org/artifactory/api/npm/npm-public/blake3-wasm/-/blake3-wasm-2.1.5.tgz. Extracting by manifest.
1945 silly tarball no local data for baseline-browser-mapping@https://packages.applied-caas-gateway1.internal.api.openai.org/artifactory/api/npm/npm-public/baseline-browser-mapping/-/baseline-browser-mapping-2.10.30.tgz. Extracting by manifest.
1946 silly tarball no local data for base64-js@https://packages.applied-caas-gateway1.internal.api.openai.org/artifactory/api/npm/npm-public/base64-js/-/base64-js-0.0.8.tgz. Extracting by manifest.
1947 silly tarball no local data for balanced-match@https://packages.applied-caas-gateway1.internal.api.openai.org/artifactory/api/npm/npm-public/balanced-match/-/balanced-match-1.0.2.tgz. Extracting by manifest.
1948 silly tarball no local data for axobject-query@https://packages.applied-caas-gateway1.internal.api.openai.org/artifactory/api/npm/npm-public/axobject-query/-/axobject-query-4.1.0.tgz. Extracting by manifest.
1949 silly tarball no local data for available-typed-arrays@https://packages.applied-caas-gateway1.internal.api.openai.org/artifactory/api/npm/npm-public/available-typed-arrays/-/available-typed-arrays-1.0.7.tgz. Extracting by manifest.
1950 silly tarball no local data for axe-core@https://packages.applied-caas-gateway1.internal.api.openai.org/artifactory/api/npm/npm-public/axe-core/-/axe-core-4.11.4.tgz. Extracting by manifest.
1951 silly tarball no local data for arraybuffer.prototype.slice@https://packages.applied-caas-gateway1.internal.api.openai.org/artifactory/api/npm/npm-public/arraybuffer.prototype.slice/-/arraybuffer.prototype.slice-1.0.4.tgz. Extracting by manifest.
1952 silly tarball no local data for async-function@https://packages.applied-caas-gateway1.internal.api.openai.org/artifactory/api/npm/npm-public/async-function/-/async-function-1.0.0.tgz. Extracting by manifest.
1953 silly tarball no local data for array.prototype.tosorted@https://packages.applied-caas-gateway1.internal.api.openai.org/artifactory/api/npm/npm-public/array.prototype.tosorted/-/array.prototype.tosorted-1.1.4.tgz. Extracting by manifest.
1954 silly tarball no local data for ast-types-flow@https://packages.applied-caas-gateway1.internal.api.openai.org/artifactory/api/npm/npm-public/ast-types-flow/-/ast-types-flow-0.0.8.tgz. Extracting by manifest.
1955 silly tarball no local data for array.prototype.flatmap@https://packages.applied-caas-gateway1.internal.api.openai.org/artifactory/api/npm/npm-public/array.prototype.flatmap/-/array.prototype.flatmap-1.3.3.tgz. Extracting by manifest.
1956 silly tarball no local data for array.prototype.findlastindex@https://packages.applied-caas-gateway1.internal.api.openai.org/artifactory/api/npm/npm-public/array.prototype.findlastindex/-/array.prototype.findlastindex-1.2.6.tgz. Extracting by manifest.
1957 silly tarball no local data for array.prototype.flat@https://packages.applied-caas-gateway1.internal.api.openai.org/artifactory/api/npm/npm-public/array.prototype.flat/-/array.prototype.flat-1.3.3.tgz. Extracting by manifest.
1958 silly tarball no local data for array-buffer-byte-length@https://packages.applied-caas-gateway1.internal.api.openai.org/artifactory/api/npm/npm-public/array-buffer-byte-length/-/array-buffer-byte-length-1.0.2.tgz. Extracting by manifest.
1959 silly tarball no local data for array.prototype.findlast@https://packages.applied-caas-gateway1.internal.api.openai.org/artifactory/api/npm/npm-public/array.prototype.findlast/-/array.prototype.findlast-1.2.5.tgz. Extracting by manifest.
1960 silly tarball no local data for array-includes@https://packages.applied-caas-gateway1.internal.api.openai.org/artifactory/api/npm/npm-public/array-includes/-/array-includes-3.1.9.tgz. Extracting by manifest.
1961 silly tarball no local data for aria-query@https://packages.applied-caas-gateway1.internal.api.openai.org/artifactory/api/npm/npm-public/aria-query/-/aria-query-5.3.2.tgz. Extracting by manifest.
1962 silly tarball no local data for argparse@https://packages.applied-caas-gateway1.internal.api.openai.org/artifactory/api/npm/npm-public/argparse/-/argparse-2.0.1.tgz. Extracting by manifest.
1963 silly tarball no local data for ajv-formats@https://packages.applied-caas-gateway1.internal.api.openai.org/artifactory/api/npm/npm-public/ajv-formats/-/ajv-formats-2.1.1.tgz. Extracting by manifest.
1964 silly tarball no local data for ansi-styles@https://packages.applied-caas-gateway1.internal.api.openai.org/artifactory/api/npm/npm-public/ansi-styles/-/ansi-styles-4.3.0.tgz. Extracting by manifest.
1965 silly tarball no local data for acorn-loose@https://packages.applied-caas-gateway1.internal.api.openai.org/artifactory/api/npm/npm-public/acorn-loose/-/acorn-loose-8.5.2.tgz. Extracting by manifest.
1966 silly tarball no local data for ajv@https://packages.applied-caas-gateway1.internal.api.openai.org/artifactory/api/npm/npm-public/ajv/-/ajv-6.15.0.tgz. Extracting by manifest.
1967 silly tarball no local data for acorn-jsx@https://packages.applied-caas-gateway1.internal.api.openai.org/artifactory/api/npm/npm-public/acorn-jsx/-/acorn-jsx-5.3.2.tgz. Extracting by manifest.
1968 silly tarball no local data for acorn-import-phases@https://packages.applied-caas-gateway1.internal.api.openai.org/artifactory/api/npm/npm-public/acorn-import-phases/-/acorn-import-phases-1.0.4.tgz. Extracting by manifest.
1969 silly tarball no local data for @rolldown/pluginutils@https://packages.applied-caas-gateway1.internal.api.openai.org/artifactory/api/npm/npm-public/@rolldown/pluginutils/-/pluginutils-1.0.0-rc.18.tgz. Extracting by manifest.
1970 silly tarball no local data for acorn@https://packages.applied-caas-gateway1.internal.api.openai.org/artifactory/api/npm/npm-public/acorn/-/acorn-8.16.0.tgz. Extracting by manifest.
1971 silly tarball no local data for eslint-visitor-keys@https://packages.applied-caas-gateway1.internal.api.openai.org/artifactory/api/npm/npm-public/eslint-visitor-keys/-/eslint-visitor-keys-5.0.1.tgz. Extracting by manifest.
1972 silly tarball no local data for minimatch@https://packages.applied-caas-gateway1.internal.api.openai.org/artifactory/api/npm/npm-public/minimatch/-/minimatch-10.2.5.tgz. Extracting by manifest.
1973 silly tarball no local data for balanced-match@https://packages.applied-caas-gateway1.internal.api.openai.org/artifactory/api/npm/npm-public/balanced-match/-/balanced-match-4.0.4.tgz. Extracting by manifest.
1974 silly tarball no local data for semver@https://packages.applied-caas-gateway1.internal.api.openai.org/artifactory/api/npm/npm-public/semver/-/semver-7.8.0.tgz. Extracting by manifest.
1975 silly tarball no local data for brace-expansion@https://packages.applied-caas-gateway1.internal.api.openai.org/artifactory/api/npm/npm-public/brace-expansion/-/brace-expansion-5.0.6.tgz. Extracting by manifest.
1976 silly tarball no local data for supports-color@https://packages.applied-caas-gateway1.internal.api.openai.org/artifactory/api/npm/npm-public/supports-color/-/supports-color-10.2.2.tgz. Extracting by manifest.
1977 silly tarball no local data for ignore@https://packages.applied-caas-gateway1.internal.api.openai.org/artifactory/api/npm/npm-public/ignore/-/ignore-7.0.5.tgz. Extracting by manifest.
1978 silly tarball no local data for eslint-visitor-keys@https://packages.applied-caas-gateway1.internal.api.openai.org/artifactory/api/npm/npm-public/eslint-visitor-keys/-/eslint-visitor-keys-3.4.3.tgz. Extracting by manifest.
1979 silly tarball no local data for @napi-rs/wasm-runtime@https://packages.applied-caas-gateway1.internal.api.openai.org/artifactory/api/npm/npm-public/@napi-rs/wasm-runtime/-/wasm-runtime-1.1.4.tgz. Extracting by manifest.
1980 silly tarball no local data for @esbuild/linux-x64@https://packages.applied-caas-gateway1.internal.api.openai.org/artifactory/api/npm/npm-public/@esbuild/linux-x64/-/linux-x64-0.18.20.tgz. Extracting by manifest.
1981 silly tarball no local data for esbuild@https://packages.applied-caas-gateway1.internal.api.openai.org/artifactory/api/npm/npm-public/esbuild/-/esbuild-0.18.20.tgz. Extracting by manifest.
1982 silly tarball no local data for esbuild@https://packages.applied-caas-gateway1.internal.api.openai.org/artifactory/api/npm/npm-public/esbuild/-/esbuild-0.27.3.tgz. Extracting by manifest.
1983 silly tarball no local data for @esbuild/linux-x64@https://packages.applied-caas-gateway1.internal.api.openai.org/artifactory/api/npm/npm-public/@esbuild/linux-x64/-/linux-x64-0.27.3.tgz. Extracting by manifest.
1984 silly tarball no local data for @jridgewell/trace-mapping@https://packages.applied-caas-gateway1.internal.api.openai.org/artifactory/api/npm/npm-public/@jridgewell/trace-mapping/-/trace-mapping-0.3.9.tgz. Extracting by manifest.
1985 silly tarball no local data for estraverse@https://packages.applied-caas-gateway1.internal.api.openai.org/artifactory/api/npm/npm-public/estraverse/-/estraverse-4.3.0.tgz. Extracting by manifest.
1986 silly tarball no local data for eslint-scope@https://packages.applied-caas-gateway1.internal.api.openai.org/artifactory/api/npm/npm-public/eslint-scope/-/eslint-scope-5.1.1.tgz. Extracting by manifest.
1987 silly tarball no local data for es-module-lexer@https://packages.applied-caas-gateway1.internal.api.openai.org/artifactory/api/npm/npm-public/es-module-lexer/-/es-module-lexer-1.7.0.tgz. Extracting by manifest.
1988 silly tarball no local data for picomatch@https://packages.applied-caas-gateway1.internal.api.openai.org/artifactory/api/npm/npm-public/picomatch/-/picomatch-4.0.4.tgz. Extracting by manifest.
1989 silly tarball no local data for glob-parent@https://packages.applied-caas-gateway1.internal.api.openai.org/artifactory/api/npm/npm-public/glob-parent/-/glob-parent-5.1.2.tgz. Extracting by manifest.
1990 silly tarball no local data for fast-glob@https://packages.applied-caas-gateway1.internal.api.openai.org/artifactory/api/npm/npm-public/fast-glob/-/fast-glob-3.3.3.tgz. Extracting by manifest.
1991 silly tarball no local data for lightningcss@https://packages.applied-caas-gateway1.internal.api.openai.org/artifactory/api/npm/npm-public/lightningcss/-/lightningcss-1.32.0.tgz. Extracting by manifest.
1992 silly tarball no local data for lightningcss-linux-x64-gnu@https://packages.applied-caas-gateway1.internal.api.openai.org/artifactory/api/npm/npm-public/lightningcss-linux-x64-gnu/-/lightningcss-linux-x64-gnu-1.32.0.tgz. Extracting by manifest.
1993 silly tarball no local data for fdir@https://packages.applied-caas-gateway1.internal.api.openai.org/artifactory/api/npm/npm-public/fdir/-/fdir-6.5.0.tgz. Extracting by manifest.
1994 silly tarball no local data for picomatch@https://packages.applied-caas-gateway1.internal.api.openai.org/artifactory/api/npm/npm-public/picomatch/-/picomatch-4.0.4.tgz. Extracting by manifest.
1995 silly tarball no local data for json5@https://packages.applied-caas-gateway1.internal.api.openai.org/artifactory/api/npm/npm-public/json5/-/json5-1.0.2.tgz. Extracting by manifest.
1996 silly tarball no local data for semver@https://packages.applied-caas-gateway1.internal.api.openai.org/artifactory/api/npm/npm-public/semver/-/semver-7.8.0.tgz. Extracting by manifest.
1997 silly tarball no local data for js-tokens@https://packages.applied-caas-gateway1.internal.api.openai.org/artifactory/api/npm/npm-public/js-tokens/-/js-tokens-9.0.1.tgz. Extracting by manifest.
1998 silly tarball no local data for json-schema-traverse@https://packages.applied-caas-gateway1.internal.api.openai.org/artifactory/api/npm/npm-public/json-schema-traverse/-/json-schema-traverse-1.0.0.tgz. Extracting by manifest.
1999 silly tarball no local data for ajv@https://packages.applied-caas-gateway1.internal.api.openai.org/artifactory/api/npm/npm-public/ajv/-/ajv-8.20.0.tgz. Extracting by manifest.
2000 silly tarball no local data for ajv-keywords@https://packages.applied-caas-gateway1.internal.api.openai.org/artifactory/api/npm/npm-public/ajv-keywords/-/ajv-keywords-5.1.0.tgz. Extracting by manifest.
2001 silly tarball no local data for postcss@https://packages.applied-caas-gateway1.internal.api.openai.org/artifactory/api/npm/npm-public/postcss/-/postcss-8.4.31.tgz. Extracting by manifest.
2002 silly tarball no local data for supports-color@https://packages.applied-caas-gateway1.internal.api.openai.org/artifactory/api/npm/npm-public/supports-color/-/supports-color-8.1.1.tgz. Extracting by manifest.
2003 silly tarball no local data for semver@https://packages.applied-caas-gateway1.internal.api.openai.org/artifactory/api/npm/npm-public/semver/-/semver-7.8.0.tgz. Extracting by manifest.
2004 silly tarball no local data for glob-parent@https://packages.applied-caas-gateway1.internal.api.openai.org/artifactory/api/npm/npm-public/glob-parent/-/glob-parent-5.1.2.tgz. Extracting by manifest.
2005 silly tarball no local data for debug@https://packages.applied-caas-gateway1.internal.api.openai.org/artifactory/api/npm/npm-public/debug/-/debug-3.2.7.tgz. Extracting by manifest.
2006 silly tarball no local data for debug@https://packages.applied-caas-gateway1.internal.api.openai.org/artifactory/api/npm/npm-public/debug/-/debug-3.2.7.tgz. Extracting by manifest.
2007 silly tarball no local data for debug@https://packages.applied-caas-gateway1.internal.api.openai.org/artifactory/api/npm/npm-public/debug/-/debug-3.2.7.tgz. Extracting by manifest.
2008 silly tarball no local data for globals@https://packages.applied-caas-gateway1.internal.api.openai.org/artifactory/api/npm/npm-public/globals/-/globals-16.4.0.tgz. Extracting by manifest.
2009 silly tarball no local data for @esbuild/linux-x64@https://packages.applied-caas-gateway1.internal.api.openai.org/artifactory/api/npm/npm-public/@esbuild/linux-x64/-/linux-x64-0.25.12.tgz. Extracting by manifest.
2010 silly tarball no local data for esbuild@https://packages.applied-caas-gateway1.internal.api.openai.org/artifactory/api/npm/npm-public/esbuild/-/esbuild-0.25.12.tgz. Extracting by manifest.
2011 silly tarball no local data for json-schema-traverse@https://packages.applied-caas-gateway1.internal.api.openai.org/artifactory/api/npm/npm-public/json-schema-traverse/-/json-schema-traverse-1.0.0.tgz. Extracting by manifest.
2012 silly tarball no local data for ajv@https://packages.applied-caas-gateway1.internal.api.openai.org/artifactory/api/npm/npm-public/ajv/-/ajv-8.20.0.tgz. Extracting by manifest.
2013 http fetch GET https://packages.applied-caas-gateway1.internal.api.openai.org/artifactory/api/npm/npm-public/@webassemblyjs/ast/-/ast-1.14.1.tgz attempt 1 failed with 503
2014 http fetch GET https://packages.applied-caas-gateway1.internal.api.openai.org/artifactory/api/npm/npm-public/@webassemblyjs/ieee754/-/ieee754-1.13.2.tgz attempt 1 failed with 503
2015 http fetch GET https://packages.applied-caas-gateway1.internal.api.openai.org/artifactory/api/npm/npm-public/@webassemblyjs/floating-point-hex-parser/-/floating-point-hex-parser-1.13.2.tgz attempt 1 failed with 503
2016 http fetch GET https://packages.applied-caas-gateway1.internal.api.openai.org/artifactory/api/npm/npm-public/@webassemblyjs/wast-printer/-/wast-printer-1.14.1.tgz attempt 1 failed with 503
2017 http fetch GET https://packages.applied-caas-gateway1.internal.api.openai.org/artifactory/api/npm/npm-public/@webassemblyjs/wasm-gen/-/wasm-gen-1.14.1.tgz attempt 1 failed with 503
2018 http fetch GET https://packages.applied-caas-gateway1.internal.api.openai.org/artifactory/api/npm/npm-public/@webassemblyjs/leb128/-/leb128-1.13.2.tgz attempt 1 failed with 503
2019 http fetch GET https://packages.applied-caas-gateway1.internal.api.openai.org/artifactory/api/npm/npm-public/@webassemblyjs/wasm-parser/-/wasm-parser-1.14.1.tgz attempt 1 failed with 503
2020 http fetch GET https://packages.applied-caas-gateway1.internal.api.openai.org/artifactory/api/npm/npm-public/@webassemblyjs/helper-wasm-section/-/helper-wasm-section-1.14.1.tgz attempt 1 failed with 503
2021 http fetch GET https://packages.applied-caas-gateway1.internal.api.openai.org/artifactory/api/npm/npm-public/@webassemblyjs/helper-api-error/-/helper-api-error-1.13.2.tgz attempt 1 failed with 503
2022 http fetch GET https://packages.applied-caas-gateway1.internal.api.openai.org/artifactory/api/npm/npm-public/@webassemblyjs/helper-buffer/-/helper-buffer-1.14.1.tgz attempt 1 failed with 503
2023 http fetch GET https://packages.applied-caas-gateway1.internal.api.openai.org/artifactory/api/npm/npm-public/@webassemblyjs/wasm-opt/-/wasm-opt-1.14.1.tgz attempt 1 failed with 503
2024 http fetch GET https://packages.applied-caas-gateway1.internal.api.openai.org/artifactory/api/npm/npm-public/@webassemblyjs/wasm-edit/-/wasm-edit-1.14.1.tgz attempt 1 failed with 503
2025 http fetch GET https://packages.applied-caas-gateway1.internal.api.openai.org/artifactory/api/npm/npm-public/@vitejs/plugin-rsc/-/plugin-rsc-0.5.26.tgz attempt 1 failed with 503
2026 http fetch GET https://packages.applied-caas-gateway1.internal.api.openai.org/artifactory/api/npm/npm-public/@xtuc/ieee754/-/ieee754-1.2.0.tgz attempt 1 failed with 503
2027 http fetch GET https://packages.applied-caas-gateway1.internal.api.openai.org/artifactory/api/npm/npm-public/@vitejs/plugin-react/-/plugin-react-6.0.2.tgz attempt 1 failed with 503
2028 http fetch GET https://packages.applied-caas-gateway1.internal.api.openai.org/artifactory/api/npm/npm-public/@xtuc/long/-/long-4.2.2.tgz attempt 1 failed with 503
2029 http fetch GET https://packages.applied-caas-gateway1.internal.api.openai.org/artifactory/api/npm/npm-public/@webassemblyjs/helper-wasm-bytecode/-/helper-wasm-bytecode-1.13.2.tgz attempt 1 failed with 503
2030 http fetch GET https://packages.applied-caas-gateway1.internal.api.openai.org/artifactory/api/npm/npm-public/@vercel/og/-/og-0.8.6.tgz attempt 1 failed with 503
2031 http fetch GET https://packages.applied-caas-gateway1.internal.api.openai.org/artifactory/api/npm/npm-public/@webassemblyjs/helper-numbers/-/helper-numbers-1.13.2.tgz attempt 1 failed with 503
2032 http fetch GET https://packages.applied-caas-gateway1.internal.api.openai.org/artifactory/api/npm/npm-public/@unpic/react/-/react-1.0.2.tgz attempt 1 failed with 503
2033 http fetch GET https://packages.applied-caas-gateway1.internal.api.openai.org/artifactory/api/npm/npm-public/@unrs/resolver-binding-linux-x64-gnu/-/resolver-binding-linux-x64-gnu-1.11.1.tgz attempt 1 failed with 503
2034 http fetch GET https://packages.applied-caas-gateway1.internal.api.openai.org/artifactory/api/npm/npm-public/@webassemblyjs/utf8/-/utf8-1.13.2.tgz attempt 1 failed with 503
2035 http fetch GET https://packages.applied-caas-gateway1.internal.api.openai.org/artifactory/api/npm/npm-public/@unpic/core/-/core-1.0.3.tgz attempt 1 failed with 503
2036 http fetch GET https://packages.applied-caas-gateway1.internal.api.openai.org/artifactory/api/npm/npm-public/@typescript-eslint/visitor-keys/-/visitor-keys-8.59.3.tgz attempt 1 failed with 503
2037 http fetch GET https://packages.applied-caas-gateway1.internal.api.openai.org/artifactory/api/npm/npm-public/@typescript-eslint/utils/-/utils-8.59.3.tgz attempt 1 failed with 503
2038 http fetch GET https://packages.applied-caas-gateway1.internal.api.openai.org/artifactory/api/npm/npm-public/@typescript-eslint/type-utils/-/type-utils-8.59.3.tgz attempt 1 failed with 503
2039 http fetch GET https://packages.applied-caas-gateway1.internal.api.openai.org/artifactory/api/npm/npm-public/@typescript-eslint/scope-manager/-/scope-manager-8.59.3.tgz attempt 1 failed with 503
2040 http fetch GET https://packages.applied-caas-gateway1.internal.api.openai.org/artifactory/api/npm/npm-public/@typescript-eslint/typescript-estree/-/typescript-estree-8.59.3.tgz attempt 1 failed with 503
2041 http fetch GET https://packages.applied-caas-gateway1.internal.api.openai.org/artifactory/api/npm/npm-public/@typescript-eslint/types/-/types-8.59.3.tgz attempt 1 failed with 503
2042 http fetch GET https://packages.applied-caas-gateway1.internal.api.openai.org/artifactory/api/npm/npm-public/@typescript-eslint/tsconfig-utils/-/tsconfig-utils-8.59.3.tgz attempt 1 failed with 503
2043 http fetch GET https://packages.applied-caas-gateway1.internal.api.openai.org/artifactory/api/npm/npm-public/@typescript-eslint/eslint-plugin/-/eslint-plugin-8.59.3.tgz attempt 1 failed with 503
2044 http fetch GET https://packages.applied-caas-gateway1.internal.api.openai.org/artifactory/api/npm/npm-public/@typescript-eslint/parser/-/parser-8.59.3.tgz attempt 1 failed with 503
2045 http fetch GET https://packages.applied-caas-gateway1.internal.api.openai.org/artifactory/api/npm/npm-public/@types/react/-/react-19.2.14.tgz attempt 1 failed with 503
2046 http fetch GET https://packages.applied-caas-gateway1.internal.api.openai.org/artifactory/api/npm/npm-public/@typescript-eslint/project-service/-/project-service-8.59.3.tgz attempt 1 failed with 503
2047 http fetch GET https://packages.applied-caas-gateway1.internal.api.openai.org/artifactory/api/npm/npm-public/@types/node/-/node-22.19.19.tgz attempt 1 failed with 503
2048 http fetch GET https://packages.applied-caas-gateway1.internal.api.openai.org/artifactory/api/npm/npm-public/@types/estree/-/estree-1.0.9.tgz attempt 1 failed with 503
2049 http fetch GET https://packages.applied-caas-gateway1.internal.api.openai.org/artifactory/api/npm/npm-public/@types/eslint-scope/-/eslint-scope-3.7.7.tgz attempt 1 failed with 503
2050 http fetch GET https://packages.applied-caas-gateway1.internal.api.openai.org/artifactory/api/npm/npm-public/@types/eslint/-/eslint-9.6.1.tgz attempt 1 failed with 503
2051 http fetch GET https://packages.applied-caas-gateway1.internal.api.openai.org/artifactory/api/npm/npm-public/@types/json-schema/-/json-schema-7.0.15.tgz attempt 1 failed with 503
2052 http fetch GET https://packages.applied-caas-gateway1.internal.api.openai.org/artifactory/api/npm/npm-public/@tybys/wasm-util/-/wasm-util-0.10.2.tgz attempt 1 failed with 503
2053 http fetch GET https://packages.applied-caas-gateway1.internal.api.openai.org/artifactory/api/npm/npm-public/@types/react-dom/-/react-dom-19.2.3.tgz attempt 1 failed with 503
2054 http fetch GET https://packages.applied-caas-gateway1.internal.api.openai.org/artifactory/api/npm/npm-public/@types/json5/-/json5-0.0.29.tgz attempt 1 failed with 503
2055 http fetch GET https://packages.applied-caas-gateway1.internal.api.openai.org/artifactory/api/npm/npm-public/@tailwindcss/oxide-linux-x64-gnu/-/oxide-linux-x64-gnu-4.2.1.tgz attempt 1 failed with 503
2056 http fetch GET https://packages.applied-caas-gateway1.internal.api.openai.org/artifactory/api/npm/npm-public/@rtsao/scc/-/scc-1.1.0.tgz attempt 1 failed with 503
2057 http fetch GET https://packages.applied-caas-gateway1.internal.api.openai.org/artifactory/api/npm/npm-public/@swc/helpers/-/helpers-0.5.15.tgz attempt 1 failed with 503
2058 http fetch GET https://packages.applied-caas-gateway1.internal.api.openai.org/artifactory/api/npm/npm-public/@tailwindcss/oxide/-/oxide-4.2.1.tgz attempt 1 failed with 503
2059 http fetch GET https://packages.applied-caas-gateway1.internal.api.openai.org/artifactory/api/npm/npm-public/@poppinss/dumper/-/dumper-0.6.5.tgz attempt 1 failed with 503
2060 http fetch GET https://packages.applied-caas-gateway1.internal.api.openai.org/artifactory/api/npm/npm-public/@tailwindcss/node/-/node-4.2.1.tgz attempt 1 failed with 503
2061 http fetch GET https://packages.applied-caas-gateway1.internal.api.openai.org/artifactory/api/npm/npm-public/@speed-highlight/core/-/core-1.2.15.tgz attempt 1 failed with 503
2062 http fetch GET https://packages.applied-caas-gateway1.internal.api.openai.org/artifactory/api/npm/npm-public/@tailwindcss/postcss/-/postcss-4.2.1.tgz attempt 1 failed with 503
2063 http fetch GET https://packages.applied-caas-gateway1.internal.api.openai.org/artifactory/api/npm/npm-public/@shuding/opentype.js/-/opentype.js-1.4.0-beta.0.tgz attempt 1 failed with 503
2064 http fetch GET https://packages.applied-caas-gateway1.internal.api.openai.org/artifactory/api/npm/npm-public/@rolldown/pluginutils/-/pluginutils-1.0.1.tgz attempt 1 failed with 503
2065 http fetch GET https://packages.applied-caas-gateway1.internal.api.openai.org/artifactory/api/npm/npm-public/@rolldown/binding-linux-x64-gnu/-/binding-linux-x64-gnu-1.0.1.tgz attempt 1 failed with 503
2066 http fetch GET https://packages.applied-caas-gateway1.internal.api.openai.org/artifactory/api/npm/npm-public/@resvg/resvg-wasm/-/resvg-wasm-2.4.0.tgz attempt 1 failed with 503
2067 http fetch GET https://packages.applied-caas-gateway1.internal.api.openai.org/artifactory/api/npm/npm-public/@sindresorhus/is/-/is-7.2.0.tgz attempt 1 failed with 503
2068 http fetch GET https://packages.applied-caas-gateway1.internal.api.openai.org/artifactory/api/npm/npm-public/@poppinss/exception/-/exception-1.2.3.tgz attempt 1 failed with 503
2069 http fetch GET https://packages.applied-caas-gateway1.internal.api.openai.org/artifactory/api/npm/npm-public/@oxc-project/types/-/types-0.130.0.tgz attempt 1 failed with 503
2070 http fetch GET https://packages.applied-caas-gateway1.internal.api.openai.org/artifactory/api/npm/npm-public/@nodelib/fs.walk/-/fs.walk-1.2.8.tgz attempt 1 failed with 503
2071 http fetch GET https://packages.applied-caas-gateway1.internal.api.openai.org/artifactory/api/npm/npm-public/@nodelib/fs.scandir/-/fs.scandir-2.1.5.tgz attempt 1 failed with 503
2072 http fetch GET https://packages.applied-caas-gateway1.internal.api.openai.org/artifactory/api/npm/npm-public/@nolyfill/is-core-module/-/is-core-module-1.0.39.tgz attempt 1 failed with 503
2073 http fetch GET https://packages.applied-caas-gateway1.internal.api.openai.org/artifactory/api/npm/npm-public/@nodelib/fs.stat/-/fs.stat-2.0.5.tgz attempt 1 failed with 503
2074 http fetch GET https://packages.applied-caas-gateway1.internal.api.openai.org/artifactory/api/npm/npm-public/@poppinss/colors/-/colors-4.1.6.tgz attempt 1 failed with 503
2075 http fetch GET https://packages.applied-caas-gateway1.internal.api.openai.org/artifactory/api/npm/npm-public/@next/eslint-plugin-next/-/eslint-plugin-next-16.2.6.tgz attempt 1 failed with 503
2076 http fetch GET https://packages.applied-caas-gateway1.internal.api.openai.org/artifactory/api/npm/npm-public/@napi-rs/wasm-runtime/-/wasm-runtime-0.2.12.tgz attempt 1 failed with 503
2077 http fetch GET https://packages.applied-caas-gateway1.internal.api.openai.org/artifactory/api/npm/npm-public/@jridgewell/sourcemap-codec/-/sourcemap-codec-1.5.5.tgz attempt 1 failed with 503
2078 http fetch GET https://packages.applied-caas-gateway1.internal.api.openai.org/artifactory/api/npm/npm-public/@jridgewell/source-map/-/source-map-0.3.11.tgz attempt 1 failed with 503
2079 http fetch GET https://packages.applied-caas-gateway1.internal.api.openai.org/artifactory/api/npm/npm-public/@jridgewell/trace-mapping/-/trace-mapping-0.3.31.tgz attempt 1 failed with 503
2080 http fetch GET https://packages.applied-caas-gateway1.internal.api.openai.org/artifactory/api/npm/npm-public/@next/swc-linux-x64-gnu/-/swc-linux-x64-gnu-16.2.6.tgz attempt 1 failed with 503
2081 http fetch GET https://packages.applied-caas-gateway1.internal.api.openai.org/artifactory/api/npm/npm-public/@next/env/-/env-16.2.6.tgz attempt 1 failed with 503
2082 http fetch GET https://packages.applied-caas-gateway1.internal.api.openai.org/artifactory/api/npm/npm-public/@jridgewell/gen-mapping/-/gen-mapping-0.3.13.tgz attempt 1 failed with 503
2083 http fetch GET https://packages.applied-caas-gateway1.internal.api.openai.org/artifactory/api/npm/npm-public/@img/sharp-libvips-linux-x64/-/sharp-libvips-linux-x64-1.2.4.tgz attempt 1 failed with 503
2084 http fetch GET https://packages.applied-caas-gateway1.internal.api.openai.org/artifactory/api/npm/npm-public/@jridgewell/resolve-uri/-/resolve-uri-3.1.2.tgz attempt 1 failed with 503
2085 http fetch GET https://packages.applied-caas-gateway1.internal.api.openai.org/artifactory/api/npm/npm-public/@img/sharp-linux-x64/-/sharp-linux-x64-0.34.5.tgz attempt 1 failed with 503
2086 http fetch GET https://packages.applied-caas-gateway1.internal.api.openai.org/artifactory/api/npm/npm-public/@jridgewell/remapping/-/remapping-2.3.5.tgz attempt 1 failed with 503
2087 http fetch GET https://packages.applied-caas-gateway1.internal.api.openai.org/artifactory/api/npm/npm-public/@img/colour/-/colour-1.1.0.tgz attempt 1 failed with 503
2088 http fetch GET https://packages.applied-caas-gateway1.internal.api.openai.org/artifactory/api/npm/npm-public/@humanfs/node/-/node-0.16.8.tgz attempt 1 failed with 503
2089 http fetch GET https://packages.applied-caas-gateway1.internal.api.openai.org/artifactory/api/npm/npm-public/@humanwhocodes/module-importer/-/module-importer-1.0.1.tgz attempt 1 failed with 503
2090 http fetch GET https://packages.applied-caas-gateway1.internal.api.openai.org/artifactory/api/npm/npm-public/@humanwhocodes/retry/-/retry-0.4.3.tgz attempt 1 failed with 503
2091 http fetch GET https://packages.applied-caas-gateway1.internal.api.openai.org/artifactory/api/npm/npm-public/@eslint/js/-/js-9.39.4.tgz attempt 1 failed with 503
2092 http fetch GET https://packages.applied-caas-gateway1.internal.api.openai.org/artifactory/api/npm/npm-public/@eslint-community/eslint-utils/-/eslint-utils-4.9.1.tgz attempt 1 failed with 503
2093 http fetch GET https://packages.applied-caas-gateway1.internal.api.openai.org/artifactory/api/npm/npm-public/@humanfs/core/-/core-0.19.2.tgz attempt 1 failed with 503
2094 http fetch GET https://packages.applied-caas-gateway1.internal.api.openai.org/artifactory/api/npm/npm-public/@humanfs/types/-/types-0.15.0.tgz attempt 1 failed with 503
2095 http fetch GET https://packages.applied-caas-gateway1.internal.api.openai.org/artifactory/api/npm/npm-public/@eslint-community/regexpp/-/regexpp-4.12.2.tgz attempt 1 failed with 503
2096 http fetch GET https://packages.applied-caas-gateway1.internal.api.openai.org/artifactory/api/npm/npm-public/@eslint/core/-/core-0.17.0.tgz attempt 1 failed with 503
2097 http fetch GET https://packages.applied-caas-gateway1.internal.api.openai.org/artifactory/api/npm/npm-public/@eslint/object-schema/-/object-schema-2.1.7.tgz attempt 1 failed with 503
2098 http fetch GET https://packages.applied-caas-gateway1.internal.api.openai.org/artifactory/api/npm/npm-public/@eslint/plugin-kit/-/plugin-kit-0.4.1.tgz attempt 1 failed with 503
2099 http fetch GET https://packages.applied-caas-gateway1.internal.api.openai.org/artifactory/api/npm/npm-public/@eslint/eslintrc/-/eslintrc-3.3.5.tgz attempt 1 failed with 503
2100 http fetch GET https://packages.applied-caas-gateway1.internal.api.openai.org/artifactory/api/npm/npm-public/@eslint/config-array/-/config-array-0.21.2.tgz attempt 1 failed with 503
2101 http fetch GET https://packages.applied-caas-gateway1.internal.api.openai.org/artifactory/api/npm/npm-public/@esbuild-kit/core-utils/-/core-utils-3.3.2.tgz attempt 1 failed with 503
2102 http fetch GET https://packages.applied-caas-gateway1.internal.api.openai.org/artifactory/api/npm/npm-public/@emnapi/core/-/core-1.10.0.tgz attempt 1 failed with 503
2103 http fetch GET https://packages.applied-caas-gateway1.internal.api.openai.org/artifactory/api/npm/npm-public/@esbuild-kit/esm-loader/-/esm-loader-2.6.5.tgz attempt 1 failed with 503
2104 http fetch GET https://packages.applied-caas-gateway1.internal.api.openai.org/artifactory/api/npm/npm-public/@eslint/config-helpers/-/config-helpers-0.4.2.tgz attempt 1 failed with 503
2105 http fetch GET https://packages.applied-caas-gateway1.internal.api.openai.org/artifactory/api/npm/npm-public/@cloudflare/workerd-linux-64/-/workerd-linux-64-1.20260515.1.tgz attempt 1 failed with 503
2106 http fetch GET https://packages.applied-caas-gateway1.internal.api.openai.org/artifactory/api/npm/npm-public/@emnapi/wasi-threads/-/wasi-threads-1.2.1.tgz attempt 1 failed with 503
2107 http fetch GET https://packages.applied-caas-gateway1.internal.api.openai.org/artifactory/api/npm/npm-public/@esbuild/linux-x64/-/linux-x64-0.28.0.tgz attempt 1 failed with 503
2108 http fetch GET https://packages.applied-caas-gateway1.internal.api.openai.org/artifactory/api/npm/npm-public/@emnapi/runtime/-/runtime-1.10.0.tgz attempt 1 failed with 503
2109 http fetch GET https://packages.applied-caas-gateway1.internal.api.openai.org/artifactory/api/npm/npm-public/@cspotcode/source-map-support/-/source-map-support-0.8.1.tgz attempt 1 failed with 503
2110 http fetch GET https://packages.applied-caas-gateway1.internal.api.openai.org/artifactory/api/npm/npm-public/@cloudflare/vite-plugin/-/vite-plugin-1.37.1.tgz attempt 1 failed with 503
2111 http fetch GET https://packages.applied-caas-gateway1.internal.api.openai.org/artifactory/api/npm/npm-public/@drizzle-team/brocli/-/brocli-0.10.2.tgz attempt 1 failed with 503
2112 http fetch GET https://packages.applied-caas-gateway1.internal.api.openai.org/artifactory/api/npm/npm-public/@cloudflare/unenv-preset/-/unenv-preset-2.16.1.tgz attempt 1 failed with 503
2113 http fetch GET https://packages.applied-caas-gateway1.internal.api.openai.org/artifactory/api/npm/npm-public/@babel/helpers/-/helpers-7.29.2.tgz attempt 1 failed with 503
2114 http fetch GET https://packages.applied-caas-gateway1.internal.api.openai.org/artifactory/api/npm/npm-public/@babel/helper-validator-identifier/-/helper-validator-identifier-7.28.5.tgz attempt 1 failed with 503
2115 http fetch GET https://packages.applied-caas-gateway1.internal.api.openai.org/artifactory/api/npm/npm-public/@cloudflare/kv-asset-handler/-/kv-asset-handler-0.5.0.tgz attempt 1 failed with 503
2116 http fetch GET https://packages.applied-caas-gateway1.internal.api.openai.org/artifactory/api/npm/npm-public/@babel/template/-/template-7.28.6.tgz attempt 1 failed with 503
2117 http fetch GET https://packages.applied-caas-gateway1.internal.api.openai.org/artifactory/api/npm/npm-public/@babel/parser/-/parser-7.29.3.tgz attempt 1 failed with 503
2118 http fetch GET https://packages.applied-caas-gateway1.internal.api.openai.org/artifactory/api/npm/npm-public/@babel/types/-/types-7.29.0.tgz attempt 1 failed with 503
2119 http fetch GET https://packages.applied-caas-gateway1.internal.api.openai.org/artifactory/api/npm/npm-public/@babel/helper-string-parser/-/helper-string-parser-7.27.1.tgz attempt 1 failed with 503
2120 http fetch GET https://packages.applied-caas-gateway1.internal.api.openai.org/artifactory/api/npm/npm-public/@babel/helper-module-transforms/-/helper-module-transforms-7.28.6.tgz attempt 1 failed with 503
2121 http fetch GET https://packages.applied-caas-gateway1.internal.api.openai.org/artifactory/api/npm/npm-public/@babel/helper-module-imports/-/helper-module-imports-7.28.6.tgz attempt 1 failed with 503
2122 http fetch GET https://packages.applied-caas-gateway1.internal.api.openai.org/artifactory/api/npm/npm-public/@babel/helper-compilation-targets/-/helper-compilation-targets-7.28.6.tgz attempt 1 failed with 503
2123 http fetch GET https://packages.applied-caas-gateway1.internal.api.openai.org/artifactory/api/npm/npm-public/@babel/traverse/-/traverse-7.29.0.tgz attempt 1 failed with 503
2124 http fetch GET https://packages.applied-caas-gateway1.internal.api.openai.org/artifactory/api/npm/npm-public/@babel/helper-globals/-/helper-globals-7.28.0.tgz attempt 1 failed with 503
2125 http fetch GET https://packages.applied-caas-gateway1.internal.api.openai.org/artifactory/api/npm/npm-public/@babel/helper-validator-option/-/helper-validator-option-7.27.1.tgz attempt 1 failed with 503
2126 http fetch GET https://packages.applied-caas-gateway1.internal.api.openai.org/artifactory/api/npm/npm-public/@babel/compat-data/-/compat-data-7.29.3.tgz attempt 1 failed with 503
2127 http fetch GET https://packages.applied-caas-gateway1.internal.api.openai.org/artifactory/api/npm/npm-public/@babel/generator/-/generator-7.29.1.tgz attempt 1 failed with 503
2128 http fetch GET https://packages.applied-caas-gateway1.internal.api.openai.org/artifactory/api/npm/npm-public/@babel/code-frame/-/code-frame-7.29.0.tgz attempt 1 failed with 503
2129 http fetch GET https://packages.applied-caas-gateway1.internal.api.openai.org/artifactory/api/npm/npm-public/zod-validation-error/-/zod-validation-error-4.0.2.tgz attempt 1 failed with 503
2130 http fetch GET https://packages.applied-caas-gateway1.internal.api.openai.org/artifactory/api/npm/npm-public/zod/-/zod-4.4.3.tgz attempt 1 failed with 503
2131 http fetch GET https://packages.applied-caas-gateway1.internal.api.openai.org/artifactory/api/npm/npm-public/@babel/core/-/core-7.29.0.tgz attempt 1 failed with 503
2132 http fetch GET https://packages.applied-caas-gateway1.internal.api.openai.org/artifactory/api/npm/npm-public/@alloc/quick-lru/-/quick-lru-5.2.0.tgz attempt 1 failed with 503
2133 http fetch GET https://packages.applied-caas-gateway1.internal.api.openai.org/artifactory/api/npm/npm-public/yoga-layout/-/yoga-layout-3.2.1.tgz attempt 1 failed with 503
2134 http fetch GET https://packages.applied-caas-gateway1.internal.api.openai.org/artifactory/api/npm/npm-public/youch/-/youch-4.1.0-beta.10.tgz attempt 1 failed with 503
2135 http fetch GET https://packages.applied-caas-gateway1.internal.api.openai.org/artifactory/api/npm/npm-public/yocto-queue/-/yocto-queue-0.1.0.tgz attempt 1 failed with 503
2136 http fetch GET https://packages.applied-caas-gateway1.internal.api.openai.org/artifactory/api/npm/npm-public/wrangler/-/wrangler-4.92.0.tgz attempt 1 failed with 503
2137 http fetch GET https://packages.applied-caas-gateway1.internal.api.openai.org/artifactory/api/npm/npm-public/youch-core/-/youch-core-0.3.3.tgz attempt 1 failed with 503
2138 http fetch GET https://packages.applied-caas-gateway1.internal.api.openai.org/artifactory/api/npm/npm-public/word-wrap/-/word-wrap-1.2.5.tgz attempt 1 failed with 503
2139 http fetch GET https://packages.applied-caas-gateway1.internal.api.openai.org/artifactory/api/npm/npm-public/yallist/-/yallist-3.1.1.tgz attempt 1 failed with 503
2140 http fetch GET https://packages.applied-caas-gateway1.internal.api.openai.org/artifactory/api/npm/npm-public/which-typed-array/-/which-typed-array-1.1.20.tgz attempt 1 failed with 503
2141 http fetch GET https://packages.applied-caas-gateway1.internal.api.openai.org/artifactory/api/npm/npm-public/ws/-/ws-8.18.0.tgz attempt 1 failed with 503
2142 http fetch GET https://packages.applied-caas-gateway1.internal.api.openai.org/artifactory/api/npm/npm-public/workerd/-/workerd-1.20260515.1.tgz attempt 1 failed with 503
2143 http fetch GET https://packages.applied-caas-gateway1.internal.api.openai.org/artifactory/api/npm/npm-public/which-collection/-/which-collection-1.0.2.tgz attempt 1 failed with 503
2144 http fetch GET https://packages.applied-caas-gateway1.internal.api.openai.org/artifactory/api/npm/npm-public/which-builtin-type/-/which-builtin-type-1.2.1.tgz attempt 1 failed with 503
2145 http fetch GET https://packages.applied-caas-gateway1.internal.api.openai.org/artifactory/api/npm/npm-public/which-boxed-primitive/-/which-boxed-primitive-1.1.1.tgz attempt 1 failed with 503
2146 http fetch GET https://packages.applied-caas-gateway1.internal.api.openai.org/artifactory/api/npm/npm-public/watchpack/-/watchpack-2.5.1.tgz attempt 1 failed with 503
2147 http fetch GET https://packages.applied-caas-gateway1.internal.api.openai.org/artifactory/api/npm/npm-public/webpack-sources/-/webpack-sources-3.4.1.tgz attempt 1 failed with 503
2148 http fetch GET https://packages.applied-caas-gateway1.internal.api.openai.org/artifactory/api/npm/npm-public/web-vitals/-/web-vitals-4.2.4.tgz attempt 1 failed with 503
2149 http fetch GET https://packages.applied-caas-gateway1.internal.api.openai.org/artifactory/api/npm/npm-public/vite/-/vite-8.0.13.tgz attempt 1 failed with 503
2150 http fetch GET https://packages.applied-caas-gateway1.internal.api.openai.org/artifactory/api/npm/npm-public/webpack/-/webpack-5.106.2.tgz attempt 1 failed with 503
2151 http fetch GET https://packages.applied-caas-gateway1.internal.api.openai.org/artifactory/api/npm/npm-public/vitefu/-/vitefu-1.1.3.tgz attempt 1 failed with 503
2152 http fetch GET https://packages.applied-caas-gateway1.internal.api.openai.org/artifactory/api/npm/npm-public/vite-tsconfig-paths/-/vite-tsconfig-paths-6.1.1.tgz attempt 1 failed with 503
2153 http fetch GET https://packages.applied-caas-gateway1.internal.api.openai.org/artifactory/api/npm/npm-public/which/-/which-2.0.2.tgz attempt 1 failed with 503
2154 http fetch GET https://packages.applied-caas-gateway1.internal.api.openai.org/artifactory/api/npm/npm-public/vite-plugin-commonjs/-/vite-plugin-commonjs-0.10.4.tgz attempt 1 failed with 503
2155 http fetch GET https://packages.applied-caas-gateway1.internal.api.openai.org/artifactory/api/npm/npm-public/vite-plugin-dynamic-import/-/vite-plugin-dynamic-import-1.6.0.tgz attempt 1 failed with 503
2156 http fetch GET https://packages.applied-caas-gateway1.internal.api.openai.org/artifactory/api/npm/npm-public/vinext/-/vinext-0.0.50.tgz attempt 1 failed with 503
2157 http fetch GET https://packages.applied-caas-gateway1.internal.api.openai.org/artifactory/api/npm/npm-public/unenv/-/unenv-2.0.0-rc.24.tgz attempt 1 failed with 503
2158 http fetch GET https://packages.applied-caas-gateway1.internal.api.openai.org/artifactory/api/npm/npm-public/update-browserslist-db/-/update-browserslist-db-1.2.3.tgz attempt 1 failed with 503
2159 http fetch GET https://packages.applied-caas-gateway1.internal.api.openai.org/artifactory/api/npm/npm-public/unrs-resolver/-/unrs-resolver-1.11.1.tgz attempt 1 failed with 503
2160 http fetch GET https://packages.applied-caas-gateway1.internal.api.openai.org/artifactory/api/npm/npm-public/unpic/-/unpic-4.2.2.tgz attempt 1 failed with 503
2161 http fetch GET https://packages.applied-caas-gateway1.internal.api.openai.org/artifactory/api/npm/npm-public/undici/-/undici-7.24.8.tgz attempt 1 failed with 503
2162 http fetch GET https://packages.applied-caas-gateway1.internal.api.openai.org/artifactory/api/npm/npm-public/uri-js/-/uri-js-4.4.1.tgz attempt 1 failed with 503
2163 http fetch GET https://packages.applied-caas-gateway1.internal.api.openai.org/artifactory/api/npm/npm-public/undici-types/-/undici-types-6.21.0.tgz attempt 1 failed with 503
2164 http fetch GET https://packages.applied-caas-gateway1.internal.api.openai.org/artifactory/api/npm/npm-public/typescript-eslint/-/typescript-eslint-8.59.3.tgz attempt 1 failed with 503
2165 http fetch GET https://packages.applied-caas-gateway1.internal.api.openai.org/artifactory/api/npm/npm-public/typescript/-/typescript-5.9.3.tgz attempt 1 failed with 503
2166 http fetch GET https://packages.applied-caas-gateway1.internal.api.openai.org/artifactory/api/npm/npm-public/typed-array-length/-/typed-array-length-1.0.7.tgz attempt 1 failed with 503
2167 http fetch GET https://packages.applied-caas-gateway1.internal.api.openai.org/artifactory/api/npm/npm-public/unbox-primitive/-/unbox-primitive-1.1.0.tgz attempt 1 failed with 503
2168 http fetch GET https://packages.applied-caas-gateway1.internal.api.openai.org/artifactory/api/npm/npm-public/typed-array-byte-offset/-/typed-array-byte-offset-1.0.4.tgz attempt 1 failed with 503
2169 http fetch GET https://packages.applied-caas-gateway1.internal.api.openai.org/artifactory/api/npm/npm-public/typed-array-buffer/-/typed-array-buffer-1.0.3.tgz attempt 1 failed with 503
2170 http fetch GET https://packages.applied-caas-gateway1.internal.api.openai.org/artifactory/api/npm/npm-public/unicode-trie/-/unicode-trie-2.0.0.tgz attempt 1 failed with 503
2171 http fetch GET https://packages.applied-caas-gateway1.internal.api.openai.org/artifactory/api/npm/npm-public/tslib/-/tslib-2.8.1.tgz attempt 1 failed with 503
2172 http fetch GET https://packages.applied-caas-gateway1.internal.api.openai.org/artifactory/api/npm/npm-public/typed-array-byte-length/-/typed-array-byte-length-1.0.3.tgz attempt 1 failed with 503
2173 http fetch GET https://packages.applied-caas-gateway1.internal.api.openai.org/artifactory/api/npm/npm-public/turbo-stream/-/turbo-stream-3.2.0.tgz attempt 1 failed with 503
2174 http fetch GET https://packages.applied-caas-gateway1.internal.api.openai.org/artifactory/api/npm/npm-public/tsconfig-paths/-/tsconfig-paths-3.15.0.tgz attempt 1 failed with 503
2175 http fetch GET https://packages.applied-caas-gateway1.internal.api.openai.org/artifactory/api/npm/npm-public/type-check/-/type-check-0.4.0.tgz attempt 1 failed with 503
2176 http fetch GET https://packages.applied-caas-gateway1.internal.api.openai.org/artifactory/api/npm/npm-public/tsx/-/tsx-4.22.1.tgz attempt 1 failed with 503
2177 http fetch GET https://packages.applied-caas-gateway1.internal.api.openai.org/artifactory/api/npm/npm-public/tsconfck/-/tsconfck-3.1.6.tgz attempt 1 failed with 503
2178 http fetch GET https://packages.applied-caas-gateway1.internal.api.openai.org/artifactory/api/npm/npm-public/ts-api-utils/-/ts-api-utils-2.5.0.tgz attempt 1 failed with 503
2179 http fetch GET https://packages.applied-caas-gateway1.internal.api.openai.org/artifactory/api/npm/npm-public/tinyglobby/-/tinyglobby-0.2.16.tgz attempt 1 failed with 503
2180 http fetch GET https://packages.applied-caas-gateway1.internal.api.openai.org/artifactory/api/npm/npm-public/tiny-inflate/-/tiny-inflate-1.0.3.tgz attempt 1 failed with 503
2181 http fetch GET https://packages.applied-caas-gateway1.internal.api.openai.org/artifactory/api/npm/npm-public/tailwindcss/-/tailwindcss-4.2.1.tgz attempt 1 failed with 503
2182 http fetch GET https://packages.applied-caas-gateway1.internal.api.openai.org/artifactory/api/npm/npm-public/terser-webpack-plugin/-/terser-webpack-plugin-5.6.0.tgz attempt 1 failed with 503
2183 http fetch GET https://packages.applied-caas-gateway1.internal.api.openai.org/artifactory/api/npm/npm-public/styled-jsx/-/styled-jsx-5.1.6.tgz attempt 1 failed with 503
2184 http fetch GET https://packages.applied-caas-gateway1.internal.api.openai.org/artifactory/api/npm/npm-public/terser/-/terser-5.47.1.tgz attempt 1 failed with 503
2185 http fetch GET https://packages.applied-caas-gateway1.internal.api.openai.org/artifactory/api/npm/npm-public/tapable/-/tapable-2.3.3.tgz attempt 1 failed with 503
2186 http fetch GET https://packages.applied-caas-gateway1.internal.api.openai.org/artifactory/api/npm/npm-public/to-regex-range/-/to-regex-range-5.0.1.tgz attempt 1 failed with 503
2187 http fetch GET https://packages.applied-caas-gateway1.internal.api.openai.org/artifactory/api/npm/npm-public/strip-literal/-/strip-literal-3.1.0.tgz attempt 1 failed with 503
2188 http fetch GET https://packages.applied-caas-gateway1.internal.api.openai.org/artifactory/api/npm/npm-public/supports-preserve-symlinks-flag/-/supports-preserve-symlinks-flag-1.0.0.tgz attempt 1 failed with 503
2189 http fetch GET https://packages.applied-caas-gateway1.internal.api.openai.org/artifactory/api/npm/npm-public/supports-color/-/supports-color-7.2.0.tgz attempt 1 failed with 503
2190 http fetch GET https://packages.applied-caas-gateway1.internal.api.openai.org/artifactory/api/npm/npm-public/string.prototype.trimstart/-/string.prototype.trimstart-1.0.8.tgz attempt 1 failed with 503
2191 http fetch GET https://packages.applied-caas-gateway1.internal.api.openai.org/artifactory/api/npm/npm-public/string.prototype.trimend/-/string.prototype.trimend-1.0.9.tgz attempt 1 failed with 503
2192 http fetch GET https://packages.applied-caas-gateway1.internal.api.openai.org/artifactory/api/npm/npm-public/string.prototype.codepointat/-/string.prototype.codepointat-0.2.1.tgz attempt 1 failed with 503
2193 http fetch GET https://packages.applied-caas-gateway1.internal.api.openai.org/artifactory/api/npm/npm-public/strip-bom/-/strip-bom-3.0.0.tgz attempt 1 failed with 503
2194 http fetch GET https://packages.applied-caas-gateway1.internal.api.openai.org/artifactory/api/npm/npm-public/string.prototype.repeat/-/string.prototype.repeat-1.0.0.tgz attempt 1 failed with 503
2195 http fetch GET https://packages.applied-caas-gateway1.internal.api.openai.org/artifactory/api/npm/npm-public/string.prototype.matchall/-/string.prototype.matchall-4.0.12.tgz attempt 1 failed with 503
2196 http fetch GET https://packages.applied-caas-gateway1.internal.api.openai.org/artifactory/api/npm/npm-public/strip-json-comments/-/strip-json-comments-3.1.1.tgz attempt 1 failed with 503
2197 http fetch GET https://packages.applied-caas-gateway1.internal.api.openai.org/artifactory/api/npm/npm-public/string.prototype.trim/-/string.prototype.trim-1.2.10.tgz attempt 1 failed with 503
2198 http fetch GET https://packages.applied-caas-gateway1.internal.api.openai.org/artifactory/api/npm/npm-public/string.prototype.includes/-/string.prototype.includes-2.0.1.tgz attempt 1 failed with 503
2199 http fetch GET https://packages.applied-caas-gateway1.internal.api.openai.org/artifactory/api/npm/npm-public/stop-iteration-iterator/-/stop-iteration-iterator-1.1.0.tgz attempt 1 failed with 503
2200 http fetch GET https://packages.applied-caas-gateway1.internal.api.openai.org/artifactory/api/npm/npm-public/source-map-js/-/source-map-js-1.2.1.tgz attempt 1 failed with 503
2201 http fetch GET https://packages.applied-caas-gateway1.internal.api.openai.org/artifactory/api/npm/npm-public/source-map/-/source-map-0.6.1.tgz attempt 1 failed with 503
2202 http fetch GET https://packages.applied-caas-gateway1.internal.api.openai.org/artifactory/api/npm/npm-public/source-map-support/-/source-map-support-0.5.21.tgz attempt 1 failed with 503
2203 http fetch GET https://packages.applied-caas-gateway1.internal.api.openai.org/artifactory/api/npm/npm-public/stable-hash/-/stable-hash-0.0.5.tgz attempt 1 failed with 503
2204 http fetch GET https://packages.applied-caas-gateway1.internal.api.openai.org/artifactory/api/npm/npm-public/srvx/-/srvx-0.11.15.tgz attempt 1 failed with 503
2205 http fetch GET https://packages.applied-caas-gateway1.internal.api.openai.org/artifactory/api/npm/npm-public/side-channel-map/-/side-channel-map-1.0.1.tgz attempt 1 failed with 503
2206 http fetch GET https://packages.applied-caas-gateway1.internal.api.openai.org/artifactory/api/npm/npm-public/side-channel-list/-/side-channel-list-1.0.1.tgz attempt 1 failed with 503
2207 http fetch GET https://packages.applied-caas-gateway1.internal.api.openai.org/artifactory/api/npm/npm-public/side-channel-weakmap/-/side-channel-weakmap-1.0.2.tgz attempt 1 failed with 503
2208 http fetch GET https://packages.applied-caas-gateway1.internal.api.openai.org/artifactory/api/npm/npm-public/side-channel/-/side-channel-1.1.0.tgz attempt 1 failed with 503
2209 http fetch GET https://packages.applied-caas-gateway1.internal.api.openai.org/artifactory/api/npm/npm-public/sharp/-/sharp-0.34.5.tgz attempt 1 failed with 503
2210 http fetch GET https://packages.applied-caas-gateway1.internal.api.openai.org/artifactory/api/npm/npm-public/set-function-name/-/set-function-name-2.0.2.tgz attempt 1 failed with 503
2211 http fetch GET https://packages.applied-caas-gateway1.internal.api.openai.org/artifactory/api/npm/npm-public/shebang-regex/-/shebang-regex-3.0.0.tgz attempt 1 failed with 503
2212 http fetch GET https://packages.applied-caas-gateway1.internal.api.openai.org/artifactory/api/npm/npm-public/shebang-command/-/shebang-command-2.0.0.tgz attempt 1 failed with 503
2213 http fetch GET https://packages.applied-caas-gateway1.internal.api.openai.org/artifactory/api/npm/npm-public/set-proto/-/set-proto-1.0.0.tgz attempt 1 failed with 503
2214 http fetch GET https://packages.applied-caas-gateway1.internal.api.openai.org/artifactory/api/npm/npm-public/scheduler/-/scheduler-0.27.0.tgz attempt 1 failed with 503
2215 http fetch GET https://packages.applied-caas-gateway1.internal.api.openai.org/artifactory/api/npm/npm-public/set-function-length/-/set-function-length-1.2.2.tgz attempt 1 failed with 503
2216 http fetch GET https://packages.applied-caas-gateway1.internal.api.openai.org/artifactory/api/npm/npm-public/safe-push-apply/-/safe-push-apply-1.0.0.tgz attempt 1 failed with 503
2217 http fetch GET https://packages.applied-caas-gateway1.internal.api.openai.org/artifactory/api/npm/npm-public/schema-utils/-/schema-utils-4.3.3.tgz attempt 1 failed with 503
2218 http fetch GET https://packages.applied-caas-gateway1.internal.api.openai.org/artifactory/api/npm/npm-public/satori/-/satori-0.16.0.tgz attempt 1 failed with 503
2219 http fetch GET https://packages.applied-caas-gateway1.internal.api.openai.org/artifactory/api/npm/npm-public/safe-regex-test/-/safe-regex-test-1.1.0.tgz attempt 1 failed with 503
2220 http fetch GET https://packages.applied-caas-gateway1.internal.api.openai.org/artifactory/api/npm/npm-public/safe-array-concat/-/safe-array-concat-1.1.4.tgz attempt 1 failed with 503
2221 http fetch GET https://packages.applied-caas-gateway1.internal.api.openai.org/artifactory/api/npm/npm-public/semver/-/semver-6.3.1.tgz attempt 1 failed with 503
2222 http fetch GET https://packages.applied-caas-gateway1.internal.api.openai.org/artifactory/api/npm/npm-public/run-parallel/-/run-parallel-1.2.0.tgz attempt 1 failed with 503
2223 http fetch GET https://packages.applied-caas-gateway1.internal.api.openai.org/artifactory/api/npm/npm-public/reusify/-/reusify-1.1.0.tgz attempt 1 failed with 503
2224 http fetch GET https://packages.applied-caas-gateway1.internal.api.openai.org/artifactory/api/npm/npm-public/regexp.prototype.flags/-/regexp.prototype.flags-1.5.4.tgz attempt 1 failed with 503
2225 http fetch GET https://packages.applied-caas-gateway1.internal.api.openai.org/artifactory/api/npm/npm-public/resolve-pkg-maps/-/resolve-pkg-maps-1.0.0.tgz attempt 1 failed with 503
2226 http fetch GET https://packages.applied-caas-gateway1.internal.api.openai.org/artifactory/api/npm/npm-public/rolldown/-/rolldown-1.0.1.tgz attempt 1 failed with 503
2227 http fetch GET https://packages.applied-caas-gateway1.internal.api.openai.org/artifactory/api/npm/npm-public/react-server-dom-webpack/-/react-server-dom-webpack-19.2.6.tgz attempt 1 failed with 503
2228 http fetch GET https://packages.applied-caas-gateway1.internal.api.openai.org/artifactory/api/npm/npm-public/resolve-from/-/resolve-from-4.0.0.tgz attempt 1 failed with 503
2229 http fetch GET https://packages.applied-caas-gateway1.internal.api.openai.org/artifactory/api/npm/npm-public/reflect.getprototypeof/-/reflect.getprototypeof-1.0.10.tgz attempt 1 failed with 503
2230 http fetch GET https://packages.applied-caas-gateway1.internal.api.openai.org/artifactory/api/npm/npm-public/react-dom/-/react-dom-19.2.6.tgz attempt 1 failed with 503
2231 http fetch GET https://packages.applied-caas-gateway1.internal.api.openai.org/artifactory/api/npm/npm-public/resolve/-/resolve-2.0.0-next.7.tgz attempt 1 failed with 503
2232 http fetch GET https://packages.applied-caas-gateway1.internal.api.openai.org/artifactory/api/npm/npm-public/require-from-string/-/require-from-string-2.0.2.tgz attempt 1 failed with 503
2233 http fetch GET https://packages.applied-caas-gateway1.internal.api.openai.org/artifactory/api/npm/npm-public/react-is/-/react-is-16.13.1.tgz attempt 1 failed with 503
2234 http fetch GET https://packages.applied-caas-gateway1.internal.api.openai.org/artifactory/api/npm/npm-public/react/-/react-19.2.6.tgz attempt 1 failed with 503
2235 http fetch GET https://packages.applied-caas-gateway1.internal.api.openai.org/artifactory/api/npm/npm-public/postcss-value-parser/-/postcss-value-parser-4.2.0.tgz attempt 1 failed with 503
2236 http fetch GET https://packages.applied-caas-gateway1.internal.api.openai.org/artifactory/api/npm/npm-public/picomatch/-/picomatch-2.3.2.tgz attempt 1 failed with 503
2237 http fetch GET https://packages.applied-caas-gateway1.internal.api.openai.org/artifactory/api/npm/npm-public/prop-types/-/prop-types-15.8.1.tgz attempt 1 failed with 503
2238 http fetch GET https://packages.applied-caas-gateway1.internal.api.openai.org/artifactory/api/npm/npm-public/prelude-ls/-/prelude-ls-1.2.1.tgz attempt 1 failed with 503
2239 http fetch GET https://packages.applied-caas-gateway1.internal.api.openai.org/artifactory/api/npm/npm-public/queue-microtask/-/queue-microtask-1.2.3.tgz attempt 1 failed with 503
2240 http fetch GET https://packages.applied-caas-gateway1.internal.api.openai.org/artifactory/api/npm/npm-public/possible-typed-array-names/-/possible-typed-array-names-1.1.0.tgz attempt 1 failed with 503
2241 http fetch GET https://packages.applied-caas-gateway1.internal.api.openai.org/artifactory/api/npm/npm-public/punycode/-/punycode-2.3.1.tgz attempt 1 failed with 503
2242 http fetch GET https://packages.applied-caas-gateway1.internal.api.openai.org/artifactory/api/npm/npm-public/path-to-regexp/-/path-to-regexp-6.3.0.tgz attempt 1 failed with 503
2243 http fetch GET https://packages.applied-caas-gateway1.internal.api.openai.org/artifactory/api/npm/npm-public/pathe/-/pathe-2.0.3.tgz attempt 1 failed with 503
2244 http fetch GET https://packages.applied-caas-gateway1.internal.api.openai.org/artifactory/api/npm/npm-public/postcss/-/postcss-8.5.14.tgz attempt 1 failed with 503
2245 http fetch GET https://packages.applied-caas-gateway1.internal.api.openai.org/artifactory/api/npm/npm-public/path-exists/-/path-exists-4.0.0.tgz attempt 1 failed with 503
2246 http fetch GET https://packages.applied-caas-gateway1.internal.api.openai.org/artifactory/api/npm/npm-public/picocolors/-/picocolors-1.1.1.tgz attempt 1 failed with 503
2247 http fetch GET https://packages.applied-caas-gateway1.internal.api.openai.org/artifactory/api/npm/npm-public/parent-module/-/parent-module-1.0.1.tgz attempt 1 failed with 503
2248 http fetch GET https://packages.applied-caas-gateway1.internal.api.openai.org/artifactory/api/npm/npm-public/path-parse/-/path-parse-1.0.7.tgz attempt 1 failed with 503
2249 http fetch GET https://packages.applied-caas-gateway1.internal.api.openai.org/artifactory/api/npm/npm-public/path-key/-/path-key-3.1.1.tgz attempt 1 failed with 503
2250 http fetch GET https://packages.applied-caas-gateway1.internal.api.openai.org/artifactory/api/npm/npm-public/pako/-/pako-0.2.9.tgz attempt 1 failed with 503
2251 http fetch GET https://packages.applied-caas-gateway1.internal.api.openai.org/artifactory/api/npm/npm-public/parse-css-color/-/parse-css-color-0.2.1.tgz attempt 1 failed with 503
2252 http fetch GET https://packages.applied-caas-gateway1.internal.api.openai.org/artifactory/api/npm/npm-public/p-locate/-/p-locate-5.0.0.tgz attempt 1 failed with 503
2253 http fetch GET https://packages.applied-caas-gateway1.internal.api.openai.org/artifactory/api/npm/npm-public/p-limit/-/p-limit-3.1.0.tgz attempt 1 failed with 503
2254 http fetch GET https://packages.applied-caas-gateway1.internal.api.openai.org/artifactory/api/npm/npm-public/optionator/-/optionator-0.9.4.tgz attempt 1 failed with 503
2255 http fetch GET https://packages.applied-caas-gateway1.internal.api.openai.org/artifactory/api/npm/npm-public/own-keys/-/own-keys-1.0.1.tgz attempt 1 failed with 503
2256 http fetch GET https://packages.applied-caas-gateway1.internal.api.openai.org/artifactory/api/npm/npm-public/object.values/-/object.values-1.2.1.tgz attempt 1 failed with 503
2257 http fetch GET https://packages.applied-caas-gateway1.internal.api.openai.org/artifactory/api/npm/npm-public/object.groupby/-/object.groupby-1.0.3.tgz attempt 1 failed with 503
2258 http fetch GET https://packages.applied-caas-gateway1.internal.api.openai.org/artifactory/api/npm/npm-public/object.entries/-/object.entries-1.1.9.tgz attempt 1 failed with 503
2259 http fetch GET https://packages.applied-caas-gateway1.internal.api.openai.org/artifactory/api/npm/npm-public/object-assign/-/object-assign-4.1.1.tgz attempt 1 failed with 503
2260 http fetch GET https://packages.applied-caas-gateway1.internal.api.openai.org/artifactory/api/npm/npm-public/object.assign/-/object.assign-4.1.7.tgz attempt 1 failed with 503
2261 http fetch GET https://packages.applied-caas-gateway1.internal.api.openai.org/artifactory/api/npm/npm-public/node-releases/-/node-releases-2.0.44.tgz attempt 1 failed with 503
2262 http fetch GET https://packages.applied-caas-gateway1.internal.api.openai.org/artifactory/api/npm/npm-public/object.fromentries/-/object.fromentries-2.0.8.tgz attempt 1 failed with 503
2263 http fetch GET https://packages.applied-caas-gateway1.internal.api.openai.org/artifactory/api/npm/npm-public/object-keys/-/object-keys-1.1.1.tgz attempt 1 failed with 503
2264 http fetch GET https://packages.applied-caas-gateway1.internal.api.openai.org/artifactory/api/npm/npm-public/object-inspect/-/object-inspect-1.13.4.tgz attempt 1 failed with 503
2265 http fetch GET https://packages.applied-caas-gateway1.internal.api.openai.org/artifactory/api/npm/npm-public/next/-/next-16.2.6.tgz attempt 1 failed with 503
2266 http fetch GET https://packages.applied-caas-gateway1.internal.api.openai.org/artifactory/api/npm/npm-public/node-exports-info/-/node-exports-info-1.6.0.tgz attempt 1 failed with 503
2267 http fetch GET https://packages.applied-caas-gateway1.internal.api.openai.org/artifactory/api/npm/npm-public/neo-async/-/neo-async-2.6.2.tgz attempt 1 failed with 503
2268 http fetch GET https://packages.applied-caas-gateway1.internal.api.openai.org/artifactory/api/npm/npm-public/natural-compare/-/natural-compare-1.4.0.tgz attempt 1 failed with 503
2269 http fetch GET https://packages.applied-caas-gateway1.internal.api.openai.org/artifactory/api/npm/npm-public/nanoid/-/nanoid-3.3.12.tgz attempt 1 failed with 503
2270 http fetch GET https://packages.applied-caas-gateway1.internal.api.openai.org/artifactory/api/npm/npm-public/micromatch/-/micromatch-4.0.8.tgz attempt 1 failed with 503
2271 http fetch GET https://packages.applied-caas-gateway1.internal.api.openai.org/artifactory/api/npm/npm-public/minimist/-/minimist-1.2.8.tgz attempt 1 failed with 503
2272 http fetch GET https://packages.applied-caas-gateway1.internal.api.openai.org/artifactory/api/npm/npm-public/minimatch/-/minimatch-3.1.5.tgz attempt 1 failed with 503
2273 http fetch GET https://packages.applied-caas-gateway1.internal.api.openai.org/artifactory/api/npm/npm-public/napi-postinstall/-/napi-postinstall-0.3.4.tgz attempt 1 failed with 503
2274 http fetch GET https://packages.applied-caas-gateway1.internal.api.openai.org/artifactory/api/npm/npm-public/miniflare/-/miniflare-4.20260515.0.tgz attempt 1 failed with 503
2275 http fetch GET https://packages.applied-caas-gateway1.internal.api.openai.org/artifactory/api/npm/npm-public/ms/-/ms-2.1.3.tgz attempt 1 failed with 503
2276 http fetch GET https://packages.applied-caas-gateway1.internal.api.openai.org/artifactory/api/npm/npm-public/mime-db/-/mime-db-1.54.0.tgz attempt 1 failed with 503
2277 http fetch GET https://packages.applied-caas-gateway1.internal.api.openai.org/artifactory/api/npm/npm-public/lru-cache/-/lru-cache-5.1.1.tgz attempt 1 failed with 503
2278 http fetch GET https://packages.applied-caas-gateway1.internal.api.openai.org/artifactory/api/npm/npm-public/loader-runner/-/loader-runner-4.3.2.tgz attempt 1 failed with 503
2279 http fetch GET https://packages.applied-caas-gateway1.internal.api.openai.org/artifactory/api/npm/npm-public/merge-stream/-/merge-stream-2.0.0.tgz attempt 1 failed with 503
2280 http fetch GET https://packages.applied-caas-gateway1.internal.api.openai.org/artifactory/api/npm/npm-public/merge2/-/merge2-1.4.1.tgz attempt 1 failed with 503
2281 http fetch GET https://packages.applied-caas-gateway1.internal.api.openai.org/artifactory/api/npm/npm-public/lodash.merge/-/lodash.merge-4.6.2.tgz attempt 1 failed with 503
2282 http fetch GET https://packages.applied-caas-gateway1.internal.api.openai.org/artifactory/api/npm/npm-public/math-intrinsics/-/math-intrinsics-1.1.0.tgz attempt 1 failed with 503
2283 http fetch GET https://packages.applied-caas-gateway1.internal.api.openai.org/artifactory/api/npm/npm-public/loose-envify/-/loose-envify-1.4.0.tgz attempt 1 failed with 503
2284 http fetch GET https://packages.applied-caas-gateway1.internal.api.openai.org/artifactory/api/npm/npm-public/locate-path/-/locate-path-6.0.0.tgz attempt 1 failed with 503
2285 http fetch GET https://packages.applied-caas-gateway1.internal.api.openai.org/artifactory/api/npm/npm-public/magic-string/-/magic-string-0.30.21.tgz attempt 1 failed with 503
2286 http fetch GET https://packages.applied-caas-gateway1.internal.api.openai.org/artifactory/api/npm/npm-public/language-tags/-/language-tags-1.0.9.tgz attempt 1 failed with 503
2287 http fetch GET https://packages.applied-caas-gateway1.internal.api.openai.org/artifactory/api/npm/npm-public/linebreak/-/linebreak-1.1.0.tgz attempt 1 failed with 503
2288 http fetch GET https://packages.applied-caas-gateway1.internal.api.openai.org/artifactory/api/npm/npm-public/lightningcss-linux-x64-gnu/-/lightningcss-linux-x64-gnu-1.31.1.tgz attempt 1 failed with 503
2289 http fetch GET https://packages.applied-caas-gateway1.internal.api.openai.org/artifactory/api/npm/npm-public/language-subtag-registry/-/language-subtag-registry-0.3.23.tgz attempt 1 failed with 503
2290 http fetch GET https://packages.applied-caas-gateway1.internal.api.openai.org/artifactory/api/npm/npm-public/lightningcss/-/lightningcss-1.31.1.tgz attempt 1 failed with 503
2291 http fetch GET https://packages.applied-caas-gateway1.internal.api.openai.org/artifactory/api/npm/npm-public/kleur/-/kleur-4.1.5.tgz attempt 1 failed with 503
2292 http fetch GET https://packages.applied-caas-gateway1.internal.api.openai.org/artifactory/api/npm/npm-public/levn/-/levn-0.4.1.tgz attempt 1 failed with 503
2293 http fetch GET https://packages.applied-caas-gateway1.internal.api.openai.org/artifactory/api/npm/npm-public/keyv/-/keyv-4.5.4.tgz attempt 1 failed with 503
2294 http fetch GET https://packages.applied-caas-gateway1.internal.api.openai.org/artifactory/api/npm/npm-public/js-tokens/-/js-tokens-4.0.0.tgz attempt 1 failed with 503
2295 http fetch GET https://packages.applied-caas-gateway1.internal.api.openai.org/artifactory/api/npm/npm-public/json5/-/json5-2.2.3.tgz attempt 1 failed with 503
2296 http fetch GET https://packages.applied-caas-gateway1.internal.api.openai.org/artifactory/api/npm/npm-public/jsesc/-/jsesc-3.1.0.tgz attempt 1 failed with 503
2297 http fetch GET https://packages.applied-caas-gateway1.internal.api.openai.org/artifactory/api/npm/npm-public/json-buffer/-/json-buffer-3.0.1.tgz attempt 1 failed with 503
2298 http fetch GET https://packages.applied-caas-gateway1.internal.api.openai.org/artifactory/api/npm/npm-public/json-stable-stringify-without-jsonify/-/json-stable-stringify-without-jsonify-1.0.1.tgz attempt 1 failed with 503
2299 http fetch GET https://packages.applied-caas-gateway1.internal.api.openai.org/artifactory/api/npm/npm-public/jsx-ast-utils/-/jsx-ast-utils-3.3.5.tgz attempt 1 failed with 503
2300 http fetch GET https://packages.applied-caas-gateway1.internal.api.openai.org/artifactory/api/npm/npm-public/json-schema-traverse/-/json-schema-traverse-0.4.1.tgz attempt 1 failed with 503
2301 http fetch GET https://packages.applied-caas-gateway1.internal.api.openai.org/artifactory/api/npm/npm-public/jiti/-/jiti-2.7.0.tgz attempt 1 failed with 503
2302 http fetch GET https://packages.applied-caas-gateway1.internal.api.openai.org/artifactory/api/npm/npm-public/iterator.prototype/-/iterator.prototype-1.1.5.tgz attempt 1 failed with 503
2303 http fetch GET https://packages.applied-caas-gateway1.internal.api.openai.org/artifactory/api/npm/npm-public/js-yaml/-/js-yaml-4.1.1.tgz attempt 1 failed with 503
2304 http fetch GET https://packages.applied-caas-gateway1.internal.api.openai.org/artifactory/api/npm/npm-public/isarray/-/isarray-2.0.5.tgz attempt 1 failed with 503
2305 http fetch GET https://packages.applied-caas-gateway1.internal.api.openai.org/artifactory/api/npm/npm-public/isexe/-/isexe-2.0.0.tgz attempt 1 failed with 503
2306 http fetch GET https://packages.applied-caas-gateway1.internal.api.openai.org/artifactory/api/npm/npm-public/is-weakmap/-/is-weakmap-2.0.2.tgz attempt 1 failed with 503
2307 http fetch GET https://packages.applied-caas-gateway1.internal.api.openai.org/artifactory/api/npm/npm-public/is-weakref/-/is-weakref-1.1.1.tgz attempt 1 failed with 503
2308 http fetch GET https://packages.applied-caas-gateway1.internal.api.openai.org/artifactory/api/npm/npm-public/jest-worker/-/jest-worker-27.5.1.tgz attempt 1 failed with 503
2309 http fetch GET https://packages.applied-caas-gateway1.internal.api.openai.org/artifactory/api/npm/npm-public/is-weakset/-/is-weakset-2.0.4.tgz attempt 1 failed with 503
2310 http fetch GET https://packages.applied-caas-gateway1.internal.api.openai.org/artifactory/api/npm/npm-public/is-typed-array/-/is-typed-array-1.1.15.tgz attempt 1 failed with 503
2311 http fetch GET https://packages.applied-caas-gateway1.internal.api.openai.org/artifactory/api/npm/npm-public/is-symbol/-/is-symbol-1.1.1.tgz attempt 1 failed with 503
2312 http fetch GET https://packages.applied-caas-gateway1.internal.api.openai.org/artifactory/api/npm/npm-public/is-string/-/is-string-1.1.1.tgz attempt 1 failed with 503
2313 http fetch GET https://packages.applied-caas-gateway1.internal.api.openai.org/artifactory/api/npm/npm-public/is-map/-/is-map-2.0.3.tgz attempt 1 failed with 503
2314 http fetch GET https://packages.applied-caas-gateway1.internal.api.openai.org/artifactory/api/npm/npm-public/is-number-object/-/is-number-object-1.1.1.tgz attempt 1 failed with 503
2315 http fetch GET https://packages.applied-caas-gateway1.internal.api.openai.org/artifactory/api/npm/npm-public/is-shared-array-buffer/-/is-shared-array-buffer-1.0.4.tgz attempt 1 failed with 503
2316 http fetch GET https://packages.applied-caas-gateway1.internal.api.openai.org/artifactory/api/npm/npm-public/is-set/-/is-set-2.0.3.tgz attempt 1 failed with 503
2317 http fetch GET https://packages.applied-caas-gateway1.internal.api.openai.org/artifactory/api/npm/npm-public/is-number/-/is-number-7.0.0.tgz attempt 1 failed with 503
2318 http fetch GET https://packages.applied-caas-gateway1.internal.api.openai.org/artifactory/api/npm/npm-public/is-regex/-/is-regex-1.2.1.tgz attempt 1 failed with 503
2319 http fetch GET https://packages.applied-caas-gateway1.internal.api.openai.org/artifactory/api/npm/npm-public/is-generator-function/-/is-generator-function-1.1.2.tgz attempt 1 failed with 503
2320 http fetch GET https://packages.applied-caas-gateway1.internal.api.openai.org/artifactory/api/npm/npm-public/is-glob/-/is-glob-4.0.3.tgz attempt 1 failed with 503
2321 http fetch GET https://packages.applied-caas-gateway1.internal.api.openai.org/artifactory/api/npm/npm-public/is-negative-zero/-/is-negative-zero-2.0.3.tgz attempt 1 failed with 503
2322 http fetch GET https://packages.applied-caas-gateway1.internal.api.openai.org/artifactory/api/npm/npm-public/is-finalizationregistry/-/is-finalizationregistry-1.1.1.tgz attempt 1 failed with 503
2323 http fetch GET https://packages.applied-caas-gateway1.internal.api.openai.org/artifactory/api/npm/npm-public/is-callable/-/is-callable-1.2.7.tgz attempt 1 failed with 503
2324 http fetch GET https://packages.applied-caas-gateway1.internal.api.openai.org/artifactory/api/npm/npm-public/is-data-view/-/is-data-view-1.0.2.tgz attempt 1 failed with 503
2325 http fetch GET https://packages.applied-caas-gateway1.internal.api.openai.org/artifactory/api/npm/npm-public/is-extglob/-/is-extglob-2.1.1.tgz attempt 1 failed with 503
2326 http fetch GET https://packages.applied-caas-gateway1.internal.api.openai.org/artifactory/api/npm/npm-public/is-core-module/-/is-core-module-2.16.2.tgz attempt 1 failed with 503
2327 http fetch GET https://packages.applied-caas-gateway1.internal.api.openai.org/artifactory/api/npm/npm-public/is-bun-module/-/is-bun-module-2.0.0.tgz attempt 1 failed with 503
2328 http fetch GET https://packages.applied-caas-gateway1.internal.api.openai.org/artifactory/api/npm/npm-public/is-date-object/-/is-date-object-1.1.0.tgz attempt 1 failed with 503
2329 http fetch GET https://packages.applied-caas-gateway1.internal.api.openai.org/artifactory/api/npm/npm-public/is-boolean-object/-/is-boolean-object-1.2.2.tgz attempt 1 failed with 503
2330 http fetch GET https://packages.applied-caas-gateway1.internal.api.openai.org/artifactory/api/npm/npm-public/imurmurhash/-/imurmurhash-0.1.4.tgz attempt 1 failed with 503
2331 http fetch GET https://packages.applied-caas-gateway1.internal.api.openai.org/artifactory/api/npm/npm-public/is-array-buffer/-/is-array-buffer-3.0.5.tgz attempt 1 failed with 503
2332 http fetch GET https://packages.applied-caas-gateway1.internal.api.openai.org/artifactory/api/npm/npm-public/import-fresh/-/import-fresh-3.3.1.tgz attempt 1 failed with 503
2333 http fetch GET https://packages.applied-caas-gateway1.internal.api.openai.org/artifactory/api/npm/npm-public/is-async-function/-/is-async-function-2.1.1.tgz attempt 1 failed with 503
2334 http fetch GET https://packages.applied-caas-gateway1.internal.api.openai.org/artifactory/api/npm/npm-public/is-bigint/-/is-bigint-1.1.0.tgz attempt 1 failed with 503
2335 http fetch GET https://packages.applied-caas-gateway1.internal.api.openai.org/artifactory/api/npm/npm-public/hex-rgb/-/hex-rgb-4.3.0.tgz attempt 1 failed with 503
2336 http fetch GET https://packages.applied-caas-gateway1.internal.api.openai.org/artifactory/api/npm/npm-public/image-size/-/image-size-2.0.2.tgz attempt 1 failed with 503
2337 http fetch GET https://packages.applied-caas-gateway1.internal.api.openai.org/artifactory/api/npm/npm-public/ipaddr.js/-/ipaddr.js-2.4.0.tgz attempt 1 failed with 503
2338 http fetch GET https://packages.applied-caas-gateway1.internal.api.openai.org/artifactory/api/npm/npm-public/internal-slot/-/internal-slot-1.1.0.tgz attempt 1 failed with 503
2339 http fetch GET https://packages.applied-caas-gateway1.internal.api.openai.org/artifactory/api/npm/npm-public/ignore/-/ignore-5.3.2.tgz attempt 1 failed with 503
2340 http fetch GET https://packages.applied-caas-gateway1.internal.api.openai.org/artifactory/api/npm/npm-public/hermes-estree/-/hermes-estree-0.25.1.tgz attempt 1 failed with 503
2341 http fetch GET https://packages.applied-caas-gateway1.internal.api.openai.org/artifactory/api/npm/npm-public/has-flag/-/has-flag-4.0.0.tgz attempt 1 failed with 503
2342 http fetch GET https://packages.applied-caas-gateway1.internal.api.openai.org/artifactory/api/npm/npm-public/has-tostringtag/-/has-tostringtag-1.0.2.tgz attempt 1 failed with 503
2343 http fetch GET https://packages.applied-caas-gateway1.internal.api.openai.org/artifactory/api/npm/npm-public/hermes-parser/-/hermes-parser-0.25.1.tgz attempt 1 failed with 503
2344 http fetch GET https://packages.applied-caas-gateway1.internal.api.openai.org/artifactory/api/npm/npm-public/has-symbols/-/has-symbols-1.1.0.tgz attempt 1 failed with 503
2345 http fetch GET https://packages.applied-caas-gateway1.internal.api.openai.org/artifactory/api/npm/npm-public/hasown/-/hasown-2.0.3.tgz attempt 1 failed with 503
2346 http fetch GET https://packages.applied-caas-gateway1.internal.api.openai.org/artifactory/api/npm/npm-public/gopd/-/gopd-1.2.0.tgz attempt 1 failed with 503
2347 http fetch GET https://packages.applied-caas-gateway1.internal.api.openai.org/artifactory/api/npm/npm-public/has-property-descriptors/-/has-property-descriptors-1.0.2.tgz attempt 1 failed with 503
2348 http fetch GET https://packages.applied-caas-gateway1.internal.api.openai.org/artifactory/api/npm/npm-public/has-bigints/-/has-bigints-1.1.0.tgz attempt 1 failed with 503
2349 http fetch GET https://packages.applied-caas-gateway1.internal.api.openai.org/artifactory/api/npm/npm-public/globrex/-/globrex-0.1.2.tgz attempt 1 failed with 503
2350 http fetch GET https://packages.applied-caas-gateway1.internal.api.openai.org/artifactory/api/npm/npm-public/glob-parent/-/glob-parent-6.0.2.tgz attempt 1 failed with 503
2351 http fetch GET https://packages.applied-caas-gateway1.internal.api.openai.org/artifactory/api/npm/npm-public/graceful-fs/-/graceful-fs-4.2.11.tgz attempt 1 failed with 503
2352 http fetch GET https://packages.applied-caas-gateway1.internal.api.openai.org/artifactory/api/npm/npm-public/has-proto/-/has-proto-1.2.0.tgz attempt 1 failed with 503
2353 http fetch GET https://packages.applied-caas-gateway1.internal.api.openai.org/artifactory/api/npm/npm-public/get-tsconfig/-/get-tsconfig-4.14.0.tgz attempt 1 failed with 503
2354 http fetch GET https://packages.applied-caas-gateway1.internal.api.openai.org/artifactory/api/npm/npm-public/globalthis/-/globalthis-1.0.4.tgz attempt 1 failed with 503
2355 http fetch GET https://packages.applied-caas-gateway1.internal.api.openai.org/artifactory/api/npm/npm-public/glob-to-regexp/-/glob-to-regexp-0.4.1.tgz attempt 1 failed with 503
2356 http fetch GET https://packages.applied-caas-gateway1.internal.api.openai.org/artifactory/api/npm/npm-public/globals/-/globals-14.0.0.tgz attempt 1 failed with 503
2357 http fetch GET https://packages.applied-caas-gateway1.internal.api.openai.org/artifactory/api/npm/npm-public/get-symbol-description/-/get-symbol-description-1.1.0.tgz attempt 1 failed with 503
2358 http fetch GET https://packages.applied-caas-gateway1.internal.api.openai.org/artifactory/api/npm/npm-public/get-intrinsic/-/get-intrinsic-1.3.0.tgz attempt 1 failed with 503
2359 http fetch GET https://packages.applied-caas-gateway1.internal.api.openai.org/artifactory/api/npm/npm-public/generator-function/-/generator-function-2.0.1.tgz attempt 1 failed with 503
2360 http fetch GET https://packages.applied-caas-gateway1.internal.api.openai.org/artifactory/api/npm/npm-public/get-proto/-/get-proto-1.0.1.tgz attempt 1 failed with 503
2361 http fetch GET https://packages.applied-caas-gateway1.internal.api.openai.org/artifactory/api/npm/npm-public/function.prototype.name/-/function.prototype.name-1.1.8.tgz attempt 1 failed with 503
2362 http fetch GET https://packages.applied-caas-gateway1.internal.api.openai.org/artifactory/api/npm/npm-public/functions-have-names/-/functions-have-names-1.2.3.tgz attempt 1 failed with 503
2363 http fetch GET https://packages.applied-caas-gateway1.internal.api.openai.org/artifactory/api/npm/npm-public/function-bind/-/function-bind-1.1.2.tgz attempt 1 failed with 503
2364 http fetch GET https://packages.applied-caas-gateway1.internal.api.openai.org/artifactory/api/npm/npm-public/gensync/-/gensync-1.0.0-beta.2.tgz attempt 1 failed with 503
2365 http fetch GET https://packages.applied-caas-gateway1.internal.api.openai.org/artifactory/api/npm/npm-public/for-each/-/for-each-0.3.5.tgz attempt 1 failed with 503
2366 http fetch GET https://packages.applied-caas-gateway1.internal.api.openai.org/artifactory/api/npm/npm-public/find-up/-/find-up-5.0.0.tgz attempt 1 failed with 503
2367 http fetch GET https://packages.applied-caas-gateway1.internal.api.openai.org/artifactory/api/npm/npm-public/fast-levenshtein/-/fast-levenshtein-2.0.6.tgz attempt 1 failed with 503
2368 http fetch GET https://packages.applied-caas-gateway1.internal.api.openai.org/artifactory/api/npm/npm-public/flatted/-/flatted-3.4.2.tgz attempt 1 failed with 503
2369 http fetch GET https://packages.applied-caas-gateway1.internal.api.openai.org/artifactory/api/npm/npm-public/fill-range/-/fill-range-7.1.1.tgz attempt 1 failed with 503
2370 http fetch GET https://packages.applied-caas-gateway1.internal.api.openai.org/artifactory/api/npm/npm-public/flat-cache/-/flat-cache-4.0.1.tgz attempt 1 failed with 503
2371 http fetch GET https://packages.applied-caas-gateway1.internal.api.openai.org/artifactory/api/npm/npm-public/fastq/-/fastq-1.20.1.tgz attempt 1 failed with 503
2372 http fetch GET https://packages.applied-caas-gateway1.internal.api.openai.org/artifactory/api/npm/npm-public/fast-uri/-/fast-uri-3.1.2.tgz attempt 1 failed with 503
2373 http fetch GET https://packages.applied-caas-gateway1.internal.api.openai.org/artifactory/api/npm/npm-public/fflate/-/fflate-0.7.4.tgz attempt 1 failed with 503
2374 http fetch GET https://packages.applied-caas-gateway1.internal.api.openai.org/artifactory/api/npm/npm-public/events/-/events-3.3.0.tgz attempt 1 failed with 503
2375 http fetch GET https://packages.applied-caas-gateway1.internal.api.openai.org/artifactory/api/npm/npm-public/file-entry-cache/-/file-entry-cache-8.0.0.tgz attempt 1 failed with 503
2376 http fetch GET https://packages.applied-caas-gateway1.internal.api.openai.org/artifactory/api/npm/npm-public/fast-json-stable-stringify/-/fast-json-stable-stringify-2.1.0.tgz attempt 1 failed with 503
2377 http fetch GET https://packages.applied-caas-gateway1.internal.api.openai.org/artifactory/api/npm/npm-public/fast-deep-equal/-/fast-deep-equal-3.1.3.tgz attempt 1 failed with 503
2378 http fetch GET https://packages.applied-caas-gateway1.internal.api.openai.org/artifactory/api/npm/npm-public/fast-glob/-/fast-glob-3.3.1.tgz attempt 1 failed with 503
2379 http fetch GET https://packages.applied-caas-gateway1.internal.api.openai.org/artifactory/api/npm/npm-public/esquery/-/esquery-1.7.0.tgz attempt 1 failed with 503
2380 http fetch GET https://packages.applied-caas-gateway1.internal.api.openai.org/artifactory/api/npm/npm-public/estraverse/-/estraverse-5.3.0.tgz attempt 1 failed with 503
2381 http fetch GET https://packages.applied-caas-gateway1.internal.api.openai.org/artifactory/api/npm/npm-public/esutils/-/esutils-2.0.3.tgz attempt 1 failed with 503
2382 http fetch GET https://packages.applied-caas-gateway1.internal.api.openai.org/artifactory/api/npm/npm-public/estree-walker/-/estree-walker-3.0.3.tgz attempt 1 failed with 503
2383 http fetch GET https://packages.applied-caas-gateway1.internal.api.openai.org/artifactory/api/npm/npm-public/espree/-/espree-10.4.0.tgz attempt 1 failed with 503
2384 http fetch GET https://packages.applied-caas-gateway1.internal.api.openai.org/artifactory/api/npm/npm-public/eslint-plugin-jsx-a11y/-/eslint-plugin-jsx-a11y-6.10.2.tgz attempt 1 failed with 503
2385 http fetch GET https://packages.applied-caas-gateway1.internal.api.openai.org/artifactory/api/npm/npm-public/eslint-scope/-/eslint-scope-8.4.0.tgz attempt 1 failed with 503
2386 http fetch GET https://packages.applied-caas-gateway1.internal.api.openai.org/artifactory/api/npm/npm-public/eslint-visitor-keys/-/eslint-visitor-keys-4.2.1.tgz attempt 1 failed with 503
2387 http fetch GET https://packages.applied-caas-gateway1.internal.api.openai.org/artifactory/api/npm/npm-public/esrecurse/-/esrecurse-4.3.0.tgz attempt 1 failed with 503
2388 http fetch GET https://packages.applied-caas-gateway1.internal.api.openai.org/artifactory/api/npm/npm-public/eslint-plugin-react/-/eslint-plugin-react-7.37.5.tgz attempt 1 failed with 503
2389 http fetch GET https://packages.applied-caas-gateway1.internal.api.openai.org/artifactory/api/npm/npm-public/eslint-import-resolver-node/-/eslint-import-resolver-node-0.3.10.tgz attempt 1 failed with 503
2390 http fetch GET https://packages.applied-caas-gateway1.internal.api.openai.org/artifactory/api/npm/npm-public/eslint-plugin-react-hooks/-/eslint-plugin-react-hooks-7.1.1.tgz attempt 1 failed with 503
2391 http fetch GET https://packages.applied-caas-gateway1.internal.api.openai.org/artifactory/api/npm/npm-public/eslint-module-utils/-/eslint-module-utils-2.12.1.tgz attempt 1 failed with 503
2392 http fetch GET https://packages.applied-caas-gateway1.internal.api.openai.org/artifactory/api/npm/npm-public/eslint-import-resolver-typescript/-/eslint-import-resolver-typescript-3.10.1.tgz attempt 1 failed with 503
2393 http fetch GET https://packages.applied-caas-gateway1.internal.api.openai.org/artifactory/api/npm/npm-public/eslint-plugin-import/-/eslint-plugin-import-2.32.0.tgz attempt 1 failed with 503
2394 http fetch GET https://packages.applied-caas-gateway1.internal.api.openai.org/artifactory/api/npm/npm-public/eslint-config-next/-/eslint-config-next-16.2.6.tgz attempt 1 failed with 503
2395 http fetch GET https://packages.applied-caas-gateway1.internal.api.openai.org/artifactory/api/npm/npm-public/eslint/-/eslint-9.39.4.tgz attempt 1 failed with 503
2396 http fetch GET https://packages.applied-caas-gateway1.internal.api.openai.org/artifactory/api/npm/npm-public/esbuild/-/esbuild-0.28.0.tgz attempt 1 failed with 503
2397 http fetch GET https://packages.applied-caas-gateway1.internal.api.openai.org/artifactory/api/npm/npm-public/escalade/-/escalade-3.2.0.tgz attempt 1 failed with 503
2398 http fetch GET https://packages.applied-caas-gateway1.internal.api.openai.org/artifactory/api/npm/npm-public/escape-html/-/escape-html-1.0.3.tgz attempt 1 failed with 503
2399 http fetch GET https://packages.applied-caas-gateway1.internal.api.openai.org/artifactory/api/npm/npm-public/es-set-tostringtag/-/es-set-tostringtag-2.1.0.tgz attempt 1 failed with 503
2400 http fetch GET https://packages.applied-caas-gateway1.internal.api.openai.org/artifactory/api/npm/npm-public/escape-string-regexp/-/escape-string-regexp-4.0.0.tgz attempt 1 failed with 503
2401 http fetch GET https://packages.applied-caas-gateway1.internal.api.openai.org/artifactory/api/npm/npm-public/es-shim-unscopables/-/es-shim-unscopables-1.1.0.tgz attempt 1 failed with 503
2402 http fetch GET https://packages.applied-caas-gateway1.internal.api.openai.org/artifactory/api/npm/npm-public/es-abstract/-/es-abstract-1.24.2.tgz attempt 1 failed with 503
2403 http fetch GET https://packages.applied-caas-gateway1.internal.api.openai.org/artifactory/api/npm/npm-public/es-object-atoms/-/es-object-atoms-1.1.1.tgz attempt 1 failed with 503
2404 http fetch GET https://packages.applied-caas-gateway1.internal.api.openai.org/artifactory/api/npm/npm-public/es-errors/-/es-errors-1.3.0.tgz attempt 1 failed with 503
2405 http fetch GET https://packages.applied-caas-gateway1.internal.api.openai.org/artifactory/api/npm/npm-public/es-module-lexer/-/es-module-lexer-2.1.0.tgz attempt 1 failed with 503
2406 http fetch GET https://packages.applied-caas-gateway1.internal.api.openai.org/artifactory/api/npm/npm-public/es-define-property/-/es-define-property-1.0.1.tgz attempt 1 failed with 503
2407 http fetch GET https://packages.applied-caas-gateway1.internal.api.openai.org/artifactory/api/npm/npm-public/enhanced-resolve/-/enhanced-resolve-5.21.3.tgz attempt 1 failed with 503
2408 http fetch GET https://packages.applied-caas-gateway1.internal.api.openai.org/artifactory/api/npm/npm-public/es-iterator-helpers/-/es-iterator-helpers-1.3.2.tgz attempt 1 failed with 503
2409 http fetch GET https://packages.applied-caas-gateway1.internal.api.openai.org/artifactory/api/npm/npm-public/emoji-regex/-/emoji-regex-9.2.2.tgz attempt 1 failed with 503
2410 http fetch GET https://packages.applied-caas-gateway1.internal.api.openai.org/artifactory/api/npm/npm-public/error-stack-parser-es/-/error-stack-parser-es-1.0.5.tgz attempt 1 failed with 503
2411 http fetch GET https://packages.applied-caas-gateway1.internal.api.openai.org/artifactory/api/npm/npm-public/electron-to-chromium/-/electron-to-chromium-1.5.358.tgz attempt 1 failed with 503
2412 http fetch GET https://packages.applied-caas-gateway1.internal.api.openai.org/artifactory/api/npm/npm-public/define-properties/-/define-properties-1.2.1.tgz attempt 1 failed with 503
2413 http fetch GET https://packages.applied-caas-gateway1.internal.api.openai.org/artifactory/api/npm/npm-public/drizzle-orm/-/drizzle-orm-0.45.2.tgz attempt 1 failed with 503
2414 http fetch GET https://packages.applied-caas-gateway1.internal.api.openai.org/artifactory/api/npm/npm-public/dunder-proto/-/dunder-proto-1.0.1.tgz attempt 1 failed with 503
2415 http fetch GET https://packages.applied-caas-gateway1.internal.api.openai.org/artifactory/api/npm/npm-public/detect-libc/-/detect-libc-2.1.2.tgz attempt 1 failed with 503
2416 http fetch GET https://packages.applied-caas-gateway1.internal.api.openai.org/artifactory/api/npm/npm-public/emoji-regex-xs/-/emoji-regex-xs-2.0.1.tgz attempt 1 failed with 503
2417 http fetch GET https://packages.applied-caas-gateway1.internal.api.openai.org/artifactory/api/npm/npm-public/drizzle-kit/-/drizzle-kit-0.31.10.tgz attempt 1 failed with 503
2418 http fetch GET https://packages.applied-caas-gateway1.internal.api.openai.org/artifactory/api/npm/npm-public/doctrine/-/doctrine-2.1.0.tgz attempt 1 failed with 503
2419 http fetch GET https://packages.applied-caas-gateway1.internal.api.openai.org/artifactory/api/npm/npm-public/data-view-buffer/-/data-view-buffer-1.0.2.tgz attempt 1 failed with 503
2420 http fetch GET https://packages.applied-caas-gateway1.internal.api.openai.org/artifactory/api/npm/npm-public/deep-is/-/deep-is-0.1.4.tgz attempt 1 failed with 503
2421 http fetch GET https://packages.applied-caas-gateway1.internal.api.openai.org/artifactory/api/npm/npm-public/define-data-property/-/define-data-property-1.1.4.tgz attempt 1 failed with 503
2422 http fetch GET https://packages.applied-caas-gateway1.internal.api.openai.org/artifactory/api/npm/npm-public/data-view-byte-offset/-/data-view-byte-offset-1.0.1.tgz attempt 1 failed with 503
2423 http fetch GET https://packages.applied-caas-gateway1.internal.api.openai.org/artifactory/api/npm/npm-public/debug/-/debug-4.4.3.tgz attempt 1 failed with 503
2424 http fetch GET https://packages.applied-caas-gateway1.internal.api.openai.org/artifactory/api/npm/npm-public/css-gradient-parser/-/css-gradient-parser-0.0.16.tgz attempt 1 failed with 503
2425 http fetch GET https://packages.applied-caas-gateway1.internal.api.openai.org/artifactory/api/npm/npm-public/data-view-byte-length/-/data-view-byte-length-1.0.2.tgz attempt 1 failed with 503
2426 http fetch GET https://packages.applied-caas-gateway1.internal.api.openai.org/artifactory/api/npm/npm-public/css-to-react-native/-/css-to-react-native-3.2.0.tgz attempt 1 failed with 503
2427 http fetch GET https://packages.applied-caas-gateway1.internal.api.openai.org/artifactory/api/npm/npm-public/damerau-levenshtein/-/damerau-levenshtein-1.0.8.tgz attempt 1 failed with 503
2428 http fetch GET https://packages.applied-caas-gateway1.internal.api.openai.org/artifactory/api/npm/npm-public/css-color-keywords/-/css-color-keywords-1.0.0.tgz attempt 1 failed with 503
2429 http fetch GET https://packages.applied-caas-gateway1.internal.api.openai.org/artifactory/api/npm/npm-public/csstype/-/csstype-3.2.3.tgz attempt 1 failed with 503
2430 http fetch GET https://packages.applied-caas-gateway1.internal.api.openai.org/artifactory/api/npm/npm-public/css-box-shadow/-/css-box-shadow-1.0.0-3.tgz attempt 1 failed with 503
2431 http fetch GET https://packages.applied-caas-gateway1.internal.api.openai.org/artifactory/api/npm/npm-public/cross-spawn/-/cross-spawn-7.0.6.tgz attempt 1 failed with 503
2432 http fetch GET https://packages.applied-caas-gateway1.internal.api.openai.org/artifactory/api/npm/npm-public/css-background-parser/-/css-background-parser-0.1.0.tgz attempt 1 failed with 503
2433 http fetch GET https://packages.applied-caas-gateway1.internal.api.openai.org/artifactory/api/npm/npm-public/es-to-primitive/-/es-to-primitive-1.3.0.tgz attempt 1 failed with 503
2434 http fetch GET https://packages.applied-caas-gateway1.internal.api.openai.org/artifactory/api/npm/npm-public/concat-map/-/concat-map-0.0.1.tgz attempt 1 failed with 503
2435 http fetch GET https://packages.applied-caas-gateway1.internal.api.openai.org/artifactory/api/npm/npm-public/cookie/-/cookie-1.1.1.tgz attempt 1 failed with 503
2436 http fetch GET https://packages.applied-caas-gateway1.internal.api.openai.org/artifactory/api/npm/npm-public/color-convert/-/color-convert-2.0.1.tgz attempt 1 failed with 503
2437 http fetch GET https://packages.applied-caas-gateway1.internal.api.openai.org/artifactory/api/npm/npm-public/color-name/-/color-name-1.1.4.tgz attempt 1 failed with 503
2438 http fetch GET https://packages.applied-caas-gateway1.internal.api.openai.org/artifactory/api/npm/npm-public/convert-source-map/-/convert-source-map-2.0.0.tgz attempt 1 failed with 503
2439 http fetch GET https://packages.applied-caas-gateway1.internal.api.openai.org/artifactory/api/npm/npm-public/commander/-/commander-2.20.3.tgz attempt 1 failed with 503
2440 http fetch GET https://packages.applied-caas-gateway1.internal.api.openai.org/artifactory/api/npm/npm-public/client-only/-/client-only-0.0.1.tgz attempt 1 failed with 503
2441 http fetch GET https://packages.applied-caas-gateway1.internal.api.openai.org/artifactory/api/npm/npm-public/chrome-trace-event/-/chrome-trace-event-1.0.4.tgz attempt 1 failed with 503
2442 http fetch GET https://packages.applied-caas-gateway1.internal.api.openai.org/artifactory/api/npm/npm-public/call-bind-apply-helpers/-/call-bind-apply-helpers-1.0.2.tgz attempt 1 failed with 503
2443 http fetch GET https://packages.applied-caas-gateway1.internal.api.openai.org/artifactory/api/npm/npm-public/chalk/-/chalk-4.1.2.tgz attempt 1 failed with 503
2444 http fetch GET https://packages.applied-caas-gateway1.internal.api.openai.org/artifactory/api/npm/npm-public/callsites/-/callsites-3.1.0.tgz attempt 1 failed with 503
2445 http fetch GET https://packages.applied-caas-gateway1.internal.api.openai.org/artifactory/api/npm/npm-public/caniuse-lite/-/caniuse-lite-1.0.30001793.tgz attempt 1 failed with 503
2446 http fetch GET https://packages.applied-caas-gateway1.internal.api.openai.org/artifactory/api/npm/npm-public/call-bind/-/call-bind-1.0.9.tgz attempt 1 failed with 503
2447 http fetch GET https://packages.applied-caas-gateway1.internal.api.openai.org/artifactory/api/npm/npm-public/camelize/-/camelize-1.0.1.tgz attempt 1 failed with 503
2448 http fetch GET https://packages.applied-caas-gateway1.internal.api.openai.org/artifactory/api/npm/npm-public/buffer-from/-/buffer-from-1.1.2.tgz attempt 1 failed with 503
2449 http fetch GET https://packages.applied-caas-gateway1.internal.api.openai.org/artifactory/api/npm/npm-public/browserslist/-/browserslist-4.28.2.tgz attempt 1 failed with 503
2450 http fetch GET https://packages.applied-caas-gateway1.internal.api.openai.org/artifactory/api/npm/npm-public/call-bound/-/call-bound-1.0.4.tgz attempt 1 failed with 503
2451 http fetch GET https://packages.applied-caas-gateway1.internal.api.openai.org/artifactory/api/npm/npm-public/brace-expansion/-/brace-expansion-1.1.14.tgz attempt 1 failed with 503
2452 http fetch GET https://packages.applied-caas-gateway1.internal.api.openai.org/artifactory/api/npm/npm-public/braces/-/braces-3.0.3.tgz attempt 1 failed with 503
2453 http fetch GET https://packages.applied-caas-gateway1.internal.api.openai.org/artifactory/api/npm/npm-public/axobject-query/-/axobject-query-4.1.0.tgz attempt 1 failed with 503
2454 http fetch GET https://packages.applied-caas-gateway1.internal.api.openai.org/artifactory/api/npm/npm-public/blake3-wasm/-/blake3-wasm-2.1.5.tgz attempt 1 failed with 503
2455 http fetch GET https://packages.applied-caas-gateway1.internal.api.openai.org/artifactory/api/npm/npm-public/balanced-match/-/balanced-match-1.0.2.tgz attempt 1 failed with 503
2456 http fetch GET https://packages.applied-caas-gateway1.internal.api.openai.org/artifactory/api/npm/npm-public/base64-js/-/base64-js-0.0.8.tgz attempt 1 failed with 503
2457 http fetch GET https://packages.applied-caas-gateway1.internal.api.openai.org/artifactory/api/npm/npm-public/available-typed-arrays/-/available-typed-arrays-1.0.7.tgz attempt 1 failed with 503
2458 http fetch GET https://packages.applied-caas-gateway1.internal.api.openai.org/artifactory/api/npm/npm-public/async-function/-/async-function-1.0.0.tgz attempt 1 failed with 503
2459 http fetch GET https://packages.applied-caas-gateway1.internal.api.openai.org/artifactory/api/npm/npm-public/baseline-browser-mapping/-/baseline-browser-mapping-2.10.30.tgz attempt 1 failed with 503
2460 http fetch GET https://packages.applied-caas-gateway1.internal.api.openai.org/artifactory/api/npm/npm-public/axe-core/-/axe-core-4.11.4.tgz attempt 1 failed with 503
2461 http fetch GET https://packages.applied-caas-gateway1.internal.api.openai.org/artifactory/api/npm/npm-public/ast-types-flow/-/ast-types-flow-0.0.8.tgz attempt 1 failed with 503
2462 http fetch GET https://packages.applied-caas-gateway1.internal.api.openai.org/artifactory/api/npm/npm-public/arraybuffer.prototype.slice/-/arraybuffer.prototype.slice-1.0.4.tgz attempt 1 failed with 503
2463 http fetch GET https://packages.applied-caas-gateway1.internal.api.openai.org/artifactory/api/npm/npm-public/array.prototype.flatmap/-/array.prototype.flatmap-1.3.3.tgz attempt 1 failed with 503
2464 http fetch GET https://packages.applied-caas-gateway1.internal.api.openai.org/artifactory/api/npm/npm-public/array.prototype.flat/-/array.prototype.flat-1.3.3.tgz attempt 1 failed with 503
2465 http fetch GET https://packages.applied-caas-gateway1.internal.api.openai.org/artifactory/api/npm/npm-public/array.prototype.findlast/-/array.prototype.findlast-1.2.5.tgz attempt 1 failed with 503
2466 http fetch GET https://packages.applied-caas-gateway1.internal.api.openai.org/artifactory/api/npm/npm-public/array.prototype.tosorted/-/array.prototype.tosorted-1.1.4.tgz attempt 1 failed with 503
2467 http fetch GET https://packages.applied-caas-gateway1.internal.api.openai.org/artifactory/api/npm/npm-public/array.prototype.findlastindex/-/array.prototype.findlastindex-1.2.6.tgz attempt 1 failed with 503
2468 http fetch GET https://packages.applied-caas-gateway1.internal.api.openai.org/artifactory/api/npm/npm-public/acorn-loose/-/acorn-loose-8.5.2.tgz attempt 1 failed with 503
2469 http fetch GET https://packages.applied-caas-gateway1.internal.api.openai.org/artifactory/api/npm/npm-public/aria-query/-/aria-query-5.3.2.tgz attempt 1 failed with 503
2470 http fetch GET https://packages.applied-caas-gateway1.internal.api.openai.org/artifactory/api/npm/npm-public/argparse/-/argparse-2.0.1.tgz attempt 1 failed with 503
2471 http fetch GET https://packages.applied-caas-gateway1.internal.api.openai.org/artifactory/api/npm/npm-public/array-includes/-/array-includes-3.1.9.tgz attempt 1 failed with 503
2472 http fetch GET https://packages.applied-caas-gateway1.internal.api.openai.org/artifactory/api/npm/npm-public/ajv-formats/-/ajv-formats-2.1.1.tgz attempt 1 failed with 503
2473 http fetch GET https://packages.applied-caas-gateway1.internal.api.openai.org/artifactory/api/npm/npm-public/ajv/-/ajv-6.15.0.tgz attempt 1 failed with 503
2474 http fetch GET https://packages.applied-caas-gateway1.internal.api.openai.org/artifactory/api/npm/npm-public/array-buffer-byte-length/-/array-buffer-byte-length-1.0.2.tgz attempt 1 failed with 503
2475 http fetch GET https://packages.applied-caas-gateway1.internal.api.openai.org/artifactory/api/npm/npm-public/eslint-visitor-keys/-/eslint-visitor-keys-5.0.1.tgz attempt 1 failed with 503
2476 http fetch GET https://packages.applied-caas-gateway1.internal.api.openai.org/artifactory/api/npm/npm-public/ansi-styles/-/ansi-styles-4.3.0.tgz attempt 1 failed with 503
2477 http fetch GET https://packages.applied-caas-gateway1.internal.api.openai.org/artifactory/api/npm/npm-public/acorn-jsx/-/acorn-jsx-5.3.2.tgz attempt 1 failed with 503
2478 http fetch GET https://packages.applied-caas-gateway1.internal.api.openai.org/artifactory/api/npm/npm-public/@rolldown/pluginutils/-/pluginutils-1.0.0-rc.18.tgz attempt 1 failed with 503
2479 http fetch GET https://packages.applied-caas-gateway1.internal.api.openai.org/artifactory/api/npm/npm-public/acorn/-/acorn-8.16.0.tgz attempt 1 failed with 503
2480 http fetch GET https://packages.applied-caas-gateway1.internal.api.openai.org/artifactory/api/npm/npm-public/semver/-/semver-7.8.0.tgz attempt 1 failed with 503
2481 http fetch GET https://packages.applied-caas-gateway1.internal.api.openai.org/artifactory/api/npm/npm-public/acorn-import-phases/-/acorn-import-phases-1.0.4.tgz attempt 1 failed with 503
2482 http fetch GET https://packages.applied-caas-gateway1.internal.api.openai.org/artifactory/api/npm/npm-public/minimatch/-/minimatch-10.2.5.tgz attempt 1 failed with 503
2483 http fetch GET https://packages.applied-caas-gateway1.internal.api.openai.org/artifactory/api/npm/npm-public/brace-expansion/-/brace-expansion-5.0.6.tgz attempt 1 failed with 503
2484 http fetch GET https://packages.applied-caas-gateway1.internal.api.openai.org/artifactory/api/npm/npm-public/balanced-match/-/balanced-match-4.0.4.tgz attempt 1 failed with 503
2485 http fetch GET https://packages.applied-caas-gateway1.internal.api.openai.org/artifactory/api/npm/npm-public/supports-color/-/supports-color-10.2.2.tgz attempt 1 failed with 503
2486 http fetch GET https://packages.applied-caas-gateway1.internal.api.openai.org/artifactory/api/npm/npm-public/esbuild/-/esbuild-0.18.20.tgz attempt 1 failed with 503
2487 http fetch GET https://packages.applied-caas-gateway1.internal.api.openai.org/artifactory/api/npm/npm-public/eslint-visitor-keys/-/eslint-visitor-keys-3.4.3.tgz attempt 1 failed with 503
2488 http fetch GET https://packages.applied-caas-gateway1.internal.api.openai.org/artifactory/api/npm/npm-public/ignore/-/ignore-7.0.5.tgz attempt 1 failed with 503
2489 http fetch GET https://packages.applied-caas-gateway1.internal.api.openai.org/artifactory/api/npm/npm-public/eslint-scope/-/eslint-scope-5.1.1.tgz attempt 1 failed with 503
2490 http fetch GET https://packages.applied-caas-gateway1.internal.api.openai.org/artifactory/api/npm/npm-public/@napi-rs/wasm-runtime/-/wasm-runtime-1.1.4.tgz attempt 1 failed with 503
2491 http fetch GET https://packages.applied-caas-gateway1.internal.api.openai.org/artifactory/api/npm/npm-public/@esbuild/linux-x64/-/linux-x64-0.18.20.tgz attempt 1 failed with 503
2492 http fetch GET https://packages.applied-caas-gateway1.internal.api.openai.org/artifactory/api/npm/npm-public/@esbuild/linux-x64/-/linux-x64-0.27.3.tgz attempt 1 failed with 503
2493 http fetch GET https://packages.applied-caas-gateway1.internal.api.openai.org/artifactory/api/npm/npm-public/@jridgewell/trace-mapping/-/trace-mapping-0.3.9.tgz attempt 1 failed with 503
2494 http fetch GET https://packages.applied-caas-gateway1.internal.api.openai.org/artifactory/api/npm/npm-public/estraverse/-/estraverse-4.3.0.tgz attempt 1 failed with 503
2495 http fetch GET https://packages.applied-caas-gateway1.internal.api.openai.org/artifactory/api/npm/npm-public/esbuild/-/esbuild-0.27.3.tgz attempt 1 failed with 503
2496 http fetch GET https://packages.applied-caas-gateway1.internal.api.openai.org/artifactory/api/npm/npm-public/lightningcss-linux-x64-gnu/-/lightningcss-linux-x64-gnu-1.32.0.tgz attempt 1 failed with 503
2497 http fetch GET https://packages.applied-caas-gateway1.internal.api.openai.org/artifactory/api/npm/npm-public/glob-parent/-/glob-parent-5.1.2.tgz attempt 1 failed with 503
2498 http fetch GET https://packages.applied-caas-gateway1.internal.api.openai.org/artifactory/api/npm/npm-public/es-module-lexer/-/es-module-lexer-1.7.0.tgz attempt 1 failed with 503
2499 http fetch GET https://packages.applied-caas-gateway1.internal.api.openai.org/artifactory/api/npm/npm-public/json5/-/json5-1.0.2.tgz attempt 1 failed with 503
2500 http fetch GET https://packages.applied-caas-gateway1.internal.api.openai.org/artifactory/api/npm/npm-public/fdir/-/fdir-6.5.0.tgz attempt 1 failed with 503
2501 http fetch GET https://packages.applied-caas-gateway1.internal.api.openai.org/artifactory/api/npm/npm-public/picomatch/-/picomatch-4.0.4.tgz attempt 1 failed with 503
2502 http fetch GET https://packages.applied-caas-gateway1.internal.api.openai.org/artifactory/api/npm/npm-public/lightningcss/-/lightningcss-1.32.0.tgz attempt 1 failed with 503
2503 http fetch GET https://packages.applied-caas-gateway1.internal.api.openai.org/artifactory/api/npm/npm-public/fast-glob/-/fast-glob-3.3.3.tgz attempt 1 failed with 503
2504 http fetch GET https://packages.applied-caas-gateway1.internal.api.openai.org/artifactory/api/npm/npm-public/semver/-/semver-7.8.0.tgz attempt 1 failed with 503
2505 http fetch GET https://packages.applied-caas-gateway1.internal.api.openai.org/artifactory/api/npm/npm-public/json-schema-traverse/-/json-schema-traverse-1.0.0.tgz attempt 1 failed with 503
2506 http fetch GET https://packages.applied-caas-gateway1.internal.api.openai.org/artifactory/api/npm/npm-public/ajv/-/ajv-8.20.0.tgz attempt 1 failed with 503
2507 http fetch GET https://packages.applied-caas-gateway1.internal.api.openai.org/artifactory/api/npm/npm-public/picomatch/-/picomatch-4.0.4.tgz attempt 1 failed with 503
2508 http fetch GET https://packages.applied-caas-gateway1.internal.api.openai.org/artifactory/api/npm/npm-public/ajv-keywords/-/ajv-keywords-5.1.0.tgz attempt 1 failed with 503
2509 http fetch GET https://packages.applied-caas-gateway1.internal.api.openai.org/artifactory/api/npm/npm-public/js-tokens/-/js-tokens-9.0.1.tgz attempt 1 failed with 503
2510 http fetch GET https://packages.applied-caas-gateway1.internal.api.openai.org/artifactory/api/npm/npm-public/supports-color/-/supports-color-8.1.1.tgz attempt 1 failed with 503
2511 http fetch GET https://packages.applied-caas-gateway1.internal.api.openai.org/artifactory/api/npm/npm-public/postcss/-/postcss-8.4.31.tgz attempt 1 failed with 503
2512 http fetch GET https://packages.applied-caas-gateway1.internal.api.openai.org/artifactory/api/npm/npm-public/debug/-/debug-3.2.7.tgz attempt 1 failed with 503
2513 http fetch GET https://packages.applied-caas-gateway1.internal.api.openai.org/artifactory/api/npm/npm-public/semver/-/semver-7.8.0.tgz attempt 1 failed with 503
2514 http fetch GET https://packages.applied-caas-gateway1.internal.api.openai.org/artifactory/api/npm/npm-public/debug/-/debug-3.2.7.tgz attempt 1 failed with 503
2515 http fetch GET https://packages.applied-caas-gateway1.internal.api.openai.org/artifactory/api/npm/npm-public/globals/-/globals-16.4.0.tgz attempt 1 failed with 503
2516 http fetch GET https://packages.applied-caas-gateway1.internal.api.openai.org/artifactory/api/npm/npm-public/glob-parent/-/glob-parent-5.1.2.tgz attempt 1 failed with 503
2517 http fetch GET https://packages.applied-caas-gateway1.internal.api.openai.org/artifactory/api/npm/npm-public/esbuild/-/esbuild-0.25.12.tgz attempt 1 failed with 503
2518 http fetch GET https://packages.applied-caas-gateway1.internal.api.openai.org/artifactory/api/npm/npm-public/@esbuild/linux-x64/-/linux-x64-0.25.12.tgz attempt 1 failed with 503
2519 http fetch GET https://packages.applied-caas-gateway1.internal.api.openai.org/artifactory/api/npm/npm-public/debug/-/debug-3.2.7.tgz attempt 1 failed with 503
2520 http fetch GET https://packages.applied-caas-gateway1.internal.api.openai.org/artifactory/api/npm/npm-public/json-schema-traverse/-/json-schema-traverse-1.0.0.tgz attempt 1 failed with 503
2521 http fetch GET https://packages.applied-caas-gateway1.internal.api.openai.org/artifactory/api/npm/npm-public/ajv/-/ajv-8.20.0.tgz attempt 1 failed with 503
2522 http fetch GET https://packages.applied-caas-gateway1.internal.api.openai.org/artifactory/api/npm/npm-public/@webassemblyjs/ast/-/ast-1.14.1.tgz attempt 2 failed with 503
2523 http fetch GET https://packages.applied-caas-gateway1.internal.api.openai.org/artifactory/api/npm/npm-public/@webassemblyjs/wast-printer/-/wast-printer-1.14.1.tgz attempt 2 failed with 503
2524 http fetch GET https://packages.applied-caas-gateway1.internal.api.openai.org/artifactory/api/npm/npm-public/@webassemblyjs/leb128/-/leb128-1.13.2.tgz attempt 2 failed with 503
2525 http fetch GET https://packages.applied-caas-gateway1.internal.api.openai.org/artifactory/api/npm/npm-public/@webassemblyjs/ieee754/-/ieee754-1.13.2.tgz attempt 2 failed with 503
2526 http fetch GET https://packages.applied-caas-gateway1.internal.api.openai.org/artifactory/api/npm/npm-public/@webassemblyjs/wasm-parser/-/wasm-parser-1.14.1.tgz attempt 2 failed with 503
2527 http fetch GET https://packages.applied-caas-gateway1.internal.api.openai.org/artifactory/api/npm/npm-public/@webassemblyjs/helper-wasm-section/-/helper-wasm-section-1.14.1.tgz attempt 2 failed with 503
2528 http fetch GET https://packages.applied-caas-gateway1.internal.api.openai.org/artifactory/api/npm/npm-public/@webassemblyjs/floating-point-hex-parser/-/floating-point-hex-parser-1.13.2.tgz attempt 2 failed with 503
2529 http fetch GET https://packages.applied-caas-gateway1.internal.api.openai.org/artifactory/api/npm/npm-public/@webassemblyjs/helper-api-error/-/helper-api-error-1.13.2.tgz attempt 2 failed with 503
2530 http fetch GET https://packages.applied-caas-gateway1.internal.api.openai.org/artifactory/api/npm/npm-public/@webassemblyjs/wasm-gen/-/wasm-gen-1.14.1.tgz attempt 2 failed with 503
2531 http fetch GET https://packages.applied-caas-gateway1.internal.api.openai.org/artifactory/api/npm/npm-public/@webassemblyjs/wasm-opt/-/wasm-opt-1.14.1.tgz attempt 2 failed with 503
2532 http fetch GET https://packages.applied-caas-gateway1.internal.api.openai.org/artifactory/api/npm/npm-public/@webassemblyjs/helper-buffer/-/helper-buffer-1.14.1.tgz attempt 2 failed with 503
2533 http fetch GET https://packages.applied-caas-gateway1.internal.api.openai.org/artifactory/api/npm/npm-public/@webassemblyjs/helper-wasm-bytecode/-/helper-wasm-bytecode-1.13.2.tgz attempt 2 failed with 503
2534 http fetch GET https://packages.applied-caas-gateway1.internal.api.openai.org/artifactory/api/npm/npm-public/@vercel/og/-/og-0.8.6.tgz attempt 2 failed with 503
2535 http fetch GET https://packages.applied-caas-gateway1.internal.api.openai.org/artifactory/api/npm/npm-public/@xtuc/ieee754/-/ieee754-1.2.0.tgz attempt 2 failed with 503
2536 http fetch GET https://packages.applied-caas-gateway1.internal.api.openai.org/artifactory/api/npm/npm-public/@vitejs/plugin-react/-/plugin-react-6.0.2.tgz attempt 2 failed with 503
2537 http fetch GET https://packages.applied-caas-gateway1.internal.api.openai.org/artifactory/api/npm/npm-public/@webassemblyjs/wasm-edit/-/wasm-edit-1.14.1.tgz attempt 2 failed with 503
2538 http fetch GET https://packages.applied-caas-gateway1.internal.api.openai.org/artifactory/api/npm/npm-public/@webassemblyjs/helper-numbers/-/helper-numbers-1.13.2.tgz attempt 2 failed with 503
2539 http fetch GET https://packages.applied-caas-gateway1.internal.api.openai.org/artifactory/api/npm/npm-public/@xtuc/long/-/long-4.2.2.tgz attempt 2 failed with 503
2540 http fetch GET https://packages.applied-caas-gateway1.internal.api.openai.org/artifactory/api/npm/npm-public/@unpic/react/-/react-1.0.2.tgz attempt 2 failed with 503
2541 http fetch GET https://packages.applied-caas-gateway1.internal.api.openai.org/artifactory/api/npm/npm-public/@unrs/resolver-binding-linux-x64-gnu/-/resolver-binding-linux-x64-gnu-1.11.1.tgz attempt 2 failed with 503
2542 http fetch GET https://packages.applied-caas-gateway1.internal.api.openai.org/artifactory/api/npm/npm-public/@unpic/core/-/core-1.0.3.tgz attempt 2 failed with 503
2543 http fetch GET https://packages.applied-caas-gateway1.internal.api.openai.org/artifactory/api/npm/npm-public/@typescript-eslint/typescript-estree/-/typescript-estree-8.59.3.tgz attempt 2 failed with 503
2544 http fetch GET https://packages.applied-caas-gateway1.internal.api.openai.org/artifactory/api/npm/npm-public/@typescript-eslint/scope-manager/-/scope-manager-8.59.3.tgz attempt 2 failed with 503
2545 http fetch GET https://packages.applied-caas-gateway1.internal.api.openai.org/artifactory/api/npm/npm-public/@vitejs/plugin-rsc/-/plugin-rsc-0.5.26.tgz attempt 2 failed with 503
2546 http fetch GET https://packages.applied-caas-gateway1.internal.api.openai.org/artifactory/api/npm/npm-public/@typescript-eslint/utils/-/utils-8.59.3.tgz attempt 2 failed with 503
2547 http fetch GET https://packages.applied-caas-gateway1.internal.api.openai.org/artifactory/api/npm/npm-public/@webassemblyjs/utf8/-/utf8-1.13.2.tgz attempt 2 failed with 503
2548 http fetch GET https://packages.applied-caas-gateway1.internal.api.openai.org/artifactory/api/npm/npm-public/@typescript-eslint/visitor-keys/-/visitor-keys-8.59.3.tgz attempt 2 failed with 503
2549 http fetch GET https://packages.applied-caas-gateway1.internal.api.openai.org/artifactory/api/npm/npm-public/@typescript-eslint/types/-/types-8.59.3.tgz attempt 2 failed with 503
2550 http fetch GET https://packages.applied-caas-gateway1.internal.api.openai.org/artifactory/api/npm/npm-public/@typescript-eslint/type-utils/-/type-utils-8.59.3.tgz attempt 2 failed with 503
2551 http fetch GET https://packages.applied-caas-gateway1.internal.api.openai.org/artifactory/api/npm/npm-public/@typescript-eslint/tsconfig-utils/-/tsconfig-utils-8.59.3.tgz attempt 2 failed with 503
2552 http fetch GET https://packages.applied-caas-gateway1.internal.api.openai.org/artifactory/api/npm/npm-public/@typescript-eslint/parser/-/parser-8.59.3.tgz attempt 2 failed with 503
2553 http fetch GET https://packages.applied-caas-gateway1.internal.api.openai.org/artifactory/api/npm/npm-public/@typescript-eslint/eslint-plugin/-/eslint-plugin-8.59.3.tgz attempt 2 failed with 503
2554 http fetch GET https://packages.applied-caas-gateway1.internal.api.openai.org/artifactory/api/npm/npm-public/@types/eslint-scope/-/eslint-scope-3.7.7.tgz attempt 2 failed with 503
2555 http fetch GET https://packages.applied-caas-gateway1.internal.api.openai.org/artifactory/api/npm/npm-public/@types/eslint/-/eslint-9.6.1.tgz attempt 2 failed with 503
2556 http fetch GET https://packages.applied-caas-gateway1.internal.api.openai.org/artifactory/api/npm/npm-public/@typescript-eslint/project-service/-/project-service-8.59.3.tgz attempt 2 failed with 503
2557 http fetch GET https://packages.applied-caas-gateway1.internal.api.openai.org/artifactory/api/npm/npm-public/@types/react/-/react-19.2.14.tgz attempt 2 failed with 503
2558 http fetch GET https://packages.applied-caas-gateway1.internal.api.openai.org/artifactory/api/npm/npm-public/@types/node/-/node-22.19.19.tgz attempt 2 failed with 503
2559 http fetch GET https://packages.applied-caas-gateway1.internal.api.openai.org/artifactory/api/npm/npm-public/@types/estree/-/estree-1.0.9.tgz attempt 2 failed with 503
2560 http fetch GET https://packages.applied-caas-gateway1.internal.api.openai.org/artifactory/api/npm/npm-public/@tybys/wasm-util/-/wasm-util-0.10.2.tgz attempt 2 failed with 503
2561 http fetch GET https://packages.applied-caas-gateway1.internal.api.openai.org/artifactory/api/npm/npm-public/@types/json-schema/-/json-schema-7.0.15.tgz attempt 2 failed with 503
2562 http fetch GET https://packages.applied-caas-gateway1.internal.api.openai.org/artifactory/api/npm/npm-public/@types/react-dom/-/react-dom-19.2.3.tgz attempt 2 failed with 503
2563 http fetch GET https://packages.applied-caas-gateway1.internal.api.openai.org/artifactory/api/npm/npm-public/@tailwindcss/oxide-linux-x64-gnu/-/oxide-linux-x64-gnu-4.2.1.tgz attempt 2 failed with 503
2564 http fetch GET https://packages.applied-caas-gateway1.internal.api.openai.org/artifactory/api/npm/npm-public/@types/json5/-/json5-0.0.29.tgz attempt 2 failed with 503
2565 http fetch GET https://packages.applied-caas-gateway1.internal.api.openai.org/artifactory/api/npm/npm-public/@swc/helpers/-/helpers-0.5.15.tgz attempt 2 failed with 503
2566 http fetch GET https://packages.applied-caas-gateway1.internal.api.openai.org/artifactory/api/npm/npm-public/@tailwindcss/node/-/node-4.2.1.tgz attempt 2 failed with 503
2567 http fetch GET https://packages.applied-caas-gateway1.internal.api.openai.org/artifactory/api/npm/npm-public/@speed-highlight/core/-/core-1.2.15.tgz attempt 2 failed with 503
2568 http fetch GET https://packages.applied-caas-gateway1.internal.api.openai.org/artifactory/api/npm/npm-public/@tailwindcss/oxide/-/oxide-4.2.1.tgz attempt 2 failed with 503
2569 http fetch GET https://packages.applied-caas-gateway1.internal.api.openai.org/artifactory/api/npm/npm-public/@rtsao/scc/-/scc-1.1.0.tgz attempt 2 failed with 503
2570 http fetch GET https://packages.applied-caas-gateway1.internal.api.openai.org/artifactory/api/npm/npm-public/@tailwindcss/postcss/-/postcss-4.2.1.tgz attempt 2 failed with 503
2571 http fetch GET https://packages.applied-caas-gateway1.internal.api.openai.org/artifactory/api/npm/npm-public/@rolldown/pluginutils/-/pluginutils-1.0.1.tgz attempt 2 failed with 503
2572 http fetch GET https://packages.applied-caas-gateway1.internal.api.openai.org/artifactory/api/npm/npm-public/@rolldown/binding-linux-x64-gnu/-/binding-linux-x64-gnu-1.0.1.tgz attempt 2 failed with 503
2573 http fetch GET https://packages.applied-caas-gateway1.internal.api.openai.org/artifactory/api/npm/npm-public/@poppinss/dumper/-/dumper-0.6.5.tgz attempt 2 failed with 503
2574 http fetch GET https://packages.applied-caas-gateway1.internal.api.openai.org/artifactory/api/npm/npm-public/@shuding/opentype.js/-/opentype.js-1.4.0-beta.0.tgz attempt 2 failed with 503
2575 http fetch GET https://packages.applied-caas-gateway1.internal.api.openai.org/artifactory/api/npm/npm-public/@resvg/resvg-wasm/-/resvg-wasm-2.4.0.tgz attempt 2 failed with 503
2576 http fetch GET https://packages.applied-caas-gateway1.internal.api.openai.org/artifactory/api/npm/npm-public/@nolyfill/is-core-module/-/is-core-module-1.0.39.tgz attempt 2 failed with 503
2577 http fetch GET https://packages.applied-caas-gateway1.internal.api.openai.org/artifactory/api/npm/npm-public/@nodelib/fs.stat/-/fs.stat-2.0.5.tgz attempt 2 failed with 503
2578 http fetch GET https://packages.applied-caas-gateway1.internal.api.openai.org/artifactory/api/npm/npm-public/@oxc-project/types/-/types-0.130.0.tgz attempt 2 failed with 503
2579 http fetch GET https://packages.applied-caas-gateway1.internal.api.openai.org/artifactory/api/npm/npm-public/@nodelib/fs.scandir/-/fs.scandir-2.1.5.tgz attempt 2 failed with 503
2580 http fetch GET https://packages.applied-caas-gateway1.internal.api.openai.org/artifactory/api/npm/npm-public/@sindresorhus/is/-/is-7.2.0.tgz attempt 2 failed with 503
2581 http fetch GET https://packages.applied-caas-gateway1.internal.api.openai.org/artifactory/api/npm/npm-public/@poppinss/colors/-/colors-4.1.6.tgz attempt 2 failed with 503
2582 http fetch GET https://packages.applied-caas-gateway1.internal.api.openai.org/artifactory/api/npm/npm-public/@poppinss/exception/-/exception-1.2.3.tgz attempt 2 failed with 503
2583 http fetch GET https://packages.applied-caas-gateway1.internal.api.openai.org/artifactory/api/npm/npm-public/@nodelib/fs.walk/-/fs.walk-1.2.8.tgz attempt 2 failed with 503
2584 http fetch GET https://packages.applied-caas-gateway1.internal.api.openai.org/artifactory/api/npm/npm-public/@napi-rs/wasm-runtime/-/wasm-runtime-0.2.12.tgz attempt 2 failed with 503
2585 http fetch GET https://packages.applied-caas-gateway1.internal.api.openai.org/artifactory/api/npm/npm-public/@jridgewell/sourcemap-codec/-/sourcemap-codec-1.5.5.tgz attempt 2 failed with 503
2586 http fetch GET https://packages.applied-caas-gateway1.internal.api.openai.org/artifactory/api/npm/npm-public/@jridgewell/source-map/-/source-map-0.3.11.tgz attempt 2 failed with 503
2587 http fetch GET https://packages.applied-caas-gateway1.internal.api.openai.org/artifactory/api/npm/npm-public/@next/eslint-plugin-next/-/eslint-plugin-next-16.2.6.tgz attempt 2 failed with 503
2588 http fetch GET https://packages.applied-caas-gateway1.internal.api.openai.org/artifactory/api/npm/npm-public/@jridgewell/gen-mapping/-/gen-mapping-0.3.13.tgz attempt 2 failed with 503
2589 http fetch GET https://packages.applied-caas-gateway1.internal.api.openai.org/artifactory/api/npm/npm-public/@img/sharp-libvips-linux-x64/-/sharp-libvips-linux-x64-1.2.4.tgz attempt 2 failed with 503
2590 http fetch GET https://packages.applied-caas-gateway1.internal.api.openai.org/artifactory/api/npm/npm-public/@jridgewell/trace-mapping/-/trace-mapping-0.3.31.tgz attempt 2 failed with 503
2591 http fetch GET https://packages.applied-caas-gateway1.internal.api.openai.org/artifactory/api/npm/npm-public/@next/env/-/env-16.2.6.tgz attempt 2 failed with 503
2592 http fetch GET https://packages.applied-caas-gateway1.internal.api.openai.org/artifactory/api/npm/npm-public/@next/swc-linux-x64-gnu/-/swc-linux-x64-gnu-16.2.6.tgz attempt 2 failed with 503
2593 http fetch GET https://packages.applied-caas-gateway1.internal.api.openai.org/artifactory/api/npm/npm-public/@jridgewell/resolve-uri/-/resolve-uri-3.1.2.tgz attempt 2 failed with 503
2594 http fetch GET https://packages.applied-caas-gateway1.internal.api.openai.org/artifactory/api/npm/npm-public/@img/sharp-linux-x64/-/sharp-linux-x64-0.34.5.tgz attempt 2 failed with 503
2595 http fetch GET https://packages.applied-caas-gateway1.internal.api.openai.org/artifactory/api/npm/npm-public/@img/colour/-/colour-1.1.0.tgz attempt 2 failed with 503
2596 http fetch GET https://packages.applied-caas-gateway1.internal.api.openai.org/artifactory/api/npm/npm-public/@humanwhocodes/retry/-/retry-0.4.3.tgz attempt 2 failed with 503
2597 http fetch GET https://packages.applied-caas-gateway1.internal.api.openai.org/artifactory/api/npm/npm-public/@jridgewell/remapping/-/remapping-2.3.5.tgz attempt 2 failed with 503
2598 http fetch GET https://packages.applied-caas-gateway1.internal.api.openai.org/artifactory/api/npm/npm-public/@humanfs/types/-/types-0.15.0.tgz attempt 2 failed with 503
2599 http fetch GET https://packages.applied-caas-gateway1.internal.api.openai.org/artifactory/api/npm/npm-public/@humanwhocodes/module-importer/-/module-importer-1.0.1.tgz attempt 2 failed with 503
2600 http fetch GET https://packages.applied-caas-gateway1.internal.api.openai.org/artifactory/api/npm/npm-public/@eslint/js/-/js-9.39.4.tgz attempt 2 failed with 503
2601 http fetch GET https://packages.applied-caas-gateway1.internal.api.openai.org/artifactory/api/npm/npm-public/@humanfs/node/-/node-0.16.8.tgz attempt 2 failed with 503
2602 http fetch GET https://packages.applied-caas-gateway1.internal.api.openai.org/artifactory/api/npm/npm-public/@eslint-community/eslint-utils/-/eslint-utils-4.9.1.tgz attempt 2 failed with 503
2603 http fetch GET https://packages.applied-caas-gateway1.internal.api.openai.org/artifactory/api/npm/npm-public/@eslint-community/regexpp/-/regexpp-4.12.2.tgz attempt 2 failed with 503
2604 http fetch GET https://packages.applied-caas-gateway1.internal.api.openai.org/artifactory/api/npm/npm-public/@eslint/object-schema/-/object-schema-2.1.7.tgz attempt 2 failed with 503
2605 http fetch GET https://packages.applied-caas-gateway1.internal.api.openai.org/artifactory/api/npm/npm-public/@humanfs/core/-/core-0.19.2.tgz attempt 2 failed with 503
2606 http fetch GET https://packages.applied-caas-gateway1.internal.api.openai.org/artifactory/api/npm/npm-public/@eslint/core/-/core-0.17.0.tgz attempt 2 failed with 503
2607 http fetch GET https://packages.applied-caas-gateway1.internal.api.openai.org/artifactory/api/npm/npm-public/@eslint/eslintrc/-/eslintrc-3.3.5.tgz attempt 2 failed with 503
2608 http fetch GET https://packages.applied-caas-gateway1.internal.api.openai.org/artifactory/api/npm/npm-public/@eslint/plugin-kit/-/plugin-kit-0.4.1.tgz attempt 2 failed with 503
2609 http fetch GET https://packages.applied-caas-gateway1.internal.api.openai.org/artifactory/api/npm/npm-public/@eslint/config-array/-/config-array-0.21.2.tgz attempt 2 failed with 503
2610 http fetch GET https://packages.applied-caas-gateway1.internal.api.openai.org/artifactory/api/npm/npm-public/@esbuild-kit/core-utils/-/core-utils-3.3.2.tgz attempt 2 failed with 503
2611 http fetch GET https://packages.applied-caas-gateway1.internal.api.openai.org/artifactory/api/npm/npm-public/@eslint/config-helpers/-/config-helpers-0.4.2.tgz attempt 2 failed with 503
2612 http fetch GET https://packages.applied-caas-gateway1.internal.api.openai.org/artifactory/api/npm/npm-public/@emnapi/core/-/core-1.10.0.tgz attempt 2 failed with 503
2613 http fetch GET https://packages.applied-caas-gateway1.internal.api.openai.org/artifactory/api/npm/npm-public/@cspotcode/source-map-support/-/source-map-support-0.8.1.tgz attempt 2 failed with 503
2614 http fetch GET https://packages.applied-caas-gateway1.internal.api.openai.org/artifactory/api/npm/npm-public/@emnapi/wasi-threads/-/wasi-threads-1.2.1.tgz attempt 2 failed with 503
2615 http fetch GET https://packages.applied-caas-gateway1.internal.api.openai.org/artifactory/api/npm/npm-public/@emnapi/runtime/-/runtime-1.10.0.tgz attempt 2 failed with 503
2616 http fetch GET https://packages.applied-caas-gateway1.internal.api.openai.org/artifactory/api/npm/npm-public/@esbuild-kit/esm-loader/-/esm-loader-2.6.5.tgz attempt 2 failed with 503
2617 http fetch GET https://packages.applied-caas-gateway1.internal.api.openai.org/artifactory/api/npm/npm-public/@cloudflare/workerd-linux-64/-/workerd-linux-64-1.20260515.1.tgz attempt 2 failed with 503
2618 http fetch GET https://packages.applied-caas-gateway1.internal.api.openai.org/artifactory/api/npm/npm-public/@esbuild/linux-x64/-/linux-x64-0.28.0.tgz attempt 2 failed with 503
2619 http fetch GET https://packages.applied-caas-gateway1.internal.api.openai.org/artifactory/api/npm/npm-public/@cloudflare/vite-plugin/-/vite-plugin-1.37.1.tgz attempt 2 failed with 503
2620 http fetch GET https://packages.applied-caas-gateway1.internal.api.openai.org/artifactory/api/npm/npm-public/@babel/helpers/-/helpers-7.29.2.tgz attempt 2 failed with 503
2621 http fetch GET https://packages.applied-caas-gateway1.internal.api.openai.org/artifactory/api/npm/npm-public/@babel/parser/-/parser-7.29.3.tgz attempt 2 failed with 503
2622 http fetch GET https://packages.applied-caas-gateway1.internal.api.openai.org/artifactory/api/npm/npm-public/@drizzle-team/brocli/-/brocli-0.10.2.tgz attempt 2 failed with 503
2623 http fetch GET https://packages.applied-caas-gateway1.internal.api.openai.org/artifactory/api/npm/npm-public/@cloudflare/kv-asset-handler/-/kv-asset-handler-0.5.0.tgz attempt 2 failed with 503
2624 http fetch GET https://packages.applied-caas-gateway1.internal.api.openai.org/artifactory/api/npm/npm-public/@babel/helper-string-parser/-/helper-string-parser-7.27.1.tgz attempt 2 failed with 503
2625 http fetch GET https://packages.applied-caas-gateway1.internal.api.openai.org/artifactory/api/npm/npm-public/@cloudflare/unenv-preset/-/unenv-preset-2.16.1.tgz attempt 2 failed with 503
2626 http fetch GET https://packages.applied-caas-gateway1.internal.api.openai.org/artifactory/api/npm/npm-public/@babel/template/-/template-7.28.6.tgz attempt 2 failed with 503
2627 http fetch GET https://packages.applied-caas-gateway1.internal.api.openai.org/artifactory/api/npm/npm-public/@babel/types/-/types-7.29.0.tgz attempt 2 failed with 503
2628 http fetch GET https://packages.applied-caas-gateway1.internal.api.openai.org/artifactory/api/npm/npm-public/@babel/helper-validator-identifier/-/helper-validator-identifier-7.28.5.tgz attempt 2 failed with 503
2629 http fetch GET https://packages.applied-caas-gateway1.internal.api.openai.org/artifactory/api/npm/npm-public/@babel/helper-module-transforms/-/helper-module-transforms-7.28.6.tgz attempt 2 failed with 503
2630 http fetch GET https://packages.applied-caas-gateway1.internal.api.openai.org/artifactory/api/npm/npm-public/@babel/helper-module-imports/-/helper-module-imports-7.28.6.tgz attempt 2 failed with 503
2631 http fetch GET https://packages.applied-caas-gateway1.internal.api.openai.org/artifactory/api/npm/npm-public/@babel/generator/-/generator-7.29.1.tgz attempt 2 failed with 503
2632 http fetch GET https://packages.applied-caas-gateway1.internal.api.openai.org/artifactory/api/npm/npm-public/@babel/helper-compilation-targets/-/helper-compilation-targets-7.28.6.tgz attempt 2 failed with 503
2633 http fetch GET https://packages.applied-caas-gateway1.internal.api.openai.org/artifactory/api/npm/npm-public/@babel/helper-validator-option/-/helper-validator-option-7.27.1.tgz attempt 2 failed with 503
2634 http fetch GET https://packages.applied-caas-gateway1.internal.api.openai.org/artifactory/api/npm/npm-public/@babel/traverse/-/traverse-7.29.0.tgz attempt 2 failed with 503
2635 http fetch GET https://packages.applied-caas-gateway1.internal.api.openai.org/artifactory/api/npm/npm-public/zod/-/zod-4.4.3.tgz attempt 2 failed with 503
2636 http fetch GET https://packages.applied-caas-gateway1.internal.api.openai.org/artifactory/api/npm/npm-public/@babel/helper-globals/-/helper-globals-7.28.0.tgz attempt 2 failed with 503
2637 http fetch GET https://packages.applied-caas-gateway1.internal.api.openai.org/artifactory/api/npm/npm-public/@babel/compat-data/-/compat-data-7.29.3.tgz attempt 2 failed with 503
2638 http fetch GET https://packages.applied-caas-gateway1.internal.api.openai.org/artifactory/api/npm/npm-public/zod-validation-error/-/zod-validation-error-4.0.2.tgz attempt 2 failed with 503
2639 http fetch GET https://packages.applied-caas-gateway1.internal.api.openai.org/artifactory/api/npm/npm-public/@alloc/quick-lru/-/quick-lru-5.2.0.tgz attempt 2 failed with 503
2640 http fetch GET https://packages.applied-caas-gateway1.internal.api.openai.org/artifactory/api/npm/npm-public/yoga-layout/-/yoga-layout-3.2.1.tgz attempt 2 failed with 503
2641 http fetch GET https://packages.applied-caas-gateway1.internal.api.openai.org/artifactory/api/npm/npm-public/@babel/core/-/core-7.29.0.tgz attempt 2 failed with 503
2642 http fetch GET https://packages.applied-caas-gateway1.internal.api.openai.org/artifactory/api/npm/npm-public/@babel/code-frame/-/code-frame-7.29.0.tgz attempt 2 failed with 503
2643 http fetch GET https://packages.applied-caas-gateway1.internal.api.openai.org/artifactory/api/npm/npm-public/youch/-/youch-4.1.0-beta.10.tgz attempt 2 failed with 503
2644 http fetch GET https://packages.applied-caas-gateway1.internal.api.openai.org/artifactory/api/npm/npm-public/yocto-queue/-/yocto-queue-0.1.0.tgz attempt 2 failed with 503
2645 http fetch GET https://packages.applied-caas-gateway1.internal.api.openai.org/artifactory/api/npm/npm-public/youch-core/-/youch-core-0.3.3.tgz attempt 2 failed with 503
2646 http fetch GET https://packages.applied-caas-gateway1.internal.api.openai.org/artifactory/api/npm/npm-public/wrangler/-/wrangler-4.92.0.tgz attempt 2 failed with 503
2647 http fetch GET https://packages.applied-caas-gateway1.internal.api.openai.org/artifactory/api/npm/npm-public/ws/-/ws-8.18.0.tgz attempt 2 failed with 503
2648 http fetch GET https://packages.applied-caas-gateway1.internal.api.openai.org/artifactory/api/npm/npm-public/yallist/-/yallist-3.1.1.tgz attempt 2 failed with 503
2649 http fetch GET https://packages.applied-caas-gateway1.internal.api.openai.org/artifactory/api/npm/npm-public/which-collection/-/which-collection-1.0.2.tgz attempt 2 failed with 503
2650 http fetch GET https://packages.applied-caas-gateway1.internal.api.openai.org/artifactory/api/npm/npm-public/word-wrap/-/word-wrap-1.2.5.tgz attempt 2 failed with 503
2651 http fetch GET https://packages.applied-caas-gateway1.internal.api.openai.org/artifactory/api/npm/npm-public/which-typed-array/-/which-typed-array-1.1.20.tgz attempt 2 failed with 503
2652 http fetch GET https://packages.applied-caas-gateway1.internal.api.openai.org/artifactory/api/npm/npm-public/which-builtin-type/-/which-builtin-type-1.2.1.tgz attempt 2 failed with 503
2653 http fetch GET https://packages.applied-caas-gateway1.internal.api.openai.org/artifactory/api/npm/npm-public/workerd/-/workerd-1.20260515.1.tgz attempt 2 failed with 503
2654 http fetch GET https://packages.applied-caas-gateway1.internal.api.openai.org/artifactory/api/npm/npm-public/which-boxed-primitive/-/which-boxed-primitive-1.1.1.tgz attempt 2 failed with 503
2655 http fetch GET https://packages.applied-caas-gateway1.internal.api.openai.org/artifactory/api/npm/npm-public/watchpack/-/watchpack-2.5.1.tgz attempt 2 failed with 503
2656 http fetch GET https://packages.applied-caas-gateway1.internal.api.openai.org/artifactory/api/npm/npm-public/vitefu/-/vitefu-1.1.3.tgz attempt 2 failed with 503
2657 http fetch GET https://packages.applied-caas-gateway1.internal.api.openai.org/artifactory/api/npm/npm-public/which/-/which-2.0.2.tgz attempt 2 failed with 503
2658 http fetch GET https://packages.applied-caas-gateway1.internal.api.openai.org/artifactory/api/npm/npm-public/webpack/-/webpack-5.106.2.tgz attempt 2 failed with 503
2659 http fetch GET https://packages.applied-caas-gateway1.internal.api.openai.org/artifactory/api/npm/npm-public/webpack-sources/-/webpack-sources-3.4.1.tgz attempt 2 failed with 503
2660 http fetch GET https://packages.applied-caas-gateway1.internal.api.openai.org/artifactory/api/npm/npm-public/vite-tsconfig-paths/-/vite-tsconfig-paths-6.1.1.tgz attempt 2 failed with 503
2661 http fetch GET https://packages.applied-caas-gateway1.internal.api.openai.org/artifactory/api/npm/npm-public/web-vitals/-/web-vitals-4.2.4.tgz attempt 2 failed with 503
2662 http fetch GET https://packages.applied-caas-gateway1.internal.api.openai.org/artifactory/api/npm/npm-public/vite/-/vite-8.0.13.tgz attempt 2 failed with 503
2663 http fetch GET https://packages.applied-caas-gateway1.internal.api.openai.org/artifactory/api/npm/npm-public/vite-plugin-commonjs/-/vite-plugin-commonjs-0.10.4.tgz attempt 2 failed with 503
2664 http fetch GET https://packages.applied-caas-gateway1.internal.api.openai.org/artifactory/api/npm/npm-public/vite-plugin-dynamic-import/-/vite-plugin-dynamic-import-1.6.0.tgz attempt 2 failed with 503
2665 http fetch GET https://packages.applied-caas-gateway1.internal.api.openai.org/artifactory/api/npm/npm-public/uri-js/-/uri-js-4.4.1.tgz attempt 2 failed with 503
2666 http fetch GET https://packages.applied-caas-gateway1.internal.api.openai.org/artifactory/api/npm/npm-public/update-browserslist-db/-/update-browserslist-db-1.2.3.tgz attempt 2 failed with 503
2667 http fetch GET https://packages.applied-caas-gateway1.internal.api.openai.org/artifactory/api/npm/npm-public/unpic/-/unpic-4.2.2.tgz attempt 2 failed with 503
2668 http fetch GET https://packages.applied-caas-gateway1.internal.api.openai.org/artifactory/api/npm/npm-public/undici/-/undici-7.24.8.tgz attempt 2 failed with 503
2669 http fetch GET https://packages.applied-caas-gateway1.internal.api.openai.org/artifactory/api/npm/npm-public/unenv/-/unenv-2.0.0-rc.24.tgz attempt 2 failed with 503
2670 http fetch GET https://packages.applied-caas-gateway1.internal.api.openai.org/artifactory/api/npm/npm-public/unrs-resolver/-/unrs-resolver-1.11.1.tgz attempt 2 failed with 503
2671 http fetch GET https://packages.applied-caas-gateway1.internal.api.openai.org/artifactory/api/npm/npm-public/vinext/-/vinext-0.0.50.tgz attempt 2 failed with 503
2672 http fetch GET https://packages.applied-caas-gateway1.internal.api.openai.org/artifactory/api/npm/npm-public/undici-types/-/undici-types-6.21.0.tgz attempt 2 failed with 503
2673 http fetch GET https://packages.applied-caas-gateway1.internal.api.openai.org/artifactory/api/npm/npm-public/tslib/-/tslib-2.8.1.tgz attempt 2 failed with 503
2674 http fetch GET https://packages.applied-caas-gateway1.internal.api.openai.org/artifactory/api/npm/npm-public/typescript-eslint/-/typescript-eslint-8.59.3.tgz attempt 2 failed with 503
2675 http fetch GET https://packages.applied-caas-gateway1.internal.api.openai.org/artifactory/api/npm/npm-public/typed-array-length/-/typed-array-length-1.0.7.tgz attempt 2 failed with 503
2676 http fetch GET https://packages.applied-caas-gateway1.internal.api.openai.org/artifactory/api/npm/npm-public/typed-array-buffer/-/typed-array-buffer-1.0.3.tgz attempt 2 failed with 503
2677 http fetch GET https://packages.applied-caas-gateway1.internal.api.openai.org/artifactory/api/npm/npm-public/unicode-trie/-/unicode-trie-2.0.0.tgz attempt 2 failed with 503
2678 http fetch GET https://packages.applied-caas-gateway1.internal.api.openai.org/artifactory/api/npm/npm-public/typescript/-/typescript-5.9.3.tgz attempt 2 failed with 503
2679 http fetch GET https://packages.applied-caas-gateway1.internal.api.openai.org/artifactory/api/npm/npm-public/typed-array-byte-length/-/typed-array-byte-length-1.0.3.tgz attempt 2 failed with 503
2680 http fetch GET https://packages.applied-caas-gateway1.internal.api.openai.org/artifactory/api/npm/npm-public/typed-array-byte-offset/-/typed-array-byte-offset-1.0.4.tgz attempt 2 failed with 503
2681 http fetch GET https://packages.applied-caas-gateway1.internal.api.openai.org/artifactory/api/npm/npm-public/tsconfig-paths/-/tsconfig-paths-3.15.0.tgz attempt 2 failed with 503
2682 http fetch GET https://packages.applied-caas-gateway1.internal.api.openai.org/artifactory/api/npm/npm-public/turbo-stream/-/turbo-stream-3.2.0.tgz attempt 2 failed with 503
2683 http fetch GET https://packages.applied-caas-gateway1.internal.api.openai.org/artifactory/api/npm/npm-public/unbox-primitive/-/unbox-primitive-1.1.0.tgz attempt 2 failed with 503
2684 http fetch GET https://packages.applied-caas-gateway1.internal.api.openai.org/artifactory/api/npm/npm-public/ts-api-utils/-/ts-api-utils-2.5.0.tgz attempt 2 failed with 503
2685 http fetch GET https://packages.applied-caas-gateway1.internal.api.openai.org/artifactory/api/npm/npm-public/type-check/-/type-check-0.4.0.tgz attempt 2 failed with 503
2686 http fetch GET https://packages.applied-caas-gateway1.internal.api.openai.org/artifactory/api/npm/npm-public/tsx/-/tsx-4.22.1.tgz attempt 2 failed with 503
2687 http fetch GET https://packages.applied-caas-gateway1.internal.api.openai.org/artifactory/api/npm/npm-public/tinyglobby/-/tinyglobby-0.2.16.tgz attempt 2 failed with 503
2688 http fetch GET https://packages.applied-caas-gateway1.internal.api.openai.org/artifactory/api/npm/npm-public/tsconfck/-/tsconfck-3.1.6.tgz attempt 2 failed with 503
2689 http fetch GET https://packages.applied-caas-gateway1.internal.api.openai.org/artifactory/api/npm/npm-public/tiny-inflate/-/tiny-inflate-1.0.3.tgz attempt 2 failed with 503
2690 http fetch GET https://packages.applied-caas-gateway1.internal.api.openai.org/artifactory/api/npm/npm-public/tailwindcss/-/tailwindcss-4.2.1.tgz attempt 2 failed with 503
2691 http fetch GET https://packages.applied-caas-gateway1.internal.api.openai.org/artifactory/api/npm/npm-public/terser-webpack-plugin/-/terser-webpack-plugin-5.6.0.tgz attempt 2 failed with 503
2692 http fetch GET https://packages.applied-caas-gateway1.internal.api.openai.org/artifactory/api/npm/npm-public/styled-jsx/-/styled-jsx-5.1.6.tgz attempt 2 failed with 503
2693 http fetch GET https://packages.applied-caas-gateway1.internal.api.openai.org/artifactory/api/npm/npm-public/tapable/-/tapable-2.3.3.tgz attempt 2 failed with 503
2694 http fetch GET https://packages.applied-caas-gateway1.internal.api.openai.org/artifactory/api/npm/npm-public/strip-literal/-/strip-literal-3.1.0.tgz attempt 2 failed with 503
2695 http fetch GET https://packages.applied-caas-gateway1.internal.api.openai.org/artifactory/api/npm/npm-public/string.prototype.trimstart/-/string.prototype.trimstart-1.0.8.tgz attempt 2 failed with 503
2696 http fetch GET https://packages.applied-caas-gateway1.internal.api.openai.org/artifactory/api/npm/npm-public/supports-preserve-symlinks-flag/-/supports-preserve-symlinks-flag-1.0.0.tgz attempt 2 failed with 503
2697 http fetch GET https://packages.applied-caas-gateway1.internal.api.openai.org/artifactory/api/npm/npm-public/terser/-/terser-5.47.1.tgz attempt 2 failed with 503
2698 http fetch GET https://packages.applied-caas-gateway1.internal.api.openai.org/artifactory/api/npm/npm-public/to-regex-range/-/to-regex-range-5.0.1.tgz attempt 2 failed with 503
2699 http fetch GET https://packages.applied-caas-gateway1.internal.api.openai.org/artifactory/api/npm/npm-public/strip-bom/-/strip-bom-3.0.0.tgz attempt 2 failed with 503
2700 http fetch GET https://packages.applied-caas-gateway1.internal.api.openai.org/artifactory/api/npm/npm-public/supports-color/-/supports-color-7.2.0.tgz attempt 2 failed with 503
2701 http fetch GET https://packages.applied-caas-gateway1.internal.api.openai.org/artifactory/api/npm/npm-public/string.prototype.trimend/-/string.prototype.trimend-1.0.9.tgz attempt 2 failed with 503
2702 http fetch GET https://packages.applied-caas-gateway1.internal.api.openai.org/artifactory/api/npm/npm-public/string.prototype.codepointat/-/string.prototype.codepointat-0.2.1.tgz attempt 2 failed with 503
2703 http fetch GET https://packages.applied-caas-gateway1.internal.api.openai.org/artifactory/api/npm/npm-public/string.prototype.matchall/-/string.prototype.matchall-4.0.12.tgz attempt 2 failed with 503
2704 http fetch GET https://packages.applied-caas-gateway1.internal.api.openai.org/artifactory/api/npm/npm-public/string.prototype.repeat/-/string.prototype.repeat-1.0.0.tgz attempt 2 failed with 503
2705 http fetch GET https://packages.applied-caas-gateway1.internal.api.openai.org/artifactory/api/npm/npm-public/source-map/-/source-map-0.6.1.tgz attempt 2 failed with 503
2706 http fetch GET https://packages.applied-caas-gateway1.internal.api.openai.org/artifactory/api/npm/npm-public/strip-json-comments/-/strip-json-comments-3.1.1.tgz attempt 2 failed with 503
2707 http fetch GET https://packages.applied-caas-gateway1.internal.api.openai.org/artifactory/api/npm/npm-public/string.prototype.trim/-/string.prototype.trim-1.2.10.tgz attempt 2 failed with 503
2708 http fetch GET https://packages.applied-caas-gateway1.internal.api.openai.org/artifactory/api/npm/npm-public/stop-iteration-iterator/-/stop-iteration-iterator-1.1.0.tgz attempt 2 failed with 503
2709 http fetch GET https://packages.applied-caas-gateway1.internal.api.openai.org/artifactory/api/npm/npm-public/string.prototype.includes/-/string.prototype.includes-2.0.1.tgz attempt 2 failed with 503
2710 http fetch GET https://packages.applied-caas-gateway1.internal.api.openai.org/artifactory/api/npm/npm-public/source-map-js/-/source-map-js-1.2.1.tgz attempt 2 failed with 503
2711 http fetch GET https://packages.applied-caas-gateway1.internal.api.openai.org/artifactory/api/npm/npm-public/side-channel-map/-/side-channel-map-1.0.1.tgz attempt 2 failed with 503
2712 http fetch GET https://packages.applied-caas-gateway1.internal.api.openai.org/artifactory/api/npm/npm-public/source-map-support/-/source-map-support-0.5.21.tgz attempt 2 failed with 503
2713 http fetch GET https://packages.applied-caas-gateway1.internal.api.openai.org/artifactory/api/npm/npm-public/stable-hash/-/stable-hash-0.0.5.tgz attempt 2 failed with 503
2714 http fetch GET https://packages.applied-caas-gateway1.internal.api.openai.org/artifactory/api/npm/npm-public/srvx/-/srvx-0.11.15.tgz attempt 2 failed with 503
2715 http fetch GET https://packages.applied-caas-gateway1.internal.api.openai.org/artifactory/api/npm/npm-public/side-channel-list/-/side-channel-list-1.0.1.tgz attempt 2 failed with 503
2716 http fetch GET https://packages.applied-caas-gateway1.internal.api.openai.org/artifactory/api/npm/npm-public/shebang-regex/-/shebang-regex-3.0.0.tgz attempt 2 failed with 503
2717 http fetch GET https://packages.applied-caas-gateway1.internal.api.openai.org/artifactory/api/npm/npm-public/sharp/-/sharp-0.34.5.tgz attempt 2 failed with 503
2718 http fetch GET https://packages.applied-caas-gateway1.internal.api.openai.org/artifactory/api/npm/npm-public/side-channel-weakmap/-/side-channel-weakmap-1.0.2.tgz attempt 2 failed with 503
2719 http fetch GET https://packages.applied-caas-gateway1.internal.api.openai.org/artifactory/api/npm/npm-public/schema-utils/-/schema-utils-4.3.3.tgz attempt 2 failed with 503
2720 http fetch GET https://packages.applied-caas-gateway1.internal.api.openai.org/artifactory/api/npm/npm-public/shebang-command/-/shebang-command-2.0.0.tgz attempt 2 failed with 503
2721 http fetch GET https://packages.applied-caas-gateway1.internal.api.openai.org/artifactory/api/npm/npm-public/side-channel/-/side-channel-1.1.0.tgz attempt 2 failed with 503
2722 http fetch GET https://packages.applied-caas-gateway1.internal.api.openai.org/artifactory/api/npm/npm-public/scheduler/-/scheduler-0.27.0.tgz attempt 2 failed with 503
2723 http fetch GET https://packages.applied-caas-gateway1.internal.api.openai.org/artifactory/api/npm/npm-public/set-proto/-/set-proto-1.0.0.tgz attempt 2 failed with 503
2724 http fetch GET https://packages.applied-caas-gateway1.internal.api.openai.org/artifactory/api/npm/npm-public/set-function-length/-/set-function-length-1.2.2.tgz attempt 2 failed with 503
2725 http fetch GET https://packages.applied-caas-gateway1.internal.api.openai.org/artifactory/api/npm/npm-public/safe-push-apply/-/safe-push-apply-1.0.0.tgz attempt 2 failed with 503
2726 http fetch GET https://packages.applied-caas-gateway1.internal.api.openai.org/artifactory/api/npm/npm-public/set-function-name/-/set-function-name-2.0.2.tgz attempt 2 failed with 503
2727 http fetch GET https://packages.applied-caas-gateway1.internal.api.openai.org/artifactory/api/npm/npm-public/satori/-/satori-0.16.0.tgz attempt 2 failed with 503
2728 http fetch GET https://packages.applied-caas-gateway1.internal.api.openai.org/artifactory/api/npm/npm-public/run-parallel/-/run-parallel-1.2.0.tgz attempt 2 failed with 503
2729 http fetch GET https://packages.applied-caas-gateway1.internal.api.openai.org/artifactory/api/npm/npm-public/resolve-pkg-maps/-/resolve-pkg-maps-1.0.0.tgz attempt 2 failed with 503
2730 http fetch GET https://packages.applied-caas-gateway1.internal.api.openai.org/artifactory/api/npm/npm-public/safe-regex-test/-/safe-regex-test-1.1.0.tgz attempt 2 failed with 503
2731 http fetch GET https://packages.applied-caas-gateway1.internal.api.openai.org/artifactory/api/npm/npm-public/safe-array-concat/-/safe-array-concat-1.1.4.tgz attempt 2 failed with 503
2732 http fetch GET https://packages.applied-caas-gateway1.internal.api.openai.org/artifactory/api/npm/npm-public/reusify/-/reusify-1.1.0.tgz attempt 2 failed with 503
2733 http fetch GET https://packages.applied-caas-gateway1.internal.api.openai.org/artifactory/api/npm/npm-public/semver/-/semver-6.3.1.tgz attempt 2 failed with 503
2734 http fetch GET https://packages.applied-caas-gateway1.internal.api.openai.org/artifactory/api/npm/npm-public/rolldown/-/rolldown-1.0.1.tgz attempt 2 failed with 503
2735 http fetch GET https://packages.applied-caas-gateway1.internal.api.openai.org/artifactory/api/npm/npm-public/resolve-from/-/resolve-from-4.0.0.tgz attempt 2 failed with 503
2736 http fetch GET https://packages.applied-caas-gateway1.internal.api.openai.org/artifactory/api/npm/npm-public/reflect.getprototypeof/-/reflect.getprototypeof-1.0.10.tgz attempt 2 failed with 503
2737 http fetch GET https://packages.applied-caas-gateway1.internal.api.openai.org/artifactory/api/npm/npm-public/resolve/-/resolve-2.0.0-next.7.tgz attempt 2 failed with 503
2738 http fetch GET https://packages.applied-caas-gateway1.internal.api.openai.org/artifactory/api/npm/npm-public/react-dom/-/react-dom-19.2.6.tgz attempt 2 failed with 503
2739 http fetch GET https://packages.applied-caas-gateway1.internal.api.openai.org/artifactory/api/npm/npm-public/regexp.prototype.flags/-/regexp.prototype.flags-1.5.4.tgz attempt 2 failed with 503
2740 http fetch GET https://packages.applied-caas-gateway1.internal.api.openai.org/artifactory/api/npm/npm-public/react-is/-/react-is-16.13.1.tgz attempt 2 failed with 503
2741 http fetch GET https://packages.applied-caas-gateway1.internal.api.openai.org/artifactory/api/npm/npm-public/react-server-dom-webpack/-/react-server-dom-webpack-19.2.6.tgz attempt 2 failed with 503
2742 http fetch GET https://packages.applied-caas-gateway1.internal.api.openai.org/artifactory/api/npm/npm-public/react/-/react-19.2.6.tgz attempt 2 failed with 503
2743 http fetch GET https://packages.applied-caas-gateway1.internal.api.openai.org/artifactory/api/npm/npm-public/require-from-string/-/require-from-string-2.0.2.tgz attempt 2 failed with 503
2744 http fetch GET https://packages.applied-caas-gateway1.internal.api.openai.org/artifactory/api/npm/npm-public/postcss-value-parser/-/postcss-value-parser-4.2.0.tgz attempt 2 failed with 503
2745 http fetch GET https://packages.applied-caas-gateway1.internal.api.openai.org/artifactory/api/npm/npm-public/prelude-ls/-/prelude-ls-1.2.1.tgz attempt 2 failed with 503
2746 http fetch GET https://packages.applied-caas-gateway1.internal.api.openai.org/artifactory/api/npm/npm-public/prop-types/-/prop-types-15.8.1.tgz attempt 2 failed with 503
2747 http fetch GET https://packages.applied-caas-gateway1.internal.api.openai.org/artifactory/api/npm/npm-public/picomatch/-/picomatch-2.3.2.tgz attempt 2 failed with 503
2748 http fetch GET https://packages.applied-caas-gateway1.internal.api.openai.org/artifactory/api/npm/npm-public/possible-typed-array-names/-/possible-typed-array-names-1.1.0.tgz attempt 2 failed with 503
2749 http fetch GET https://packages.applied-caas-gateway1.internal.api.openai.org/artifactory/api/npm/npm-public/path-parse/-/path-parse-1.0.7.tgz attempt 2 failed with 503
2750 http fetch GET https://packages.applied-caas-gateway1.internal.api.openai.org/artifactory/api/npm/npm-public/punycode/-/punycode-2.3.1.tgz attempt 2 failed with 503
2751 http fetch GET https://packages.applied-caas-gateway1.internal.api.openai.org/artifactory/api/npm/npm-public/pathe/-/pathe-2.0.3.tgz attempt 2 failed with 503
2752 http fetch GET https://packages.applied-caas-gateway1.internal.api.openai.org/artifactory/api/npm/npm-public/path-to-regexp/-/path-to-regexp-6.3.0.tgz attempt 2 failed with 503
2753 http fetch GET https://packages.applied-caas-gateway1.internal.api.openai.org/artifactory/api/npm/npm-public/postcss/-/postcss-8.5.14.tgz attempt 2 failed with 503
2754 http fetch GET https://packages.applied-caas-gateway1.internal.api.openai.org/artifactory/api/npm/npm-public/queue-microtask/-/queue-microtask-1.2.3.tgz attempt 2 failed with 503
2755 http fetch GET https://packages.applied-caas-gateway1.internal.api.openai.org/artifactory/api/npm/npm-public/picocolors/-/picocolors-1.1.1.tgz attempt 2 failed with 503
2756 http fetch GET https://packages.applied-caas-gateway1.internal.api.openai.org/artifactory/api/npm/npm-public/pako/-/pako-0.2.9.tgz attempt 2 failed with 503
2757 http fetch GET https://packages.applied-caas-gateway1.internal.api.openai.org/artifactory/api/npm/npm-public/path-exists/-/path-exists-4.0.0.tgz attempt 2 failed with 503
2758 http fetch GET https://packages.applied-caas-gateway1.internal.api.openai.org/artifactory/api/npm/npm-public/parent-module/-/parent-module-1.0.1.tgz attempt 2 failed with 503
2759 http fetch GET https://packages.applied-caas-gateway1.internal.api.openai.org/artifactory/api/npm/npm-public/path-key/-/path-key-3.1.1.tgz attempt 2 failed with 503
2760 http fetch GET https://packages.applied-caas-gateway1.internal.api.openai.org/artifactory/api/npm/npm-public/own-keys/-/own-keys-1.0.1.tgz attempt 2 failed with 503
2761 http fetch GET https://packages.applied-caas-gateway1.internal.api.openai.org/artifactory/api/npm/npm-public/parse-css-color/-/parse-css-color-0.2.1.tgz attempt 2 failed with 503
2762 http fetch GET https://packages.applied-caas-gateway1.internal.api.openai.org/artifactory/api/npm/npm-public/object.fromentries/-/object.fromentries-2.0.8.tgz attempt 2 failed with 503
2763 http fetch GET https://packages.applied-caas-gateway1.internal.api.openai.org/artifactory/api/npm/npm-public/optionator/-/optionator-0.9.4.tgz attempt 2 failed with 503
2764 http fetch GET https://packages.applied-caas-gateway1.internal.api.openai.org/artifactory/api/npm/npm-public/object.groupby/-/object.groupby-1.0.3.tgz attempt 2 failed with 503
2765 http fetch GET https://packages.applied-caas-gateway1.internal.api.openai.org/artifactory/api/npm/npm-public/object.values/-/object.values-1.2.1.tgz attempt 2 failed with 503
2766 http fetch GET https://packages.applied-caas-gateway1.internal.api.openai.org/artifactory/api/npm/npm-public/object.entries/-/object.entries-1.1.9.tgz attempt 2 failed with 503
2767 http fetch GET https://packages.applied-caas-gateway1.internal.api.openai.org/artifactory/api/npm/npm-public/p-locate/-/p-locate-5.0.0.tgz attempt 2 failed with 503
2768 http fetch GET https://packages.applied-caas-gateway1.internal.api.openai.org/artifactory/api/npm/npm-public/p-limit/-/p-limit-3.1.0.tgz attempt 2 failed with 503
2769 http fetch GET https://packages.applied-caas-gateway1.internal.api.openai.org/artifactory/api/npm/npm-public/object-assign/-/object-assign-4.1.1.tgz attempt 2 failed with 503
2770 http fetch GET https://packages.applied-caas-gateway1.internal.api.openai.org/artifactory/api/npm/npm-public/node-releases/-/node-releases-2.0.44.tgz attempt 2 failed with 503
2771 http fetch GET https://packages.applied-caas-gateway1.internal.api.openai.org/artifactory/api/npm/npm-public/object.assign/-/object.assign-4.1.7.tgz attempt 2 failed with 503
2772 http fetch GET https://packages.applied-caas-gateway1.internal.api.openai.org/artifactory/api/npm/npm-public/node-exports-info/-/node-exports-info-1.6.0.tgz attempt 2 failed with 503
2773 http fetch GET https://packages.applied-caas-gateway1.internal.api.openai.org/artifactory/api/npm/npm-public/object-keys/-/object-keys-1.1.1.tgz attempt 2 failed with 503
2774 http fetch GET https://packages.applied-caas-gateway1.internal.api.openai.org/artifactory/api/npm/npm-public/object-inspect/-/object-inspect-1.13.4.tgz attempt 2 failed with 503
2775 http fetch GET https://packages.applied-caas-gateway1.internal.api.openai.org/artifactory/api/npm/npm-public/natural-compare/-/natural-compare-1.4.0.tgz attempt 2 failed with 503
2776 http fetch GET https://packages.applied-caas-gateway1.internal.api.openai.org/artifactory/api/npm/npm-public/neo-async/-/neo-async-2.6.2.tgz attempt 2 failed with 503
2777 http fetch GET https://packages.applied-caas-gateway1.internal.api.openai.org/artifactory/api/npm/npm-public/next/-/next-16.2.6.tgz attempt 2 failed with 503
2778 http fetch GET https://packages.applied-caas-gateway1.internal.api.openai.org/artifactory/api/npm/npm-public/micromatch/-/micromatch-4.0.8.tgz attempt 2 failed with 503
2779 http fetch GET https://packages.applied-caas-gateway1.internal.api.openai.org/artifactory/api/npm/npm-public/nanoid/-/nanoid-3.3.12.tgz attempt 2 failed with 503
2780 http fetch GET https://packages.applied-caas-gateway1.internal.api.openai.org/artifactory/api/npm/npm-public/minimist/-/minimist-1.2.8.tgz attempt 2 failed with 503
2781 http fetch GET https://packages.applied-caas-gateway1.internal.api.openai.org/artifactory/api/npm/npm-public/loader-runner/-/loader-runner-4.3.2.tgz attempt 2 failed with 503
2782 http fetch GET https://packages.applied-caas-gateway1.internal.api.openai.org/artifactory/api/npm/npm-public/minimatch/-/minimatch-3.1.5.tgz attempt 2 failed with 503
2783 http fetch GET https://packages.applied-caas-gateway1.internal.api.openai.org/artifactory/api/npm/npm-public/ms/-/ms-2.1.3.tgz attempt 2 failed with 503
2784 http fetch GET https://packages.applied-caas-gateway1.internal.api.openai.org/artifactory/api/npm/npm-public/mime-db/-/mime-db-1.54.0.tgz attempt 2 failed with 503
2785 http fetch GET https://packages.applied-caas-gateway1.internal.api.openai.org/artifactory/api/npm/npm-public/lodash.merge/-/lodash.merge-4.6.2.tgz attempt 2 failed with 503
2786 http fetch GET https://packages.applied-caas-gateway1.internal.api.openai.org/artifactory/api/npm/npm-public/napi-postinstall/-/napi-postinstall-0.3.4.tgz attempt 2 failed with 503
2787 http fetch GET https://packages.applied-caas-gateway1.internal.api.openai.org/artifactory/api/npm/npm-public/miniflare/-/miniflare-4.20260515.0.tgz attempt 2 failed with 503
2788 http fetch GET https://packages.applied-caas-gateway1.internal.api.openai.org/artifactory/api/npm/npm-public/lru-cache/-/lru-cache-5.1.1.tgz attempt 2 failed with 503
2789 http fetch GET https://packages.applied-caas-gateway1.internal.api.openai.org/artifactory/api/npm/npm-public/merge-stream/-/merge-stream-2.0.0.tgz attempt 2 failed with 503
2790 http fetch GET https://packages.applied-caas-gateway1.internal.api.openai.org/artifactory/api/npm/npm-public/math-intrinsics/-/math-intrinsics-1.1.0.tgz attempt 2 failed with 503
2791 http fetch GET https://packages.applied-caas-gateway1.internal.api.openai.org/artifactory/api/npm/npm-public/merge2/-/merge2-1.4.1.tgz attempt 2 failed with 503
2792 http fetch GET https://packages.applied-caas-gateway1.internal.api.openai.org/artifactory/api/npm/npm-public/locate-path/-/locate-path-6.0.0.tgz attempt 2 failed with 503
2793 http fetch GET https://packages.applied-caas-gateway1.internal.api.openai.org/artifactory/api/npm/npm-public/magic-string/-/magic-string-0.30.21.tgz attempt 2 failed with 503
2794 http fetch GET https://packages.applied-caas-gateway1.internal.api.openai.org/artifactory/api/npm/npm-public/linebreak/-/linebreak-1.1.0.tgz attempt 2 failed with 503
2795 http fetch GET https://packages.applied-caas-gateway1.internal.api.openai.org/artifactory/api/npm/npm-public/loose-envify/-/loose-envify-1.4.0.tgz attempt 2 failed with 503
2796 http fetch GET https://packages.applied-caas-gateway1.internal.api.openai.org/artifactory/api/npm/npm-public/kleur/-/kleur-4.1.5.tgz attempt 2 failed with 503
2797 http fetch GET https://packages.applied-caas-gateway1.internal.api.openai.org/artifactory/api/npm/npm-public/language-tags/-/language-tags-1.0.9.tgz attempt 2 failed with 503
2798 http fetch GET https://packages.applied-caas-gateway1.internal.api.openai.org/artifactory/api/npm/npm-public/lightningcss-linux-x64-gnu/-/lightningcss-linux-x64-gnu-1.31.1.tgz attempt 2 failed with 503
2799 http fetch GET https://packages.applied-caas-gateway1.internal.api.openai.org/artifactory/api/npm/npm-public/language-subtag-registry/-/language-subtag-registry-0.3.23.tgz attempt 2 failed with 503
2800 http fetch GET https://packages.applied-caas-gateway1.internal.api.openai.org/artifactory/api/npm/npm-public/lightningcss/-/lightningcss-1.31.1.tgz attempt 2 failed with 503
2801 http fetch GET https://packages.applied-caas-gateway1.internal.api.openai.org/artifactory/api/npm/npm-public/levn/-/levn-0.4.1.tgz attempt 2 failed with 503
2802 http fetch GET https://packages.applied-caas-gateway1.internal.api.openai.org/artifactory/api/npm/npm-public/keyv/-/keyv-4.5.4.tgz attempt 2 failed with 503
2803 http fetch GET https://packages.applied-caas-gateway1.internal.api.openai.org/artifactory/api/npm/npm-public/json-schema-traverse/-/json-schema-traverse-0.4.1.tgz attempt 2 failed with 503
2804 http fetch GET https://packages.applied-caas-gateway1.internal.api.openai.org/artifactory/api/npm/npm-public/jsesc/-/jsesc-3.1.0.tgz attempt 2 failed with 503
2805 http fetch GET https://packages.applied-caas-gateway1.internal.api.openai.org/artifactory/api/npm/npm-public/json-stable-stringify-without-jsonify/-/json-stable-stringify-without-jsonify-1.0.1.tgz attempt 2 failed with 503
2806 http fetch GET https://packages.applied-caas-gateway1.internal.api.openai.org/artifactory/api/npm/npm-public/js-tokens/-/js-tokens-4.0.0.tgz attempt 2 failed with 503
2807 http fetch GET https://packages.applied-caas-gateway1.internal.api.openai.org/artifactory/api/npm/npm-public/iterator.prototype/-/iterator.prototype-1.1.5.tgz attempt 2 failed with 503
2808 http fetch GET https://packages.applied-caas-gateway1.internal.api.openai.org/artifactory/api/npm/npm-public/jsx-ast-utils/-/jsx-ast-utils-3.3.5.tgz attempt 2 failed with 503
2809 http fetch GET https://packages.applied-caas-gateway1.internal.api.openai.org/artifactory/api/npm/npm-public/json5/-/json5-2.2.3.tgz attempt 2 failed with 503
2810 http fetch GET https://packages.applied-caas-gateway1.internal.api.openai.org/artifactory/api/npm/npm-public/json-buffer/-/json-buffer-3.0.1.tgz attempt 2 failed with 503
2811 http fetch GET https://packages.applied-caas-gateway1.internal.api.openai.org/artifactory/api/npm/npm-public/js-yaml/-/js-yaml-4.1.1.tgz attempt 2 failed with 503
2812 http fetch GET https://packages.applied-caas-gateway1.internal.api.openai.org/artifactory/api/npm/npm-public/isarray/-/isarray-2.0.5.tgz attempt 2 failed with 503
2813 http fetch GET https://packages.applied-caas-gateway1.internal.api.openai.org/artifactory/api/npm/npm-public/isexe/-/isexe-2.0.0.tgz attempt 2 failed with 503
2814 http fetch GET https://packages.applied-caas-gateway1.internal.api.openai.org/artifactory/api/npm/npm-public/is-weakmap/-/is-weakmap-2.0.2.tgz attempt 2 failed with 503
2815 http fetch GET https://packages.applied-caas-gateway1.internal.api.openai.org/artifactory/api/npm/npm-public/jiti/-/jiti-2.7.0.tgz attempt 2 failed with 503
2816 http fetch GET https://packages.applied-caas-gateway1.internal.api.openai.org/artifactory/api/npm/npm-public/is-weakset/-/is-weakset-2.0.4.tgz attempt 2 failed with 503
2817 http fetch GET https://packages.applied-caas-gateway1.internal.api.openai.org/artifactory/api/npm/npm-public/is-map/-/is-map-2.0.3.tgz attempt 2 failed with 503
2818 http fetch GET https://packages.applied-caas-gateway1.internal.api.openai.org/artifactory/api/npm/npm-public/is-weakref/-/is-weakref-1.1.1.tgz attempt 2 failed with 503
2819 http fetch GET https://packages.applied-caas-gateway1.internal.api.openai.org/artifactory/api/npm/npm-public/is-typed-array/-/is-typed-array-1.1.15.tgz attempt 2 failed with 503
2820 http fetch GET https://packages.applied-caas-gateway1.internal.api.openai.org/artifactory/api/npm/npm-public/jest-worker/-/jest-worker-27.5.1.tgz attempt 2 failed with 503
2821 http fetch GET https://packages.applied-caas-gateway1.internal.api.openai.org/artifactory/api/npm/npm-public/is-symbol/-/is-symbol-1.1.1.tgz attempt 2 failed with 503
2822 http fetch GET https://packages.applied-caas-gateway1.internal.api.openai.org/artifactory/api/npm/npm-public/is-string/-/is-string-1.1.1.tgz attempt 2 failed with 503
2823 http fetch GET https://packages.applied-caas-gateway1.internal.api.openai.org/artifactory/api/npm/npm-public/is-finalizationregistry/-/is-finalizationregistry-1.1.1.tgz attempt 2 failed with 503
2824 http fetch GET https://packages.applied-caas-gateway1.internal.api.openai.org/artifactory/api/npm/npm-public/is-number-object/-/is-number-object-1.1.1.tgz attempt 2 failed with 503
2825 http fetch GET https://packages.applied-caas-gateway1.internal.api.openai.org/artifactory/api/npm/npm-public/is-number/-/is-number-7.0.0.tgz attempt 2 failed with 503
2826 http fetch GET https://packages.applied-caas-gateway1.internal.api.openai.org/artifactory/api/npm/npm-public/is-regex/-/is-regex-1.2.1.tgz attempt 2 failed with 503
2827 http fetch GET https://packages.applied-caas-gateway1.internal.api.openai.org/artifactory/api/npm/npm-public/is-generator-function/-/is-generator-function-1.1.2.tgz attempt 2 failed with 503
2828 http fetch GET https://packages.applied-caas-gateway1.internal.api.openai.org/artifactory/api/npm/npm-public/is-glob/-/is-glob-4.0.3.tgz attempt 2 failed with 503
2829 http fetch GET https://packages.applied-caas-gateway1.internal.api.openai.org/artifactory/api/npm/npm-public/is-callable/-/is-callable-1.2.7.tgz attempt 2 failed with 503
2830 http fetch GET https://packages.applied-caas-gateway1.internal.api.openai.org/artifactory/api/npm/npm-public/is-shared-array-buffer/-/is-shared-array-buffer-1.0.4.tgz attempt 2 failed with 503
2831 http fetch GET https://packages.applied-caas-gateway1.internal.api.openai.org/artifactory/api/npm/npm-public/is-set/-/is-set-2.0.3.tgz attempt 2 failed with 503
2832 http fetch GET https://packages.applied-caas-gateway1.internal.api.openai.org/artifactory/api/npm/npm-public/is-extglob/-/is-extglob-2.1.1.tgz attempt 2 failed with 503
2833 http fetch GET https://packages.applied-caas-gateway1.internal.api.openai.org/artifactory/api/npm/npm-public/is-negative-zero/-/is-negative-zero-2.0.3.tgz attempt 2 failed with 503
2834 http fetch GET https://packages.applied-caas-gateway1.internal.api.openai.org/artifactory/api/npm/npm-public/is-bun-module/-/is-bun-module-2.0.0.tgz attempt 2 failed with 503
2835 http fetch GET https://packages.applied-caas-gateway1.internal.api.openai.org/artifactory/api/npm/npm-public/is-data-view/-/is-data-view-1.0.2.tgz attempt 2 failed with 503
2836 http fetch GET https://packages.applied-caas-gateway1.internal.api.openai.org/artifactory/api/npm/npm-public/is-boolean-object/-/is-boolean-object-1.2.2.tgz attempt 2 failed with 503
2837 http fetch GET https://packages.applied-caas-gateway1.internal.api.openai.org/artifactory/api/npm/npm-public/is-core-module/-/is-core-module-2.16.2.tgz attempt 2 failed with 503
2838 http fetch GET https://packages.applied-caas-gateway1.internal.api.openai.org/artifactory/api/npm/npm-public/hex-rgb/-/hex-rgb-4.3.0.tgz attempt 2 failed with 503
2839 http fetch GET https://packages.applied-caas-gateway1.internal.api.openai.org/artifactory/api/npm/npm-public/imurmurhash/-/imurmurhash-0.1.4.tgz attempt 2 failed with 503
2840 http fetch GET https://packages.applied-caas-gateway1.internal.api.openai.org/artifactory/api/npm/npm-public/is-array-buffer/-/is-array-buffer-3.0.5.tgz attempt 2 failed with 503
2841 http fetch GET https://packages.applied-caas-gateway1.internal.api.openai.org/artifactory/api/npm/npm-public/import-fresh/-/import-fresh-3.3.1.tgz attempt 2 failed with 503
2842 http fetch GET https://packages.applied-caas-gateway1.internal.api.openai.org/artifactory/api/npm/npm-public/is-async-function/-/is-async-function-2.1.1.tgz attempt 2 failed with 503
2843 http fetch GET https://packages.applied-caas-gateway1.internal.api.openai.org/artifactory/api/npm/npm-public/is-date-object/-/is-date-object-1.1.0.tgz attempt 2 failed with 503
2844 http fetch GET https://packages.applied-caas-gateway1.internal.api.openai.org/artifactory/api/npm/npm-public/is-bigint/-/is-bigint-1.1.0.tgz attempt 2 failed with 503
2845 http fetch GET https://packages.applied-caas-gateway1.internal.api.openai.org/artifactory/api/npm/npm-public/has-tostringtag/-/has-tostringtag-1.0.2.tgz attempt 2 failed with 503
2846 http fetch GET https://packages.applied-caas-gateway1.internal.api.openai.org/artifactory/api/npm/npm-public/image-size/-/image-size-2.0.2.tgz attempt 2 failed with 503
2847 http fetch GET https://packages.applied-caas-gateway1.internal.api.openai.org/artifactory/api/npm/npm-public/ipaddr.js/-/ipaddr.js-2.4.0.tgz attempt 2 failed with 503
2848 http fetch GET https://packages.applied-caas-gateway1.internal.api.openai.org/artifactory/api/npm/npm-public/internal-slot/-/internal-slot-1.1.0.tgz attempt 2 failed with 503
2849 http fetch GET https://packages.applied-caas-gateway1.internal.api.openai.org/artifactory/api/npm/npm-public/hermes-estree/-/hermes-estree-0.25.1.tgz attempt 2 failed with 503
2850 http fetch GET https://packages.applied-caas-gateway1.internal.api.openai.org/artifactory/api/npm/npm-public/has-symbols/-/has-symbols-1.1.0.tgz attempt 2 failed with 503
2851 http fetch GET https://packages.applied-caas-gateway1.internal.api.openai.org/artifactory/api/npm/npm-public/has-flag/-/has-flag-4.0.0.tgz attempt 2 failed with 503
2852 http fetch GET https://packages.applied-caas-gateway1.internal.api.openai.org/artifactory/api/npm/npm-public/ignore/-/ignore-5.3.2.tgz attempt 2 failed with 503
2853 http fetch GET https://packages.applied-caas-gateway1.internal.api.openai.org/artifactory/api/npm/npm-public/hermes-parser/-/hermes-parser-0.25.1.tgz attempt 2 failed with 503
2854 http fetch GET https://packages.applied-caas-gateway1.internal.api.openai.org/artifactory/api/npm/npm-public/hasown/-/hasown-2.0.3.tgz attempt 2 failed with 503
2855 http fetch GET https://packages.applied-caas-gateway1.internal.api.openai.org/artifactory/api/npm/npm-public/gopd/-/gopd-1.2.0.tgz attempt 2 failed with 503
2856 http fetch GET https://packages.applied-caas-gateway1.internal.api.openai.org/artifactory/api/npm/npm-public/has-property-descriptors/-/has-property-descriptors-1.0.2.tgz attempt 2 failed with 503
2857 http fetch GET https://packages.applied-caas-gateway1.internal.api.openai.org/artifactory/api/npm/npm-public/has-bigints/-/has-bigints-1.1.0.tgz attempt 2 failed with 503
2858 http fetch GET https://packages.applied-caas-gateway1.internal.api.openai.org/artifactory/api/npm/npm-public/glob-parent/-/glob-parent-6.0.2.tgz attempt 2 failed with 503
2859 http fetch GET https://packages.applied-caas-gateway1.internal.api.openai.org/artifactory/api/npm/npm-public/graceful-fs/-/graceful-fs-4.2.11.tgz attempt 2 failed with 503
2860 http fetch GET https://packages.applied-caas-gateway1.internal.api.openai.org/artifactory/api/npm/npm-public/globals/-/globals-14.0.0.tgz attempt 2 failed with 503
2861 http fetch GET https://packages.applied-caas-gateway1.internal.api.openai.org/artifactory/api/npm/npm-public/globrex/-/globrex-0.1.2.tgz attempt 2 failed with 503
2862 http fetch GET https://packages.applied-caas-gateway1.internal.api.openai.org/artifactory/api/npm/npm-public/globalthis/-/globalthis-1.0.4.tgz attempt 2 failed with 503
2863 http fetch GET https://packages.applied-caas-gateway1.internal.api.openai.org/artifactory/api/npm/npm-public/glob-to-regexp/-/glob-to-regexp-0.4.1.tgz attempt 2 failed with 503
2864 http fetch GET https://packages.applied-caas-gateway1.internal.api.openai.org/artifactory/api/npm/npm-public/has-proto/-/has-proto-1.2.0.tgz attempt 2 failed with 503
2865 http fetch GET https://packages.applied-caas-gateway1.internal.api.openai.org/artifactory/api/npm/npm-public/get-tsconfig/-/get-tsconfig-4.14.0.tgz attempt 2 failed with 503
2866 http fetch GET https://packages.applied-caas-gateway1.internal.api.openai.org/artifactory/api/npm/npm-public/get-symbol-description/-/get-symbol-description-1.1.0.tgz attempt 2 failed with 503
2867 http fetch GET https://packages.applied-caas-gateway1.internal.api.openai.org/artifactory/api/npm/npm-public/for-each/-/for-each-0.3.5.tgz attempt 2 failed with 503
2868 http fetch GET https://packages.applied-caas-gateway1.internal.api.openai.org/artifactory/api/npm/npm-public/function.prototype.name/-/function.prototype.name-1.1.8.tgz attempt 2 failed with 503
2869 http fetch GET https://packages.applied-caas-gateway1.internal.api.openai.org/artifactory/api/npm/npm-public/get-intrinsic/-/get-intrinsic-1.3.0.tgz attempt 2 failed with 503
2870 http fetch GET https://packages.applied-caas-gateway1.internal.api.openai.org/artifactory/api/npm/npm-public/get-proto/-/get-proto-1.0.1.tgz attempt 2 failed with 503
2871 http fetch GET https://packages.applied-caas-gateway1.internal.api.openai.org/artifactory/api/npm/npm-public/find-up/-/find-up-5.0.0.tgz attempt 2 failed with 503
2872 http fetch GET https://packages.applied-caas-gateway1.internal.api.openai.org/artifactory/api/npm/npm-public/functions-have-names/-/functions-have-names-1.2.3.tgz attempt 2 failed with 503
2873 http fetch GET https://packages.applied-caas-gateway1.internal.api.openai.org/artifactory/api/npm/npm-public/function-bind/-/function-bind-1.1.2.tgz attempt 2 failed with 503
2874 http fetch GET https://packages.applied-caas-gateway1.internal.api.openai.org/artifactory/api/npm/npm-public/gensync/-/gensync-1.0.0-beta.2.tgz attempt 2 failed with 503
2875 http fetch GET https://packages.applied-caas-gateway1.internal.api.openai.org/artifactory/api/npm/npm-public/generator-function/-/generator-function-2.0.1.tgz attempt 2 failed with 503
2876 http fetch GET https://packages.applied-caas-gateway1.internal.api.openai.org/artifactory/api/npm/npm-public/flatted/-/flatted-3.4.2.tgz attempt 2 failed with 503
2877 http fetch GET https://packages.applied-caas-gateway1.internal.api.openai.org/artifactory/api/npm/npm-public/fill-range/-/fill-range-7.1.1.tgz attempt 2 failed with 503
2878 http fetch GET https://packages.applied-caas-gateway1.internal.api.openai.org/artifactory/api/npm/npm-public/fast-levenshtein/-/fast-levenshtein-2.0.6.tgz attempt 2 failed with 503
2879 http fetch GET https://packages.applied-caas-gateway1.internal.api.openai.org/artifactory/api/npm/npm-public/fflate/-/fflate-0.7.4.tgz attempt 2 failed with 503
2880 http fetch GET https://packages.applied-caas-gateway1.internal.api.openai.org/artifactory/api/npm/npm-public/flat-cache/-/flat-cache-4.0.1.tgz attempt 2 failed with 503
2881 http fetch GET https://packages.applied-caas-gateway1.internal.api.openai.org/artifactory/api/npm/npm-public/fast-deep-equal/-/fast-deep-equal-3.1.3.tgz attempt 2 failed with 503
2882 http fetch GET https://packages.applied-caas-gateway1.internal.api.openai.org/artifactory/api/npm/npm-public/fastq/-/fastq-1.20.1.tgz attempt 2 failed with 503
2883 http fetch GET https://packages.applied-caas-gateway1.internal.api.openai.org/artifactory/api/npm/npm-public/events/-/events-3.3.0.tgz attempt 2 failed with 503
2884 http fetch GET https://packages.applied-caas-gateway1.internal.api.openai.org/artifactory/api/npm/npm-public/fast-json-stable-stringify/-/fast-json-stable-stringify-2.1.0.tgz attempt 2 failed with 503
2885 http fetch GET https://packages.applied-caas-gateway1.internal.api.openai.org/artifactory/api/npm/npm-public/esquery/-/esquery-1.7.0.tgz attempt 2 failed with 503
2886 http fetch GET https://packages.applied-caas-gateway1.internal.api.openai.org/artifactory/api/npm/npm-public/fast-uri/-/fast-uri-3.1.2.tgz attempt 2 failed with 503
2887 http fetch GET https://packages.applied-caas-gateway1.internal.api.openai.org/artifactory/api/npm/npm-public/fast-glob/-/fast-glob-3.3.1.tgz attempt 2 failed with 503
2888 http fetch GET https://packages.applied-caas-gateway1.internal.api.openai.org/artifactory/api/npm/npm-public/estraverse/-/estraverse-5.3.0.tgz attempt 2 failed with 503
2889 http fetch GET https://packages.applied-caas-gateway1.internal.api.openai.org/artifactory/api/npm/npm-public/file-entry-cache/-/file-entry-cache-8.0.0.tgz attempt 2 failed with 503
2890 http fetch GET https://packages.applied-caas-gateway1.internal.api.openai.org/artifactory/api/npm/npm-public/esutils/-/esutils-2.0.3.tgz attempt 2 failed with 503
2891 http fetch GET https://packages.applied-caas-gateway1.internal.api.openai.org/artifactory/api/npm/npm-public/estree-walker/-/estree-walker-3.0.3.tgz attempt 2 failed with 503
2892 http fetch GET https://packages.applied-caas-gateway1.internal.api.openai.org/artifactory/api/npm/npm-public/espree/-/espree-10.4.0.tgz attempt 2 failed with 503
2893 http fetch GET https://packages.applied-caas-gateway1.internal.api.openai.org/artifactory/api/npm/npm-public/eslint-scope/-/eslint-scope-8.4.0.tgz attempt 2 failed with 503
2894 http fetch GET https://packages.applied-caas-gateway1.internal.api.openai.org/artifactory/api/npm/npm-public/esrecurse/-/esrecurse-4.3.0.tgz attempt 2 failed with 503
2895 http fetch GET https://packages.applied-caas-gateway1.internal.api.openai.org/artifactory/api/npm/npm-public/eslint-plugin-jsx-a11y/-/eslint-plugin-jsx-a11y-6.10.2.tgz attempt 2 failed with 503
2896 http fetch GET https://packages.applied-caas-gateway1.internal.api.openai.org/artifactory/api/npm/npm-public/eslint-visitor-keys/-/eslint-visitor-keys-4.2.1.tgz attempt 2 failed with 503
2897 http fetch GET https://packages.applied-caas-gateway1.internal.api.openai.org/artifactory/api/npm/npm-public/eslint-import-resolver-node/-/eslint-import-resolver-node-0.3.10.tgz attempt 2 failed with 503
2898 http fetch GET https://packages.applied-caas-gateway1.internal.api.openai.org/artifactory/api/npm/npm-public/eslint-plugin-react-hooks/-/eslint-plugin-react-hooks-7.1.1.tgz attempt 2 failed with 503
2899 http fetch GET https://packages.applied-caas-gateway1.internal.api.openai.org/artifactory/api/npm/npm-public/eslint-plugin-react/-/eslint-plugin-react-7.37.5.tgz attempt 2 failed with 503
2900 http fetch GET https://packages.applied-caas-gateway1.internal.api.openai.org/artifactory/api/npm/npm-public/eslint-module-utils/-/eslint-module-utils-2.12.1.tgz attempt 2 failed with 503
2901 http fetch GET https://packages.applied-caas-gateway1.internal.api.openai.org/artifactory/api/npm/npm-public/eslint-config-next/-/eslint-config-next-16.2.6.tgz attempt 2 failed with 503
2902 http fetch GET https://packages.applied-caas-gateway1.internal.api.openai.org/artifactory/api/npm/npm-public/eslint-plugin-import/-/eslint-plugin-import-2.32.0.tgz attempt 2 failed with 503
2903 http fetch GET https://packages.applied-caas-gateway1.internal.api.openai.org/artifactory/api/npm/npm-public/es-set-tostringtag/-/es-set-tostringtag-2.1.0.tgz attempt 2 failed with 503
2904 http fetch GET https://packages.applied-caas-gateway1.internal.api.openai.org/artifactory/api/npm/npm-public/eslint-import-resolver-typescript/-/eslint-import-resolver-typescript-3.10.1.tgz attempt 2 failed with 503
2905 http fetch GET https://packages.applied-caas-gateway1.internal.api.openai.org/artifactory/api/npm/npm-public/escape-string-regexp/-/escape-string-regexp-4.0.0.tgz attempt 2 failed with 503
2906 http fetch GET https://packages.applied-caas-gateway1.internal.api.openai.org/artifactory/api/npm/npm-public/escape-html/-/escape-html-1.0.3.tgz attempt 2 failed with 503
2907 http fetch GET https://packages.applied-caas-gateway1.internal.api.openai.org/artifactory/api/npm/npm-public/escalade/-/escalade-3.2.0.tgz attempt 2 failed with 503
2908 http fetch GET https://packages.applied-caas-gateway1.internal.api.openai.org/artifactory/api/npm/npm-public/eslint/-/eslint-9.39.4.tgz attempt 2 failed with 503
2909 http fetch GET https://packages.applied-caas-gateway1.internal.api.openai.org/artifactory/api/npm/npm-public/esbuild/-/esbuild-0.28.0.tgz attempt 2 failed with 503
2910 http fetch GET https://packages.applied-caas-gateway1.internal.api.openai.org/artifactory/api/npm/npm-public/es-shim-unscopables/-/es-shim-unscopables-1.1.0.tgz attempt 2 failed with 503
2911 http fetch GET https://packages.applied-caas-gateway1.internal.api.openai.org/artifactory/api/npm/npm-public/emoji-regex/-/emoji-regex-9.2.2.tgz attempt 2 failed with 503
2912 http fetch GET https://packages.applied-caas-gateway1.internal.api.openai.org/artifactory/api/npm/npm-public/es-object-atoms/-/es-object-atoms-1.1.1.tgz attempt 2 failed with 503
2913 http fetch GET https://packages.applied-caas-gateway1.internal.api.openai.org/artifactory/api/npm/npm-public/electron-to-chromium/-/electron-to-chromium-1.5.358.tgz attempt 2 failed with 503
2914 http fetch GET https://packages.applied-caas-gateway1.internal.api.openai.org/artifactory/api/npm/npm-public/es-errors/-/es-errors-1.3.0.tgz attempt 2 failed with 503
2915 http fetch GET https://packages.applied-caas-gateway1.internal.api.openai.org/artifactory/api/npm/npm-public/es-define-property/-/es-define-property-1.0.1.tgz attempt 2 failed with 503
2916 http fetch GET https://packages.applied-caas-gateway1.internal.api.openai.org/artifactory/api/npm/npm-public/enhanced-resolve/-/enhanced-resolve-5.21.3.tgz attempt 2 failed with 503
2917 http fetch GET https://packages.applied-caas-gateway1.internal.api.openai.org/artifactory/api/npm/npm-public/es-abstract/-/es-abstract-1.24.2.tgz attempt 2 failed with 503
2918 http fetch GET https://packages.applied-caas-gateway1.internal.api.openai.org/artifactory/api/npm/npm-public/es-iterator-helpers/-/es-iterator-helpers-1.3.2.tgz attempt 2 failed with 503
2919 http fetch GET https://packages.applied-caas-gateway1.internal.api.openai.org/artifactory/api/npm/npm-public/define-properties/-/define-properties-1.2.1.tgz attempt 2 failed with 503
2920 http fetch GET https://packages.applied-caas-gateway1.internal.api.openai.org/artifactory/api/npm/npm-public/drizzle-orm/-/drizzle-orm-0.45.2.tgz attempt 2 failed with 503
2921 http fetch GET https://packages.applied-caas-gateway1.internal.api.openai.org/artifactory/api/npm/npm-public/es-module-lexer/-/es-module-lexer-2.1.0.tgz attempt 2 failed with 503
2922 http fetch GET https://packages.applied-caas-gateway1.internal.api.openai.org/artifactory/api/npm/npm-public/error-stack-parser-es/-/error-stack-parser-es-1.0.5.tgz attempt 2 failed with 503
2923 http fetch GET https://packages.applied-caas-gateway1.internal.api.openai.org/artifactory/api/npm/npm-public/detect-libc/-/detect-libc-2.1.2.tgz attempt 2 failed with 503
2924 http fetch GET https://packages.applied-caas-gateway1.internal.api.openai.org/artifactory/api/npm/npm-public/dunder-proto/-/dunder-proto-1.0.1.tgz attempt 2 failed with 503
2925 http fetch GET https://packages.applied-caas-gateway1.internal.api.openai.org/artifactory/api/npm/npm-public/drizzle-kit/-/drizzle-kit-0.31.10.tgz attempt 2 failed with 503
2926 http fetch GET https://packages.applied-caas-gateway1.internal.api.openai.org/artifactory/api/npm/npm-public/data-view-buffer/-/data-view-buffer-1.0.2.tgz attempt 2 failed with 503
2927 http fetch GET https://packages.applied-caas-gateway1.internal.api.openai.org/artifactory/api/npm/npm-public/doctrine/-/doctrine-2.1.0.tgz attempt 2 failed with 503
2928 http fetch GET https://packages.applied-caas-gateway1.internal.api.openai.org/artifactory/api/npm/npm-public/define-data-property/-/define-data-property-1.1.4.tgz attempt 2 failed with 503
2929 http fetch GET https://packages.applied-caas-gateway1.internal.api.openai.org/artifactory/api/npm/npm-public/deep-is/-/deep-is-0.1.4.tgz attempt 2 failed with 503
2930 http fetch GET https://packages.applied-caas-gateway1.internal.api.openai.org/artifactory/api/npm/npm-public/emoji-regex-xs/-/emoji-regex-xs-2.0.1.tgz attempt 2 failed with 503
2931 http fetch GET https://packages.applied-caas-gateway1.internal.api.openai.org/artifactory/api/npm/npm-public/data-view-byte-offset/-/data-view-byte-offset-1.0.1.tgz attempt 2 failed with 503
2932 http fetch GET https://packages.applied-caas-gateway1.internal.api.openai.org/artifactory/api/npm/npm-public/data-view-byte-length/-/data-view-byte-length-1.0.2.tgz attempt 2 failed with 503
2933 http fetch GET https://packages.applied-caas-gateway1.internal.api.openai.org/artifactory/api/npm/npm-public/css-gradient-parser/-/css-gradient-parser-0.0.16.tgz attempt 2 failed with 503
2934 http fetch GET https://packages.applied-caas-gateway1.internal.api.openai.org/artifactory/api/npm/npm-public/css-to-react-native/-/css-to-react-native-3.2.0.tgz attempt 2 failed with 503
2935 http fetch GET https://packages.applied-caas-gateway1.internal.api.openai.org/artifactory/api/npm/npm-public/debug/-/debug-4.4.3.tgz attempt 2 failed with 503
2936 http fetch GET https://packages.applied-caas-gateway1.internal.api.openai.org/artifactory/api/npm/npm-public/cross-spawn/-/cross-spawn-7.0.6.tgz attempt 2 failed with 503
2937 http fetch GET https://packages.applied-caas-gateway1.internal.api.openai.org/artifactory/api/npm/npm-public/css-background-parser/-/css-background-parser-0.1.0.tgz attempt 2 failed with 503
2938 http fetch GET https://packages.applied-caas-gateway1.internal.api.openai.org/artifactory/api/npm/npm-public/damerau-levenshtein/-/damerau-levenshtein-1.0.8.tgz attempt 2 failed with 503
2939 http fetch GET https://packages.applied-caas-gateway1.internal.api.openai.org/artifactory/api/npm/npm-public/css-color-keywords/-/css-color-keywords-1.0.0.tgz attempt 2 failed with 503
2940 http fetch GET https://packages.applied-caas-gateway1.internal.api.openai.org/artifactory/api/npm/npm-public/csstype/-/csstype-3.2.3.tgz attempt 2 failed with 503
2941 http fetch GET https://packages.applied-caas-gateway1.internal.api.openai.org/artifactory/api/npm/npm-public/css-box-shadow/-/css-box-shadow-1.0.0-3.tgz attempt 2 failed with 503
2942 http fetch GET https://packages.applied-caas-gateway1.internal.api.openai.org/artifactory/api/npm/npm-public/es-to-primitive/-/es-to-primitive-1.3.0.tgz attempt 2 failed with 503
2943 http fetch GET https://packages.applied-caas-gateway1.internal.api.openai.org/artifactory/api/npm/npm-public/concat-map/-/concat-map-0.0.1.tgz attempt 2 failed with 503
2944 http fetch GET https://packages.applied-caas-gateway1.internal.api.openai.org/artifactory/api/npm/npm-public/cookie/-/cookie-1.1.1.tgz attempt 2 failed with 503
2945 http fetch GET https://packages.applied-caas-gateway1.internal.api.openai.org/artifactory/api/npm/npm-public/color-name/-/color-name-1.1.4.tgz attempt 2 failed with 503
2946 http fetch GET https://packages.applied-caas-gateway1.internal.api.openai.org/artifactory/api/npm/npm-public/convert-source-map/-/convert-source-map-2.0.0.tgz attempt 2 failed with 503
2947 http fetch GET https://packages.applied-caas-gateway1.internal.api.openai.org/artifactory/api/npm/npm-public/call-bind-apply-helpers/-/call-bind-apply-helpers-1.0.2.tgz attempt 2 failed with 503
2948 http fetch GET https://packages.applied-caas-gateway1.internal.api.openai.org/artifactory/api/npm/npm-public/chalk/-/chalk-4.1.2.tgz attempt 2 failed with 503
2949 http fetch GET https://packages.applied-caas-gateway1.internal.api.openai.org/artifactory/api/npm/npm-public/commander/-/commander-2.20.3.tgz attempt 2 failed with 503
2950 http fetch GET https://packages.applied-caas-gateway1.internal.api.openai.org/artifactory/api/npm/npm-public/client-only/-/client-only-0.0.1.tgz attempt 2 failed with 503
2951 http fetch GET https://packages.applied-caas-gateway1.internal.api.openai.org/artifactory/api/npm/npm-public/color-convert/-/color-convert-2.0.1.tgz attempt 2 failed with 503
2952 http fetch GET https://packages.applied-caas-gateway1.internal.api.openai.org/artifactory/api/npm/npm-public/chrome-trace-event/-/chrome-trace-event-1.0.4.tgz attempt 2 failed with 503
2953 http fetch GET https://packages.applied-caas-gateway1.internal.api.openai.org/artifactory/api/npm/npm-public/caniuse-lite/-/caniuse-lite-1.0.30001793.tgz attempt 2 failed with 503
2954 http fetch GET https://packages.applied-caas-gateway1.internal.api.openai.org/artifactory/api/npm/npm-public/callsites/-/callsites-3.1.0.tgz attempt 2 failed with 503
2955 http fetch GET https://packages.applied-caas-gateway1.internal.api.openai.org/artifactory/api/npm/npm-public/call-bind/-/call-bind-1.0.9.tgz attempt 2 failed with 503
2956 http fetch GET https://packages.applied-caas-gateway1.internal.api.openai.org/artifactory/api/npm/npm-public/buffer-from/-/buffer-from-1.1.2.tgz attempt 2 failed with 503
2957 http fetch GET https://packages.applied-caas-gateway1.internal.api.openai.org/artifactory/api/npm/npm-public/axobject-query/-/axobject-query-4.1.0.tgz attempt 2 failed with 503
2958 http fetch GET https://packages.applied-caas-gateway1.internal.api.openai.org/artifactory/api/npm/npm-public/blake3-wasm/-/blake3-wasm-2.1.5.tgz attempt 2 failed with 503
2959 http fetch GET https://packages.applied-caas-gateway1.internal.api.openai.org/artifactory/api/npm/npm-public/camelize/-/camelize-1.0.1.tgz attempt 2 failed with 503
2960 http fetch GET https://packages.applied-caas-gateway1.internal.api.openai.org/artifactory/api/npm/npm-public/browserslist/-/browserslist-4.28.2.tgz attempt 2 failed with 503
2961 http fetch GET https://packages.applied-caas-gateway1.internal.api.openai.org/artifactory/api/npm/npm-public/brace-expansion/-/brace-expansion-1.1.14.tgz attempt 2 failed with 503
2962 http fetch GET https://packages.applied-caas-gateway1.internal.api.openai.org/artifactory/api/npm/npm-public/call-bound/-/call-bound-1.0.4.tgz attempt 2 failed with 503
2963 http fetch GET https://packages.applied-caas-gateway1.internal.api.openai.org/artifactory/api/npm/npm-public/braces/-/braces-3.0.3.tgz attempt 2 failed with 503
2964 http fetch GET https://packages.applied-caas-gateway1.internal.api.openai.org/artifactory/api/npm/npm-public/balanced-match/-/balanced-match-1.0.2.tgz attempt 2 failed with 503
2965 http fetch GET https://packages.applied-caas-gateway1.internal.api.openai.org/artifactory/api/npm/npm-public/base64-js/-/base64-js-0.0.8.tgz attempt 2 failed with 503
2966 http fetch GET https://packages.applied-caas-gateway1.internal.api.openai.org/artifactory/api/npm/npm-public/available-typed-arrays/-/available-typed-arrays-1.0.7.tgz attempt 2 failed with 503
2967 http fetch GET https://packages.applied-caas-gateway1.internal.api.openai.org/artifactory/api/npm/npm-public/async-function/-/async-function-1.0.0.tgz attempt 2 failed with 503
2968 http fetch GET https://packages.applied-caas-gateway1.internal.api.openai.org/artifactory/api/npm/npm-public/baseline-browser-mapping/-/baseline-browser-mapping-2.10.30.tgz attempt 2 failed with 503
2969 http fetch GET https://packages.applied-caas-gateway1.internal.api.openai.org/artifactory/api/npm/npm-public/axe-core/-/axe-core-4.11.4.tgz attempt 2 failed with 503
2970 http fetch GET https://packages.applied-caas-gateway1.internal.api.openai.org/artifactory/api/npm/npm-public/array.prototype.flatmap/-/array.prototype.flatmap-1.3.3.tgz attempt 2 failed with 503
2971 http fetch GET https://packages.applied-caas-gateway1.internal.api.openai.org/artifactory/api/npm/npm-public/array.prototype.flat/-/array.prototype.flat-1.3.3.tgz attempt 2 failed with 503
2972 http fetch GET https://packages.applied-caas-gateway1.internal.api.openai.org/artifactory/api/npm/npm-public/arraybuffer.prototype.slice/-/arraybuffer.prototype.slice-1.0.4.tgz attempt 2 failed with 503
2973 http fetch GET https://packages.applied-caas-gateway1.internal.api.openai.org/artifactory/api/npm/npm-public/array.prototype.tosorted/-/array.prototype.tosorted-1.1.4.tgz attempt 2 failed with 503
2974 http fetch GET https://packages.applied-caas-gateway1.internal.api.openai.org/artifactory/api/npm/npm-public/array.prototype.findlastindex/-/array.prototype.findlastindex-1.2.6.tgz attempt 2 failed with 503
2975 http fetch GET https://packages.applied-caas-gateway1.internal.api.openai.org/artifactory/api/npm/npm-public/aria-query/-/aria-query-5.3.2.tgz attempt 2 failed with 503
2976 http fetch GET https://packages.applied-caas-gateway1.internal.api.openai.org/artifactory/api/npm/npm-public/ast-types-flow/-/ast-types-flow-0.0.8.tgz attempt 2 failed with 503
2977 http fetch GET https://packages.applied-caas-gateway1.internal.api.openai.org/artifactory/api/npm/npm-public/acorn-loose/-/acorn-loose-8.5.2.tgz attempt 2 failed with 503
2978 http fetch GET https://packages.applied-caas-gateway1.internal.api.openai.org/artifactory/api/npm/npm-public/argparse/-/argparse-2.0.1.tgz attempt 2 failed with 503
2979 http fetch GET https://packages.applied-caas-gateway1.internal.api.openai.org/artifactory/api/npm/npm-public/array-includes/-/array-includes-3.1.9.tgz attempt 2 failed with 503
2980 http fetch GET https://packages.applied-caas-gateway1.internal.api.openai.org/artifactory/api/npm/npm-public/array.prototype.findlast/-/array.prototype.findlast-1.2.5.tgz attempt 2 failed with 503
2981 http fetch GET https://packages.applied-caas-gateway1.internal.api.openai.org/artifactory/api/npm/npm-public/acorn-jsx/-/acorn-jsx-5.3.2.tgz attempt 2 failed with 503
2982 http fetch GET https://packages.applied-caas-gateway1.internal.api.openai.org/artifactory/api/npm/npm-public/ansi-styles/-/ansi-styles-4.3.0.tgz attempt 2 failed with 503
2983 http fetch GET https://packages.applied-caas-gateway1.internal.api.openai.org/artifactory/api/npm/npm-public/ajv-formats/-/ajv-formats-2.1.1.tgz attempt 2 failed with 503
2984 http fetch GET https://packages.applied-caas-gateway1.internal.api.openai.org/artifactory/api/npm/npm-public/ajv/-/ajv-6.15.0.tgz attempt 2 failed with 503
2985 http fetch GET https://packages.applied-caas-gateway1.internal.api.openai.org/artifactory/api/npm/npm-public/array-buffer-byte-length/-/array-buffer-byte-length-1.0.2.tgz attempt 2 failed with 503
2986 http fetch GET https://packages.applied-caas-gateway1.internal.api.openai.org/artifactory/api/npm/npm-public/eslint-visitor-keys/-/eslint-visitor-keys-5.0.1.tgz attempt 2 failed with 503
2987 http fetch GET https://packages.applied-caas-gateway1.internal.api.openai.org/artifactory/api/npm/npm-public/@rolldown/pluginutils/-/pluginutils-1.0.0-rc.18.tgz attempt 2 failed with 503
2988 http fetch GET https://packages.applied-caas-gateway1.internal.api.openai.org/artifactory/api/npm/npm-public/acorn/-/acorn-8.16.0.tgz attempt 2 failed with 503
2989 http fetch GET https://packages.applied-caas-gateway1.internal.api.openai.org/artifactory/api/npm/npm-public/acorn-import-phases/-/acorn-import-phases-1.0.4.tgz attempt 2 failed with 503
2990 http fetch GET https://packages.applied-caas-gateway1.internal.api.openai.org/artifactory/api/npm/npm-public/semver/-/semver-7.8.0.tgz attempt 2 failed with 503
2991 http fetch GET https://packages.applied-caas-gateway1.internal.api.openai.org/artifactory/api/npm/npm-public/brace-expansion/-/brace-expansion-5.0.6.tgz attempt 2 failed with 503
2992 http fetch GET https://packages.applied-caas-gateway1.internal.api.openai.org/artifactory/api/npm/npm-public/balanced-match/-/balanced-match-4.0.4.tgz attempt 2 failed with 503
2993 http fetch GET https://packages.applied-caas-gateway1.internal.api.openai.org/artifactory/api/npm/npm-public/supports-color/-/supports-color-10.2.2.tgz attempt 2 failed with 503
2994 http fetch GET https://packages.applied-caas-gateway1.internal.api.openai.org/artifactory/api/npm/npm-public/eslint-visitor-keys/-/eslint-visitor-keys-3.4.3.tgz attempt 2 failed with 503
2995 http fetch GET https://packages.applied-caas-gateway1.internal.api.openai.org/artifactory/api/npm/npm-public/ignore/-/ignore-7.0.5.tgz attempt 2 failed with 503
2996 http fetch GET https://packages.applied-caas-gateway1.internal.api.openai.org/artifactory/api/npm/npm-public/minimatch/-/minimatch-10.2.5.tgz attempt 2 failed with 503
2997 http fetch GET https://packages.applied-caas-gateway1.internal.api.openai.org/artifactory/api/npm/npm-public/esbuild/-/esbuild-0.18.20.tgz attempt 2 failed with 503
2998 http fetch GET https://packages.applied-caas-gateway1.internal.api.openai.org/artifactory/api/npm/npm-public/eslint-scope/-/eslint-scope-5.1.1.tgz attempt 2 failed with 503
2999 http fetch GET https://packages.applied-caas-gateway1.internal.api.openai.org/artifactory/api/npm/npm-public/@napi-rs/wasm-runtime/-/wasm-runtime-1.1.4.tgz attempt 2 failed with 503
3000 http fetch GET https://packages.applied-caas-gateway1.internal.api.openai.org/artifactory/api/npm/npm-public/@jridgewell/trace-mapping/-/trace-mapping-0.3.9.tgz attempt 2 failed with 503
3001 http fetch GET https://packages.applied-caas-gateway1.internal.api.openai.org/artifactory/api/npm/npm-public/fdir/-/fdir-6.5.0.tgz attempt 2 failed with 503
3002 http fetch GET https://packages.applied-caas-gateway1.internal.api.openai.org/artifactory/api/npm/npm-public/@esbuild/linux-x64/-/linux-x64-0.18.20.tgz attempt 2 failed with 503
3003 http fetch GET https://packages.applied-caas-gateway1.internal.api.openai.org/artifactory/api/npm/npm-public/estraverse/-/estraverse-4.3.0.tgz attempt 2 failed with 503
3004 http fetch GET https://packages.applied-caas-gateway1.internal.api.openai.org/artifactory/api/npm/npm-public/picomatch/-/picomatch-4.0.4.tgz attempt 2 failed with 503
3005 http fetch GET https://packages.applied-caas-gateway1.internal.api.openai.org/artifactory/api/npm/npm-public/esbuild/-/esbuild-0.27.3.tgz attempt 2 failed with 503
3006 http fetch GET https://packages.applied-caas-gateway1.internal.api.openai.org/artifactory/api/npm/npm-public/lightningcss-linux-x64-gnu/-/lightningcss-linux-x64-gnu-1.32.0.tgz attempt 2 failed with 503
3007 http fetch GET https://packages.applied-caas-gateway1.internal.api.openai.org/artifactory/api/npm/npm-public/@esbuild/linux-x64/-/linux-x64-0.27.3.tgz attempt 2 failed with 503
3008 http fetch GET https://packages.applied-caas-gateway1.internal.api.openai.org/artifactory/api/npm/npm-public/glob-parent/-/glob-parent-5.1.2.tgz attempt 2 failed with 503
3009 http fetch GET https://packages.applied-caas-gateway1.internal.api.openai.org/artifactory/api/npm/npm-public/json5/-/json5-1.0.2.tgz attempt 2 failed with 503
3010 http fetch GET https://packages.applied-caas-gateway1.internal.api.openai.org/artifactory/api/npm/npm-public/es-module-lexer/-/es-module-lexer-1.7.0.tgz attempt 2 failed with 503
3011 http fetch GET https://packages.applied-caas-gateway1.internal.api.openai.org/artifactory/api/npm/npm-public/lightningcss/-/lightningcss-1.32.0.tgz attempt 2 failed with 503
3012 http fetch GET https://packages.applied-caas-gateway1.internal.api.openai.org/artifactory/api/npm/npm-public/picomatch/-/picomatch-4.0.4.tgz attempt 2 failed with 503
3013 http fetch GET https://packages.applied-caas-gateway1.internal.api.openai.org/artifactory/api/npm/npm-public/fast-glob/-/fast-glob-3.3.3.tgz attempt 2 failed with 503
3014 http fetch GET https://packages.applied-caas-gateway1.internal.api.openai.org/artifactory/api/npm/npm-public/supports-color/-/supports-color-8.1.1.tgz attempt 2 failed with 503
3015 http fetch GET https://packages.applied-caas-gateway1.internal.api.openai.org/artifactory/api/npm/npm-public/ajv/-/ajv-8.20.0.tgz attempt 2 failed with 503
3016 http fetch GET https://packages.applied-caas-gateway1.internal.api.openai.org/artifactory/api/npm/npm-public/postcss/-/postcss-8.4.31.tgz attempt 2 failed with 503
3017 http fetch GET https://packages.applied-caas-gateway1.internal.api.openai.org/artifactory/api/npm/npm-public/js-tokens/-/js-tokens-9.0.1.tgz attempt 2 failed with 503
3018 http fetch GET https://packages.applied-caas-gateway1.internal.api.openai.org/artifactory/api/npm/npm-public/semver/-/semver-7.8.0.tgz attempt 2 failed with 503
3019 http fetch GET https://packages.applied-caas-gateway1.internal.api.openai.org/artifactory/api/npm/npm-public/json-schema-traverse/-/json-schema-traverse-1.0.0.tgz attempt 2 failed with 503
3020 http fetch GET https://packages.applied-caas-gateway1.internal.api.openai.org/artifactory/api/npm/npm-public/debug/-/debug-3.2.7.tgz attempt 2 failed with 503
3021 http fetch GET https://packages.applied-caas-gateway1.internal.api.openai.org/artifactory/api/npm/npm-public/globals/-/globals-16.4.0.tgz attempt 2 failed with 503
3022 http fetch GET https://packages.applied-caas-gateway1.internal.api.openai.org/artifactory/api/npm/npm-public/debug/-/debug-3.2.7.tgz attempt 2 failed with 503
3023 http fetch GET https://packages.applied-caas-gateway1.internal.api.openai.org/artifactory/api/npm/npm-public/glob-parent/-/glob-parent-5.1.2.tgz attempt 2 failed with 503
3024 http fetch GET https://packages.applied-caas-gateway1.internal.api.openai.org/artifactory/api/npm/npm-public/ajv-keywords/-/ajv-keywords-5.1.0.tgz attempt 2 failed with 503
3025 http fetch GET https://packages.applied-caas-gateway1.internal.api.openai.org/artifactory/api/npm/npm-public/semver/-/semver-7.8.0.tgz attempt 2 failed with 503
3026 http fetch GET https://packages.applied-caas-gateway1.internal.api.openai.org/artifactory/api/npm/npm-public/@esbuild/linux-x64/-/linux-x64-0.25.12.tgz attempt 2 failed with 503
3027 http fetch GET https://packages.applied-caas-gateway1.internal.api.openai.org/artifactory/api/npm/npm-public/json-schema-traverse/-/json-schema-traverse-1.0.0.tgz attempt 2 failed with 503
3028 http fetch GET https://packages.applied-caas-gateway1.internal.api.openai.org/artifactory/api/npm/npm-public/esbuild/-/esbuild-0.25.12.tgz attempt 2 failed with 503
3029 http fetch GET https://packages.applied-caas-gateway1.internal.api.openai.org/artifactory/api/npm/npm-public/ajv/-/ajv-8.20.0.tgz attempt 2 failed with 503
3030 http fetch GET https://packages.applied-caas-gateway1.internal.api.openai.org/artifactory/api/npm/npm-public/debug/-/debug-3.2.7.tgz attempt 2 failed with 503
3031 http fetch GET https://packages.applied-caas-gateway1.internal.api.openai.org/artifactory/api/npm/npm-public/@webassemblyjs/ast/-/ast-1.14.1.tgz attempt 3 failed with 503
3032 http fetch GET 503 https://packages.applied-caas-gateway1.internal.api.openai.org/artifactory/api/npm/npm-public/@webassemblyjs/ast/-/ast-1.14.1.tgz 70453ms attempt #3 (cache skip)
3033 http fetch GET https://packages.applied-caas-gateway1.internal.api.openai.org/artifactory/api/npm/npm-public/@webassemblyjs/wast-printer/-/wast-printer-1.14.1.tgz attempt 3 failed with 503
3034 http fetch GET 503 https://packages.applied-caas-gateway1.internal.api.openai.org/artifactory/api/npm/npm-public/@webassemblyjs/wast-printer/-/wast-printer-1.14.1.tgz 70460ms attempt #3 (cache skip)
3035 http fetch GET https://packages.applied-caas-gateway1.internal.api.openai.org/artifactory/api/npm/npm-public/@webassemblyjs/wasm-parser/-/wasm-parser-1.14.1.tgz attempt 3 failed with 503
3036 http fetch GET 503 https://packages.applied-caas-gateway1.internal.api.openai.org/artifactory/api/npm/npm-public/@webassemblyjs/wasm-parser/-/wasm-parser-1.14.1.tgz 70459ms attempt #3 (cache skip)
3037 http fetch GET https://packages.applied-caas-gateway1.internal.api.openai.org/artifactory/api/npm/npm-public/@webassemblyjs/helper-wasm-section/-/helper-wasm-section-1.14.1.tgz attempt 3 failed with 503
3038 http fetch GET 503 https://packages.applied-caas-gateway1.internal.api.openai.org/artifactory/api/npm/npm-public/@webassemblyjs/helper-wasm-section/-/helper-wasm-section-1.14.1.tgz 70457ms attempt #3 (cache skip)
3039 http fetch GET https://packages.applied-caas-gateway1.internal.api.openai.org/artifactory/api/npm/npm-public/@webassemblyjs/ieee754/-/ieee754-1.13.2.tgz attempt 3 failed with 503
3040 http fetch GET 503 https://packages.applied-caas-gateway1.internal.api.openai.org/artifactory/api/npm/npm-public/@webassemblyjs/ieee754/-/ieee754-1.13.2.tgz 70457ms attempt #3 (cache skip)
3041 http fetch GET https://packages.applied-caas-gateway1.internal.api.openai.org/artifactory/api/npm/npm-public/@webassemblyjs/helper-buffer/-/helper-buffer-1.14.1.tgz attempt 3 failed with 503
3042 http fetch GET 503 https://packages.applied-caas-gateway1.internal.api.openai.org/artifactory/api/npm/npm-public/@webassemblyjs/helper-buffer/-/helper-buffer-1.14.1.tgz 70457ms attempt #3 (cache skip)
3043 http fetch GET https://packages.applied-caas-gateway1.internal.api.openai.org/artifactory/api/npm/npm-public/@webassemblyjs/floating-point-hex-parser/-/floating-point-hex-parser-1.13.2.tgz attempt 3 failed with 503
3044 http fetch GET 503 https://packages.applied-caas-gateway1.internal.api.openai.org/artifactory/api/npm/npm-public/@webassemblyjs/floating-point-hex-parser/-/floating-point-hex-parser-1.13.2.tgz 70456ms attempt #3 (cache skip)
3045 http fetch GET https://packages.applied-caas-gateway1.internal.api.openai.org/artifactory/api/npm/npm-public/@webassemblyjs/helper-api-error/-/helper-api-error-1.13.2.tgz attempt 3 failed with 503
3046 http fetch GET 503 https://packages.applied-caas-gateway1.internal.api.openai.org/artifactory/api/npm/npm-public/@webassemblyjs/helper-api-error/-/helper-api-error-1.13.2.tgz 70458ms attempt #3 (cache skip)
3047 http fetch GET https://packages.applied-caas-gateway1.internal.api.openai.org/artifactory/api/npm/npm-public/@webassemblyjs/leb128/-/leb128-1.13.2.tgz attempt 3 failed with 503
3048 http fetch GET 503 https://packages.applied-caas-gateway1.internal.api.openai.org/artifactory/api/npm/npm-public/@webassemblyjs/leb128/-/leb128-1.13.2.tgz 70462ms attempt #3 (cache skip)
3049 http fetch GET https://packages.applied-caas-gateway1.internal.api.openai.org/artifactory/api/npm/npm-public/@webassemblyjs/helper-wasm-bytecode/-/helper-wasm-bytecode-1.13.2.tgz attempt 3 failed with 503
3050 http fetch GET 503 https://packages.applied-caas-gateway1.internal.api.openai.org/artifactory/api/npm/npm-public/@webassemblyjs/helper-wasm-bytecode/-/helper-wasm-bytecode-1.13.2.tgz 70457ms attempt #3 (cache skip)
3051 http fetch GET https://packages.applied-caas-gateway1.internal.api.openai.org/artifactory/api/npm/npm-public/@webassemblyjs/wasm-gen/-/wasm-gen-1.14.1.tgz attempt 3 failed with 503
3052 http fetch GET 503 https://packages.applied-caas-gateway1.internal.api.openai.org/artifactory/api/npm/npm-public/@webassemblyjs/wasm-gen/-/wasm-gen-1.14.1.tgz 70466ms attempt #3 (cache skip)
3053 http fetch GET https://packages.applied-caas-gateway1.internal.api.openai.org/artifactory/api/npm/npm-public/@xtuc/ieee754/-/ieee754-1.2.0.tgz attempt 3 failed with 503
3054 http fetch GET 503 https://packages.applied-caas-gateway1.internal.api.openai.org/artifactory/api/npm/npm-public/@xtuc/ieee754/-/ieee754-1.2.0.tgz 70470ms attempt #3 (cache skip)
3055 http fetch GET https://packages.applied-caas-gateway1.internal.api.openai.org/artifactory/api/npm/npm-public/@webassemblyjs/wasm-opt/-/wasm-opt-1.14.1.tgz attempt 3 failed with 503
3056 http fetch GET 503 https://packages.applied-caas-gateway1.internal.api.openai.org/artifactory/api/npm/npm-public/@webassemblyjs/wasm-opt/-/wasm-opt-1.14.1.tgz 70466ms attempt #3 (cache skip)
3057 http fetch GET https://packages.applied-caas-gateway1.internal.api.openai.org/artifactory/api/npm/npm-public/@vercel/og/-/og-0.8.6.tgz attempt 3 failed with 503
3058 http fetch GET 503 https://packages.applied-caas-gateway1.internal.api.openai.org/artifactory/api/npm/npm-public/@vercel/og/-/og-0.8.6.tgz 70460ms attempt #3 (cache skip)
3059 http fetch GET https://packages.applied-caas-gateway1.internal.api.openai.org/artifactory/api/npm/npm-public/@webassemblyjs/wasm-edit/-/wasm-edit-1.14.1.tgz attempt 3 failed with 503
3060 http fetch GET 503 https://packages.applied-caas-gateway1.internal.api.openai.org/artifactory/api/npm/npm-public/@webassemblyjs/wasm-edit/-/wasm-edit-1.14.1.tgz 70468ms attempt #3 (cache skip)
3061 http fetch GET https://packages.applied-caas-gateway1.internal.api.openai.org/artifactory/api/npm/npm-public/@vitejs/plugin-react/-/plugin-react-6.0.2.tgz attempt 3 failed with 503
3062 http fetch GET 503 https://packages.applied-caas-gateway1.internal.api.openai.org/artifactory/api/npm/npm-public/@vitejs/plugin-react/-/plugin-react-6.0.2.tgz 70463ms attempt #3 (cache skip)
3063 http fetch GET https://packages.applied-caas-gateway1.internal.api.openai.org/artifactory/api/npm/npm-public/@unpic/core/-/core-1.0.3.tgz attempt 3 failed with 503
3064 http fetch GET 503 https://packages.applied-caas-gateway1.internal.api.openai.org/artifactory/api/npm/npm-public/@unpic/core/-/core-1.0.3.tgz 70462ms attempt #3 (cache skip)
3065 http fetch GET https://packages.applied-caas-gateway1.internal.api.openai.org/artifactory/api/npm/npm-public/@webassemblyjs/helper-numbers/-/helper-numbers-1.13.2.tgz attempt 3 failed with 503
3066 http fetch GET 503 https://packages.applied-caas-gateway1.internal.api.openai.org/artifactory/api/npm/npm-public/@webassemblyjs/helper-numbers/-/helper-numbers-1.13.2.tgz 70466ms attempt #3 (cache skip)
3067 http fetch GET https://packages.applied-caas-gateway1.internal.api.openai.org/artifactory/api/npm/npm-public/@xtuc/long/-/long-4.2.2.tgz attempt 3 failed with 503
3068 http fetch GET 503 https://packages.applied-caas-gateway1.internal.api.openai.org/artifactory/api/npm/npm-public/@xtuc/long/-/long-4.2.2.tgz 70474ms attempt #3 (cache skip)
3069 http fetch GET https://packages.applied-caas-gateway1.internal.api.openai.org/artifactory/api/npm/npm-public/@unpic/react/-/react-1.0.2.tgz attempt 3 failed with 503
3070 http fetch GET 503 https://packages.applied-caas-gateway1.internal.api.openai.org/artifactory/api/npm/npm-public/@unpic/react/-/react-1.0.2.tgz 70464ms attempt #3 (cache skip)
3071 http fetch GET https://packages.applied-caas-gateway1.internal.api.openai.org/artifactory/api/npm/npm-public/@typescript-eslint/utils/-/utils-8.59.3.tgz attempt 3 failed with 503
3072 http fetch GET 503 https://packages.applied-caas-gateway1.internal.api.openai.org/artifactory/api/npm/npm-public/@typescript-eslint/utils/-/utils-8.59.3.tgz 70465ms attempt #3 (cache skip)
3073 http fetch GET https://packages.applied-caas-gateway1.internal.api.openai.org/artifactory/api/npm/npm-public/@typescript-eslint/typescript-estree/-/typescript-estree-8.59.3.tgz attempt 3 failed with 503
3074 http fetch GET 503 https://packages.applied-caas-gateway1.internal.api.openai.org/artifactory/api/npm/npm-public/@typescript-eslint/typescript-estree/-/typescript-estree-8.59.3.tgz 70466ms attempt #3 (cache skip)
3075 http fetch GET https://packages.applied-caas-gateway1.internal.api.openai.org/artifactory/api/npm/npm-public/@typescript-eslint/scope-manager/-/scope-manager-8.59.3.tgz attempt 3 failed with 503
3076 http fetch GET 503 https://packages.applied-caas-gateway1.internal.api.openai.org/artifactory/api/npm/npm-public/@typescript-eslint/scope-manager/-/scope-manager-8.59.3.tgz 70464ms attempt #3 (cache skip)
3077 http fetch GET https://packages.applied-caas-gateway1.internal.api.openai.org/artifactory/api/npm/npm-public/@unrs/resolver-binding-linux-x64-gnu/-/resolver-binding-linux-x64-gnu-1.11.1.tgz attempt 3 failed with 503
3078 http fetch GET 503 https://packages.applied-caas-gateway1.internal.api.openai.org/artifactory/api/npm/npm-public/@unrs/resolver-binding-linux-x64-gnu/-/resolver-binding-linux-x64-gnu-1.11.1.tgz 70468ms attempt #3 (cache skip)
3079 verbose reify failed optional dependency /mnt/data/technologia_work/node_modules/@unrs/resolver-binding-linux-x64-gnu
3080 silly reify mark deleted [
3080 silly reify   '/mnt/data/technologia_work/node_modules/@unrs/resolver-binding-linux-x64-gnu'
3080 silly reify ]
3081 http fetch GET https://packages.applied-caas-gateway1.internal.api.openai.org/artifactory/api/npm/npm-public/@typescript-eslint/visitor-keys/-/visitor-keys-8.59.3.tgz attempt 3 failed with 503
3082 http fetch GET 503 https://packages.applied-caas-gateway1.internal.api.openai.org/artifactory/api/npm/npm-public/@typescript-eslint/visitor-keys/-/visitor-keys-8.59.3.tgz 70469ms attempt #3 (cache skip)
3083 http fetch GET https://packages.applied-caas-gateway1.internal.api.openai.org/artifactory/api/npm/npm-public/@vitejs/plugin-rsc/-/plugin-rsc-0.5.26.tgz attempt 3 failed with 503
3084 http fetch GET 503 https://packages.applied-caas-gateway1.internal.api.openai.org/artifactory/api/npm/npm-public/@vitejs/plugin-rsc/-/plugin-rsc-0.5.26.tgz 70472ms attempt #3 (cache skip)
3085 http fetch GET https://packages.applied-caas-gateway1.internal.api.openai.org/artifactory/api/npm/npm-public/@typescript-eslint/eslint-plugin/-/eslint-plugin-8.59.3.tgz attempt 3 failed with 503
3086 http fetch GET 503 https://packages.applied-caas-gateway1.internal.api.openai.org/artifactory/api/npm/npm-public/@typescript-eslint/eslint-plugin/-/eslint-plugin-8.59.3.tgz 70468ms attempt #3 (cache skip)
3087 http fetch GET https://packages.applied-caas-gateway1.internal.api.openai.org/artifactory/api/npm/npm-public/@webassemblyjs/utf8/-/utf8-1.13.2.tgz attempt 3 failed with 503
3088 http fetch GET 503 https://packages.applied-caas-gateway1.internal.api.openai.org/artifactory/api/npm/npm-public/@webassemblyjs/utf8/-/utf8-1.13.2.tgz 70479ms attempt #3 (cache skip)
3089 http fetch GET https://packages.applied-caas-gateway1.internal.api.openai.org/artifactory/api/npm/npm-public/@typescript-eslint/tsconfig-utils/-/tsconfig-utils-8.59.3.tgz attempt 3 failed with 503
3090 http fetch GET 503 https://packages.applied-caas-gateway1.internal.api.openai.org/artifactory/api/npm/npm-public/@typescript-eslint/tsconfig-utils/-/tsconfig-utils-8.59.3.tgz 70471ms attempt #3 (cache skip)
3091 http fetch GET https://packages.applied-caas-gateway1.internal.api.openai.org/artifactory/api/npm/npm-public/@typescript-eslint/types/-/types-8.59.3.tgz attempt 3 failed with 503
3092 http fetch GET 503 https://packages.applied-caas-gateway1.internal.api.openai.org/artifactory/api/npm/npm-public/@typescript-eslint/types/-/types-8.59.3.tgz 70471ms attempt #3 (cache skip)
3093 http fetch GET https://packages.applied-caas-gateway1.internal.api.openai.org/artifactory/api/npm/npm-public/@typescript-eslint/type-utils/-/type-utils-8.59.3.tgz attempt 3 failed with 503
3094 http fetch GET 503 https://packages.applied-caas-gateway1.internal.api.openai.org/artifactory/api/npm/npm-public/@typescript-eslint/type-utils/-/type-utils-8.59.3.tgz 70472ms attempt #3 (cache skip)
3095 http fetch GET https://packages.applied-caas-gateway1.internal.api.openai.org/artifactory/api/npm/npm-public/@types/eslint-scope/-/eslint-scope-3.7.7.tgz attempt 3 failed with 503
3096 http fetch GET 503 https://packages.applied-caas-gateway1.internal.api.openai.org/artifactory/api/npm/npm-public/@types/eslint-scope/-/eslint-scope-3.7.7.tgz 70469ms attempt #3 (cache skip)
3097 http fetch GET https://packages.applied-caas-gateway1.internal.api.openai.org/artifactory/api/npm/npm-public/@types/react/-/react-19.2.14.tgz attempt 3 failed with 503
3098 http fetch GET 503 https://packages.applied-caas-gateway1.internal.api.openai.org/artifactory/api/npm/npm-public/@types/react/-/react-19.2.14.tgz 70471ms attempt #3 (cache skip)
3099 http fetch GET https://packages.applied-caas-gateway1.internal.api.openai.org/artifactory/api/npm/npm-public/@types/eslint/-/eslint-9.6.1.tgz attempt 3 failed with 503
3100 http fetch GET 503 https://packages.applied-caas-gateway1.internal.api.openai.org/artifactory/api/npm/npm-public/@types/eslint/-/eslint-9.6.1.tgz 70470ms attempt #3 (cache skip)
3101 http fetch GET https://packages.applied-caas-gateway1.internal.api.openai.org/artifactory/api/npm/npm-public/@typescript-eslint/project-service/-/project-service-8.59.3.tgz attempt 3 failed with 503
3102 http fetch GET 503 https://packages.applied-caas-gateway1.internal.api.openai.org/artifactory/api/npm/npm-public/@typescript-eslint/project-service/-/project-service-8.59.3.tgz 70473ms attempt #3 (cache skip)
3103 http fetch GET https://packages.applied-caas-gateway1.internal.api.openai.org/artifactory/api/npm/npm-public/@typescript-eslint/parser/-/parser-8.59.3.tgz attempt 3 failed with 503
3104 http fetch GET 503 https://packages.applied-caas-gateway1.internal.api.openai.org/artifactory/api/npm/npm-public/@typescript-eslint/parser/-/parser-8.59.3.tgz 70473ms attempt #3 (cache skip)
3105 http fetch GET https://packages.applied-caas-gateway1.internal.api.openai.org/artifactory/api/npm/npm-public/@types/node/-/node-22.19.19.tgz attempt 3 failed with 503
3106 http fetch GET 503 https://packages.applied-caas-gateway1.internal.api.openai.org/artifactory/api/npm/npm-public/@types/node/-/node-22.19.19.tgz 70474ms attempt #3 (cache skip)
3107 http fetch GET https://packages.applied-caas-gateway1.internal.api.openai.org/artifactory/api/npm/npm-public/@types/estree/-/estree-1.0.9.tgz attempt 3 failed with 503
3108 http fetch GET 503 https://packages.applied-caas-gateway1.internal.api.openai.org/artifactory/api/npm/npm-public/@types/estree/-/estree-1.0.9.tgz 70474ms attempt #3 (cache skip)
3109 http fetch GET https://packages.applied-caas-gateway1.internal.api.openai.org/artifactory/api/npm/npm-public/@tailwindcss/oxide-linux-x64-gnu/-/oxide-linux-x64-gnu-4.2.1.tgz attempt 3 failed with 503
3110 http fetch GET 503 https://packages.applied-caas-gateway1.internal.api.openai.org/artifactory/api/npm/npm-public/@tailwindcss/oxide-linux-x64-gnu/-/oxide-linux-x64-gnu-4.2.1.tgz 70473ms attempt #3 (cache skip)
3111 verbose reify failed optional dependency /mnt/data/technologia_work/node_modules/@tailwindcss/oxide-linux-x64-gnu
3112 silly reify mark deleted [
3112 silly reify   '/mnt/data/technologia_work/node_modules/@tailwindcss/oxide-linux-x64-gnu'
3112 silly reify ]
3113 http fetch GET https://packages.applied-caas-gateway1.internal.api.openai.org/artifactory/api/npm/npm-public/@types/json-schema/-/json-schema-7.0.15.tgz attempt 3 failed with 503
3114 http fetch GET 503 https://packages.applied-caas-gateway1.internal.api.openai.org/artifactory/api/npm/npm-public/@types/json-schema/-/json-schema-7.0.15.tgz 70476ms attempt #3 (cache skip)
3115 http fetch GET https://packages.applied-caas-gateway1.internal.api.openai.org/artifactory/api/npm/npm-public/@tybys/wasm-util/-/wasm-util-0.10.2.tgz attempt 3 failed with 503
3116 http fetch GET 503 https://packages.applied-caas-gateway1.internal.api.openai.org/artifactory/api/npm/npm-public/@tybys/wasm-util/-/wasm-util-0.10.2.tgz 70475ms attempt #3 (cache skip)
3117 verbose reify failed optional dependency /mnt/data/technologia_work/node_modules/@tybys/wasm-util
3118 silly reify mark deleted [ '/mnt/data/technologia_work/node_modules/@tybys/wasm-util' ]
3119 verbose reify failed optional dependency /mnt/data/technologia_work/node_modules/@napi-rs/wasm-runtime
3120 silly reify mark deleted [ '/mnt/data/technologia_work/node_modules/@napi-rs/wasm-runtime' ]
3121 verbose reify failed optional dependency /mnt/data/technologia_work/node_modules/@rolldown/binding-wasm32-wasi/node_modules/@napi-rs/wasm-runtime
3122 silly reify mark deleted [
3122 silly reify   '/mnt/data/technologia_work/node_modules/@rolldown/binding-wasm32-wasi/node_modules/@napi-rs/wasm-runtime'
3122 silly reify ]
3123 verbose reify failed optional dependency /mnt/data/technologia_work/node_modules/@unrs/resolver-binding-wasm32-wasi
3124 silly reify mark deleted [
3124 silly reify   '/mnt/data/technologia_work/node_modules/@unrs/resolver-binding-wasm32-wasi'
3124 silly reify ]
3125 verbose reify failed optional dependency /mnt/data/technologia_work/node_modules/@rolldown/binding-wasm32-wasi
3126 silly reify mark deleted [
3126 silly reify   '/mnt/data/technologia_work/node_modules/@rolldown/binding-wasm32-wasi'
3126 silly reify ]
3127 verbose reify failed optional dependency /mnt/data/technologia_work/node_modules/@emnapi/core
3128 silly reify mark deleted [ '/mnt/data/technologia_work/node_modules/@emnapi/core' ]
3129 verbose reify failed optional dependency /mnt/data/technologia_work/node_modules/@emnapi/wasi-threads
3130 silly reify mark deleted [ '/mnt/data/technologia_work/node_modules/@emnapi/wasi-threads' ]
3131 http fetch GET https://packages.applied-caas-gateway1.internal.api.openai.org/artifactory/api/npm/npm-public/@rtsao/scc/-/scc-1.1.0.tgz attempt 3 failed with 503
3132 http fetch GET 503 https://packages.applied-caas-gateway1.internal.api.openai.org/artifactory/api/npm/npm-public/@rtsao/scc/-/scc-1.1.0.tgz 70475ms attempt #3 (cache skip)
3133 http fetch GET https://packages.applied-caas-gateway1.internal.api.openai.org/artifactory/api/npm/npm-public/@swc/helpers/-/helpers-0.5.15.tgz attempt 3 failed with 503
3134 http fetch GET 503 https://packages.applied-caas-gateway1.internal.api.openai.org/artifactory/api/npm/npm-public/@swc/helpers/-/helpers-0.5.15.tgz 70477ms attempt #3 (cache skip)
3135 http fetch GET https://packages.applied-caas-gateway1.internal.api.openai.org/artifactory/api/npm/npm-public/@types/react-dom/-/react-dom-19.2.3.tgz attempt 3 failed with 503
3136 http fetch GET 503 https://packages.applied-caas-gateway1.internal.api.openai.org/artifactory/api/npm/npm-public/@types/react-dom/-/react-dom-19.2.3.tgz 70482ms attempt #3 (cache skip)
3137 http fetch GET https://packages.applied-caas-gateway1.internal.api.openai.org/artifactory/api/npm/npm-public/@types/json5/-/json5-0.0.29.tgz attempt 3 failed with 503
3138 http fetch GET 503 https://packages.applied-caas-gateway1.internal.api.openai.org/artifactory/api/npm/npm-public/@types/json5/-/json5-0.0.29.tgz 70482ms attempt #3 (cache skip)
3139 http fetch GET https://packages.applied-caas-gateway1.internal.api.openai.org/artifactory/api/npm/npm-public/@tailwindcss/oxide/-/oxide-4.2.1.tgz attempt 3 failed with 503
3140 http fetch GET 503 https://packages.applied-caas-gateway1.internal.api.openai.org/artifactory/api/npm/npm-public/@tailwindcss/oxide/-/oxide-4.2.1.tgz 70479ms attempt #3 (cache skip)
3141 http fetch GET https://packages.applied-caas-gateway1.internal.api.openai.org/artifactory/api/npm/npm-public/@tailwindcss/postcss/-/postcss-4.2.1.tgz attempt 3 failed with 503
3142 http fetch GET 503 https://packages.applied-caas-gateway1.internal.api.openai.org/artifactory/api/npm/npm-public/@tailwindcss/postcss/-/postcss-4.2.1.tgz 70479ms attempt #3 (cache skip)
3143 http fetch GET https://packages.applied-caas-gateway1.internal.api.openai.org/artifactory/api/npm/npm-public/@rolldown/pluginutils/-/pluginutils-1.0.1.tgz attempt 3 failed with 503
3144 http fetch GET 503 https://packages.applied-caas-gateway1.internal.api.openai.org/artifactory/api/npm/npm-public/@rolldown/pluginutils/-/pluginutils-1.0.1.tgz 70478ms attempt #3 (cache skip)
3145 http fetch GET https://packages.applied-caas-gateway1.internal.api.openai.org/artifactory/api/npm/npm-public/@tailwindcss/node/-/node-4.2.1.tgz attempt 3 failed with 503
3146 http fetch GET 503 https://packages.applied-caas-gateway1.internal.api.openai.org/artifactory/api/npm/npm-public/@tailwindcss/node/-/node-4.2.1.tgz 70481ms attempt #3 (cache skip)
3147 http fetch GET https://packages.applied-caas-gateway1.internal.api.openai.org/artifactory/api/npm/npm-public/@speed-highlight/core/-/core-1.2.15.tgz attempt 3 failed with 503
3148 http fetch GET 503 https://packages.applied-caas-gateway1.internal.api.openai.org/artifactory/api/npm/npm-public/@speed-highlight/core/-/core-1.2.15.tgz 70480ms attempt #3 (cache skip)
3149 http fetch GET https://packages.applied-caas-gateway1.internal.api.openai.org/artifactory/api/npm/npm-public/@resvg/resvg-wasm/-/resvg-wasm-2.4.0.tgz attempt 3 failed with 503
3150 http fetch GET 503 https://packages.applied-caas-gateway1.internal.api.openai.org/artifactory/api/npm/npm-public/@resvg/resvg-wasm/-/resvg-wasm-2.4.0.tgz 70478ms attempt #3 (cache skip)
3151 http fetch GET https://packages.applied-caas-gateway1.internal.api.openai.org/artifactory/api/npm/npm-public/@poppinss/dumper/-/dumper-0.6.5.tgz attempt 3 failed with 503
3152 http fetch GET 503 https://packages.applied-caas-gateway1.internal.api.openai.org/artifactory/api/npm/npm-public/@poppinss/dumper/-/dumper-0.6.5.tgz 70480ms attempt #3 (cache skip)
3153 http fetch GET https://packages.applied-caas-gateway1.internal.api.openai.org/artifactory/api/npm/npm-public/@shuding/opentype.js/-/opentype.js-1.4.0-beta.0.tgz attempt 3 failed with 503
3154 http fetch GET 503 https://packages.applied-caas-gateway1.internal.api.openai.org/artifactory/api/npm/npm-public/@shuding/opentype.js/-/opentype.js-1.4.0-beta.0.tgz 70482ms attempt #3 (cache skip)
3155 http fetch GET https://packages.applied-caas-gateway1.internal.api.openai.org/artifactory/api/npm/npm-public/@rolldown/binding-linux-x64-gnu/-/binding-linux-x64-gnu-1.0.1.tgz attempt 3 failed with 503
3156 http fetch GET 503 https://packages.applied-caas-gateway1.internal.api.openai.org/artifactory/api/npm/npm-public/@rolldown/binding-linux-x64-gnu/-/binding-linux-x64-gnu-1.0.1.tgz 70482ms attempt #3 (cache skip)
3157 verbose reify failed optional dependency /mnt/data/technologia_work/node_modules/@rolldown/binding-linux-x64-gnu
3158 silly reify mark deleted [
3158 silly reify   '/mnt/data/technologia_work/node_modules/@rolldown/binding-linux-x64-gnu'
3158 silly reify ]
3159 http fetch GET https://packages.applied-caas-gateway1.internal.api.openai.org/artifactory/api/npm/npm-public/@nolyfill/is-core-module/-/is-core-module-1.0.39.tgz attempt 3 failed with 503
3160 http fetch GET 503 https://packages.applied-caas-gateway1.internal.api.openai.org/artifactory/api/npm/npm-public/@nolyfill/is-core-module/-/is-core-module-1.0.39.tgz 70480ms attempt #3 (cache skip)
3161 http fetch GET https://packages.applied-caas-gateway1.internal.api.openai.org/artifactory/api/npm/npm-public/@oxc-project/types/-/types-0.130.0.tgz attempt 3 failed with 503
3162 http fetch GET 503 https://packages.applied-caas-gateway1.internal.api.openai.org/artifactory/api/npm/npm-public/@oxc-project/types/-/types-0.130.0.tgz 70482ms attempt #3 (cache skip)
3163 http fetch GET https://packages.applied-caas-gateway1.internal.api.openai.org/artifactory/api/npm/npm-public/@nodelib/fs.stat/-/fs.stat-2.0.5.tgz attempt 3 failed with 503
3164 http fetch GET 503 https://packages.applied-caas-gateway1.internal.api.openai.org/artifactory/api/npm/npm-public/@nodelib/fs.stat/-/fs.stat-2.0.5.tgz 70483ms attempt #3 (cache skip)
3165 http fetch GET https://packages.applied-caas-gateway1.internal.api.openai.org/artifactory/api/npm/npm-public/@nodelib/fs.scandir/-/fs.scandir-2.1.5.tgz attempt 3 failed with 503
3166 http fetch GET 503 https://packages.applied-caas-gateway1.internal.api.openai.org/artifactory/api/npm/npm-public/@nodelib/fs.scandir/-/fs.scandir-2.1.5.tgz 70484ms attempt #3 (cache skip)
3167 http fetch GET https://packages.applied-caas-gateway1.internal.api.openai.org/artifactory/api/npm/npm-public/@next/eslint-plugin-next/-/eslint-plugin-next-16.2.6.tgz attempt 3 failed with 503
3168 http fetch GET 503 https://packages.applied-caas-gateway1.internal.api.openai.org/artifactory/api/npm/npm-public/@next/eslint-plugin-next/-/eslint-plugin-next-16.2.6.tgz 70484ms attempt #3 (cache skip)
3169 http fetch GET https://packages.applied-caas-gateway1.internal.api.openai.org/artifactory/api/npm/npm-public/@poppinss/exception/-/exception-1.2.3.tgz attempt 3 failed with 503
3170 http fetch GET 503 https://packages.applied-caas-gateway1.internal.api.openai.org/artifactory/api/npm/npm-public/@poppinss/exception/-/exception-1.2.3.tgz 70487ms attempt #3 (cache skip)
3171 http fetch GET https://packages.applied-caas-gateway1.internal.api.openai.org/artifactory/api/npm/npm-public/@nodelib/fs.walk/-/fs.walk-1.2.8.tgz attempt 3 failed with 503
3172 http fetch GET 503 https://packages.applied-caas-gateway1.internal.api.openai.org/artifactory/api/npm/npm-public/@nodelib/fs.walk/-/fs.walk-1.2.8.tgz 70487ms attempt #3 (cache skip)
3173 http fetch GET https://packages.applied-caas-gateway1.internal.api.openai.org/artifactory/api/npm/npm-public/@napi-rs/wasm-runtime/-/wasm-runtime-0.2.12.tgz attempt 3 failed with 503
3174 http fetch GET 503 https://packages.applied-caas-gateway1.internal.api.openai.org/artifactory/api/npm/npm-public/@napi-rs/wasm-runtime/-/wasm-runtime-0.2.12.tgz 70486ms attempt #3 (cache skip)
3175 verbose reify failed optional dependency /mnt/data/technologia_work/node_modules/@napi-rs/wasm-runtime
3176 silly reify mark deleted [ '/mnt/data/technologia_work/node_modules/@napi-rs/wasm-runtime' ]
3177 verbose reify failed optional dependency /mnt/data/technologia_work/node_modules/@unrs/resolver-binding-wasm32-wasi
3178 silly reify mark deleted [
3178 silly reify   '/mnt/data/technologia_work/node_modules/@unrs/resolver-binding-wasm32-wasi'
3178 silly reify ]
3179 http fetch GET https://packages.applied-caas-gateway1.internal.api.openai.org/artifactory/api/npm/npm-public/@sindresorhus/is/-/is-7.2.0.tgz attempt 3 failed with 503
3180 http fetch GET 503 https://packages.applied-caas-gateway1.internal.api.openai.org/artifactory/api/npm/npm-public/@sindresorhus/is/-/is-7.2.0.tgz 70493ms attempt #3 (cache skip)
3181 http fetch GET https://packages.applied-caas-gateway1.internal.api.openai.org/artifactory/api/npm/npm-public/@poppinss/colors/-/colors-4.1.6.tgz attempt 3 failed with 503
3182 http fetch GET 503 https://packages.applied-caas-gateway1.internal.api.openai.org/artifactory/api/npm/npm-public/@poppinss/colors/-/colors-4.1.6.tgz 70490ms attempt #3 (cache skip)
3183 http fetch GET https://packages.applied-caas-gateway1.internal.api.openai.org/artifactory/api/npm/npm-public/@jridgewell/gen-mapping/-/gen-mapping-0.3.13.tgz attempt 3 failed with 503
3184 http fetch GET 503 https://packages.applied-caas-gateway1.internal.api.openai.org/artifactory/api/npm/npm-public/@jridgewell/gen-mapping/-/gen-mapping-0.3.13.tgz 70486ms attempt #3 (cache skip)
3185 http fetch GET https://packages.applied-caas-gateway1.internal.api.openai.org/artifactory/api/npm/npm-public/@jridgewell/sourcemap-codec/-/sourcemap-codec-1.5.5.tgz attempt 3 failed with 503
3186 http fetch GET 503 https://packages.applied-caas-gateway1.internal.api.openai.org/artifactory/api/npm/npm-public/@jridgewell/sourcemap-codec/-/sourcemap-codec-1.5.5.tgz 70488ms attempt #3 (cache skip)
3187 http fetch GET https://packages.applied-caas-gateway1.internal.api.openai.org/artifactory/api/npm/npm-public/@next/swc-linux-x64-gnu/-/swc-linux-x64-gnu-16.2.6.tgz attempt 3 failed with 503
3188 http fetch GET 503 https://packages.applied-caas-gateway1.internal.api.openai.org/artifactory/api/npm/npm-public/@next/swc-linux-x64-gnu/-/swc-linux-x64-gnu-16.2.6.tgz 70490ms attempt #3 (cache skip)
3189 verbose reify failed optional dependency /mnt/data/technologia_work/node_modules/@next/swc-linux-x64-gnu
3190 silly reify mark deleted [ '/mnt/data/technologia_work/node_modules/@next/swc-linux-x64-gnu' ]
3191 http fetch GET https://packages.applied-caas-gateway1.internal.api.openai.org/artifactory/api/npm/npm-public/@jridgewell/source-map/-/source-map-0.3.11.tgz attempt 3 failed with 503
3192 http fetch GET 503 https://packages.applied-caas-gateway1.internal.api.openai.org/artifactory/api/npm/npm-public/@jridgewell/source-map/-/source-map-0.3.11.tgz 70489ms attempt #3 (cache skip)
3193 http fetch GET https://packages.applied-caas-gateway1.internal.api.openai.org/artifactory/api/npm/npm-public/@img/sharp-libvips-linux-x64/-/sharp-libvips-linux-x64-1.2.4.tgz attempt 3 failed with 503
3194 http fetch GET 503 https://packages.applied-caas-gateway1.internal.api.openai.org/artifactory/api/npm/npm-public/@img/sharp-libvips-linux-x64/-/sharp-libvips-linux-x64-1.2.4.tgz 70487ms attempt #3 (cache skip)
3195 verbose reify failed optional dependency /mnt/data/technologia_work/node_modules/@img/sharp-libvips-linux-x64
3196 silly reify mark deleted [
3196 silly reify   '/mnt/data/technologia_work/node_modules/@img/sharp-libvips-linux-x64'
3196 silly reify ]
3197 http fetch GET https://packages.applied-caas-gateway1.internal.api.openai.org/artifactory/api/npm/npm-public/@next/env/-/env-16.2.6.tgz attempt 3 failed with 503
3198 http fetch GET 503 https://packages.applied-caas-gateway1.internal.api.openai.org/artifactory/api/npm/npm-public/@next/env/-/env-16.2.6.tgz 70491ms attempt #3 (cache skip)
3199 http fetch GET https://packages.applied-caas-gateway1.internal.api.openai.org/artifactory/api/npm/npm-public/@jridgewell/trace-mapping/-/trace-mapping-0.3.31.tgz attempt 3 failed with 503
3200 http fetch GET 503 https://packages.applied-caas-gateway1.internal.api.openai.org/artifactory/api/npm/npm-public/@jridgewell/trace-mapping/-/trace-mapping-0.3.31.tgz 70491ms attempt #3 (cache skip)
3201 http fetch GET https://packages.applied-caas-gateway1.internal.api.openai.org/artifactory/api/npm/npm-public/@img/colour/-/colour-1.1.0.tgz attempt 3 failed with 503
3202 http fetch GET 503 https://packages.applied-caas-gateway1.internal.api.openai.org/artifactory/api/npm/npm-public/@img/colour/-/colour-1.1.0.tgz 70489ms attempt #3 (cache skip)
3203 http fetch GET https://packages.applied-caas-gateway1.internal.api.openai.org/artifactory/api/npm/npm-public/@img/sharp-linux-x64/-/sharp-linux-x64-0.34.5.tgz attempt 3 failed with 503
3204 http fetch GET 503 https://packages.applied-caas-gateway1.internal.api.openai.org/artifactory/api/npm/npm-public/@img/sharp-linux-x64/-/sharp-linux-x64-0.34.5.tgz 70492ms attempt #3 (cache skip)
3205 verbose reify failed optional dependency /mnt/data/technologia_work/node_modules/@img/sharp-linux-x64
3206 silly reify mark deleted [ '/mnt/data/technologia_work/node_modules/@img/sharp-linux-x64' ]
3207 http fetch GET https://packages.applied-caas-gateway1.internal.api.openai.org/artifactory/api/npm/npm-public/@jridgewell/resolve-uri/-/resolve-uri-3.1.2.tgz attempt 3 failed with 503
3208 http fetch GET 503 https://packages.applied-caas-gateway1.internal.api.openai.org/artifactory/api/npm/npm-public/@jridgewell/resolve-uri/-/resolve-uri-3.1.2.tgz 70495ms attempt #3 (cache skip)
3209 http fetch GET https://packages.applied-caas-gateway1.internal.api.openai.org/artifactory/api/npm/npm-public/@humanwhocodes/retry/-/retry-0.4.3.tgz attempt 3 failed with 503
3210 http fetch GET 503 https://packages.applied-caas-gateway1.internal.api.openai.org/artifactory/api/npm/npm-public/@humanwhocodes/retry/-/retry-0.4.3.tgz 70492ms attempt #3 (cache skip)
3211 http fetch GET https://packages.applied-caas-gateway1.internal.api.openai.org/artifactory/api/npm/npm-public/@jridgewell/remapping/-/remapping-2.3.5.tgz attempt 3 failed with 503
3212 http fetch GET 503 https://packages.applied-caas-gateway1.internal.api.openai.org/artifactory/api/npm/npm-public/@jridgewell/remapping/-/remapping-2.3.5.tgz 70495ms attempt #3 (cache skip)
3213 http fetch GET https://packages.applied-caas-gateway1.internal.api.openai.org/artifactory/api/npm/npm-public/@humanfs/types/-/types-0.15.0.tgz attempt 3 failed with 503
3214 http fetch GET 503 https://packages.applied-caas-gateway1.internal.api.openai.org/artifactory/api/npm/npm-public/@humanfs/types/-/types-0.15.0.tgz 70494ms attempt #3 (cache skip)
3215 http fetch GET https://packages.applied-caas-gateway1.internal.api.openai.org/artifactory/api/npm/npm-public/@eslint-community/regexpp/-/regexpp-4.12.2.tgz attempt 3 failed with 503
3216 http fetch GET 503 https://packages.applied-caas-gateway1.internal.api.openai.org/artifactory/api/npm/npm-public/@eslint-community/regexpp/-/regexpp-4.12.2.tgz 70492ms attempt #3 (cache skip)
3217 http fetch GET https://packages.applied-caas-gateway1.internal.api.openai.org/artifactory/api/npm/npm-public/@humanfs/node/-/node-0.16.8.tgz attempt 3 failed with 503
3218 http fetch GET 503 https://packages.applied-caas-gateway1.internal.api.openai.org/artifactory/api/npm/npm-public/@humanfs/node/-/node-0.16.8.tgz 70497ms attempt #3 (cache skip)
3219 http fetch GET https://packages.applied-caas-gateway1.internal.api.openai.org/artifactory/api/npm/npm-public/@eslint/js/-/js-9.39.4.tgz attempt 3 failed with 503
3220 http fetch GET 503 https://packages.applied-caas-gateway1.internal.api.openai.org/artifactory/api/npm/npm-public/@eslint/js/-/js-9.39.4.tgz 70494ms attempt #3 (cache skip)
3221 http fetch GET https://packages.applied-caas-gateway1.internal.api.openai.org/artifactory/api/npm/npm-public/@eslint/plugin-kit/-/plugin-kit-0.4.1.tgz attempt 3 failed with 503
3222 http fetch GET 503 https://packages.applied-caas-gateway1.internal.api.openai.org/artifactory/api/npm/npm-public/@eslint/plugin-kit/-/plugin-kit-0.4.1.tgz 70495ms attempt #3 (cache skip)
3223 http fetch GET https://packages.applied-caas-gateway1.internal.api.openai.org/artifactory/api/npm/npm-public/@humanwhocodes/module-importer/-/module-importer-1.0.1.tgz attempt 3 failed with 503
3224 http fetch GET 503 https://packages.applied-caas-gateway1.internal.api.openai.org/artifactory/api/npm/npm-public/@humanwhocodes/module-importer/-/module-importer-1.0.1.tgz 70498ms attempt #3 (cache skip)
3225 http fetch GET https://packages.applied-caas-gateway1.internal.api.openai.org/artifactory/api/npm/npm-public/@humanfs/core/-/core-0.19.2.tgz attempt 3 failed with 503
3226 http fetch GET 503 https://packages.applied-caas-gateway1.internal.api.openai.org/artifactory/api/npm/npm-public/@humanfs/core/-/core-0.19.2.tgz 70497ms attempt #3 (cache skip)
3227 http fetch GET https://packages.applied-caas-gateway1.internal.api.openai.org/artifactory/api/npm/npm-public/@eslint/core/-/core-0.17.0.tgz attempt 3 failed with 503
3228 http fetch GET 503 https://packages.applied-caas-gateway1.internal.api.openai.org/artifactory/api/npm/npm-public/@eslint/core/-/core-0.17.0.tgz 70496ms attempt #3 (cache skip)
3229 http fetch GET https://packages.applied-caas-gateway1.internal.api.openai.org/artifactory/api/npm/npm-public/@eslint-community/eslint-utils/-/eslint-utils-4.9.1.tgz attempt 3 failed with 503
3230 http fetch GET 503 https://packages.applied-caas-gateway1.internal.api.openai.org/artifactory/api/npm/npm-public/@eslint-community/eslint-utils/-/eslint-utils-4.9.1.tgz 70498ms attempt #3 (cache skip)
3231 http fetch GET https://packages.applied-caas-gateway1.internal.api.openai.org/artifactory/api/npm/npm-public/@eslint/object-schema/-/object-schema-2.1.7.tgz attempt 3 failed with 503
3232 http fetch GET 503 https://packages.applied-caas-gateway1.internal.api.openai.org/artifactory/api/npm/npm-public/@eslint/object-schema/-/object-schema-2.1.7.tgz 70498ms attempt #3 (cache skip)
3233 http fetch GET https://packages.applied-caas-gateway1.internal.api.openai.org/artifactory/api/npm/npm-public/@eslint/config-array/-/config-array-0.21.2.tgz attempt 3 failed with 503
3234 http fetch GET 503 https://packages.applied-caas-gateway1.internal.api.openai.org/artifactory/api/npm/npm-public/@eslint/config-array/-/config-array-0.21.2.tgz 70497ms attempt #3 (cache skip)
3235 http fetch GET https://packages.applied-caas-gateway1.internal.api.openai.org/artifactory/api/npm/npm-public/@eslint/eslintrc/-/eslintrc-3.3.5.tgz attempt 3 failed with 503
3236 http fetch GET 503 https://packages.applied-caas-gateway1.internal.api.openai.org/artifactory/api/npm/npm-public/@eslint/eslintrc/-/eslintrc-3.3.5.tgz 70499ms attempt #3 (cache skip)
3237 http fetch GET https://packages.applied-caas-gateway1.internal.api.openai.org/artifactory/api/npm/npm-public/@emnapi/wasi-threads/-/wasi-threads-1.2.1.tgz attempt 3 failed with 503
3238 http fetch GET 503 https://packages.applied-caas-gateway1.internal.api.openai.org/artifactory/api/npm/npm-public/@emnapi/wasi-threads/-/wasi-threads-1.2.1.tgz 70491ms attempt #3 (cache skip)
3239 verbose reify failed optional dependency /mnt/data/technologia_work/node_modules/@emnapi/wasi-threads
3240 silly reify mark deleted [ '/mnt/data/technologia_work/node_modules/@emnapi/wasi-threads' ]
3241 verbose reify failed optional dependency /mnt/data/technologia_work/node_modules/@emnapi/core
3242 silly reify mark deleted [ '/mnt/data/technologia_work/node_modules/@emnapi/core' ]
3243 verbose reify failed optional dependency /mnt/data/technologia_work/node_modules/@napi-rs/wasm-runtime
3244 silly reify mark deleted [ '/mnt/data/technologia_work/node_modules/@napi-rs/wasm-runtime' ]
3245 verbose reify failed optional dependency /mnt/data/technologia_work/node_modules/@rolldown/binding-wasm32-wasi
3246 silly reify mark deleted [
3246 silly reify   '/mnt/data/technologia_work/node_modules/@rolldown/binding-wasm32-wasi'
3246 silly reify ]
3247 verbose reify failed optional dependency /mnt/data/technologia_work/node_modules/@rolldown/binding-wasm32-wasi/node_modules/@napi-rs/wasm-runtime
3248 silly reify mark deleted [
3248 silly reify   '/mnt/data/technologia_work/node_modules/@rolldown/binding-wasm32-wasi/node_modules/@napi-rs/wasm-runtime'
3248 silly reify ]
3249 verbose reify failed optional dependency /mnt/data/technologia_work/node_modules/@unrs/resolver-binding-wasm32-wasi
3250 silly reify mark deleted [
3250 silly reify   '/mnt/data/technologia_work/node_modules/@unrs/resolver-binding-wasm32-wasi'
3250 silly reify ]
3251 verbose reify failed optional dependency /mnt/data/technologia_work/node_modules/@tybys/wasm-util
3252 silly reify mark deleted [ '/mnt/data/technologia_work/node_modules/@tybys/wasm-util' ]
3253 http fetch GET https://packages.applied-caas-gateway1.internal.api.openai.org/artifactory/api/npm/npm-public/@eslint/config-helpers/-/config-helpers-0.4.2.tgz attempt 3 failed with 503
3254 http fetch GET 503 https://packages.applied-caas-gateway1.internal.api.openai.org/artifactory/api/npm/npm-public/@eslint/config-helpers/-/config-helpers-0.4.2.tgz 70500ms attempt #3 (cache skip)
3255 http fetch GET https://packages.applied-caas-gateway1.internal.api.openai.org/artifactory/api/npm/npm-public/@emnapi/core/-/core-1.10.0.tgz attempt 3 failed with 503
3256 http fetch GET 503 https://packages.applied-caas-gateway1.internal.api.openai.org/artifactory/api/npm/npm-public/@emnapi/core/-/core-1.10.0.tgz 70491ms attempt #3 (cache skip)
3257 verbose reify failed optional dependency /mnt/data/technologia_work/node_modules/@emnapi/core
3258 silly reify mark deleted [ '/mnt/data/technologia_work/node_modules/@emnapi/core' ]
3259 verbose reify failed optional dependency /mnt/data/technologia_work/node_modules/@napi-rs/wasm-runtime
3260 silly reify mark deleted [ '/mnt/data/technologia_work/node_modules/@napi-rs/wasm-runtime' ]
3261 verbose reify failed optional dependency /mnt/data/technologia_work/node_modules/@rolldown/binding-wasm32-wasi
3262 silly reify mark deleted [
3262 silly reify   '/mnt/data/technologia_work/node_modules/@rolldown/binding-wasm32-wasi'
3262 silly reify ]
3263 verbose reify failed optional dependency /mnt/data/technologia_work/node_modules/@rolldown/binding-wasm32-wasi/node_modules/@napi-rs/wasm-runtime
3264 silly reify mark deleted [
3264 silly reify   '/mnt/data/technologia_work/node_modules/@rolldown/binding-wasm32-wasi/node_modules/@napi-rs/wasm-runtime'
3264 silly reify ]
3265 verbose reify failed optional dependency /mnt/data/technologia_work/node_modules/@unrs/resolver-binding-wasm32-wasi
3266 silly reify mark deleted [
3266 silly reify   '/mnt/data/technologia_work/node_modules/@unrs/resolver-binding-wasm32-wasi'
3266 silly reify ]
3267 verbose reify failed optional dependency /mnt/data/technologia_work/node_modules/@emnapi/wasi-threads
3268 silly reify mark deleted [ '/mnt/data/technologia_work/node_modules/@emnapi/wasi-threads' ]
3269 verbose reify failed optional dependency /mnt/data/technologia_work/node_modules/@tybys/wasm-util
3270 silly reify mark deleted [ '/mnt/data/technologia_work/node_modules/@tybys/wasm-util' ]
3271 http fetch GET https://packages.applied-caas-gateway1.internal.api.openai.org/artifactory/api/npm/npm-public/@cspotcode/source-map-support/-/source-map-support-0.8.1.tgz attempt 3 failed with 503
3272 http fetch GET 503 https://packages.applied-caas-gateway1.internal.api.openai.org/artifactory/api/npm/npm-public/@cspotcode/source-map-support/-/source-map-support-0.8.1.tgz 70493ms attempt #3 (cache skip)
3273 http fetch GET https://packages.applied-caas-gateway1.internal.api.openai.org/artifactory/api/npm/npm-public/@esbuild-kit/core-utils/-/core-utils-3.3.2.tgz attempt 3 failed with 503
3274 http fetch GET 503 https://packages.applied-caas-gateway1.internal.api.openai.org/artifactory/api/npm/npm-public/@esbuild-kit/core-utils/-/core-utils-3.3.2.tgz 70501ms attempt #3 (cache skip)
3275 http fetch GET https://packages.applied-caas-gateway1.internal.api.openai.org/artifactory/api/npm/npm-public/@cloudflare/workerd-linux-64/-/workerd-linux-64-1.20260515.1.tgz attempt 3 failed with 503
3276 http fetch GET 503 https://packages.applied-caas-gateway1.internal.api.openai.org/artifactory/api/npm/npm-public/@cloudflare/workerd-linux-64/-/workerd-linux-64-1.20260515.1.tgz 70493ms attempt #3 (cache skip)
3277 verbose reify failed optional dependency /mnt/data/technologia_work/node_modules/@cloudflare/workerd-linux-64
3278 silly reify mark deleted [
3278 silly reify   '/mnt/data/technologia_work/node_modules/@cloudflare/workerd-linux-64'
3278 silly reify ]
3279 http fetch GET https://packages.applied-caas-gateway1.internal.api.openai.org/artifactory/api/npm/npm-public/@emnapi/runtime/-/runtime-1.10.0.tgz attempt 3 failed with 503
3280 http fetch GET 503 https://packages.applied-caas-gateway1.internal.api.openai.org/artifactory/api/npm/npm-public/@emnapi/runtime/-/runtime-1.10.0.tgz 70494ms attempt #3 (cache skip)
3281 verbose reify failed optional dependency /mnt/data/technologia_work/node_modules/@emnapi/runtime
3282 silly reify mark deleted [ '/mnt/data/technologia_work/node_modules/@emnapi/runtime' ]
3283 verbose reify failed optional dependency /mnt/data/technologia_work/node_modules/@img/sharp-wasm32
3284 silly reify mark deleted [ '/mnt/data/technologia_work/node_modules/@img/sharp-wasm32' ]
3285 verbose reify failed optional dependency /mnt/data/technologia_work/node_modules/@napi-rs/wasm-runtime
3286 silly reify mark deleted [ '/mnt/data/technologia_work/node_modules/@napi-rs/wasm-runtime' ]
3287 verbose reify failed optional dependency /mnt/data/technologia_work/node_modules/@rolldown/binding-wasm32-wasi
3288 silly reify mark deleted [
3288 silly reify   '/mnt/data/technologia_work/node_modules/@rolldown/binding-wasm32-wasi'
3288 silly reify ]
3289 verbose reify failed optional dependency /mnt/data/technologia_work/node_modules/@rolldown/binding-wasm32-wasi/node_modules/@napi-rs/wasm-runtime
3290 silly reify mark deleted [
3290 silly reify   '/mnt/data/technologia_work/node_modules/@rolldown/binding-wasm32-wasi/node_modules/@napi-rs/wasm-runtime'
3290 silly reify ]
3291 verbose reify failed optional dependency /mnt/data/technologia_work/node_modules/@unrs/resolver-binding-wasm32-wasi
3292 silly reify mark deleted [
3292 silly reify   '/mnt/data/technologia_work/node_modules/@unrs/resolver-binding-wasm32-wasi'
3292 silly reify ]
3293 verbose reify failed optional dependency /mnt/data/technologia_work/node_modules/@emnapi/core
3294 silly reify mark deleted [ '/mnt/data/technologia_work/node_modules/@emnapi/core' ]
3295 verbose reify failed optional dependency /mnt/data/technologia_work/node_modules/@tybys/wasm-util
3296 silly reify mark deleted [ '/mnt/data/technologia_work/node_modules/@tybys/wasm-util' ]
3297 verbose reify failed optional dependency /mnt/data/technologia_work/node_modules/@emnapi/wasi-threads
3298 silly reify mark deleted [ '/mnt/data/technologia_work/node_modules/@emnapi/wasi-threads' ]
3299 http fetch GET https://packages.applied-caas-gateway1.internal.api.openai.org/artifactory/api/npm/npm-public/@cloudflare/vite-plugin/-/vite-plugin-1.37.1.tgz attempt 3 failed with 503
3300 http fetch GET 503 https://packages.applied-caas-gateway1.internal.api.openai.org/artifactory/api/npm/npm-public/@cloudflare/vite-plugin/-/vite-plugin-1.37.1.tgz 70496ms attempt #3 (cache skip)
3301 http fetch GET https://packages.applied-caas-gateway1.internal.api.openai.org/artifactory/api/npm/npm-public/@babel/helpers/-/helpers-7.29.2.tgz attempt 3 failed with 503
3302 http fetch GET 503 https://packages.applied-caas-gateway1.internal.api.openai.org/artifactory/api/npm/npm-public/@babel/helpers/-/helpers-7.29.2.tgz 70494ms attempt #3 (cache skip)
3303 http fetch GET https://packages.applied-caas-gateway1.internal.api.openai.org/artifactory/api/npm/npm-public/@esbuild-kit/esm-loader/-/esm-loader-2.6.5.tgz attempt 3 failed with 503
3304 http fetch GET 503 https://packages.applied-caas-gateway1.internal.api.openai.org/artifactory/api/npm/npm-public/@esbuild-kit/esm-loader/-/esm-loader-2.6.5.tgz 70507ms attempt #3 (cache skip)
3305 http fetch GET https://packages.applied-caas-gateway1.internal.api.openai.org/artifactory/api/npm/npm-public/@cloudflare/unenv-preset/-/unenv-preset-2.16.1.tgz attempt 3 failed with 503
3306 http fetch GET 503 https://packages.applied-caas-gateway1.internal.api.openai.org/artifactory/api/npm/npm-public/@cloudflare/unenv-preset/-/unenv-preset-2.16.1.tgz 70497ms attempt #3 (cache skip)
3307 http fetch GET https://packages.applied-caas-gateway1.internal.api.openai.org/artifactory/api/npm/npm-public/@esbuild/linux-x64/-/linux-x64-0.28.0.tgz attempt 3 failed with 503
3308 http fetch GET 503 https://packages.applied-caas-gateway1.internal.api.openai.org/artifactory/api/npm/npm-public/@esbuild/linux-x64/-/linux-x64-0.28.0.tgz 70500ms attempt #3 (cache skip)
3309 verbose reify failed optional dependency /mnt/data/technologia_work/node_modules/@esbuild/linux-x64
3310 silly reify mark deleted [ '/mnt/data/technologia_work/node_modules/@esbuild/linux-x64' ]
3311 http fetch GET https://packages.applied-caas-gateway1.internal.api.openai.org/artifactory/api/npm/npm-public/@cloudflare/kv-asset-handler/-/kv-asset-handler-0.5.0.tgz attempt 3 failed with 503
3312 http fetch GET 503 https://packages.applied-caas-gateway1.internal.api.openai.org/artifactory/api/npm/npm-public/@cloudflare/kv-asset-handler/-/kv-asset-handler-0.5.0.tgz 70499ms attempt #3 (cache skip)
3313 http fetch GET https://packages.applied-caas-gateway1.internal.api.openai.org/artifactory/api/npm/npm-public/@babel/parser/-/parser-7.29.3.tgz attempt 3 failed with 503
3314 http fetch GET 503 https://packages.applied-caas-gateway1.internal.api.openai.org/artifactory/api/npm/npm-public/@babel/parser/-/parser-7.29.3.tgz 70498ms attempt #3 (cache skip)
3315 http fetch GET https://packages.applied-caas-gateway1.internal.api.openai.org/artifactory/api/npm/npm-public/@drizzle-team/brocli/-/brocli-0.10.2.tgz attempt 3 failed with 503
3316 http fetch GET 503 https://packages.applied-caas-gateway1.internal.api.openai.org/artifactory/api/npm/npm-public/@drizzle-team/brocli/-/brocli-0.10.2.tgz 70500ms attempt #3 (cache skip)
3317 http fetch GET https://packages.applied-caas-gateway1.internal.api.openai.org/artifactory/api/npm/npm-public/@babel/helper-module-imports/-/helper-module-imports-7.28.6.tgz attempt 3 failed with 503
3318 http fetch GET 503 https://packages.applied-caas-gateway1.internal.api.openai.org/artifactory/api/npm/npm-public/@babel/helper-module-imports/-/helper-module-imports-7.28.6.tgz 70497ms attempt #3 (cache skip)
3319 http fetch GET https://packages.applied-caas-gateway1.internal.api.openai.org/artifactory/api/npm/npm-public/@babel/template/-/template-7.28.6.tgz attempt 3 failed with 503
3320 http fetch GET 503 https://packages.applied-caas-gateway1.internal.api.openai.org/artifactory/api/npm/npm-public/@babel/template/-/template-7.28.6.tgz 70501ms attempt #3 (cache skip)
3321 http fetch GET https://packages.applied-caas-gateway1.internal.api.openai.org/artifactory/api/npm/npm-public/@babel/types/-/types-7.29.0.tgz attempt 3 failed with 503
3322 http fetch GET 503 https://packages.applied-caas-gateway1.internal.api.openai.org/artifactory/api/npm/npm-public/@babel/types/-/types-7.29.0.tgz 70501ms attempt #3 (cache skip)
3323 http fetch GET https://packages.applied-caas-gateway1.internal.api.openai.org/artifactory/api/npm/npm-public/@babel/helper-string-parser/-/helper-string-parser-7.27.1.tgz attempt 3 failed with 503
3324 http fetch GET 503 https://packages.applied-caas-gateway1.internal.api.openai.org/artifactory/api/npm/npm-public/@babel/helper-string-parser/-/helper-string-parser-7.27.1.tgz 70501ms attempt #3 (cache skip)
3325 http fetch GET https://packages.applied-caas-gateway1.internal.api.openai.org/artifactory/api/npm/npm-public/@babel/helper-validator-identifier/-/helper-validator-identifier-7.28.5.tgz attempt 3 failed with 503
3326 http fetch GET 503 https://packages.applied-caas-gateway1.internal.api.openai.org/artifactory/api/npm/npm-public/@babel/helper-validator-identifier/-/helper-validator-identifier-7.28.5.tgz 70501ms attempt #3 (cache skip)
3327 http fetch GET https://packages.applied-caas-gateway1.internal.api.openai.org/artifactory/api/npm/npm-public/@babel/generator/-/generator-7.29.1.tgz attempt 3 failed with 503
3328 http fetch GET 503 https://packages.applied-caas-gateway1.internal.api.openai.org/artifactory/api/npm/npm-public/@babel/generator/-/generator-7.29.1.tgz 70501ms attempt #3 (cache skip)
3329 http fetch GET https://packages.applied-caas-gateway1.internal.api.openai.org/artifactory/api/npm/npm-public/zod/-/zod-4.4.3.tgz attempt 3 failed with 503
3330 http fetch GET 503 https://packages.applied-caas-gateway1.internal.api.openai.org/artifactory/api/npm/npm-public/zod/-/zod-4.4.3.tgz 70500ms attempt #3 (cache skip)
3331 http fetch GET https://packages.applied-caas-gateway1.internal.api.openai.org/artifactory/api/npm/npm-public/@babel/helper-module-transforms/-/helper-module-transforms-7.28.6.tgz attempt 3 failed with 503
3332 http fetch GET 503 https://packages.applied-caas-gateway1.internal.api.openai.org/artifactory/api/npm/npm-public/@babel/helper-module-transforms/-/helper-module-transforms-7.28.6.tgz 70504ms attempt #3 (cache skip)
3333 http fetch GET https://packages.applied-caas-gateway1.internal.api.openai.org/artifactory/api/npm/npm-public/@babel/helper-validator-option/-/helper-validator-option-7.27.1.tgz attempt 3 failed with 503
3334 http fetch GET 503 https://packages.applied-caas-gateway1.internal.api.openai.org/artifactory/api/npm/npm-public/@babel/helper-validator-option/-/helper-validator-option-7.27.1.tgz 70505ms attempt #3 (cache skip)
3335 http fetch GET https://packages.applied-caas-gateway1.internal.api.openai.org/artifactory/api/npm/npm-public/@babel/helper-compilation-targets/-/helper-compilation-targets-7.28.6.tgz attempt 3 failed with 503
3336 http fetch GET 503 https://packages.applied-caas-gateway1.internal.api.openai.org/artifactory/api/npm/npm-public/@babel/helper-compilation-targets/-/helper-compilation-targets-7.28.6.tgz 70503ms attempt #3 (cache skip)
3337 http fetch GET https://packages.applied-caas-gateway1.internal.api.openai.org/artifactory/api/npm/npm-public/yoga-layout/-/yoga-layout-3.2.1.tgz attempt 3 failed with 503
3338 http fetch GET 503 https://packages.applied-caas-gateway1.internal.api.openai.org/artifactory/api/npm/npm-public/yoga-layout/-/yoga-layout-3.2.1.tgz 70503ms attempt #3 (cache skip)
3339 http fetch GET https://packages.applied-caas-gateway1.internal.api.openai.org/artifactory/api/npm/npm-public/@babel/compat-data/-/compat-data-7.29.3.tgz attempt 3 failed with 503
3340 http fetch GET 503 https://packages.applied-caas-gateway1.internal.api.openai.org/artifactory/api/npm/npm-public/@babel/compat-data/-/compat-data-7.29.3.tgz 70505ms attempt #3 (cache skip)
3341 http fetch GET https://packages.applied-caas-gateway1.internal.api.openai.org/artifactory/api/npm/npm-public/@babel/traverse/-/traverse-7.29.0.tgz attempt 3 failed with 503
3342 http fetch GET 503 https://packages.applied-caas-gateway1.internal.api.openai.org/artifactory/api/npm/npm-public/@babel/traverse/-/traverse-7.29.0.tgz 70510ms attempt #3 (cache skip)
3343 http fetch GET https://packages.applied-caas-gateway1.internal.api.openai.org/artifactory/api/npm/npm-public/@babel/helper-globals/-/helper-globals-7.28.0.tgz attempt 3 failed with 503
3344 http fetch GET 503 https://packages.applied-caas-gateway1.internal.api.openai.org/artifactory/api/npm/npm-public/@babel/helper-globals/-/helper-globals-7.28.0.tgz 70508ms attempt #3 (cache skip)
3345 http fetch GET https://packages.applied-caas-gateway1.internal.api.openai.org/artifactory/api/npm/npm-public/@babel/core/-/core-7.29.0.tgz attempt 3 failed with 503
3346 http fetch GET 503 https://packages.applied-caas-gateway1.internal.api.openai.org/artifactory/api/npm/npm-public/@babel/core/-/core-7.29.0.tgz 70507ms attempt #3 (cache skip)
3347 http fetch GET https://packages.applied-caas-gateway1.internal.api.openai.org/artifactory/api/npm/npm-public/@babel/code-frame/-/code-frame-7.29.0.tgz attempt 3 failed with 503
3348 http fetch GET 503 https://packages.applied-caas-gateway1.internal.api.openai.org/artifactory/api/npm/npm-public/@babel/code-frame/-/code-frame-7.29.0.tgz 70508ms attempt #3 (cache skip)
3349 http fetch GET https://packages.applied-caas-gateway1.internal.api.openai.org/artifactory/api/npm/npm-public/zod-validation-error/-/zod-validation-error-4.0.2.tgz attempt 3 failed with 503
3350 http fetch GET 503 https://packages.applied-caas-gateway1.internal.api.openai.org/artifactory/api/npm/npm-public/zod-validation-error/-/zod-validation-error-4.0.2.tgz 70507ms attempt #3 (cache skip)
3351 http fetch GET https://packages.applied-caas-gateway1.internal.api.openai.org/artifactory/api/npm/npm-public/@alloc/quick-lru/-/quick-lru-5.2.0.tgz attempt 3 failed with 503
3352 http fetch GET 503 https://packages.applied-caas-gateway1.internal.api.openai.org/artifactory/api/npm/npm-public/@alloc/quick-lru/-/quick-lru-5.2.0.tgz 70508ms attempt #3 (cache skip)
3353 http fetch GET https://packages.applied-caas-gateway1.internal.api.openai.org/artifactory/api/npm/npm-public/wrangler/-/wrangler-4.92.0.tgz attempt 3 failed with 503
3354 http fetch GET 503 https://packages.applied-caas-gateway1.internal.api.openai.org/artifactory/api/npm/npm-public/wrangler/-/wrangler-4.92.0.tgz 70507ms attempt #3 (cache skip)
3355 http fetch GET https://packages.applied-caas-gateway1.internal.api.openai.org/artifactory/api/npm/npm-public/yocto-queue/-/yocto-queue-0.1.0.tgz attempt 3 failed with 503
3356 http fetch GET 503 https://packages.applied-caas-gateway1.internal.api.openai.org/artifactory/api/npm/npm-public/yocto-queue/-/yocto-queue-0.1.0.tgz 70508ms attempt #3 (cache skip)
3357 http fetch GET https://packages.applied-caas-gateway1.internal.api.openai.org/artifactory/api/npm/npm-public/youch-core/-/youch-core-0.3.3.tgz attempt 3 failed with 503
3358 http fetch GET 503 https://packages.applied-caas-gateway1.internal.api.openai.org/artifactory/api/npm/npm-public/youch-core/-/youch-core-0.3.3.tgz 70510ms attempt #3 (cache skip)
3359 http fetch GET https://packages.applied-caas-gateway1.internal.api.openai.org/artifactory/api/npm/npm-public/youch/-/youch-4.1.0-beta.10.tgz attempt 3 failed with 503
3360 http fetch GET 503 https://packages.applied-caas-gateway1.internal.api.openai.org/artifactory/api/npm/npm-public/youch/-/youch-4.1.0-beta.10.tgz 70510ms attempt #3 (cache skip)
3361 http fetch GET https://packages.applied-caas-gateway1.internal.api.openai.org/artifactory/api/npm/npm-public/word-wrap/-/word-wrap-1.2.5.tgz attempt 3 failed with 503
3362 http fetch GET 503 https://packages.applied-caas-gateway1.internal.api.openai.org/artifactory/api/npm/npm-public/word-wrap/-/word-wrap-1.2.5.tgz 70510ms attempt #3 (cache skip)
3363 http fetch GET https://packages.applied-caas-gateway1.internal.api.openai.org/artifactory/api/npm/npm-public/yallist/-/yallist-3.1.1.tgz attempt 3 failed with 503
3364 http fetch GET 503 https://packages.applied-caas-gateway1.internal.api.openai.org/artifactory/api/npm/npm-public/yallist/-/yallist-3.1.1.tgz 70511ms attempt #3 (cache skip)
3365 http fetch GET https://packages.applied-caas-gateway1.internal.api.openai.org/artifactory/api/npm/npm-public/which-collection/-/which-collection-1.0.2.tgz attempt 3 failed with 503
3366 http fetch GET 503 https://packages.applied-caas-gateway1.internal.api.openai.org/artifactory/api/npm/npm-public/which-collection/-/which-collection-1.0.2.tgz 70512ms attempt #3 (cache skip)
3367 http fetch GET https://packages.applied-caas-gateway1.internal.api.openai.org/artifactory/api/npm/npm-public/ws/-/ws-8.18.0.tgz attempt 3 failed with 503
3368 http fetch GET 503 https://packages.applied-caas-gateway1.internal.api.openai.org/artifactory/api/npm/npm-public/ws/-/ws-8.18.0.tgz 70513ms attempt #3 (cache skip)
3369 http fetch GET https://packages.applied-caas-gateway1.internal.api.openai.org/artifactory/api/npm/npm-public/which-typed-array/-/which-typed-array-1.1.20.tgz attempt 3 failed with 503
3370 http fetch GET 503 https://packages.applied-caas-gateway1.internal.api.openai.org/artifactory/api/npm/npm-public/which-typed-array/-/which-typed-array-1.1.20.tgz 70512ms attempt #3 (cache skip)
3371 http fetch GET https://packages.applied-caas-gateway1.internal.api.openai.org/artifactory/api/npm/npm-public/which-boxed-primitive/-/which-boxed-primitive-1.1.1.tgz attempt 3 failed with 503
3372 http fetch GET 503 https://packages.applied-caas-gateway1.internal.api.openai.org/artifactory/api/npm/npm-public/which-boxed-primitive/-/which-boxed-primitive-1.1.1.tgz 70514ms attempt #3 (cache skip)
3373 http fetch GET https://packages.applied-caas-gateway1.internal.api.openai.org/artifactory/api/npm/npm-public/which-builtin-type/-/which-builtin-type-1.2.1.tgz attempt 3 failed with 503
3374 http fetch GET 503 https://packages.applied-caas-gateway1.internal.api.openai.org/artifactory/api/npm/npm-public/which-builtin-type/-/which-builtin-type-1.2.1.tgz 70515ms attempt #3 (cache skip)
3375 http fetch GET https://packages.applied-caas-gateway1.internal.api.openai.org/artifactory/api/npm/npm-public/watchpack/-/watchpack-2.5.1.tgz attempt 3 failed with 503
3376 http fetch GET 503 https://packages.applied-caas-gateway1.internal.api.openai.org/artifactory/api/npm/npm-public/watchpack/-/watchpack-2.5.1.tgz 70512ms attempt #3 (cache skip)
3377 http fetch GET https://packages.applied-caas-gateway1.internal.api.openai.org/artifactory/api/npm/npm-public/workerd/-/workerd-1.20260515.1.tgz attempt 3 failed with 503
3378 http fetch GET 503 https://packages.applied-caas-gateway1.internal.api.openai.org/artifactory/api/npm/npm-public/workerd/-/workerd-1.20260515.1.tgz 70517ms attempt #3 (cache skip)
3379 http fetch GET https://packages.applied-caas-gateway1.internal.api.openai.org/artifactory/api/npm/npm-public/vitefu/-/vitefu-1.1.3.tgz attempt 3 failed with 503
3380 http fetch GET 503 https://packages.applied-caas-gateway1.internal.api.openai.org/artifactory/api/npm/npm-public/vitefu/-/vitefu-1.1.3.tgz 70515ms attempt #3 (cache skip)
3381 http fetch GET https://packages.applied-caas-gateway1.internal.api.openai.org/artifactory/api/npm/npm-public/webpack/-/webpack-5.106.2.tgz attempt 3 failed with 503
3382 http fetch GET 503 https://packages.applied-caas-gateway1.internal.api.openai.org/artifactory/api/npm/npm-public/webpack/-/webpack-5.106.2.tgz 70517ms attempt #3 (cache skip)
3383 http fetch GET https://packages.applied-caas-gateway1.internal.api.openai.org/artifactory/api/npm/npm-public/vite/-/vite-8.0.13.tgz attempt 3 failed with 503
3384 http fetch GET 503 https://packages.applied-caas-gateway1.internal.api.openai.org/artifactory/api/npm/npm-public/vite/-/vite-8.0.13.tgz 70517ms attempt #3 (cache skip)
3385 http fetch GET https://packages.applied-caas-gateway1.internal.api.openai.org/artifactory/api/npm/npm-public/webpack-sources/-/webpack-sources-3.4.1.tgz attempt 3 failed with 503
3386 http fetch GET 503 https://packages.applied-caas-gateway1.internal.api.openai.org/artifactory/api/npm/npm-public/webpack-sources/-/webpack-sources-3.4.1.tgz 70520ms attempt #3 (cache skip)
3387 http fetch GET https://packages.applied-caas-gateway1.internal.api.openai.org/artifactory/api/npm/npm-public/vite-tsconfig-paths/-/vite-tsconfig-paths-6.1.1.tgz attempt 3 failed with 503
3388 http fetch GET 503 https://packages.applied-caas-gateway1.internal.api.openai.org/artifactory/api/npm/npm-public/vite-tsconfig-paths/-/vite-tsconfig-paths-6.1.1.tgz 70519ms attempt #3 (cache skip)
3389 http fetch GET https://packages.applied-caas-gateway1.internal.api.openai.org/artifactory/api/npm/npm-public/vite-plugin-commonjs/-/vite-plugin-commonjs-0.10.4.tgz attempt 3 failed with 503
3390 http fetch GET 503 https://packages.applied-caas-gateway1.internal.api.openai.org/artifactory/api/npm/npm-public/vite-plugin-commonjs/-/vite-plugin-commonjs-0.10.4.tgz 70519ms attempt #3 (cache skip)
3391 http fetch GET https://packages.applied-caas-gateway1.internal.api.openai.org/artifactory/api/npm/npm-public/which/-/which-2.0.2.tgz attempt 3 failed with 503
3392 http fetch GET 503 https://packages.applied-caas-gateway1.internal.api.openai.org/artifactory/api/npm/npm-public/which/-/which-2.0.2.tgz 70522ms attempt #3 (cache skip)
3393 http fetch GET https://packages.applied-caas-gateway1.internal.api.openai.org/artifactory/api/npm/npm-public/vite-plugin-dynamic-import/-/vite-plugin-dynamic-import-1.6.0.tgz attempt 3 failed with 503
3394 http fetch GET 503 https://packages.applied-caas-gateway1.internal.api.openai.org/artifactory/api/npm/npm-public/vite-plugin-dynamic-import/-/vite-plugin-dynamic-import-1.6.0.tgz 70522ms attempt #3 (cache skip)
3395 http fetch GET https://packages.applied-caas-gateway1.internal.api.openai.org/artifactory/api/npm/npm-public/update-browserslist-db/-/update-browserslist-db-1.2.3.tgz attempt 3 failed with 503
3396 http fetch GET 503 https://packages.applied-caas-gateway1.internal.api.openai.org/artifactory/api/npm/npm-public/update-browserslist-db/-/update-browserslist-db-1.2.3.tgz 70521ms attempt #3 (cache skip)
3397 http fetch GET https://packages.applied-caas-gateway1.internal.api.openai.org/artifactory/api/npm/npm-public/web-vitals/-/web-vitals-4.2.4.tgz attempt 3 failed with 503
3398 http fetch GET 503 https://packages.applied-caas-gateway1.internal.api.openai.org/artifactory/api/npm/npm-public/web-vitals/-/web-vitals-4.2.4.tgz 70523ms attempt #3 (cache skip)
3399 http fetch GET https://packages.applied-caas-gateway1.internal.api.openai.org/artifactory/api/npm/npm-public/unpic/-/unpic-4.2.2.tgz attempt 3 failed with 503
3400 http fetch GET 503 https://packages.applied-caas-gateway1.internal.api.openai.org/artifactory/api/npm/npm-public/unpic/-/unpic-4.2.2.tgz 70521ms attempt #3 (cache skip)
3401 http fetch GET https://packages.applied-caas-gateway1.internal.api.openai.org/artifactory/api/npm/npm-public/uri-js/-/uri-js-4.4.1.tgz attempt 3 failed with 503
3402 http fetch GET 503 https://packages.applied-caas-gateway1.internal.api.openai.org/artifactory/api/npm/npm-public/uri-js/-/uri-js-4.4.1.tgz 70522ms attempt #3 (cache skip)
3403 http fetch GET https://packages.applied-caas-gateway1.internal.api.openai.org/artifactory/api/npm/npm-public/unenv/-/unenv-2.0.0-rc.24.tgz attempt 3 failed with 503
3404 http fetch GET 503 https://packages.applied-caas-gateway1.internal.api.openai.org/artifactory/api/npm/npm-public/unenv/-/unenv-2.0.0-rc.24.tgz 70523ms attempt #3 (cache skip)
3405 http fetch GET https://packages.applied-caas-gateway1.internal.api.openai.org/artifactory/api/npm/npm-public/undici-types/-/undici-types-6.21.0.tgz attempt 3 failed with 503
3406 http fetch GET 503 https://packages.applied-caas-gateway1.internal.api.openai.org/artifactory/api/npm/npm-public/undici-types/-/undici-types-6.21.0.tgz 70522ms attempt #3 (cache skip)
3407 http fetch GET https://packages.applied-caas-gateway1.internal.api.openai.org/artifactory/api/npm/npm-public/undici/-/undici-7.24.8.tgz attempt 3 failed with 503
3408 http fetch GET 503 https://packages.applied-caas-gateway1.internal.api.openai.org/artifactory/api/npm/npm-public/undici/-/undici-7.24.8.tgz 70523ms attempt #3 (cache skip)
3409 http fetch GET https://packages.applied-caas-gateway1.internal.api.openai.org/artifactory/api/npm/npm-public/tslib/-/tslib-2.8.1.tgz attempt 3 failed with 503
3410 http fetch GET 503 https://packages.applied-caas-gateway1.internal.api.openai.org/artifactory/api/npm/npm-public/tslib/-/tslib-2.8.1.tgz 70518ms attempt #3 (cache skip)
3411 http fetch GET https://packages.applied-caas-gateway1.internal.api.openai.org/artifactory/api/npm/npm-public/unrs-resolver/-/unrs-resolver-1.11.1.tgz attempt 3 failed with 503
3412 http fetch GET 503 https://packages.applied-caas-gateway1.internal.api.openai.org/artifactory/api/npm/npm-public/unrs-resolver/-/unrs-resolver-1.11.1.tgz 70526ms attempt #3 (cache skip)
3413 http fetch GET https://packages.applied-caas-gateway1.internal.api.openai.org/artifactory/api/npm/npm-public/vinext/-/vinext-0.0.50.tgz attempt 3 failed with 503
3414 http fetch GET 503 https://packages.applied-caas-gateway1.internal.api.openai.org/artifactory/api/npm/npm-public/vinext/-/vinext-0.0.50.tgz 70528ms attempt #3 (cache skip)
3415 http fetch GET https://packages.applied-caas-gateway1.internal.api.openai.org/artifactory/api/npm/npm-public/typescript-eslint/-/typescript-eslint-8.59.3.tgz attempt 3 failed with 503
3416 http fetch GET 503 https://packages.applied-caas-gateway1.internal.api.openai.org/artifactory/api/npm/npm-public/typescript-eslint/-/typescript-eslint-8.59.3.tgz 70525ms attempt #3 (cache skip)
3417 http fetch GET https://packages.applied-caas-gateway1.internal.api.openai.org/artifactory/api/npm/npm-public/typed-array-length/-/typed-array-length-1.0.7.tgz attempt 3 failed with 503
3418 http fetch GET 503 https://packages.applied-caas-gateway1.internal.api.openai.org/artifactory/api/npm/npm-public/typed-array-length/-/typed-array-length-1.0.7.tgz 70525ms attempt #3 (cache skip)
3419 http fetch GET https://packages.applied-caas-gateway1.internal.api.openai.org/artifactory/api/npm/npm-public/typed-array-buffer/-/typed-array-buffer-1.0.3.tgz attempt 3 failed with 503
3420 http fetch GET 503 https://packages.applied-caas-gateway1.internal.api.openai.org/artifactory/api/npm/npm-public/typed-array-buffer/-/typed-array-buffer-1.0.3.tgz 70526ms attempt #3 (cache skip)
3421 http fetch GET https://packages.applied-caas-gateway1.internal.api.openai.org/artifactory/api/npm/npm-public/typescript/-/typescript-5.9.3.tgz attempt 3 failed with 503
3422 http fetch GET 503 https://packages.applied-caas-gateway1.internal.api.openai.org/artifactory/api/npm/npm-public/typescript/-/typescript-5.9.3.tgz 70529ms attempt #3 (cache skip)
3423 http fetch GET https://packages.applied-caas-gateway1.internal.api.openai.org/artifactory/api/npm/npm-public/typed-array-byte-length/-/typed-array-byte-length-1.0.3.tgz attempt 3 failed with 503
3424 http fetch GET 503 https://packages.applied-caas-gateway1.internal.api.openai.org/artifactory/api/npm/npm-public/typed-array-byte-length/-/typed-array-byte-length-1.0.3.tgz 70527ms attempt #3 (cache skip)
3425 http fetch GET https://packages.applied-caas-gateway1.internal.api.openai.org/artifactory/api/npm/npm-public/unicode-trie/-/unicode-trie-2.0.0.tgz attempt 3 failed with 503
3426 http fetch GET 503 https://packages.applied-caas-gateway1.internal.api.openai.org/artifactory/api/npm/npm-public/unicode-trie/-/unicode-trie-2.0.0.tgz 70531ms attempt #3 (cache skip)
3427 http fetch GET https://packages.applied-caas-gateway1.internal.api.openai.org/artifactory/api/npm/npm-public/ts-api-utils/-/ts-api-utils-2.5.0.tgz attempt 3 failed with 503
3428 http fetch GET 503 https://packages.applied-caas-gateway1.internal.api.openai.org/artifactory/api/npm/npm-public/ts-api-utils/-/ts-api-utils-2.5.0.tgz 70526ms attempt #3 (cache skip)
3429 http fetch GET https://packages.applied-caas-gateway1.internal.api.openai.org/artifactory/api/npm/npm-public/tsconfig-paths/-/tsconfig-paths-3.15.0.tgz attempt 3 failed with 503
3430 http fetch GET 503 https://packages.applied-caas-gateway1.internal.api.openai.org/artifactory/api/npm/npm-public/tsconfig-paths/-/tsconfig-paths-3.15.0.tgz 70527ms attempt #3 (cache skip)
3431 http fetch GET https://packages.applied-caas-gateway1.internal.api.openai.org/artifactory/api/npm/npm-public/tsx/-/tsx-4.22.1.tgz attempt 3 failed with 503
3432 http fetch GET 503 https://packages.applied-caas-gateway1.internal.api.openai.org/artifactory/api/npm/npm-public/tsx/-/tsx-4.22.1.tgz 70529ms attempt #3 (cache skip)
3433 http fetch GET https://packages.applied-caas-gateway1.internal.api.openai.org/artifactory/api/npm/npm-public/unbox-primitive/-/unbox-primitive-1.1.0.tgz attempt 3 failed with 503
3434 http fetch GET 503 https://packages.applied-caas-gateway1.internal.api.openai.org/artifactory/api/npm/npm-public/unbox-primitive/-/unbox-primitive-1.1.0.tgz 70533ms attempt #3 (cache skip)
3435 http fetch GET https://packages.applied-caas-gateway1.internal.api.openai.org/artifactory/api/npm/npm-public/typed-array-byte-offset/-/typed-array-byte-offset-1.0.4.tgz attempt 3 failed with 503
3436 http fetch GET 503 https://packages.applied-caas-gateway1.internal.api.openai.org/artifactory/api/npm/npm-public/typed-array-byte-offset/-/typed-array-byte-offset-1.0.4.tgz 70532ms attempt #3 (cache skip)
3437 http fetch GET https://packages.applied-caas-gateway1.internal.api.openai.org/artifactory/api/npm/npm-public/turbo-stream/-/turbo-stream-3.2.0.tgz attempt 3 failed with 503
3438 http fetch GET 503 https://packages.applied-caas-gateway1.internal.api.openai.org/artifactory/api/npm/npm-public/turbo-stream/-/turbo-stream-3.2.0.tgz 70531ms attempt #3 (cache skip)
3439 http fetch GET https://packages.applied-caas-gateway1.internal.api.openai.org/artifactory/api/npm/npm-public/type-check/-/type-check-0.4.0.tgz attempt 3 failed with 503
3440 http fetch GET 503 https://packages.applied-caas-gateway1.internal.api.openai.org/artifactory/api/npm/npm-public/type-check/-/type-check-0.4.0.tgz 70534ms attempt #3 (cache skip)
3441 http fetch GET https://packages.applied-caas-gateway1.internal.api.openai.org/artifactory/api/npm/npm-public/tiny-inflate/-/tiny-inflate-1.0.3.tgz attempt 3 failed with 503
3442 http fetch GET 503 https://packages.applied-caas-gateway1.internal.api.openai.org/artifactory/api/npm/npm-public/tiny-inflate/-/tiny-inflate-1.0.3.tgz 70531ms attempt #3 (cache skip)
3443 http fetch GET https://packages.applied-caas-gateway1.internal.api.openai.org/artifactory/api/npm/npm-public/tailwindcss/-/tailwindcss-4.2.1.tgz attempt 3 failed with 503
3444 http fetch GET 503 https://packages.applied-caas-gateway1.internal.api.openai.org/artifactory/api/npm/npm-public/tailwindcss/-/tailwindcss-4.2.1.tgz 70531ms attempt #3 (cache skip)
3445 http fetch GET https://packages.applied-caas-gateway1.internal.api.openai.org/artifactory/api/npm/npm-public/tinyglobby/-/tinyglobby-0.2.16.tgz attempt 3 failed with 503
3446 http fetch GET 503 https://packages.applied-caas-gateway1.internal.api.openai.org/artifactory/api/npm/npm-public/tinyglobby/-/tinyglobby-0.2.16.tgz 70534ms attempt #3 (cache skip)
3447 http fetch GET https://packages.applied-caas-gateway1.internal.api.openai.org/artifactory/api/npm/npm-public/terser-webpack-plugin/-/terser-webpack-plugin-5.6.0.tgz attempt 3 failed with 503
3448 http fetch GET 503 https://packages.applied-caas-gateway1.internal.api.openai.org/artifactory/api/npm/npm-public/terser-webpack-plugin/-/terser-webpack-plugin-5.6.0.tgz 70533ms attempt #3 (cache skip)
3449 http fetch GET https://packages.applied-caas-gateway1.internal.api.openai.org/artifactory/api/npm/npm-public/tsconfck/-/tsconfck-3.1.6.tgz attempt 3 failed with 503
3450 http fetch GET 503 https://packages.applied-caas-gateway1.internal.api.openai.org/artifactory/api/npm/npm-public/tsconfck/-/tsconfck-3.1.6.tgz 70535ms attempt #3 (cache skip)
3451 http fetch GET https://packages.applied-caas-gateway1.internal.api.openai.org/artifactory/api/npm/npm-public/string.prototype.trimstart/-/string.prototype.trimstart-1.0.8.tgz attempt 3 failed with 503
3452 http fetch GET 503 https://packages.applied-caas-gateway1.internal.api.openai.org/artifactory/api/npm/npm-public/string.prototype.trimstart/-/string.prototype.trimstart-1.0.8.tgz 70529ms attempt #3 (cache skip)
3453 http fetch GET https://packages.applied-caas-gateway1.internal.api.openai.org/artifactory/api/npm/npm-public/tapable/-/tapable-2.3.3.tgz attempt 3 failed with 503
3454 http fetch GET 503 https://packages.applied-caas-gateway1.internal.api.openai.org/artifactory/api/npm/npm-public/tapable/-/tapable-2.3.3.tgz 70535ms attempt #3 (cache skip)
3455 http fetch GET https://packages.applied-caas-gateway1.internal.api.openai.org/artifactory/api/npm/npm-public/styled-jsx/-/styled-jsx-5.1.6.tgz attempt 3 failed with 503
3456 http fetch GET 503 https://packages.applied-caas-gateway1.internal.api.openai.org/artifactory/api/npm/npm-public/styled-jsx/-/styled-jsx-5.1.6.tgz 70534ms attempt #3 (cache skip)
3457 http fetch GET https://packages.applied-caas-gateway1.internal.api.openai.org/artifactory/api/npm/npm-public/terser/-/terser-5.47.1.tgz attempt 3 failed with 503
3458 http fetch GET 503 https://packages.applied-caas-gateway1.internal.api.openai.org/artifactory/api/npm/npm-public/terser/-/terser-5.47.1.tgz 70534ms attempt #3 (cache skip)
3459 http fetch GET https://packages.applied-caas-gateway1.internal.api.openai.org/artifactory/api/npm/npm-public/supports-preserve-symlinks-flag/-/supports-preserve-symlinks-flag-1.0.0.tgz attempt 3 failed with 503
3460 http fetch GET 503 https://packages.applied-caas-gateway1.internal.api.openai.org/artifactory/api/npm/npm-public/supports-preserve-symlinks-flag/-/supports-preserve-symlinks-flag-1.0.0.tgz 70535ms attempt #3 (cache skip)
3461 http fetch GET https://packages.applied-caas-gateway1.internal.api.openai.org/artifactory/api/npm/npm-public/strip-literal/-/strip-literal-3.1.0.tgz attempt 3 failed with 503
3462 http fetch GET 503 https://packages.applied-caas-gateway1.internal.api.openai.org/artifactory/api/npm/npm-public/strip-literal/-/strip-literal-3.1.0.tgz 70536ms attempt #3 (cache skip)
3463 http fetch GET https://packages.applied-caas-gateway1.internal.api.openai.org/artifactory/api/npm/npm-public/to-regex-range/-/to-regex-range-5.0.1.tgz attempt 3 failed with 503
3464 http fetch GET 503 https://packages.applied-caas-gateway1.internal.api.openai.org/artifactory/api/npm/npm-public/to-regex-range/-/to-regex-range-5.0.1.tgz 70537ms attempt #3 (cache skip)
3465 http fetch GET https://packages.applied-caas-gateway1.internal.api.openai.org/artifactory/api/npm/npm-public/supports-color/-/supports-color-7.2.0.tgz attempt 3 failed with 503
3466 http fetch GET 503 https://packages.applied-caas-gateway1.internal.api.openai.org/artifactory/api/npm/npm-public/supports-color/-/supports-color-7.2.0.tgz 70540ms attempt #3 (cache skip)
3467 http fetch GET https://packages.applied-caas-gateway1.internal.api.openai.org/artifactory/api/npm/npm-public/strip-bom/-/strip-bom-3.0.0.tgz attempt 3 failed with 503
3468 http fetch GET 503 https://packages.applied-caas-gateway1.internal.api.openai.org/artifactory/api/npm/npm-public/strip-bom/-/strip-bom-3.0.0.tgz 70539ms attempt #3 (cache skip)
3469 http fetch GET https://packages.applied-caas-gateway1.internal.api.openai.org/artifactory/api/npm/npm-public/string.prototype.codepointat/-/string.prototype.codepointat-0.2.1.tgz attempt 3 failed with 503
3470 http fetch GET 503 https://packages.applied-caas-gateway1.internal.api.openai.org/artifactory/api/npm/npm-public/string.prototype.codepointat/-/string.prototype.codepointat-0.2.1.tgz 70537ms attempt #3 (cache skip)
3471 http fetch GET https://packages.applied-caas-gateway1.internal.api.openai.org/artifactory/api/npm/npm-public/string.prototype.trim/-/string.prototype.trim-1.2.10.tgz attempt 3 failed with 503
3472 http fetch GET 503 https://packages.applied-caas-gateway1.internal.api.openai.org/artifactory/api/npm/npm-public/string.prototype.trim/-/string.prototype.trim-1.2.10.tgz 70539ms attempt #3 (cache skip)
3473 http fetch GET https://packages.applied-caas-gateway1.internal.api.openai.org/artifactory/api/npm/npm-public/string.prototype.trimend/-/string.prototype.trimend-1.0.9.tgz attempt 3 failed with 503
3474 http fetch GET 503 https://packages.applied-caas-gateway1.internal.api.openai.org/artifactory/api/npm/npm-public/string.prototype.trimend/-/string.prototype.trimend-1.0.9.tgz 70540ms attempt #3 (cache skip)
3475 http fetch GET https://packages.applied-caas-gateway1.internal.api.openai.org/artifactory/api/npm/npm-public/source-map-js/-/source-map-js-1.2.1.tgz attempt 3 failed with 503
3476 http fetch GET 503 https://packages.applied-caas-gateway1.internal.api.openai.org/artifactory/api/npm/npm-public/source-map-js/-/source-map-js-1.2.1.tgz 70537ms attempt #3 (cache skip)
3477 http fetch GET https://packages.applied-caas-gateway1.internal.api.openai.org/artifactory/api/npm/npm-public/string.prototype.matchall/-/string.prototype.matchall-4.0.12.tgz attempt 3 failed with 503
3478 http fetch GET 503 https://packages.applied-caas-gateway1.internal.api.openai.org/artifactory/api/npm/npm-public/string.prototype.matchall/-/string.prototype.matchall-4.0.12.tgz 70540ms attempt #3 (cache skip)
3479 http fetch GET https://packages.applied-caas-gateway1.internal.api.openai.org/artifactory/api/npm/npm-public/source-map/-/source-map-0.6.1.tgz attempt 3 failed with 503
3480 http fetch GET 503 https://packages.applied-caas-gateway1.internal.api.openai.org/artifactory/api/npm/npm-public/source-map/-/source-map-0.6.1.tgz 70537ms attempt #3 (cache skip)
3481 http fetch GET https://packages.applied-caas-gateway1.internal.api.openai.org/artifactory/api/npm/npm-public/stop-iteration-iterator/-/stop-iteration-iterator-1.1.0.tgz attempt 3 failed with 503
3482 http fetch GET 503 https://packages.applied-caas-gateway1.internal.api.openai.org/artifactory/api/npm/npm-public/stop-iteration-iterator/-/stop-iteration-iterator-1.1.0.tgz 70540ms attempt #3 (cache skip)
3483 http fetch GET https://packages.applied-caas-gateway1.internal.api.openai.org/artifactory/api/npm/npm-public/string.prototype.includes/-/string.prototype.includes-2.0.1.tgz attempt 3 failed with 503
3484 http fetch GET 503 https://packages.applied-caas-gateway1.internal.api.openai.org/artifactory/api/npm/npm-public/string.prototype.includes/-/string.prototype.includes-2.0.1.tgz 70541ms attempt #3 (cache skip)
3485 http fetch GET https://packages.applied-caas-gateway1.internal.api.openai.org/artifactory/api/npm/npm-public/string.prototype.repeat/-/string.prototype.repeat-1.0.0.tgz attempt 3 failed with 503
3486 http fetch GET 503 https://packages.applied-caas-gateway1.internal.api.openai.org/artifactory/api/npm/npm-public/string.prototype.repeat/-/string.prototype.repeat-1.0.0.tgz 70544ms attempt #3 (cache skip)
3487 http fetch GET https://packages.applied-caas-gateway1.internal.api.openai.org/artifactory/api/npm/npm-public/side-channel-map/-/side-channel-map-1.0.1.tgz attempt 3 failed with 503
3488 http fetch GET 503 https://packages.applied-caas-gateway1.internal.api.openai.org/artifactory/api/npm/npm-public/side-channel-map/-/side-channel-map-1.0.1.tgz 70538ms attempt #3 (cache skip)
3489 http fetch GET https://packages.applied-caas-gateway1.internal.api.openai.org/artifactory/api/npm/npm-public/strip-json-comments/-/strip-json-comments-3.1.1.tgz attempt 3 failed with 503
3490 http fetch GET 503 https://packages.applied-caas-gateway1.internal.api.openai.org/artifactory/api/npm/npm-public/strip-json-comments/-/strip-json-comments-3.1.1.tgz 70546ms attempt #3 (cache skip)
3491 http fetch GET https://packages.applied-caas-gateway1.internal.api.openai.org/artifactory/api/npm/npm-public/stable-hash/-/stable-hash-0.0.5.tgz attempt 3 failed with 503
3492 http fetch GET 503 https://packages.applied-caas-gateway1.internal.api.openai.org/artifactory/api/npm/npm-public/stable-hash/-/stable-hash-0.0.5.tgz 70544ms attempt #3 (cache skip)
3493 http fetch GET https://packages.applied-caas-gateway1.internal.api.openai.org/artifactory/api/npm/npm-public/sharp/-/sharp-0.34.5.tgz attempt 3 failed with 503
3494 http fetch GET 503 https://packages.applied-caas-gateway1.internal.api.openai.org/artifactory/api/npm/npm-public/sharp/-/sharp-0.34.5.tgz 70541ms attempt #3 (cache skip)
3495 http fetch GET https://packages.applied-caas-gateway1.internal.api.openai.org/artifactory/api/npm/npm-public/source-map-support/-/source-map-support-0.5.21.tgz attempt 3 failed with 503
3496 http fetch GET 503 https://packages.applied-caas-gateway1.internal.api.openai.org/artifactory/api/npm/npm-public/source-map-support/-/source-map-support-0.5.21.tgz 70543ms attempt #3 (cache skip)
3497 http fetch GET https://packages.applied-caas-gateway1.internal.api.openai.org/artifactory/api/npm/npm-public/schema-utils/-/schema-utils-4.3.3.tgz attempt 3 failed with 503
3498 http fetch GET 503 https://packages.applied-caas-gateway1.internal.api.openai.org/artifactory/api/npm/npm-public/schema-utils/-/schema-utils-4.3.3.tgz 70540ms attempt #3 (cache skip)
3499 http fetch GET https://packages.applied-caas-gateway1.internal.api.openai.org/artifactory/api/npm/npm-public/shebang-regex/-/shebang-regex-3.0.0.tgz attempt 3 failed with 503
3500 http fetch GET 503 https://packages.applied-caas-gateway1.internal.api.openai.org/artifactory/api/npm/npm-public/shebang-regex/-/shebang-regex-3.0.0.tgz 70543ms attempt #3 (cache skip)
3501 http fetch GET https://packages.applied-caas-gateway1.internal.api.openai.org/artifactory/api/npm/npm-public/srvx/-/srvx-0.11.15.tgz attempt 3 failed with 503
3502 http fetch GET 503 https://packages.applied-caas-gateway1.internal.api.openai.org/artifactory/api/npm/npm-public/srvx/-/srvx-0.11.15.tgz 70549ms attempt #3 (cache skip)
3503 http fetch GET https://packages.applied-caas-gateway1.internal.api.openai.org/artifactory/api/npm/npm-public/side-channel/-/side-channel-1.1.0.tgz attempt 3 failed with 503
3504 http fetch GET 503 https://packages.applied-caas-gateway1.internal.api.openai.org/artifactory/api/npm/npm-public/side-channel/-/side-channel-1.1.0.tgz 70546ms attempt #3 (cache skip)
3505 http fetch GET https://packages.applied-caas-gateway1.internal.api.openai.org/artifactory/api/npm/npm-public/shebang-command/-/shebang-command-2.0.0.tgz attempt 3 failed with 503
3506 http fetch GET 503 https://packages.applied-caas-gateway1.internal.api.openai.org/artifactory/api/npm/npm-public/shebang-command/-/shebang-command-2.0.0.tgz 70545ms attempt #3 (cache skip)
3507 http fetch GET https://packages.applied-caas-gateway1.internal.api.openai.org/artifactory/api/npm/npm-public/side-channel-list/-/side-channel-list-1.0.1.tgz attempt 3 failed with 503
3508 http fetch GET 503 https://packages.applied-caas-gateway1.internal.api.openai.org/artifactory/api/npm/npm-public/side-channel-list/-/side-channel-list-1.0.1.tgz 70548ms attempt #3 (cache skip)
3509 http fetch GET https://packages.applied-caas-gateway1.internal.api.openai.org/artifactory/api/npm/npm-public/scheduler/-/scheduler-0.27.0.tgz attempt 3 failed with 503
3510 http fetch GET 503 https://packages.applied-caas-gateway1.internal.api.openai.org/artifactory/api/npm/npm-public/scheduler/-/scheduler-0.27.0.tgz 70545ms attempt #3 (cache skip)
3511 http fetch GET https://packages.applied-caas-gateway1.internal.api.openai.org/artifactory/api/npm/npm-public/side-channel-weakmap/-/side-channel-weakmap-1.0.2.tgz attempt 3 failed with 503
3512 http fetch GET 503 https://packages.applied-caas-gateway1.internal.api.openai.org/artifactory/api/npm/npm-public/side-channel-weakmap/-/side-channel-weakmap-1.0.2.tgz 70550ms attempt #3 (cache skip)
3513 http fetch GET https://packages.applied-caas-gateway1.internal.api.openai.org/artifactory/api/npm/npm-public/set-proto/-/set-proto-1.0.0.tgz attempt 3 failed with 503
3514 http fetch GET 503 https://packages.applied-caas-gateway1.internal.api.openai.org/artifactory/api/npm/npm-public/set-proto/-/set-proto-1.0.0.tgz 70547ms attempt #3 (cache skip)
3515 http fetch GET https://packages.applied-caas-gateway1.internal.api.openai.org/artifactory/api/npm/npm-public/safe-push-apply/-/safe-push-apply-1.0.0.tgz attempt 3 failed with 503
3516 http fetch GET 503 https://packages.applied-caas-gateway1.internal.api.openai.org/artifactory/api/npm/npm-public/safe-push-apply/-/safe-push-apply-1.0.0.tgz 70547ms attempt #3 (cache skip)
3517 http fetch GET https://packages.applied-caas-gateway1.internal.api.openai.org/artifactory/api/npm/npm-public/run-parallel/-/run-parallel-1.2.0.tgz attempt 3 failed with 503
3518 http fetch GET 503 https://packages.applied-caas-gateway1.internal.api.openai.org/artifactory/api/npm/npm-public/run-parallel/-/run-parallel-1.2.0.tgz 70546ms attempt #3 (cache skip)
3519 http fetch GET https://packages.applied-caas-gateway1.internal.api.openai.org/artifactory/api/npm/npm-public/satori/-/satori-0.16.0.tgz attempt 3 failed with 503
3520 http fetch GET 503 https://packages.applied-caas-gateway1.internal.api.openai.org/artifactory/api/npm/npm-public/satori/-/satori-0.16.0.tgz 70549ms attempt #3 (cache skip)
3521 http fetch GET https://packages.applied-caas-gateway1.internal.api.openai.org/artifactory/api/npm/npm-public/safe-regex-test/-/safe-regex-test-1.1.0.tgz attempt 3 failed with 503
3522 http fetch GET 503 https://packages.applied-caas-gateway1.internal.api.openai.org/artifactory/api/npm/npm-public/safe-regex-test/-/safe-regex-test-1.1.0.tgz 70548ms attempt #3 (cache skip)
3523 http fetch GET https://packages.applied-caas-gateway1.internal.api.openai.org/artifactory/api/npm/npm-public/set-function-length/-/set-function-length-1.2.2.tgz attempt 3 failed with 503
3524 http fetch GET 503 https://packages.applied-caas-gateway1.internal.api.openai.org/artifactory/api/npm/npm-public/set-function-length/-/set-function-length-1.2.2.tgz 70551ms attempt #3 (cache skip)
3525 http fetch GET https://packages.applied-caas-gateway1.internal.api.openai.org/artifactory/api/npm/npm-public/set-function-name/-/set-function-name-2.0.2.tgz attempt 3 failed with 503
3526 http fetch GET 503 https://packages.applied-caas-gateway1.internal.api.openai.org/artifactory/api/npm/npm-public/set-function-name/-/set-function-name-2.0.2.tgz 70552ms attempt #3 (cache skip)
3527 http fetch GET https://packages.applied-caas-gateway1.internal.api.openai.org/artifactory/api/npm/npm-public/safe-array-concat/-/safe-array-concat-1.1.4.tgz attempt 3 failed with 503
3528 http fetch GET 503 https://packages.applied-caas-gateway1.internal.api.openai.org/artifactory/api/npm/npm-public/safe-array-concat/-/safe-array-concat-1.1.4.tgz 70551ms attempt #3 (cache skip)
3529 http fetch GET https://packages.applied-caas-gateway1.internal.api.openai.org/artifactory/api/npm/npm-public/resolve-pkg-maps/-/resolve-pkg-maps-1.0.0.tgz attempt 3 failed with 503
3530 http fetch GET 503 https://packages.applied-caas-gateway1.internal.api.openai.org/artifactory/api/npm/npm-public/resolve-pkg-maps/-/resolve-pkg-maps-1.0.0.tgz 70551ms attempt #3 (cache skip)
3531 http fetch GET https://packages.applied-caas-gateway1.internal.api.openai.org/artifactory/api/npm/npm-public/semver/-/semver-6.3.1.tgz attempt 3 failed with 503
3532 http fetch GET 503 https://packages.applied-caas-gateway1.internal.api.openai.org/artifactory/api/npm/npm-public/semver/-/semver-6.3.1.tgz 70554ms attempt #3 (cache skip)
3533 http fetch GET https://packages.applied-caas-gateway1.internal.api.openai.org/artifactory/api/npm/npm-public/reflect.getprototypeof/-/reflect.getprototypeof-1.0.10.tgz attempt 3 failed with 503
3534 http fetch GET 503 https://packages.applied-caas-gateway1.internal.api.openai.org/artifactory/api/npm/npm-public/reflect.getprototypeof/-/reflect.getprototypeof-1.0.10.tgz 70552ms attempt #3 (cache skip)
3535 http fetch GET https://packages.applied-caas-gateway1.internal.api.openai.org/artifactory/api/npm/npm-public/react-is/-/react-is-16.13.1.tgz attempt 3 failed with 503
3536 http fetch GET 503 https://packages.applied-caas-gateway1.internal.api.openai.org/artifactory/api/npm/npm-public/react-is/-/react-is-16.13.1.tgz 70552ms attempt #3 (cache skip)
3537 http fetch GET https://packages.applied-caas-gateway1.internal.api.openai.org/artifactory/api/npm/npm-public/reusify/-/reusify-1.1.0.tgz attempt 3 failed with 503
3538 http fetch GET 503 https://packages.applied-caas-gateway1.internal.api.openai.org/artifactory/api/npm/npm-public/reusify/-/reusify-1.1.0.tgz 70555ms attempt #3 (cache skip)
3539 http fetch GET https://packages.applied-caas-gateway1.internal.api.openai.org/artifactory/api/npm/npm-public/react/-/react-19.2.6.tgz attempt 3 failed with 503
3540 http fetch GET 503 https://packages.applied-caas-gateway1.internal.api.openai.org/artifactory/api/npm/npm-public/react/-/react-19.2.6.tgz 70552ms attempt #3 (cache skip)
3541 http fetch GET https://packages.applied-caas-gateway1.internal.api.openai.org/artifactory/api/npm/npm-public/react-dom/-/react-dom-19.2.6.tgz attempt 3 failed with 503
3542 http fetch GET 503 https://packages.applied-caas-gateway1.internal.api.openai.org/artifactory/api/npm/npm-public/react-dom/-/react-dom-19.2.6.tgz 70554ms attempt #3 (cache skip)
3543 http fetch GET https://packages.applied-caas-gateway1.internal.api.openai.org/artifactory/api/npm/npm-public/resolve-from/-/resolve-from-4.0.0.tgz attempt 3 failed with 503
3544 http fetch GET 503 https://packages.applied-caas-gateway1.internal.api.openai.org/artifactory/api/npm/npm-public/resolve-from/-/resolve-from-4.0.0.tgz 70556ms attempt #3 (cache skip)
3545 http fetch GET https://packages.applied-caas-gateway1.internal.api.openai.org/artifactory/api/npm/npm-public/regexp.prototype.flags/-/regexp.prototype.flags-1.5.4.tgz attempt 3 failed with 503
3546 http fetch GET 503 https://packages.applied-caas-gateway1.internal.api.openai.org/artifactory/api/npm/npm-public/regexp.prototype.flags/-/regexp.prototype.flags-1.5.4.tgz 70556ms attempt #3 (cache skip)
3547 http fetch GET https://packages.applied-caas-gateway1.internal.api.openai.org/artifactory/api/npm/npm-public/resolve/-/resolve-2.0.0-next.7.tgz attempt 3 failed with 503
3548 http fetch GET 503 https://packages.applied-caas-gateway1.internal.api.openai.org/artifactory/api/npm/npm-public/resolve/-/resolve-2.0.0-next.7.tgz 70556ms attempt #3 (cache skip)
3549 http fetch GET https://packages.applied-caas-gateway1.internal.api.openai.org/artifactory/api/npm/npm-public/rolldown/-/rolldown-1.0.1.tgz attempt 3 failed with 503
3550 http fetch GET 503 https://packages.applied-caas-gateway1.internal.api.openai.org/artifactory/api/npm/npm-public/rolldown/-/rolldown-1.0.1.tgz 70559ms attempt #3 (cache skip)
3551 http fetch GET https://packages.applied-caas-gateway1.internal.api.openai.org/artifactory/api/npm/npm-public/react-server-dom-webpack/-/react-server-dom-webpack-19.2.6.tgz attempt 3 failed with 503
3552 http fetch GET 503 https://packages.applied-caas-gateway1.internal.api.openai.org/artifactory/api/npm/npm-public/react-server-dom-webpack/-/react-server-dom-webpack-19.2.6.tgz 70558ms attempt #3 (cache skip)
3553 http fetch GET https://packages.applied-caas-gateway1.internal.api.openai.org/artifactory/api/npm/npm-public/require-from-string/-/require-from-string-2.0.2.tgz attempt 3 failed with 503
3554 http fetch GET 503 https://packages.applied-caas-gateway1.internal.api.openai.org/artifactory/api/npm/npm-public/require-from-string/-/require-from-string-2.0.2.tgz 70560ms attempt #3 (cache skip)
3555 http fetch GET https://packages.applied-caas-gateway1.internal.api.openai.org/artifactory/api/npm/npm-public/prelude-ls/-/prelude-ls-1.2.1.tgz attempt 3 failed with 503
3556 http fetch GET 503 https://packages.applied-caas-gateway1.internal.api.openai.org/artifactory/api/npm/npm-public/prelude-ls/-/prelude-ls-1.2.1.tgz 70558ms attempt #3 (cache skip)
3557 http fetch GET https://packages.applied-caas-gateway1.internal.api.openai.org/artifactory/api/npm/npm-public/postcss-value-parser/-/postcss-value-parser-4.2.0.tgz attempt 3 failed with 503
3558 http fetch GET 503 https://packages.applied-caas-gateway1.internal.api.openai.org/artifactory/api/npm/npm-public/postcss-value-parser/-/postcss-value-parser-4.2.0.tgz 70559ms attempt #3 (cache skip)
3559 http fetch GET https://packages.applied-caas-gateway1.internal.api.openai.org/artifactory/api/npm/npm-public/path-parse/-/path-parse-1.0.7.tgz attempt 3 failed with 503
3560 http fetch GET 503 https://packages.applied-caas-gateway1.internal.api.openai.org/artifactory/api/npm/npm-public/path-parse/-/path-parse-1.0.7.tgz 70557ms attempt #3 (cache skip)
3561 http fetch GET https://packages.applied-caas-gateway1.internal.api.openai.org/artifactory/api/npm/npm-public/picomatch/-/picomatch-2.3.2.tgz attempt 3 failed with 503
3562 http fetch GET 503 https://packages.applied-caas-gateway1.internal.api.openai.org/artifactory/api/npm/npm-public/picomatch/-/picomatch-2.3.2.tgz 70559ms attempt #3 (cache skip)
3563 http fetch GET https://packages.applied-caas-gateway1.internal.api.openai.org/artifactory/api/npm/npm-public/pathe/-/pathe-2.0.3.tgz attempt 3 failed with 503
3564 http fetch GET 503 https://packages.applied-caas-gateway1.internal.api.openai.org/artifactory/api/npm/npm-public/pathe/-/pathe-2.0.3.tgz 70558ms attempt #3 (cache skip)
3565 http fetch GET https://packages.applied-caas-gateway1.internal.api.openai.org/artifactory/api/npm/npm-public/possible-typed-array-names/-/possible-typed-array-names-1.1.0.tgz attempt 3 failed with 503
3566 http fetch GET 503 https://packages.applied-caas-gateway1.internal.api.openai.org/artifactory/api/npm/npm-public/possible-typed-array-names/-/possible-typed-array-names-1.1.0.tgz 70560ms attempt #3 (cache skip)
3567 http fetch GET https://packages.applied-caas-gateway1.internal.api.openai.org/artifactory/api/npm/npm-public/prop-types/-/prop-types-15.8.1.tgz attempt 3 failed with 503
3568 http fetch GET 503 https://packages.applied-caas-gateway1.internal.api.openai.org/artifactory/api/npm/npm-public/prop-types/-/prop-types-15.8.1.tgz 70561ms attempt #3 (cache skip)
3569 http fetch GET https://packages.applied-caas-gateway1.internal.api.openai.org/artifactory/api/npm/npm-public/path-to-regexp/-/path-to-regexp-6.3.0.tgz attempt 3 failed with 503
3570 http fetch GET 503 https://packages.applied-caas-gateway1.internal.api.openai.org/artifactory/api/npm/npm-public/path-to-regexp/-/path-to-regexp-6.3.0.tgz 70563ms attempt #3 (cache skip)
3571 http fetch GET https://packages.applied-caas-gateway1.internal.api.openai.org/artifactory/api/npm/npm-public/queue-microtask/-/queue-microtask-1.2.3.tgz attempt 3 failed with 503
3572 http fetch GET 503 https://packages.applied-caas-gateway1.internal.api.openai.org/artifactory/api/npm/npm-public/queue-microtask/-/queue-microtask-1.2.3.tgz 70566ms attempt #3 (cache skip)
3573 http fetch GET https://packages.applied-caas-gateway1.internal.api.openai.org/artifactory/api/npm/npm-public/punycode/-/punycode-2.3.1.tgz attempt 3 failed with 503
3574 http fetch GET 503 https://packages.applied-caas-gateway1.internal.api.openai.org/artifactory/api/npm/npm-public/punycode/-/punycode-2.3.1.tgz 70567ms attempt #3 (cache skip)
3575 http fetch GET https://packages.applied-caas-gateway1.internal.api.openai.org/artifactory/api/npm/npm-public/pako/-/pako-0.2.9.tgz attempt 3 failed with 503
3576 http fetch GET 503 https://packages.applied-caas-gateway1.internal.api.openai.org/artifactory/api/npm/npm-public/pako/-/pako-0.2.9.tgz 70562ms attempt #3 (cache skip)
3577 http fetch GET https://packages.applied-caas-gateway1.internal.api.openai.org/artifactory/api/npm/npm-public/postcss/-/postcss-8.5.14.tgz attempt 3 failed with 503
3578 http fetch GET 503 https://packages.applied-caas-gateway1.internal.api.openai.org/artifactory/api/npm/npm-public/postcss/-/postcss-8.5.14.tgz 70566ms attempt #3 (cache skip)
3579 http fetch GET https://packages.applied-caas-gateway1.internal.api.openai.org/artifactory/api/npm/npm-public/picocolors/-/picocolors-1.1.1.tgz attempt 3 failed with 503
3580 http fetch GET 503 https://packages.applied-caas-gateway1.internal.api.openai.org/artifactory/api/npm/npm-public/picocolors/-/picocolors-1.1.1.tgz 70565ms attempt #3 (cache skip)
3581 http fetch GET https://packages.applied-caas-gateway1.internal.api.openai.org/artifactory/api/npm/npm-public/path-exists/-/path-exists-4.0.0.tgz attempt 3 failed with 503
3582 http fetch GET 503 https://packages.applied-caas-gateway1.internal.api.openai.org/artifactory/api/npm/npm-public/path-exists/-/path-exists-4.0.0.tgz 70565ms attempt #3 (cache skip)
3583 http fetch GET https://packages.applied-caas-gateway1.internal.api.openai.org/artifactory/api/npm/npm-public/parse-css-color/-/parse-css-color-0.2.1.tgz attempt 3 failed with 503
3584 http fetch GET 503 https://packages.applied-caas-gateway1.internal.api.openai.org/artifactory/api/npm/npm-public/parse-css-color/-/parse-css-color-0.2.1.tgz 70566ms attempt #3 (cache skip)
3585 http fetch GET https://packages.applied-caas-gateway1.internal.api.openai.org/artifactory/api/npm/npm-public/optionator/-/optionator-0.9.4.tgz attempt 3 failed with 503
3586 http fetch GET 503 https://packages.applied-caas-gateway1.internal.api.openai.org/artifactory/api/npm/npm-public/optionator/-/optionator-0.9.4.tgz 70556ms attempt #3 (cache skip)
3587 http fetch GET https://packages.applied-caas-gateway1.internal.api.openai.org/artifactory/api/npm/npm-public/path-key/-/path-key-3.1.1.tgz attempt 3 failed with 503
3588 http fetch GET 503 https://packages.applied-caas-gateway1.internal.api.openai.org/artifactory/api/npm/npm-public/path-key/-/path-key-3.1.1.tgz 70567ms attempt #3 (cache skip)
3589 http fetch GET https://packages.applied-caas-gateway1.internal.api.openai.org/artifactory/api/npm/npm-public/object.fromentries/-/object.fromentries-2.0.8.tgz attempt 3 failed with 503
3590 http fetch GET 503 https://packages.applied-caas-gateway1.internal.api.openai.org/artifactory/api/npm/npm-public/object.fromentries/-/object.fromentries-2.0.8.tgz 70557ms attempt #3 (cache skip)
3591 http fetch GET https://packages.applied-caas-gateway1.internal.api.openai.org/artifactory/api/npm/npm-public/parent-module/-/parent-module-1.0.1.tgz attempt 3 failed with 503
3592 http fetch GET 503 https://packages.applied-caas-gateway1.internal.api.openai.org/artifactory/api/npm/npm-public/parent-module/-/parent-module-1.0.1.tgz 70568ms attempt #3 (cache skip)
3593 http fetch GET https://packages.applied-caas-gateway1.internal.api.openai.org/artifactory/api/npm/npm-public/object.groupby/-/object.groupby-1.0.3.tgz attempt 3 failed with 503
3594 http fetch GET 503 https://packages.applied-caas-gateway1.internal.api.openai.org/artifactory/api/npm/npm-public/object.groupby/-/object.groupby-1.0.3.tgz 70558ms attempt #3 (cache skip)
3595 http fetch GET https://packages.applied-caas-gateway1.internal.api.openai.org/artifactory/api/npm/npm-public/own-keys/-/own-keys-1.0.1.tgz attempt 3 failed with 503
3596 http fetch GET 503 https://packages.applied-caas-gateway1.internal.api.openai.org/artifactory/api/npm/npm-public/own-keys/-/own-keys-1.0.1.tgz 70568ms attempt #3 (cache skip)
3597 http fetch GET https://packages.applied-caas-gateway1.internal.api.openai.org/artifactory/api/npm/npm-public/object.values/-/object.values-1.2.1.tgz attempt 3 failed with 503
3598 http fetch GET 503 https://packages.applied-caas-gateway1.internal.api.openai.org/artifactory/api/npm/npm-public/object.values/-/object.values-1.2.1.tgz 70561ms attempt #3 (cache skip)
3599 http fetch GET https://packages.applied-caas-gateway1.internal.api.openai.org/artifactory/api/npm/npm-public/object.entries/-/object.entries-1.1.9.tgz attempt 3 failed with 503
3600 http fetch GET 503 https://packages.applied-caas-gateway1.internal.api.openai.org/artifactory/api/npm/npm-public/object.entries/-/object.entries-1.1.9.tgz 70563ms attempt #3 (cache skip)
3601 http fetch GET https://packages.applied-caas-gateway1.internal.api.openai.org/artifactory/api/npm/npm-public/p-locate/-/p-locate-5.0.0.tgz attempt 3 failed with 503
3602 http fetch GET 503 https://packages.applied-caas-gateway1.internal.api.openai.org/artifactory/api/npm/npm-public/p-locate/-/p-locate-5.0.0.tgz 70573ms attempt #3 (cache skip)
3603 http fetch GET https://packages.applied-caas-gateway1.internal.api.openai.org/artifactory/api/npm/npm-public/object-keys/-/object-keys-1.1.1.tgz attempt 3 failed with 503
3604 http fetch GET 503 https://packages.applied-caas-gateway1.internal.api.openai.org/artifactory/api/npm/npm-public/object-keys/-/object-keys-1.1.1.tgz 70563ms attempt #3 (cache skip)
3605 http fetch GET https://packages.applied-caas-gateway1.internal.api.openai.org/artifactory/api/npm/npm-public/object-assign/-/object-assign-4.1.1.tgz attempt 3 failed with 503
3606 http fetch GET 503 https://packages.applied-caas-gateway1.internal.api.openai.org/artifactory/api/npm/npm-public/object-assign/-/object-assign-4.1.1.tgz 70562ms attempt #3 (cache skip)
3607 http fetch GET https://packages.applied-caas-gateway1.internal.api.openai.org/artifactory/api/npm/npm-public/object-inspect/-/object-inspect-1.13.4.tgz attempt 3 failed with 503
3608 http fetch GET 503 https://packages.applied-caas-gateway1.internal.api.openai.org/artifactory/api/npm/npm-public/object-inspect/-/object-inspect-1.13.4.tgz 70561ms attempt #3 (cache skip)
3609 http fetch GET https://packages.applied-caas-gateway1.internal.api.openai.org/artifactory/api/npm/npm-public/node-exports-info/-/node-exports-info-1.6.0.tgz attempt 3 failed with 503
3610 http fetch GET 503 https://packages.applied-caas-gateway1.internal.api.openai.org/artifactory/api/npm/npm-public/node-exports-info/-/node-exports-info-1.6.0.tgz 70564ms attempt #3 (cache skip)
3611 http fetch GET https://packages.applied-caas-gateway1.internal.api.openai.org/artifactory/api/npm/npm-public/p-limit/-/p-limit-3.1.0.tgz attempt 3 failed with 503
3612 http fetch GET 503 https://packages.applied-caas-gateway1.internal.api.openai.org/artifactory/api/npm/npm-public/p-limit/-/p-limit-3.1.0.tgz 70575ms attempt #3 (cache skip)
3613 http fetch GET https://packages.applied-caas-gateway1.internal.api.openai.org/artifactory/api/npm/npm-public/object.assign/-/object.assign-4.1.7.tgz attempt 3 failed with 503
3614 http fetch GET 503 https://packages.applied-caas-gateway1.internal.api.openai.org/artifactory/api/npm/npm-public/object.assign/-/object.assign-4.1.7.tgz 70566ms attempt #3 (cache skip)
3615 http fetch GET https://packages.applied-caas-gateway1.internal.api.openai.org/artifactory/api/npm/npm-public/node-releases/-/node-releases-2.0.44.tgz attempt 3 failed with 503
3616 http fetch GET 503 https://packages.applied-caas-gateway1.internal.api.openai.org/artifactory/api/npm/npm-public/node-releases/-/node-releases-2.0.44.tgz 70564ms attempt #3 (cache skip)
3617 http fetch GET https://packages.applied-caas-gateway1.internal.api.openai.org/artifactory/api/npm/npm-public/natural-compare/-/natural-compare-1.4.0.tgz attempt 3 failed with 503
3618 http fetch GET 503 https://packages.applied-caas-gateway1.internal.api.openai.org/artifactory/api/npm/npm-public/natural-compare/-/natural-compare-1.4.0.tgz 70564ms attempt #3 (cache skip)
3619 http fetch GET https://packages.applied-caas-gateway1.internal.api.openai.org/artifactory/api/npm/npm-public/neo-async/-/neo-async-2.6.2.tgz attempt 3 failed with 503
3620 http fetch GET 503 https://packages.applied-caas-gateway1.internal.api.openai.org/artifactory/api/npm/npm-public/neo-async/-/neo-async-2.6.2.tgz 70566ms attempt #3 (cache skip)
3621 http fetch GET https://packages.applied-caas-gateway1.internal.api.openai.org/artifactory/api/npm/npm-public/micromatch/-/micromatch-4.0.8.tgz attempt 3 failed with 503
3622 http fetch GET 503 https://packages.applied-caas-gateway1.internal.api.openai.org/artifactory/api/npm/npm-public/micromatch/-/micromatch-4.0.8.tgz 70565ms attempt #3 (cache skip)
3623 http fetch GET https://packages.applied-caas-gateway1.internal.api.openai.org/artifactory/api/npm/npm-public/ms/-/ms-2.1.3.tgz attempt 3 failed with 503
3624 http fetch GET 503 https://packages.applied-caas-gateway1.internal.api.openai.org/artifactory/api/npm/npm-public/ms/-/ms-2.1.3.tgz 70569ms attempt #3 (cache skip)
3625 http fetch GET https://packages.applied-caas-gateway1.internal.api.openai.org/artifactory/api/npm/npm-public/next/-/next-16.2.6.tgz attempt 3 failed with 503
3626 http fetch GET 503 https://packages.applied-caas-gateway1.internal.api.openai.org/artifactory/api/npm/npm-public/next/-/next-16.2.6.tgz 70571ms attempt #3 (cache skip)
3627 http fetch GET https://packages.applied-caas-gateway1.internal.api.openai.org/artifactory/api/npm/npm-public/lodash.merge/-/lodash.merge-4.6.2.tgz attempt 3 failed with 503
3628 http fetch GET 503 https://packages.applied-caas-gateway1.internal.api.openai.org/artifactory/api/npm/npm-public/lodash.merge/-/lodash.merge-4.6.2.tgz 70566ms attempt #3 (cache skip)
3629 http fetch GET https://packages.applied-caas-gateway1.internal.api.openai.org/artifactory/api/npm/npm-public/nanoid/-/nanoid-3.3.12.tgz attempt 3 failed with 503
3630 http fetch GET 503 https://packages.applied-caas-gateway1.internal.api.openai.org/artifactory/api/npm/npm-public/nanoid/-/nanoid-3.3.12.tgz 70570ms attempt #3 (cache skip)
3631 http fetch GET https://packages.applied-caas-gateway1.internal.api.openai.org/artifactory/api/npm/npm-public/loader-runner/-/loader-runner-4.3.2.tgz attempt 3 failed with 503
3632 http fetch GET 503 https://packages.applied-caas-gateway1.internal.api.openai.org/artifactory/api/npm/npm-public/loader-runner/-/loader-runner-4.3.2.tgz 70566ms attempt #3 (cache skip)
3633 http fetch GET https://packages.applied-caas-gateway1.internal.api.openai.org/artifactory/api/npm/npm-public/minimatch/-/minimatch-3.1.5.tgz attempt 3 failed with 503
3634 http fetch GET 503 https://packages.applied-caas-gateway1.internal.api.openai.org/artifactory/api/npm/npm-public/minimatch/-/minimatch-3.1.5.tgz 70570ms attempt #3 (cache skip)
3635 http fetch GET https://packages.applied-caas-gateway1.internal.api.openai.org/artifactory/api/npm/npm-public/minimist/-/minimist-1.2.8.tgz attempt 3 failed with 503
3636 http fetch GET 503 https://packages.applied-caas-gateway1.internal.api.openai.org/artifactory/api/npm/npm-public/minimist/-/minimist-1.2.8.tgz 70571ms attempt #3 (cache skip)
3637 http fetch GET https://packages.applied-caas-gateway1.internal.api.openai.org/artifactory/api/npm/npm-public/mime-db/-/mime-db-1.54.0.tgz attempt 3 failed with 503
3638 http fetch GET 503 https://packages.applied-caas-gateway1.internal.api.openai.org/artifactory/api/npm/npm-public/mime-db/-/mime-db-1.54.0.tgz 70570ms attempt #3 (cache skip)
3639 http fetch GET https://packages.applied-caas-gateway1.internal.api.openai.org/artifactory/api/npm/npm-public/napi-postinstall/-/napi-postinstall-0.3.4.tgz attempt 3 failed with 503
3640 http fetch GET 503 https://packages.applied-caas-gateway1.internal.api.openai.org/artifactory/api/npm/npm-public/napi-postinstall/-/napi-postinstall-0.3.4.tgz 70573ms attempt #3 (cache skip)
3641 http fetch GET https://packages.applied-caas-gateway1.internal.api.openai.org/artifactory/api/npm/npm-public/math-intrinsics/-/math-intrinsics-1.1.0.tgz attempt 3 failed with 503
3642 http fetch GET 503 https://packages.applied-caas-gateway1.internal.api.openai.org/artifactory/api/npm/npm-public/math-intrinsics/-/math-intrinsics-1.1.0.tgz 70573ms attempt #3 (cache skip)
3643 http fetch GET https://packages.applied-caas-gateway1.internal.api.openai.org/artifactory/api/npm/npm-public/miniflare/-/miniflare-4.20260515.0.tgz attempt 3 failed with 503
3644 http fetch GET 503 https://packages.applied-caas-gateway1.internal.api.openai.org/artifactory/api/npm/npm-public/miniflare/-/miniflare-4.20260515.0.tgz 70574ms attempt #3 (cache skip)
3645 http fetch GET https://packages.applied-caas-gateway1.internal.api.openai.org/artifactory/api/npm/npm-public/merge2/-/merge2-1.4.1.tgz attempt 3 failed with 503
3646 http fetch GET 503 https://packages.applied-caas-gateway1.internal.api.openai.org/artifactory/api/npm/npm-public/merge2/-/merge2-1.4.1.tgz 70574ms attempt #3 (cache skip)
3647 http fetch GET https://packages.applied-caas-gateway1.internal.api.openai.org/artifactory/api/npm/npm-public/lru-cache/-/lru-cache-5.1.1.tgz attempt 3 failed with 503
3648 http fetch GET 503 https://packages.applied-caas-gateway1.internal.api.openai.org/artifactory/api/npm/npm-public/lru-cache/-/lru-cache-5.1.1.tgz 70574ms attempt #3 (cache skip)
3649 http fetch GET https://packages.applied-caas-gateway1.internal.api.openai.org/artifactory/api/npm/npm-public/locate-path/-/locate-path-6.0.0.tgz attempt 3 failed with 503
3650 http fetch GET 503 https://packages.applied-caas-gateway1.internal.api.openai.org/artifactory/api/npm/npm-public/locate-path/-/locate-path-6.0.0.tgz 70574ms attempt #3 (cache skip)
3651 http fetch GET https://packages.applied-caas-gateway1.internal.api.openai.org/artifactory/api/npm/npm-public/magic-string/-/magic-string-0.30.21.tgz attempt 3 failed with 503
3652 http fetch GET 503 https://packages.applied-caas-gateway1.internal.api.openai.org/artifactory/api/npm/npm-public/magic-string/-/magic-string-0.30.21.tgz 70574ms attempt #3 (cache skip)
3653 http fetch GET https://packages.applied-caas-gateway1.internal.api.openai.org/artifactory/api/npm/npm-public/merge-stream/-/merge-stream-2.0.0.tgz attempt 3 failed with 503
3654 http fetch GET 503 https://packages.applied-caas-gateway1.internal.api.openai.org/artifactory/api/npm/npm-public/merge-stream/-/merge-stream-2.0.0.tgz 70576ms attempt #3 (cache skip)
3655 http fetch GET https://packages.applied-caas-gateway1.internal.api.openai.org/artifactory/api/npm/npm-public/loose-envify/-/loose-envify-1.4.0.tgz attempt 3 failed with 503
3656 http fetch GET 503 https://packages.applied-caas-gateway1.internal.api.openai.org/artifactory/api/npm/npm-public/loose-envify/-/loose-envify-1.4.0.tgz 70575ms attempt #3 (cache skip)
3657 http fetch GET https://packages.applied-caas-gateway1.internal.api.openai.org/artifactory/api/npm/npm-public/language-tags/-/language-tags-1.0.9.tgz attempt 3 failed with 503
3658 http fetch GET 503 https://packages.applied-caas-gateway1.internal.api.openai.org/artifactory/api/npm/npm-public/language-tags/-/language-tags-1.0.9.tgz 70576ms attempt #3 (cache skip)
3659 http fetch GET https://packages.applied-caas-gateway1.internal.api.openai.org/artifactory/api/npm/npm-public/lightningcss-linux-x64-gnu/-/lightningcss-linux-x64-gnu-1.31.1.tgz attempt 3 failed with 503
3660 http fetch GET 503 https://packages.applied-caas-gateway1.internal.api.openai.org/artifactory/api/npm/npm-public/lightningcss-linux-x64-gnu/-/lightningcss-linux-x64-gnu-1.31.1.tgz 70578ms attempt #3 (cache skip)
3661 verbose reify failed optional dependency /mnt/data/technologia_work/node_modules/lightningcss-linux-x64-gnu
3662 silly reify mark deleted [
3662 silly reify   '/mnt/data/technologia_work/node_modules/lightningcss-linux-x64-gnu'
3662 silly reify ]
3663 http fetch GET https://packages.applied-caas-gateway1.internal.api.openai.org/artifactory/api/npm/npm-public/linebreak/-/linebreak-1.1.0.tgz attempt 3 failed with 503
3664 http fetch GET 503 https://packages.applied-caas-gateway1.internal.api.openai.org/artifactory/api/npm/npm-public/linebreak/-/linebreak-1.1.0.tgz 70579ms attempt #3 (cache skip)
3665 http fetch GET https://packages.applied-caas-gateway1.internal.api.openai.org/artifactory/api/npm/npm-public/levn/-/levn-0.4.1.tgz attempt 3 failed with 503
3666 http fetch GET 503 https://packages.applied-caas-gateway1.internal.api.openai.org/artifactory/api/npm/npm-public/levn/-/levn-0.4.1.tgz 70579ms attempt #3 (cache skip)
3667 http fetch GET https://packages.applied-caas-gateway1.internal.api.openai.org/artifactory/api/npm/npm-public/lightningcss/-/lightningcss-1.31.1.tgz attempt 3 failed with 503
3668 http fetch GET 503 https://packages.applied-caas-gateway1.internal.api.openai.org/artifactory/api/npm/npm-public/lightningcss/-/lightningcss-1.31.1.tgz 70582ms attempt #3 (cache skip)
3669 http fetch GET https://packages.applied-caas-gateway1.internal.api.openai.org/artifactory/api/npm/npm-public/kleur/-/kleur-4.1.5.tgz attempt 3 failed with 503
3670 http fetch GET 503 https://packages.applied-caas-gateway1.internal.api.openai.org/artifactory/api/npm/npm-public/kleur/-/kleur-4.1.5.tgz 70581ms attempt #3 (cache skip)
3671 http fetch GET https://packages.applied-caas-gateway1.internal.api.openai.org/artifactory/api/npm/npm-public/language-subtag-registry/-/language-subtag-registry-0.3.23.tgz attempt 3 failed with 503
3672 http fetch GET 503 https://packages.applied-caas-gateway1.internal.api.openai.org/artifactory/api/npm/npm-public/language-subtag-registry/-/language-subtag-registry-0.3.23.tgz 70583ms attempt #3 (cache skip)
3673 http fetch GET https://packages.applied-caas-gateway1.internal.api.openai.org/artifactory/api/npm/npm-public/iterator.prototype/-/iterator.prototype-1.1.5.tgz attempt 3 failed with 503
3674 http fetch GET 503 https://packages.applied-caas-gateway1.internal.api.openai.org/artifactory/api/npm/npm-public/iterator.prototype/-/iterator.prototype-1.1.5.tgz 70580ms attempt #3 (cache skip)
3675 http fetch GET https://packages.applied-caas-gateway1.internal.api.openai.org/artifactory/api/npm/npm-public/keyv/-/keyv-4.5.4.tgz attempt 3 failed with 503
3676 http fetch GET 503 https://packages.applied-caas-gateway1.internal.api.openai.org/artifactory/api/npm/npm-public/keyv/-/keyv-4.5.4.tgz 70583ms attempt #3 (cache skip)
3677 http fetch GET https://packages.applied-caas-gateway1.internal.api.openai.org/artifactory/api/npm/npm-public/jsesc/-/jsesc-3.1.0.tgz attempt 3 failed with 503
3678 http fetch GET 503 https://packages.applied-caas-gateway1.internal.api.openai.org/artifactory/api/npm/npm-public/jsesc/-/jsesc-3.1.0.tgz 70582ms attempt #3 (cache skip)
3679 http fetch GET https://packages.applied-caas-gateway1.internal.api.openai.org/artifactory/api/npm/npm-public/js-tokens/-/js-tokens-4.0.0.tgz attempt 3 failed with 503
3680 http fetch GET 503 https://packages.applied-caas-gateway1.internal.api.openai.org/artifactory/api/npm/npm-public/js-tokens/-/js-tokens-4.0.0.tgz 70581ms attempt #3 (cache skip)
3681 http fetch GET https://packages.applied-caas-gateway1.internal.api.openai.org/artifactory/api/npm/npm-public/json5/-/json5-2.2.3.tgz attempt 3 failed with 503
3682 http fetch GET 503 https://packages.applied-caas-gateway1.internal.api.openai.org/artifactory/api/npm/npm-public/json5/-/json5-2.2.3.tgz 70584ms attempt #3 (cache skip)
3683 http fetch GET https://packages.applied-caas-gateway1.internal.api.openai.org/artifactory/api/npm/npm-public/json-stable-stringify-without-jsonify/-/json-stable-stringify-without-jsonify-1.0.1.tgz attempt 3 failed with 503
3684 http fetch GET 503 https://packages.applied-caas-gateway1.internal.api.openai.org/artifactory/api/npm/npm-public/json-stable-stringify-without-jsonify/-/json-stable-stringify-without-jsonify-1.0.1.tgz 70585ms attempt #3 (cache skip)
3685 http fetch GET https://packages.applied-caas-gateway1.internal.api.openai.org/artifactory/api/npm/npm-public/json-schema-traverse/-/json-schema-traverse-0.4.1.tgz attempt 3 failed with 503
3686 http fetch GET 503 https://packages.applied-caas-gateway1.internal.api.openai.org/artifactory/api/npm/npm-public/json-schema-traverse/-/json-schema-traverse-0.4.1.tgz 70584ms attempt #3 (cache skip)
3687 http fetch GET https://packages.applied-caas-gateway1.internal.api.openai.org/artifactory/api/npm/npm-public/json-buffer/-/json-buffer-3.0.1.tgz attempt 3 failed with 503
3688 http fetch GET 503 https://packages.applied-caas-gateway1.internal.api.openai.org/artifactory/api/npm/npm-public/json-buffer/-/json-buffer-3.0.1.tgz 70585ms attempt #3 (cache skip)
3689 http fetch GET https://packages.applied-caas-gateway1.internal.api.openai.org/artifactory/api/npm/npm-public/js-yaml/-/js-yaml-4.1.1.tgz attempt 3 failed with 503
3690 http fetch GET 503 https://packages.applied-caas-gateway1.internal.api.openai.org/artifactory/api/npm/npm-public/js-yaml/-/js-yaml-4.1.1.tgz 70585ms attempt #3 (cache skip)
3691 http fetch GET https://packages.applied-caas-gateway1.internal.api.openai.org/artifactory/api/npm/npm-public/jsx-ast-utils/-/jsx-ast-utils-3.3.5.tgz attempt 3 failed with 503
3692 http fetch GET 503 https://packages.applied-caas-gateway1.internal.api.openai.org/artifactory/api/npm/npm-public/jsx-ast-utils/-/jsx-ast-utils-3.3.5.tgz 70587ms attempt #3 (cache skip)
3693 http fetch GET https://packages.applied-caas-gateway1.internal.api.openai.org/artifactory/api/npm/npm-public/isexe/-/isexe-2.0.0.tgz attempt 3 failed with 503
3694 http fetch GET 503 https://packages.applied-caas-gateway1.internal.api.openai.org/artifactory/api/npm/npm-public/isexe/-/isexe-2.0.0.tgz 70585ms attempt #3 (cache skip)
3695 http fetch GET https://packages.applied-caas-gateway1.internal.api.openai.org/artifactory/api/npm/npm-public/isarray/-/isarray-2.0.5.tgz attempt 3 failed with 503
3696 http fetch GET 503 https://packages.applied-caas-gateway1.internal.api.openai.org/artifactory/api/npm/npm-public/isarray/-/isarray-2.0.5.tgz 70588ms attempt #3 (cache skip)
3697 http fetch GET https://packages.applied-caas-gateway1.internal.api.openai.org/artifactory/api/npm/npm-public/is-map/-/is-map-2.0.3.tgz attempt 3 failed with 503
3698 http fetch GET 503 https://packages.applied-caas-gateway1.internal.api.openai.org/artifactory/api/npm/npm-public/is-map/-/is-map-2.0.3.tgz 70584ms attempt #3 (cache skip)
3699 http fetch GET https://packages.applied-caas-gateway1.internal.api.openai.org/artifactory/api/npm/npm-public/is-weakmap/-/is-weakmap-2.0.2.tgz attempt 3 failed with 503
3700 http fetch GET 503 https://packages.applied-caas-gateway1.internal.api.openai.org/artifactory/api/npm/npm-public/is-weakmap/-/is-weakmap-2.0.2.tgz 70587ms attempt #3 (cache skip)
3701 http fetch GET https://packages.applied-caas-gateway1.internal.api.openai.org/artifactory/api/npm/npm-public/is-symbol/-/is-symbol-1.1.1.tgz attempt 3 failed with 503
3702 http fetch GET 503 https://packages.applied-caas-gateway1.internal.api.openai.org/artifactory/api/npm/npm-public/is-symbol/-/is-symbol-1.1.1.tgz 70588ms attempt #3 (cache skip)
3703 http fetch GET https://packages.applied-caas-gateway1.internal.api.openai.org/artifactory/api/npm/npm-public/is-weakref/-/is-weakref-1.1.1.tgz attempt 3 failed with 503
3704 http fetch GET 503 https://packages.applied-caas-gateway1.internal.api.openai.org/artifactory/api/npm/npm-public/is-weakref/-/is-weakref-1.1.1.tgz 70590ms attempt #3 (cache skip)
3705 http fetch GET https://packages.applied-caas-gateway1.internal.api.openai.org/artifactory/api/npm/npm-public/is-typed-array/-/is-typed-array-1.1.15.tgz attempt 3 failed with 503
3706 http fetch GET 503 https://packages.applied-caas-gateway1.internal.api.openai.org/artifactory/api/npm/npm-public/is-typed-array/-/is-typed-array-1.1.15.tgz 70590ms attempt #3 (cache skip)
3707 http fetch GET https://packages.applied-caas-gateway1.internal.api.openai.org/artifactory/api/npm/npm-public/jest-worker/-/jest-worker-27.5.1.tgz attempt 3 failed with 503
3708 http fetch GET 503 https://packages.applied-caas-gateway1.internal.api.openai.org/artifactory/api/npm/npm-public/jest-worker/-/jest-worker-27.5.1.tgz 70592ms attempt #3 (cache skip)
3709 http fetch GET https://packages.applied-caas-gateway1.internal.api.openai.org/artifactory/api/npm/npm-public/jiti/-/jiti-2.7.0.tgz attempt 3 failed with 503
3710 http fetch GET 503 https://packages.applied-caas-gateway1.internal.api.openai.org/artifactory/api/npm/npm-public/jiti/-/jiti-2.7.0.tgz 70593ms attempt #3 (cache skip)
3711 http fetch GET https://packages.applied-caas-gateway1.internal.api.openai.org/artifactory/api/npm/npm-public/is-weakset/-/is-weakset-2.0.4.tgz attempt 3 failed with 503
3712 http fetch GET 503 https://packages.applied-caas-gateway1.internal.api.openai.org/artifactory/api/npm/npm-public/is-weakset/-/is-weakset-2.0.4.tgz 70592ms attempt #3 (cache skip)
3713 http fetch GET https://packages.applied-caas-gateway1.internal.api.openai.org/artifactory/api/npm/npm-public/is-number-object/-/is-number-object-1.1.1.tgz attempt 3 failed with 503
3714 http fetch GET 503 https://packages.applied-caas-gateway1.internal.api.openai.org/artifactory/api/npm/npm-public/is-number-object/-/is-number-object-1.1.1.tgz 70592ms attempt #3 (cache skip)
3715 http fetch GET https://packages.applied-caas-gateway1.internal.api.openai.org/artifactory/api/npm/npm-public/is-number/-/is-number-7.0.0.tgz attempt 3 failed with 503
3716 http fetch GET 503 https://packages.applied-caas-gateway1.internal.api.openai.org/artifactory/api/npm/npm-public/is-number/-/is-number-7.0.0.tgz 70592ms attempt #3 (cache skip)
3717 http fetch GET https://packages.applied-caas-gateway1.internal.api.openai.org/artifactory/api/npm/npm-public/is-string/-/is-string-1.1.1.tgz attempt 3 failed with 503
3718 http fetch GET 503 https://packages.applied-caas-gateway1.internal.api.openai.org/artifactory/api/npm/npm-public/is-string/-/is-string-1.1.1.tgz 70594ms attempt #3 (cache skip)
3719 http fetch GET https://packages.applied-caas-gateway1.internal.api.openai.org/artifactory/api/npm/npm-public/is-generator-function/-/is-generator-function-1.1.2.tgz attempt 3 failed with 503
3720 http fetch GET 503 https://packages.applied-caas-gateway1.internal.api.openai.org/artifactory/api/npm/npm-public/is-generator-function/-/is-generator-function-1.1.2.tgz 70591ms attempt #3 (cache skip)
3721 http fetch GET https://packages.applied-caas-gateway1.internal.api.openai.org/artifactory/api/npm/npm-public/is-finalizationregistry/-/is-finalizationregistry-1.1.1.tgz attempt 3 failed with 503
3722 http fetch GET 503 https://packages.applied-caas-gateway1.internal.api.openai.org/artifactory/api/npm/npm-public/is-finalizationregistry/-/is-finalizationregistry-1.1.1.tgz 70592ms attempt #3 (cache skip)
3723 http fetch GET https://packages.applied-caas-gateway1.internal.api.openai.org/artifactory/api/npm/npm-public/is-callable/-/is-callable-1.2.7.tgz attempt 3 failed with 503
3724 http fetch GET 503 https://packages.applied-caas-gateway1.internal.api.openai.org/artifactory/api/npm/npm-public/is-callable/-/is-callable-1.2.7.tgz 70590ms attempt #3 (cache skip)
3725 http fetch GET https://packages.applied-caas-gateway1.internal.api.openai.org/artifactory/api/npm/npm-public/is-regex/-/is-regex-1.2.1.tgz attempt 3 failed with 503
3726 http fetch GET 503 https://packages.applied-caas-gateway1.internal.api.openai.org/artifactory/api/npm/npm-public/is-regex/-/is-regex-1.2.1.tgz 70596ms attempt #3 (cache skip)
3727 http fetch GET https://packages.applied-caas-gateway1.internal.api.openai.org/artifactory/api/npm/npm-public/is-set/-/is-set-2.0.3.tgz attempt 3 failed with 503
3728 http fetch GET 503 https://packages.applied-caas-gateway1.internal.api.openai.org/artifactory/api/npm/npm-public/is-set/-/is-set-2.0.3.tgz 70596ms attempt #3 (cache skip)
3729 http fetch GET https://packages.applied-caas-gateway1.internal.api.openai.org/artifactory/api/npm/npm-public/is-shared-array-buffer/-/is-shared-array-buffer-1.0.4.tgz attempt 3 failed with 503
3730 http fetch GET 503 https://packages.applied-caas-gateway1.internal.api.openai.org/artifactory/api/npm/npm-public/is-shared-array-buffer/-/is-shared-array-buffer-1.0.4.tgz 70597ms attempt #3 (cache skip)
3731 http fetch GET https://packages.applied-caas-gateway1.internal.api.openai.org/artifactory/api/npm/npm-public/is-glob/-/is-glob-4.0.3.tgz attempt 3 failed with 503
3732 http fetch GET 503 https://packages.applied-caas-gateway1.internal.api.openai.org/artifactory/api/npm/npm-public/is-glob/-/is-glob-4.0.3.tgz 70597ms attempt #3 (cache skip)
3733 http fetch GET https://packages.applied-caas-gateway1.internal.api.openai.org/artifactory/api/npm/npm-public/is-extglob/-/is-extglob-2.1.1.tgz attempt 3 failed with 503
3734 http fetch GET 503 https://packages.applied-caas-gateway1.internal.api.openai.org/artifactory/api/npm/npm-public/is-extglob/-/is-extglob-2.1.1.tgz 70597ms attempt #3 (cache skip)
3735 http fetch GET https://packages.applied-caas-gateway1.internal.api.openai.org/artifactory/api/npm/npm-public/is-negative-zero/-/is-negative-zero-2.0.3.tgz attempt 3 failed with 503
3736 http fetch GET 503 https://packages.applied-caas-gateway1.internal.api.openai.org/artifactory/api/npm/npm-public/is-negative-zero/-/is-negative-zero-2.0.3.tgz 70599ms attempt #3 (cache skip)
3737 http fetch GET https://packages.applied-caas-gateway1.internal.api.openai.org/artifactory/api/npm/npm-public/is-bun-module/-/is-bun-module-2.0.0.tgz attempt 3 failed with 503
3738 http fetch GET 503 https://packages.applied-caas-gateway1.internal.api.openai.org/artifactory/api/npm/npm-public/is-bun-module/-/is-bun-module-2.0.0.tgz 70597ms attempt #3 (cache skip)
3739 http fetch GET https://packages.applied-caas-gateway1.internal.api.openai.org/artifactory/api/npm/npm-public/is-async-function/-/is-async-function-2.1.1.tgz attempt 3 failed with 503
3740 http fetch GET 503 https://packages.applied-caas-gateway1.internal.api.openai.org/artifactory/api/npm/npm-public/is-async-function/-/is-async-function-2.1.1.tgz 70598ms attempt #3 (cache skip)
3741 http fetch GET https://packages.applied-caas-gateway1.internal.api.openai.org/artifactory/api/npm/npm-public/is-boolean-object/-/is-boolean-object-1.2.2.tgz attempt 3 failed with 503
3742 http fetch GET 503 https://packages.applied-caas-gateway1.internal.api.openai.org/artifactory/api/npm/npm-public/is-boolean-object/-/is-boolean-object-1.2.2.tgz 70600ms attempt #3 (cache skip)
3743 http fetch GET https://packages.applied-caas-gateway1.internal.api.openai.org/artifactory/api/npm/npm-public/is-data-view/-/is-data-view-1.0.2.tgz attempt 3 failed with 503
3744 http fetch GET 503 https://packages.applied-caas-gateway1.internal.api.openai.org/artifactory/api/npm/npm-public/is-data-view/-/is-data-view-1.0.2.tgz 70601ms attempt #3 (cache skip)
3745 http fetch GET https://packages.applied-caas-gateway1.internal.api.openai.org/artifactory/api/npm/npm-public/is-core-module/-/is-core-module-2.16.2.tgz attempt 3 failed with 503
3746 http fetch GET 503 https://packages.applied-caas-gateway1.internal.api.openai.org/artifactory/api/npm/npm-public/is-core-module/-/is-core-module-2.16.2.tgz 70601ms attempt #3 (cache skip)
3747 http fetch GET https://packages.applied-caas-gateway1.internal.api.openai.org/artifactory/api/npm/npm-public/hex-rgb/-/hex-rgb-4.3.0.tgz attempt 3 failed with 503
3748 http fetch GET 503 https://packages.applied-caas-gateway1.internal.api.openai.org/artifactory/api/npm/npm-public/hex-rgb/-/hex-rgb-4.3.0.tgz 70598ms attempt #3 (cache skip)
3749 http fetch GET https://packages.applied-caas-gateway1.internal.api.openai.org/artifactory/api/npm/npm-public/is-array-buffer/-/is-array-buffer-3.0.5.tgz attempt 3 failed with 503
3750 http fetch GET 503 https://packages.applied-caas-gateway1.internal.api.openai.org/artifactory/api/npm/npm-public/is-array-buffer/-/is-array-buffer-3.0.5.tgz 70600ms attempt #3 (cache skip)
3751 http fetch GET https://packages.applied-caas-gateway1.internal.api.openai.org/artifactory/api/npm/npm-public/is-bigint/-/is-bigint-1.1.0.tgz attempt 3 failed with 503
3752 http fetch GET 503 https://packages.applied-caas-gateway1.internal.api.openai.org/artifactory/api/npm/npm-public/is-bigint/-/is-bigint-1.1.0.tgz 70601ms attempt #3 (cache skip)
3753 http fetch GET https://packages.applied-caas-gateway1.internal.api.openai.org/artifactory/api/npm/npm-public/imurmurhash/-/imurmurhash-0.1.4.tgz attempt 3 failed with 503
3754 http fetch GET 503 https://packages.applied-caas-gateway1.internal.api.openai.org/artifactory/api/npm/npm-public/imurmurhash/-/imurmurhash-0.1.4.tgz 70601ms attempt #3 (cache skip)
3755 http fetch GET https://packages.applied-caas-gateway1.internal.api.openai.org/artifactory/api/npm/npm-public/import-fresh/-/import-fresh-3.3.1.tgz attempt 3 failed with 503
3756 http fetch GET 503 https://packages.applied-caas-gateway1.internal.api.openai.org/artifactory/api/npm/npm-public/import-fresh/-/import-fresh-3.3.1.tgz 70602ms attempt #3 (cache skip)
3757 http fetch GET https://packages.applied-caas-gateway1.internal.api.openai.org/artifactory/api/npm/npm-public/has-tostringtag/-/has-tostringtag-1.0.2.tgz attempt 3 failed with 503
3758 http fetch GET 503 https://packages.applied-caas-gateway1.internal.api.openai.org/artifactory/api/npm/npm-public/has-tostringtag/-/has-tostringtag-1.0.2.tgz 70601ms attempt #3 (cache skip)
3759 http fetch GET https://packages.applied-caas-gateway1.internal.api.openai.org/artifactory/api/npm/npm-public/is-date-object/-/is-date-object-1.1.0.tgz attempt 3 failed with 503
3760 http fetch GET 503 https://packages.applied-caas-gateway1.internal.api.openai.org/artifactory/api/npm/npm-public/is-date-object/-/is-date-object-1.1.0.tgz 70607ms attempt #3 (cache skip)
3761 http fetch GET https://packages.applied-caas-gateway1.internal.api.openai.org/artifactory/api/npm/npm-public/has-symbols/-/has-symbols-1.1.0.tgz attempt 3 failed with 503
3762 http fetch GET 503 https://packages.applied-caas-gateway1.internal.api.openai.org/artifactory/api/npm/npm-public/has-symbols/-/has-symbols-1.1.0.tgz 70602ms attempt #3 (cache skip)
3763 http fetch GET https://packages.applied-caas-gateway1.internal.api.openai.org/artifactory/api/npm/npm-public/internal-slot/-/internal-slot-1.1.0.tgz attempt 3 failed with 503
3764 http fetch GET 503 https://packages.applied-caas-gateway1.internal.api.openai.org/artifactory/api/npm/npm-public/internal-slot/-/internal-slot-1.1.0.tgz 70606ms attempt #3 (cache skip)
3765 http fetch GET https://packages.applied-caas-gateway1.internal.api.openai.org/artifactory/api/npm/npm-public/ipaddr.js/-/ipaddr.js-2.4.0.tgz attempt 3 failed with 503
3766 http fetch GET 503 https://packages.applied-caas-gateway1.internal.api.openai.org/artifactory/api/npm/npm-public/ipaddr.js/-/ipaddr.js-2.4.0.tgz 70606ms attempt #3 (cache skip)
3767 http fetch GET https://packages.applied-caas-gateway1.internal.api.openai.org/artifactory/api/npm/npm-public/hermes-estree/-/hermes-estree-0.25.1.tgz attempt 3 failed with 503
3768 http fetch GET 503 https://packages.applied-caas-gateway1.internal.api.openai.org/artifactory/api/npm/npm-public/hermes-estree/-/hermes-estree-0.25.1.tgz 70604ms attempt #3 (cache skip)
3769 http fetch GET https://packages.applied-caas-gateway1.internal.api.openai.org/artifactory/api/npm/npm-public/image-size/-/image-size-2.0.2.tgz attempt 3 failed with 503
3770 http fetch GET 503 https://packages.applied-caas-gateway1.internal.api.openai.org/artifactory/api/npm/npm-public/image-size/-/image-size-2.0.2.tgz 70607ms attempt #3 (cache skip)
3771 http fetch GET https://packages.applied-caas-gateway1.internal.api.openai.org/artifactory/api/npm/npm-public/has-property-descriptors/-/has-property-descriptors-1.0.2.tgz attempt 3 failed with 503
3772 http fetch GET 503 https://packages.applied-caas-gateway1.internal.api.openai.org/artifactory/api/npm/npm-public/has-property-descriptors/-/has-property-descriptors-1.0.2.tgz 70604ms attempt #3 (cache skip)
3773 http fetch GET https://packages.applied-caas-gateway1.internal.api.openai.org/artifactory/api/npm/npm-public/hermes-parser/-/hermes-parser-0.25.1.tgz attempt 3 failed with 503
3774 http fetch GET 503 https://packages.applied-caas-gateway1.internal.api.openai.org/artifactory/api/npm/npm-public/hermes-parser/-/hermes-parser-0.25.1.tgz 70608ms attempt #3 (cache skip)
3775 http fetch GET https://packages.applied-caas-gateway1.internal.api.openai.org/artifactory/api/npm/npm-public/hasown/-/hasown-2.0.3.tgz attempt 3 failed with 503
3776 http fetch GET 503 https://packages.applied-caas-gateway1.internal.api.openai.org/artifactory/api/npm/npm-public/hasown/-/hasown-2.0.3.tgz 70608ms attempt #3 (cache skip)
3777 http fetch GET https://packages.applied-caas-gateway1.internal.api.openai.org/artifactory/api/npm/npm-public/gopd/-/gopd-1.2.0.tgz attempt 3 failed with 503
3778 http fetch GET 503 https://packages.applied-caas-gateway1.internal.api.openai.org/artifactory/api/npm/npm-public/gopd/-/gopd-1.2.0.tgz 70606ms attempt #3 (cache skip)
3779 http fetch GET https://packages.applied-caas-gateway1.internal.api.openai.org/artifactory/api/npm/npm-public/has-flag/-/has-flag-4.0.0.tgz attempt 3 failed with 503
3780 http fetch GET 503 https://packages.applied-caas-gateway1.internal.api.openai.org/artifactory/api/npm/npm-public/has-flag/-/has-flag-4.0.0.tgz 70609ms attempt #3 (cache skip)
3781 http fetch GET https://packages.applied-caas-gateway1.internal.api.openai.org/artifactory/api/npm/npm-public/ignore/-/ignore-5.3.2.tgz attempt 3 failed with 503
3782 http fetch GET 503 https://packages.applied-caas-gateway1.internal.api.openai.org/artifactory/api/npm/npm-public/ignore/-/ignore-5.3.2.tgz 70612ms attempt #3 (cache skip)
3783 http fetch GET https://packages.applied-caas-gateway1.internal.api.openai.org/artifactory/api/npm/npm-public/graceful-fs/-/graceful-fs-4.2.11.tgz attempt 3 failed with 503
3784 http fetch GET 503 https://packages.applied-caas-gateway1.internal.api.openai.org/artifactory/api/npm/npm-public/graceful-fs/-/graceful-fs-4.2.11.tgz 70610ms attempt #3 (cache skip)
3785 http fetch GET https://packages.applied-caas-gateway1.internal.api.openai.org/artifactory/api/npm/npm-public/globrex/-/globrex-0.1.2.tgz attempt 3 failed with 503
3786 http fetch GET 503 https://packages.applied-caas-gateway1.internal.api.openai.org/artifactory/api/npm/npm-public/globrex/-/globrex-0.1.2.tgz 70610ms attempt #3 (cache skip)
3787 http fetch GET https://packages.applied-caas-gateway1.internal.api.openai.org/artifactory/api/npm/npm-public/has-bigints/-/has-bigints-1.1.0.tgz attempt 3 failed with 503
3788 http fetch GET 503 https://packages.applied-caas-gateway1.internal.api.openai.org/artifactory/api/npm/npm-public/has-bigints/-/has-bigints-1.1.0.tgz 70611ms attempt #3 (cache skip)
3789 http fetch GET https://packages.applied-caas-gateway1.internal.api.openai.org/artifactory/api/npm/npm-public/glob-parent/-/glob-parent-6.0.2.tgz attempt 3 failed with 503
3790 http fetch GET 503 https://packages.applied-caas-gateway1.internal.api.openai.org/artifactory/api/npm/npm-public/glob-parent/-/glob-parent-6.0.2.tgz 70609ms attempt #3 (cache skip)
3791 http fetch GET https://packages.applied-caas-gateway1.internal.api.openai.org/artifactory/api/npm/npm-public/get-symbol-description/-/get-symbol-description-1.1.0.tgz attempt 3 failed with 503
3792 http fetch GET 503 https://packages.applied-caas-gateway1.internal.api.openai.org/artifactory/api/npm/npm-public/get-symbol-description/-/get-symbol-description-1.1.0.tgz 70610ms attempt #3 (cache skip)
3793 http fetch GET https://packages.applied-caas-gateway1.internal.api.openai.org/artifactory/api/npm/npm-public/globalthis/-/globalthis-1.0.4.tgz attempt 3 failed with 503
3794 http fetch GET 503 https://packages.applied-caas-gateway1.internal.api.openai.org/artifactory/api/npm/npm-public/globalthis/-/globalthis-1.0.4.tgz 70613ms attempt #3 (cache skip)
3795 http fetch GET https://packages.applied-caas-gateway1.internal.api.openai.org/artifactory/api/npm/npm-public/has-proto/-/has-proto-1.2.0.tgz attempt 3 failed with 503
3796 http fetch GET 503 https://packages.applied-caas-gateway1.internal.api.openai.org/artifactory/api/npm/npm-public/has-proto/-/has-proto-1.2.0.tgz 70614ms attempt #3 (cache skip)
3797 http fetch GET https://packages.applied-caas-gateway1.internal.api.openai.org/artifactory/api/npm/npm-public/glob-to-regexp/-/glob-to-regexp-0.4.1.tgz attempt 3 failed with 503
3798 http fetch GET 503 https://packages.applied-caas-gateway1.internal.api.openai.org/artifactory/api/npm/npm-public/glob-to-regexp/-/glob-to-regexp-0.4.1.tgz 70612ms attempt #3 (cache skip)
3799 http fetch GET https://packages.applied-caas-gateway1.internal.api.openai.org/artifactory/api/npm/npm-public/globals/-/globals-14.0.0.tgz attempt 3 failed with 503
3800 http fetch GET 503 https://packages.applied-caas-gateway1.internal.api.openai.org/artifactory/api/npm/npm-public/globals/-/globals-14.0.0.tgz 70613ms attempt #3 (cache skip)
3801 http fetch GET https://packages.applied-caas-gateway1.internal.api.openai.org/artifactory/api/npm/npm-public/for-each/-/for-each-0.3.5.tgz attempt 3 failed with 503
3802 http fetch GET 503 https://packages.applied-caas-gateway1.internal.api.openai.org/artifactory/api/npm/npm-public/for-each/-/for-each-0.3.5.tgz 70613ms attempt #3 (cache skip)
3803 http fetch GET https://packages.applied-caas-gateway1.internal.api.openai.org/artifactory/api/npm/npm-public/get-tsconfig/-/get-tsconfig-4.14.0.tgz attempt 3 failed with 503
3804 http fetch GET 503 https://packages.applied-caas-gateway1.internal.api.openai.org/artifactory/api/npm/npm-public/get-tsconfig/-/get-tsconfig-4.14.0.tgz 70617ms attempt #3 (cache skip)
3805 http fetch GET https://packages.applied-caas-gateway1.internal.api.openai.org/artifactory/api/npm/npm-public/get-intrinsic/-/get-intrinsic-1.3.0.tgz attempt 3 failed with 503
3806 http fetch GET 503 https://packages.applied-caas-gateway1.internal.api.openai.org/artifactory/api/npm/npm-public/get-intrinsic/-/get-intrinsic-1.3.0.tgz 70616ms attempt #3 (cache skip)
3807 http fetch GET https://packages.applied-caas-gateway1.internal.api.openai.org/artifactory/api/npm/npm-public/function.prototype.name/-/function.prototype.name-1.1.8.tgz attempt 3 failed with 503
3808 http fetch GET 503 https://packages.applied-caas-gateway1.internal.api.openai.org/artifactory/api/npm/npm-public/function.prototype.name/-/function.prototype.name-1.1.8.tgz 70616ms attempt #3 (cache skip)
3809 http fetch GET https://packages.applied-caas-gateway1.internal.api.openai.org/artifactory/api/npm/npm-public/function-bind/-/function-bind-1.1.2.tgz attempt 3 failed with 503
3810 http fetch GET 503 https://packages.applied-caas-gateway1.internal.api.openai.org/artifactory/api/npm/npm-public/function-bind/-/function-bind-1.1.2.tgz 70615ms attempt #3 (cache skip)
3811 http fetch GET https://packages.applied-caas-gateway1.internal.api.openai.org/artifactory/api/npm/npm-public/get-proto/-/get-proto-1.0.1.tgz attempt 3 failed with 503
3812 http fetch GET 503 https://packages.applied-caas-gateway1.internal.api.openai.org/artifactory/api/npm/npm-public/get-proto/-/get-proto-1.0.1.tgz 70619ms attempt #3 (cache skip)
3813 http fetch GET https://packages.applied-caas-gateway1.internal.api.openai.org/artifactory/api/npm/npm-public/flatted/-/flatted-3.4.2.tgz attempt 3 failed with 503
3814 http fetch GET 503 https://packages.applied-caas-gateway1.internal.api.openai.org/artifactory/api/npm/npm-public/flatted/-/flatted-3.4.2.tgz 70616ms attempt #3 (cache skip)
3815 http fetch GET https://packages.applied-caas-gateway1.internal.api.openai.org/artifactory/api/npm/npm-public/functions-have-names/-/functions-have-names-1.2.3.tgz attempt 3 failed with 503
3816 http fetch GET 503 https://packages.applied-caas-gateway1.internal.api.openai.org/artifactory/api/npm/npm-public/functions-have-names/-/functions-have-names-1.2.3.tgz 70618ms attempt #3 (cache skip)
3817 http fetch GET https://packages.applied-caas-gateway1.internal.api.openai.org/artifactory/api/npm/npm-public/find-up/-/find-up-5.0.0.tgz attempt 3 failed with 503
3818 http fetch GET 503 https://packages.applied-caas-gateway1.internal.api.openai.org/artifactory/api/npm/npm-public/find-up/-/find-up-5.0.0.tgz 70617ms attempt #3 (cache skip)
3819 http fetch GET https://packages.applied-caas-gateway1.internal.api.openai.org/artifactory/api/npm/npm-public/gensync/-/gensync-1.0.0-beta.2.tgz attempt 3 failed with 503
3820 http fetch GET 503 https://packages.applied-caas-gateway1.internal.api.openai.org/artifactory/api/npm/npm-public/gensync/-/gensync-1.0.0-beta.2.tgz 70621ms attempt #3 (cache skip)
3821 http fetch GET https://packages.applied-caas-gateway1.internal.api.openai.org/artifactory/api/npm/npm-public/fast-levenshtein/-/fast-levenshtein-2.0.6.tgz attempt 3 failed with 503
3822 http fetch GET 503 https://packages.applied-caas-gateway1.internal.api.openai.org/artifactory/api/npm/npm-public/fast-levenshtein/-/fast-levenshtein-2.0.6.tgz 70617ms attempt #3 (cache skip)
3823 http fetch GET https://packages.applied-caas-gateway1.internal.api.openai.org/artifactory/api/npm/npm-public/fill-range/-/fill-range-7.1.1.tgz attempt 3 failed with 503
3824 http fetch GET 503 https://packages.applied-caas-gateway1.internal.api.openai.org/artifactory/api/npm/npm-public/fill-range/-/fill-range-7.1.1.tgz 70619ms attempt #3 (cache skip)
3825 http fetch GET https://packages.applied-caas-gateway1.internal.api.openai.org/artifactory/api/npm/npm-public/fflate/-/fflate-0.7.4.tgz attempt 3 failed with 503
3826 http fetch GET 503 https://packages.applied-caas-gateway1.internal.api.openai.org/artifactory/api/npm/npm-public/fflate/-/fflate-0.7.4.tgz 70620ms attempt #3 (cache skip)
3827 http fetch GET https://packages.applied-caas-gateway1.internal.api.openai.org/artifactory/api/npm/npm-public/generator-function/-/generator-function-2.0.1.tgz attempt 3 failed with 503
3828 http fetch GET 503 https://packages.applied-caas-gateway1.internal.api.openai.org/artifactory/api/npm/npm-public/generator-function/-/generator-function-2.0.1.tgz 70622ms attempt #3 (cache skip)
3829 http fetch GET https://packages.applied-caas-gateway1.internal.api.openai.org/artifactory/api/npm/npm-public/esquery/-/esquery-1.7.0.tgz attempt 3 failed with 503
3830 http fetch GET 503 https://packages.applied-caas-gateway1.internal.api.openai.org/artifactory/api/npm/npm-public/esquery/-/esquery-1.7.0.tgz 70619ms attempt #3 (cache skip)
3831 http fetch GET https://packages.applied-caas-gateway1.internal.api.openai.org/artifactory/api/npm/npm-public/flat-cache/-/flat-cache-4.0.1.tgz attempt 3 failed with 503
3832 http fetch GET 503 https://packages.applied-caas-gateway1.internal.api.openai.org/artifactory/api/npm/npm-public/flat-cache/-/flat-cache-4.0.1.tgz 70623ms attempt #3 (cache skip)
3833 http fetch GET https://packages.applied-caas-gateway1.internal.api.openai.org/artifactory/api/npm/npm-public/fast-deep-equal/-/fast-deep-equal-3.1.3.tgz attempt 3 failed with 503
3834 http fetch GET 503 https://packages.applied-caas-gateway1.internal.api.openai.org/artifactory/api/npm/npm-public/fast-deep-equal/-/fast-deep-equal-3.1.3.tgz 70621ms attempt #3 (cache skip)
3835 http fetch GET https://packages.applied-caas-gateway1.internal.api.openai.org/artifactory/api/npm/npm-public/events/-/events-3.3.0.tgz attempt 3 failed with 503
3836 http fetch GET 503 https://packages.applied-caas-gateway1.internal.api.openai.org/artifactory/api/npm/npm-public/events/-/events-3.3.0.tgz 70621ms attempt #3 (cache skip)
3837 http fetch GET https://packages.applied-caas-gateway1.internal.api.openai.org/artifactory/api/npm/npm-public/fast-glob/-/fast-glob-3.3.1.tgz attempt 3 failed with 503
3838 http fetch GET 503 https://packages.applied-caas-gateway1.internal.api.openai.org/artifactory/api/npm/npm-public/fast-glob/-/fast-glob-3.3.1.tgz 70623ms attempt #3 (cache skip)
3839 http fetch GET https://packages.applied-caas-gateway1.internal.api.openai.org/artifactory/api/npm/npm-public/fast-json-stable-stringify/-/fast-json-stable-stringify-2.1.0.tgz attempt 3 failed with 503
3840 http fetch GET 503 https://packages.applied-caas-gateway1.internal.api.openai.org/artifactory/api/npm/npm-public/fast-json-stable-stringify/-/fast-json-stable-stringify-2.1.0.tgz 70623ms attempt #3 (cache skip)
3841 http fetch GET https://packages.applied-caas-gateway1.internal.api.openai.org/artifactory/api/npm/npm-public/fastq/-/fastq-1.20.1.tgz attempt 3 failed with 503
3842 http fetch GET 503 https://packages.applied-caas-gateway1.internal.api.openai.org/artifactory/api/npm/npm-public/fastq/-/fastq-1.20.1.tgz 70625ms attempt #3 (cache skip)
3843 http fetch GET https://packages.applied-caas-gateway1.internal.api.openai.org/artifactory/api/npm/npm-public/estraverse/-/estraverse-5.3.0.tgz attempt 3 failed with 503
3844 http fetch GET 503 https://packages.applied-caas-gateway1.internal.api.openai.org/artifactory/api/npm/npm-public/estraverse/-/estraverse-5.3.0.tgz 70623ms attempt #3 (cache skip)
3845 http fetch GET https://packages.applied-caas-gateway1.internal.api.openai.org/artifactory/api/npm/npm-public/fast-uri/-/fast-uri-3.1.2.tgz attempt 3 failed with 503
3846 http fetch GET 503 https://packages.applied-caas-gateway1.internal.api.openai.org/artifactory/api/npm/npm-public/fast-uri/-/fast-uri-3.1.2.tgz 70630ms attempt #3 (cache skip)
3847 http fetch GET https://packages.applied-caas-gateway1.internal.api.openai.org/artifactory/api/npm/npm-public/estree-walker/-/estree-walker-3.0.3.tgz attempt 3 failed with 503
3848 http fetch GET 503 https://packages.applied-caas-gateway1.internal.api.openai.org/artifactory/api/npm/npm-public/estree-walker/-/estree-walker-3.0.3.tgz 70627ms attempt #3 (cache skip)
3849 http fetch GET https://packages.applied-caas-gateway1.internal.api.openai.org/artifactory/api/npm/npm-public/espree/-/espree-10.4.0.tgz attempt 3 failed with 503
3850 http fetch GET 503 https://packages.applied-caas-gateway1.internal.api.openai.org/artifactory/api/npm/npm-public/espree/-/espree-10.4.0.tgz 70626ms attempt #3 (cache skip)
3851 http fetch GET https://packages.applied-caas-gateway1.internal.api.openai.org/artifactory/api/npm/npm-public/file-entry-cache/-/file-entry-cache-8.0.0.tgz attempt 3 failed with 503
3852 http fetch GET 503 https://packages.applied-caas-gateway1.internal.api.openai.org/artifactory/api/npm/npm-public/file-entry-cache/-/file-entry-cache-8.0.0.tgz 70630ms attempt #3 (cache skip)
3853 http fetch GET https://packages.applied-caas-gateway1.internal.api.openai.org/artifactory/api/npm/npm-public/eslint-plugin-jsx-a11y/-/eslint-plugin-jsx-a11y-6.10.2.tgz attempt 3 failed with 503
3854 http fetch GET 503 https://packages.applied-caas-gateway1.internal.api.openai.org/artifactory/api/npm/npm-public/eslint-plugin-jsx-a11y/-/eslint-plugin-jsx-a11y-6.10.2.tgz 70625ms attempt #3 (cache skip)
3855 http fetch GET https://packages.applied-caas-gateway1.internal.api.openai.org/artifactory/api/npm/npm-public/eslint-scope/-/eslint-scope-8.4.0.tgz attempt 3 failed with 503
3856 http fetch GET 503 https://packages.applied-caas-gateway1.internal.api.openai.org/artifactory/api/npm/npm-public/eslint-scope/-/eslint-scope-8.4.0.tgz 70626ms attempt #3 (cache skip)
3857 http fetch GET https://packages.applied-caas-gateway1.internal.api.openai.org/artifactory/api/npm/npm-public/esutils/-/esutils-2.0.3.tgz attempt 3 failed with 503
3858 http fetch GET 503 https://packages.applied-caas-gateway1.internal.api.openai.org/artifactory/api/npm/npm-public/esutils/-/esutils-2.0.3.tgz 70628ms attempt #3 (cache skip)
3859 http fetch GET https://packages.applied-caas-gateway1.internal.api.openai.org/artifactory/api/npm/npm-public/eslint-plugin-react/-/eslint-plugin-react-7.37.5.tgz attempt 3 failed with 503
3860 http fetch GET 503 https://packages.applied-caas-gateway1.internal.api.openai.org/artifactory/api/npm/npm-public/eslint-plugin-react/-/eslint-plugin-react-7.37.5.tgz 70628ms attempt #3 (cache skip)
3861 http fetch GET https://packages.applied-caas-gateway1.internal.api.openai.org/artifactory/api/npm/npm-public/esrecurse/-/esrecurse-4.3.0.tgz attempt 3 failed with 503
3862 http fetch GET 503 https://packages.applied-caas-gateway1.internal.api.openai.org/artifactory/api/npm/npm-public/esrecurse/-/esrecurse-4.3.0.tgz 70630ms attempt #3 (cache skip)
3863 http fetch GET https://packages.applied-caas-gateway1.internal.api.openai.org/artifactory/api/npm/npm-public/eslint-import-resolver-node/-/eslint-import-resolver-node-0.3.10.tgz attempt 3 failed with 503
3864 http fetch GET 503 https://packages.applied-caas-gateway1.internal.api.openai.org/artifactory/api/npm/npm-public/eslint-import-resolver-node/-/eslint-import-resolver-node-0.3.10.tgz 70629ms attempt #3 (cache skip)
3865 http fetch GET https://packages.applied-caas-gateway1.internal.api.openai.org/artifactory/api/npm/npm-public/eslint-plugin-react-hooks/-/eslint-plugin-react-hooks-7.1.1.tgz attempt 3 failed with 503
3866 http fetch GET 503 https://packages.applied-caas-gateway1.internal.api.openai.org/artifactory/api/npm/npm-public/eslint-plugin-react-hooks/-/eslint-plugin-react-hooks-7.1.1.tgz 70630ms attempt #3 (cache skip)
3867 http fetch GET https://packages.applied-caas-gateway1.internal.api.openai.org/artifactory/api/npm/npm-public/eslint-module-utils/-/eslint-module-utils-2.12.1.tgz attempt 3 failed with 503
3868 http fetch GET 503 https://packages.applied-caas-gateway1.internal.api.openai.org/artifactory/api/npm/npm-public/eslint-module-utils/-/eslint-module-utils-2.12.1.tgz 70630ms attempt #3 (cache skip)
3869 http fetch GET https://packages.applied-caas-gateway1.internal.api.openai.org/artifactory/api/npm/npm-public/eslint-visitor-keys/-/eslint-visitor-keys-4.2.1.tgz attempt 3 failed with 503
3870 http fetch GET 503 https://packages.applied-caas-gateway1.internal.api.openai.org/artifactory/api/npm/npm-public/eslint-visitor-keys/-/eslint-visitor-keys-4.2.1.tgz 70632ms attempt #3 (cache skip)
3871 http fetch GET https://packages.applied-caas-gateway1.internal.api.openai.org/artifactory/api/npm/npm-public/eslint-plugin-import/-/eslint-plugin-import-2.32.0.tgz attempt 3 failed with 503
3872 http fetch GET 503 https://packages.applied-caas-gateway1.internal.api.openai.org/artifactory/api/npm/npm-public/eslint-plugin-import/-/eslint-plugin-import-2.32.0.tgz 70633ms attempt #3 (cache skip)
3873 http fetch GET https://packages.applied-caas-gateway1.internal.api.openai.org/artifactory/api/npm/npm-public/escalade/-/escalade-3.2.0.tgz attempt 3 failed with 503
3874 http fetch GET 503 https://packages.applied-caas-gateway1.internal.api.openai.org/artifactory/api/npm/npm-public/escalade/-/escalade-3.2.0.tgz 70631ms attempt #3 (cache skip)
3875 http fetch GET https://packages.applied-caas-gateway1.internal.api.openai.org/artifactory/api/npm/npm-public/eslint-config-next/-/eslint-config-next-16.2.6.tgz attempt 3 failed with 503
3876 http fetch GET 503 https://packages.applied-caas-gateway1.internal.api.openai.org/artifactory/api/npm/npm-public/eslint-config-next/-/eslint-config-next-16.2.6.tgz 70633ms attempt #3 (cache skip)
3877 http fetch GET https://packages.applied-caas-gateway1.internal.api.openai.org/artifactory/api/npm/npm-public/eslint-import-resolver-typescript/-/eslint-import-resolver-typescript-3.10.1.tgz attempt 3 failed with 503
3878 http fetch GET 503 https://packages.applied-caas-gateway1.internal.api.openai.org/artifactory/api/npm/npm-public/eslint-import-resolver-typescript/-/eslint-import-resolver-typescript-3.10.1.tgz 70633ms attempt #3 (cache skip)
3879 http fetch GET https://packages.applied-caas-gateway1.internal.api.openai.org/artifactory/api/npm/npm-public/escape-string-regexp/-/escape-string-regexp-4.0.0.tgz attempt 3 failed with 503
3880 http fetch GET 503 https://packages.applied-caas-gateway1.internal.api.openai.org/artifactory/api/npm/npm-public/escape-string-regexp/-/escape-string-regexp-4.0.0.tgz 70634ms attempt #3 (cache skip)
3881 http fetch GET https://packages.applied-caas-gateway1.internal.api.openai.org/artifactory/api/npm/npm-public/es-shim-unscopables/-/es-shim-unscopables-1.1.0.tgz attempt 3 failed with 503
3882 http fetch GET 503 https://packages.applied-caas-gateway1.internal.api.openai.org/artifactory/api/npm/npm-public/es-shim-unscopables/-/es-shim-unscopables-1.1.0.tgz 70629ms attempt #3 (cache skip)
3883 http fetch GET https://packages.applied-caas-gateway1.internal.api.openai.org/artifactory/api/npm/npm-public/eslint/-/eslint-9.39.4.tgz attempt 3 failed with 503
3884 http fetch GET 503 https://packages.applied-caas-gateway1.internal.api.openai.org/artifactory/api/npm/npm-public/eslint/-/eslint-9.39.4.tgz 70636ms attempt #3 (cache skip)
3885 http fetch GET https://packages.applied-caas-gateway1.internal.api.openai.org/artifactory/api/npm/npm-public/es-set-tostringtag/-/es-set-tostringtag-2.1.0.tgz attempt 3 failed with 503
3886 http fetch GET 503 https://packages.applied-caas-gateway1.internal.api.openai.org/artifactory/api/npm/npm-public/es-set-tostringtag/-/es-set-tostringtag-2.1.0.tgz 70629ms attempt #3 (cache skip)
3887 http fetch GET https://packages.applied-caas-gateway1.internal.api.openai.org/artifactory/api/npm/npm-public/escape-html/-/escape-html-1.0.3.tgz attempt 3 failed with 503
3888 http fetch GET 503 https://packages.applied-caas-gateway1.internal.api.openai.org/artifactory/api/npm/npm-public/escape-html/-/escape-html-1.0.3.tgz 70632ms attempt #3 (cache skip)
3889 http fetch GET https://packages.applied-caas-gateway1.internal.api.openai.org/artifactory/api/npm/npm-public/esbuild/-/esbuild-0.28.0.tgz attempt 3 failed with 503
3890 http fetch GET 503 https://packages.applied-caas-gateway1.internal.api.openai.org/artifactory/api/npm/npm-public/esbuild/-/esbuild-0.28.0.tgz 70631ms attempt #3 (cache skip)
3891 http fetch GET https://packages.applied-caas-gateway1.internal.api.openai.org/artifactory/api/npm/npm-public/electron-to-chromium/-/electron-to-chromium-1.5.358.tgz attempt 3 failed with 503
3892 http fetch GET 503 https://packages.applied-caas-gateway1.internal.api.openai.org/artifactory/api/npm/npm-public/electron-to-chromium/-/electron-to-chromium-1.5.358.tgz 70629ms attempt #3 (cache skip)
3893 http fetch GET https://packages.applied-caas-gateway1.internal.api.openai.org/artifactory/api/npm/npm-public/es-object-atoms/-/es-object-atoms-1.1.1.tgz attempt 3 failed with 503
3894 http fetch GET 503 https://packages.applied-caas-gateway1.internal.api.openai.org/artifactory/api/npm/npm-public/es-object-atoms/-/es-object-atoms-1.1.1.tgz 70633ms attempt #3 (cache skip)
3895 http fetch GET https://packages.applied-caas-gateway1.internal.api.openai.org/artifactory/api/npm/npm-public/es-abstract/-/es-abstract-1.24.2.tgz attempt 3 failed with 503
3896 http fetch GET 503 https://packages.applied-caas-gateway1.internal.api.openai.org/artifactory/api/npm/npm-public/es-abstract/-/es-abstract-1.24.2.tgz 70632ms attempt #3 (cache skip)
3897 http fetch GET https://packages.applied-caas-gateway1.internal.api.openai.org/artifactory/api/npm/npm-public/es-errors/-/es-errors-1.3.0.tgz attempt 3 failed with 503
3898 http fetch GET 503 https://packages.applied-caas-gateway1.internal.api.openai.org/artifactory/api/npm/npm-public/es-errors/-/es-errors-1.3.0.tgz 70634ms attempt #3 (cache skip)
3899 http fetch GET https://packages.applied-caas-gateway1.internal.api.openai.org/artifactory/api/npm/npm-public/emoji-regex/-/emoji-regex-9.2.2.tgz attempt 3 failed with 503
3900 http fetch GET 503 https://packages.applied-caas-gateway1.internal.api.openai.org/artifactory/api/npm/npm-public/emoji-regex/-/emoji-regex-9.2.2.tgz 70633ms attempt #3 (cache skip)
3901 http fetch GET https://packages.applied-caas-gateway1.internal.api.openai.org/artifactory/api/npm/npm-public/enhanced-resolve/-/enhanced-resolve-5.21.3.tgz attempt 3 failed with 503
3902 http fetch GET 503 https://packages.applied-caas-gateway1.internal.api.openai.org/artifactory/api/npm/npm-public/enhanced-resolve/-/enhanced-resolve-5.21.3.tgz 70634ms attempt #3 (cache skip)
3903 http fetch GET https://packages.applied-caas-gateway1.internal.api.openai.org/artifactory/api/npm/npm-public/es-module-lexer/-/es-module-lexer-2.1.0.tgz attempt 3 failed with 503
3904 http fetch GET 503 https://packages.applied-caas-gateway1.internal.api.openai.org/artifactory/api/npm/npm-public/es-module-lexer/-/es-module-lexer-2.1.0.tgz 70636ms attempt #3 (cache skip)
3905 http fetch GET https://packages.applied-caas-gateway1.internal.api.openai.org/artifactory/api/npm/npm-public/es-define-property/-/es-define-property-1.0.1.tgz attempt 3 failed with 503
3906 http fetch GET 503 https://packages.applied-caas-gateway1.internal.api.openai.org/artifactory/api/npm/npm-public/es-define-property/-/es-define-property-1.0.1.tgz 70636ms attempt #3 (cache skip)
3907 http fetch GET https://packages.applied-caas-gateway1.internal.api.openai.org/artifactory/api/npm/npm-public/define-properties/-/define-properties-1.2.1.tgz attempt 3 failed with 503
3908 http fetch GET 503 https://packages.applied-caas-gateway1.internal.api.openai.org/artifactory/api/npm/npm-public/define-properties/-/define-properties-1.2.1.tgz 70633ms attempt #3 (cache skip)
3909 http fetch GET https://packages.applied-caas-gateway1.internal.api.openai.org/artifactory/api/npm/npm-public/drizzle-orm/-/drizzle-orm-0.45.2.tgz attempt 3 failed with 503
3910 http fetch GET 503 https://packages.applied-caas-gateway1.internal.api.openai.org/artifactory/api/npm/npm-public/drizzle-orm/-/drizzle-orm-0.45.2.tgz 70635ms attempt #3 (cache skip)
3911 http fetch GET https://packages.applied-caas-gateway1.internal.api.openai.org/artifactory/api/npm/npm-public/error-stack-parser-es/-/error-stack-parser-es-1.0.5.tgz attempt 3 failed with 503
3912 http fetch GET 503 https://packages.applied-caas-gateway1.internal.api.openai.org/artifactory/api/npm/npm-public/error-stack-parser-es/-/error-stack-parser-es-1.0.5.tgz 70639ms attempt #3 (cache skip)
3913 http fetch GET https://packages.applied-caas-gateway1.internal.api.openai.org/artifactory/api/npm/npm-public/es-iterator-helpers/-/es-iterator-helpers-1.3.2.tgz attempt 3 failed with 503
3914 http fetch GET 503 https://packages.applied-caas-gateway1.internal.api.openai.org/artifactory/api/npm/npm-public/es-iterator-helpers/-/es-iterator-helpers-1.3.2.tgz 70640ms attempt #3 (cache skip)
3915 http fetch GET https://packages.applied-caas-gateway1.internal.api.openai.org/artifactory/api/npm/npm-public/detect-libc/-/detect-libc-2.1.2.tgz attempt 3 failed with 503
3916 http fetch GET 503 https://packages.applied-caas-gateway1.internal.api.openai.org/artifactory/api/npm/npm-public/detect-libc/-/detect-libc-2.1.2.tgz 70638ms attempt #3 (cache skip)
3917 http fetch GET https://packages.applied-caas-gateway1.internal.api.openai.org/artifactory/api/npm/npm-public/define-data-property/-/define-data-property-1.1.4.tgz attempt 3 failed with 503
3918 http fetch GET 503 https://packages.applied-caas-gateway1.internal.api.openai.org/artifactory/api/npm/npm-public/define-data-property/-/define-data-property-1.1.4.tgz 70639ms attempt #3 (cache skip)
3919 http fetch GET https://packages.applied-caas-gateway1.internal.api.openai.org/artifactory/api/npm/npm-public/drizzle-kit/-/drizzle-kit-0.31.10.tgz attempt 3 failed with 503
3920 http fetch GET 503 https://packages.applied-caas-gateway1.internal.api.openai.org/artifactory/api/npm/npm-public/drizzle-kit/-/drizzle-kit-0.31.10.tgz 70640ms attempt #3 (cache skip)
3921 http fetch GET https://packages.applied-caas-gateway1.internal.api.openai.org/artifactory/api/npm/npm-public/data-view-buffer/-/data-view-buffer-1.0.2.tgz attempt 3 failed with 503
3922 http fetch GET 503 https://packages.applied-caas-gateway1.internal.api.openai.org/artifactory/api/npm/npm-public/data-view-buffer/-/data-view-buffer-1.0.2.tgz 70638ms attempt #3 (cache skip)
3923 http fetch GET https://packages.applied-caas-gateway1.internal.api.openai.org/artifactory/api/npm/npm-public/dunder-proto/-/dunder-proto-1.0.1.tgz attempt 3 failed with 503
3924 http fetch GET 503 https://packages.applied-caas-gateway1.internal.api.openai.org/artifactory/api/npm/npm-public/dunder-proto/-/dunder-proto-1.0.1.tgz 70642ms attempt #3 (cache skip)
3925 http fetch GET https://packages.applied-caas-gateway1.internal.api.openai.org/artifactory/api/npm/npm-public/doctrine/-/doctrine-2.1.0.tgz attempt 3 failed with 503
3926 http fetch GET 503 https://packages.applied-caas-gateway1.internal.api.openai.org/artifactory/api/npm/npm-public/doctrine/-/doctrine-2.1.0.tgz 70640ms attempt #3 (cache skip)
3927 http fetch GET https://packages.applied-caas-gateway1.internal.api.openai.org/artifactory/api/npm/npm-public/data-view-byte-length/-/data-view-byte-length-1.0.2.tgz attempt 3 failed with 503
3928 http fetch GET 503 https://packages.applied-caas-gateway1.internal.api.openai.org/artifactory/api/npm/npm-public/data-view-byte-length/-/data-view-byte-length-1.0.2.tgz 70640ms attempt #3 (cache skip)
3929 http fetch GET https://packages.applied-caas-gateway1.internal.api.openai.org/artifactory/api/npm/npm-public/deep-is/-/deep-is-0.1.4.tgz attempt 3 failed with 503
3930 http fetch GET 503 https://packages.applied-caas-gateway1.internal.api.openai.org/artifactory/api/npm/npm-public/deep-is/-/deep-is-0.1.4.tgz 70641ms attempt #3 (cache skip)
3931 http fetch GET https://packages.applied-caas-gateway1.internal.api.openai.org/artifactory/api/npm/npm-public/data-view-byte-offset/-/data-view-byte-offset-1.0.1.tgz attempt 3 failed with 503
3932 http fetch GET 503 https://packages.applied-caas-gateway1.internal.api.openai.org/artifactory/api/npm/npm-public/data-view-byte-offset/-/data-view-byte-offset-1.0.1.tgz 70641ms attempt #3 (cache skip)
3933 http fetch GET https://packages.applied-caas-gateway1.internal.api.openai.org/artifactory/api/npm/npm-public/css-to-react-native/-/css-to-react-native-3.2.0.tgz attempt 3 failed with 503
3934 http fetch GET 503 https://packages.applied-caas-gateway1.internal.api.openai.org/artifactory/api/npm/npm-public/css-to-react-native/-/css-to-react-native-3.2.0.tgz 70641ms attempt #3 (cache skip)
3935 http fetch GET https://packages.applied-caas-gateway1.internal.api.openai.org/artifactory/api/npm/npm-public/emoji-regex-xs/-/emoji-regex-xs-2.0.1.tgz attempt 3 failed with 503
3936 http fetch GET 503 https://packages.applied-caas-gateway1.internal.api.openai.org/artifactory/api/npm/npm-public/emoji-regex-xs/-/emoji-regex-xs-2.0.1.tgz 70647ms attempt #3 (cache skip)
3937 http fetch GET https://packages.applied-caas-gateway1.internal.api.openai.org/artifactory/api/npm/npm-public/debug/-/debug-4.4.3.tgz attempt 3 failed with 503
3938 http fetch GET 503 https://packages.applied-caas-gateway1.internal.api.openai.org/artifactory/api/npm/npm-public/debug/-/debug-4.4.3.tgz 70645ms attempt #3 (cache skip)
3939 http fetch GET https://packages.applied-caas-gateway1.internal.api.openai.org/artifactory/api/npm/npm-public/css-gradient-parser/-/css-gradient-parser-0.0.16.tgz attempt 3 failed with 503
3940 http fetch GET 503 https://packages.applied-caas-gateway1.internal.api.openai.org/artifactory/api/npm/npm-public/css-gradient-parser/-/css-gradient-parser-0.0.16.tgz 70644ms attempt #3 (cache skip)
3941 http fetch GET https://packages.applied-caas-gateway1.internal.api.openai.org/artifactory/api/npm/npm-public/css-color-keywords/-/css-color-keywords-1.0.0.tgz attempt 3 failed with 503
3942 http fetch GET 503 https://packages.applied-caas-gateway1.internal.api.openai.org/artifactory/api/npm/npm-public/css-color-keywords/-/css-color-keywords-1.0.0.tgz 70644ms attempt #3 (cache skip)
3943 http fetch GET https://packages.applied-caas-gateway1.internal.api.openai.org/artifactory/api/npm/npm-public/cross-spawn/-/cross-spawn-7.0.6.tgz attempt 3 failed with 503
3944 http fetch GET 503 https://packages.applied-caas-gateway1.internal.api.openai.org/artifactory/api/npm/npm-public/cross-spawn/-/cross-spawn-7.0.6.tgz 70643ms attempt #3 (cache skip)
3945 http fetch GET https://packages.applied-caas-gateway1.internal.api.openai.org/artifactory/api/npm/npm-public/cookie/-/cookie-1.1.1.tgz attempt 3 failed with 503
3946 http fetch GET 503 https://packages.applied-caas-gateway1.internal.api.openai.org/artifactory/api/npm/npm-public/cookie/-/cookie-1.1.1.tgz 70645ms attempt #3 (cache skip)
3947 http fetch GET https://packages.applied-caas-gateway1.internal.api.openai.org/artifactory/api/npm/npm-public/css-background-parser/-/css-background-parser-0.1.0.tgz attempt 3 failed with 503
3948 http fetch GET 503 https://packages.applied-caas-gateway1.internal.api.openai.org/artifactory/api/npm/npm-public/css-background-parser/-/css-background-parser-0.1.0.tgz 70647ms attempt #3 (cache skip)
3949 http fetch GET https://packages.applied-caas-gateway1.internal.api.openai.org/artifactory/api/npm/npm-public/css-box-shadow/-/css-box-shadow-1.0.0-3.tgz attempt 3 failed with 503
3950 http fetch GET 503 https://packages.applied-caas-gateway1.internal.api.openai.org/artifactory/api/npm/npm-public/css-box-shadow/-/css-box-shadow-1.0.0-3.tgz 70648ms attempt #3 (cache skip)
3951 http fetch GET https://packages.applied-caas-gateway1.internal.api.openai.org/artifactory/api/npm/npm-public/damerau-levenshtein/-/damerau-levenshtein-1.0.8.tgz attempt 3 failed with 503
3952 http fetch GET 503 https://packages.applied-caas-gateway1.internal.api.openai.org/artifactory/api/npm/npm-public/damerau-levenshtein/-/damerau-levenshtein-1.0.8.tgz 70649ms attempt #3 (cache skip)
3953 http fetch GET https://packages.applied-caas-gateway1.internal.api.openai.org/artifactory/api/npm/npm-public/concat-map/-/concat-map-0.0.1.tgz attempt 3 failed with 503
3954 http fetch GET 503 https://packages.applied-caas-gateway1.internal.api.openai.org/artifactory/api/npm/npm-public/concat-map/-/concat-map-0.0.1.tgz 70647ms attempt #3 (cache skip)
3955 http fetch GET https://packages.applied-caas-gateway1.internal.api.openai.org/artifactory/api/npm/npm-public/csstype/-/csstype-3.2.3.tgz attempt 3 failed with 503
3956 http fetch GET 503 https://packages.applied-caas-gateway1.internal.api.openai.org/artifactory/api/npm/npm-public/csstype/-/csstype-3.2.3.tgz 70651ms attempt #3 (cache skip)
3957 http fetch GET https://packages.applied-caas-gateway1.internal.api.openai.org/artifactory/api/npm/npm-public/color-name/-/color-name-1.1.4.tgz attempt 3 failed with 503
3958 http fetch GET 503 https://packages.applied-caas-gateway1.internal.api.openai.org/artifactory/api/npm/npm-public/color-name/-/color-name-1.1.4.tgz 70648ms attempt #3 (cache skip)
3959 http fetch GET https://packages.applied-caas-gateway1.internal.api.openai.org/artifactory/api/npm/npm-public/convert-source-map/-/convert-source-map-2.0.0.tgz attempt 3 failed with 503
3960 http fetch GET 503 https://packages.applied-caas-gateway1.internal.api.openai.org/artifactory/api/npm/npm-public/convert-source-map/-/convert-source-map-2.0.0.tgz 70649ms attempt #3 (cache skip)
3961 http fetch GET https://packages.applied-caas-gateway1.internal.api.openai.org/artifactory/api/npm/npm-public/es-to-primitive/-/es-to-primitive-1.3.0.tgz attempt 3 failed with 503
3962 http fetch GET 503 https://packages.applied-caas-gateway1.internal.api.openai.org/artifactory/api/npm/npm-public/es-to-primitive/-/es-to-primitive-1.3.0.tgz 70652ms attempt #3 (cache skip)
3963 http fetch GET https://packages.applied-caas-gateway1.internal.api.openai.org/artifactory/api/npm/npm-public/call-bind-apply-helpers/-/call-bind-apply-helpers-1.0.2.tgz attempt 3 failed with 503
3964 http fetch GET 503 https://packages.applied-caas-gateway1.internal.api.openai.org/artifactory/api/npm/npm-public/call-bind-apply-helpers/-/call-bind-apply-helpers-1.0.2.tgz 70647ms attempt #3 (cache skip)
3965 http fetch GET https://packages.applied-caas-gateway1.internal.api.openai.org/artifactory/api/npm/npm-public/color-convert/-/color-convert-2.0.1.tgz attempt 3 failed with 503
3966 http fetch GET 503 https://packages.applied-caas-gateway1.internal.api.openai.org/artifactory/api/npm/npm-public/color-convert/-/color-convert-2.0.1.tgz 70651ms attempt #3 (cache skip)
3967 http fetch GET https://packages.applied-caas-gateway1.internal.api.openai.org/artifactory/api/npm/npm-public/commander/-/commander-2.20.3.tgz attempt 3 failed with 503
3968 http fetch GET 503 https://packages.applied-caas-gateway1.internal.api.openai.org/artifactory/api/npm/npm-public/commander/-/commander-2.20.3.tgz 70654ms attempt #3 (cache skip)
3969 http fetch GET https://packages.applied-caas-gateway1.internal.api.openai.org/artifactory/api/npm/npm-public/caniuse-lite/-/caniuse-lite-1.0.30001793.tgz attempt 3 failed with 503
3970 http fetch GET 503 https://packages.applied-caas-gateway1.internal.api.openai.org/artifactory/api/npm/npm-public/caniuse-lite/-/caniuse-lite-1.0.30001793.tgz 70653ms attempt #3 (cache skip)
3971 http fetch GET https://packages.applied-caas-gateway1.internal.api.openai.org/artifactory/api/npm/npm-public/chalk/-/chalk-4.1.2.tgz attempt 3 failed with 503
3972 http fetch GET 503 https://packages.applied-caas-gateway1.internal.api.openai.org/artifactory/api/npm/npm-public/chalk/-/chalk-4.1.2.tgz 70652ms attempt #3 (cache skip)
3973 http fetch GET https://packages.applied-caas-gateway1.internal.api.openai.org/artifactory/api/npm/npm-public/chrome-trace-event/-/chrome-trace-event-1.0.4.tgz attempt 3 failed with 503
3974 http fetch GET 503 https://packages.applied-caas-gateway1.internal.api.openai.org/artifactory/api/npm/npm-public/chrome-trace-event/-/chrome-trace-event-1.0.4.tgz 70652ms attempt #3 (cache skip)
3975 http fetch GET https://packages.applied-caas-gateway1.internal.api.openai.org/artifactory/api/npm/npm-public/client-only/-/client-only-0.0.1.tgz attempt 3 failed with 503
3976 http fetch GET 503 https://packages.applied-caas-gateway1.internal.api.openai.org/artifactory/api/npm/npm-public/client-only/-/client-only-0.0.1.tgz 70654ms attempt #3 (cache skip)
3977 http fetch GET https://packages.applied-caas-gateway1.internal.api.openai.org/artifactory/api/npm/npm-public/call-bind/-/call-bind-1.0.9.tgz attempt 3 failed with 503
3978 http fetch GET 503 https://packages.applied-caas-gateway1.internal.api.openai.org/artifactory/api/npm/npm-public/call-bind/-/call-bind-1.0.9.tgz 70653ms attempt #3 (cache skip)
3979 http fetch GET https://packages.applied-caas-gateway1.internal.api.openai.org/artifactory/api/npm/npm-public/callsites/-/callsites-3.1.0.tgz attempt 3 failed with 503
3980 http fetch GET 503 https://packages.applied-caas-gateway1.internal.api.openai.org/artifactory/api/npm/npm-public/callsites/-/callsites-3.1.0.tgz 70657ms attempt #3 (cache skip)
3981 http fetch GET https://packages.applied-caas-gateway1.internal.api.openai.org/artifactory/api/npm/npm-public/axobject-query/-/axobject-query-4.1.0.tgz attempt 3 failed with 503
3982 http fetch GET 503 https://packages.applied-caas-gateway1.internal.api.openai.org/artifactory/api/npm/npm-public/axobject-query/-/axobject-query-4.1.0.tgz 70655ms attempt #3 (cache skip)
3983 http fetch GET https://packages.applied-caas-gateway1.internal.api.openai.org/artifactory/api/npm/npm-public/camelize/-/camelize-1.0.1.tgz attempt 3 failed with 503
3984 http fetch GET 503 https://packages.applied-caas-gateway1.internal.api.openai.org/artifactory/api/npm/npm-public/camelize/-/camelize-1.0.1.tgz 70660ms attempt #3 (cache skip)
3985 http fetch GET https://packages.applied-caas-gateway1.internal.api.openai.org/artifactory/api/npm/npm-public/braces/-/braces-3.0.3.tgz attempt 3 failed with 503
3986 http fetch GET 503 https://packages.applied-caas-gateway1.internal.api.openai.org/artifactory/api/npm/npm-public/braces/-/braces-3.0.3.tgz 70658ms attempt #3 (cache skip)
3987 http fetch GET https://packages.applied-caas-gateway1.internal.api.openai.org/artifactory/api/npm/npm-public/browserslist/-/browserslist-4.28.2.tgz attempt 3 failed with 503
3988 http fetch GET 503 https://packages.applied-caas-gateway1.internal.api.openai.org/artifactory/api/npm/npm-public/browserslist/-/browserslist-4.28.2.tgz 70658ms attempt #3 (cache skip)
3989 http fetch GET https://packages.applied-caas-gateway1.internal.api.openai.org/artifactory/api/npm/npm-public/base64-js/-/base64-js-0.0.8.tgz attempt 3 failed with 503
3990 http fetch GET 503 https://packages.applied-caas-gateway1.internal.api.openai.org/artifactory/api/npm/npm-public/base64-js/-/base64-js-0.0.8.tgz 70656ms attempt #3 (cache skip)
3991 http fetch GET https://packages.applied-caas-gateway1.internal.api.openai.org/artifactory/api/npm/npm-public/buffer-from/-/buffer-from-1.1.2.tgz attempt 3 failed with 503
3992 http fetch GET 503 https://packages.applied-caas-gateway1.internal.api.openai.org/artifactory/api/npm/npm-public/buffer-from/-/buffer-from-1.1.2.tgz 70659ms attempt #3 (cache skip)
3993 http fetch GET https://packages.applied-caas-gateway1.internal.api.openai.org/artifactory/api/npm/npm-public/blake3-wasm/-/blake3-wasm-2.1.5.tgz attempt 3 failed with 503
3994 http fetch GET 503 https://packages.applied-caas-gateway1.internal.api.openai.org/artifactory/api/npm/npm-public/blake3-wasm/-/blake3-wasm-2.1.5.tgz 70659ms attempt #3 (cache skip)
3995 http fetch GET https://packages.applied-caas-gateway1.internal.api.openai.org/artifactory/api/npm/npm-public/call-bound/-/call-bound-1.0.4.tgz attempt 3 failed with 503
3996 http fetch GET 503 https://packages.applied-caas-gateway1.internal.api.openai.org/artifactory/api/npm/npm-public/call-bound/-/call-bound-1.0.4.tgz 70661ms attempt #3 (cache skip)
3997 http fetch GET https://packages.applied-caas-gateway1.internal.api.openai.org/artifactory/api/npm/npm-public/brace-expansion/-/brace-expansion-1.1.14.tgz attempt 3 failed with 503
3998 http fetch GET 503 https://packages.applied-caas-gateway1.internal.api.openai.org/artifactory/api/npm/npm-public/brace-expansion/-/brace-expansion-1.1.14.tgz 70659ms attempt #3 (cache skip)
3999 http fetch GET https://packages.applied-caas-gateway1.internal.api.openai.org/artifactory/api/npm/npm-public/balanced-match/-/balanced-match-1.0.2.tgz attempt 3 failed with 503
4000 http fetch GET 503 https://packages.applied-caas-gateway1.internal.api.openai.org/artifactory/api/npm/npm-public/balanced-match/-/balanced-match-1.0.2.tgz 70658ms attempt #3 (cache skip)
4001 http fetch GET https://packages.applied-caas-gateway1.internal.api.openai.org/artifactory/api/npm/npm-public/async-function/-/async-function-1.0.0.tgz attempt 3 failed with 503
4002 http fetch GET 503 https://packages.applied-caas-gateway1.internal.api.openai.org/artifactory/api/npm/npm-public/async-function/-/async-function-1.0.0.tgz 70659ms attempt #3 (cache skip)
4003 http fetch GET https://packages.applied-caas-gateway1.internal.api.openai.org/artifactory/api/npm/npm-public/available-typed-arrays/-/available-typed-arrays-1.0.7.tgz attempt 3 failed with 503
4004 http fetch GET 503 https://packages.applied-caas-gateway1.internal.api.openai.org/artifactory/api/npm/npm-public/available-typed-arrays/-/available-typed-arrays-1.0.7.tgz 70661ms attempt #3 (cache skip)
4005 http fetch GET https://packages.applied-caas-gateway1.internal.api.openai.org/artifactory/api/npm/npm-public/axe-core/-/axe-core-4.11.4.tgz attempt 3 failed with 503
4006 http fetch GET 503 https://packages.applied-caas-gateway1.internal.api.openai.org/artifactory/api/npm/npm-public/axe-core/-/axe-core-4.11.4.tgz 70663ms attempt #3 (cache skip)
4007 http fetch GET https://packages.applied-caas-gateway1.internal.api.openai.org/artifactory/api/npm/npm-public/baseline-browser-mapping/-/baseline-browser-mapping-2.10.30.tgz attempt 3 failed with 503
4008 http fetch GET 503 https://packages.applied-caas-gateway1.internal.api.openai.org/artifactory/api/npm/npm-public/baseline-browser-mapping/-/baseline-browser-mapping-2.10.30.tgz 70665ms attempt #3 (cache skip)
4009 http fetch GET https://packages.applied-caas-gateway1.internal.api.openai.org/artifactory/api/npm/npm-public/array.prototype.tosorted/-/array.prototype.tosorted-1.1.4.tgz attempt 3 failed with 503
4010 http fetch GET 503 https://packages.applied-caas-gateway1.internal.api.openai.org/artifactory/api/npm/npm-public/array.prototype.tosorted/-/array.prototype.tosorted-1.1.4.tgz 70663ms attempt #3 (cache skip)
4011 http fetch GET https://packages.applied-caas-gateway1.internal.api.openai.org/artifactory/api/npm/npm-public/aria-query/-/aria-query-5.3.2.tgz attempt 3 failed with 503
4012 http fetch GET 503 https://packages.applied-caas-gateway1.internal.api.openai.org/artifactory/api/npm/npm-public/aria-query/-/aria-query-5.3.2.tgz 70661ms attempt #3 (cache skip)
4013 http fetch GET https://packages.applied-caas-gateway1.internal.api.openai.org/artifactory/api/npm/npm-public/array.prototype.flat/-/array.prototype.flat-1.3.3.tgz attempt 3 failed with 503
4014 http fetch GET 503 https://packages.applied-caas-gateway1.internal.api.openai.org/artifactory/api/npm/npm-public/array.prototype.flat/-/array.prototype.flat-1.3.3.tgz 70663ms attempt #3 (cache skip)
4015 http fetch GET https://packages.applied-caas-gateway1.internal.api.openai.org/artifactory/api/npm/npm-public/arraybuffer.prototype.slice/-/arraybuffer.prototype.slice-1.0.4.tgz attempt 3 failed with 503
4016 http fetch GET 503 https://packages.applied-caas-gateway1.internal.api.openai.org/artifactory/api/npm/npm-public/arraybuffer.prototype.slice/-/arraybuffer.prototype.slice-1.0.4.tgz 70666ms attempt #3 (cache skip)
4017 http fetch GET https://packages.applied-caas-gateway1.internal.api.openai.org/artifactory/api/npm/npm-public/array.prototype.flatmap/-/array.prototype.flatmap-1.3.3.tgz attempt 3 failed with 503
4018 http fetch GET 503 https://packages.applied-caas-gateway1.internal.api.openai.org/artifactory/api/npm/npm-public/array.prototype.flatmap/-/array.prototype.flatmap-1.3.3.tgz 70665ms attempt #3 (cache skip)
4019 http fetch GET https://packages.applied-caas-gateway1.internal.api.openai.org/artifactory/api/npm/npm-public/array.prototype.findlastindex/-/array.prototype.findlastindex-1.2.6.tgz attempt 3 failed with 503
4020 http fetch GET 503 https://packages.applied-caas-gateway1.internal.api.openai.org/artifactory/api/npm/npm-public/array.prototype.findlastindex/-/array.prototype.findlastindex-1.2.6.tgz 70665ms attempt #3 (cache skip)
4021 http fetch GET https://packages.applied-caas-gateway1.internal.api.openai.org/artifactory/api/npm/npm-public/argparse/-/argparse-2.0.1.tgz attempt 3 failed with 503
4022 http fetch GET 503 https://packages.applied-caas-gateway1.internal.api.openai.org/artifactory/api/npm/npm-public/argparse/-/argparse-2.0.1.tgz 70664ms attempt #3 (cache skip)
4023 http fetch GET https://packages.applied-caas-gateway1.internal.api.openai.org/artifactory/api/npm/npm-public/array.prototype.findlast/-/array.prototype.findlast-1.2.5.tgz attempt 3 failed with 503
4024 http fetch GET 503 https://packages.applied-caas-gateway1.internal.api.openai.org/artifactory/api/npm/npm-public/array.prototype.findlast/-/array.prototype.findlast-1.2.5.tgz 70666ms attempt #3 (cache skip)
4025 http fetch GET https://packages.applied-caas-gateway1.internal.api.openai.org/artifactory/api/npm/npm-public/ast-types-flow/-/ast-types-flow-0.0.8.tgz attempt 3 failed with 503
4026 http fetch GET 503 https://packages.applied-caas-gateway1.internal.api.openai.org/artifactory/api/npm/npm-public/ast-types-flow/-/ast-types-flow-0.0.8.tgz 70669ms attempt #3 (cache skip)
4027 http fetch GET https://packages.applied-caas-gateway1.internal.api.openai.org/artifactory/api/npm/npm-public/acorn-loose/-/acorn-loose-8.5.2.tgz attempt 3 failed with 503
4028 http fetch GET 503 https://packages.applied-caas-gateway1.internal.api.openai.org/artifactory/api/npm/npm-public/acorn-loose/-/acorn-loose-8.5.2.tgz 70666ms attempt #3 (cache skip)
4029 http fetch GET https://packages.applied-caas-gateway1.internal.api.openai.org/artifactory/api/npm/npm-public/acorn-jsx/-/acorn-jsx-5.3.2.tgz attempt 3 failed with 503
4030 http fetch GET 503 https://packages.applied-caas-gateway1.internal.api.openai.org/artifactory/api/npm/npm-public/acorn-jsx/-/acorn-jsx-5.3.2.tgz 70666ms attempt #3 (cache skip)
4031 http fetch GET https://packages.applied-caas-gateway1.internal.api.openai.org/artifactory/api/npm/npm-public/array-includes/-/array-includes-3.1.9.tgz attempt 3 failed with 503
4032 http fetch GET 503 https://packages.applied-caas-gateway1.internal.api.openai.org/artifactory/api/npm/npm-public/array-includes/-/array-includes-3.1.9.tgz 70668ms attempt #3 (cache skip)
4033 http fetch GET https://packages.applied-caas-gateway1.internal.api.openai.org/artifactory/api/npm/npm-public/array-buffer-byte-length/-/array-buffer-byte-length-1.0.2.tgz attempt 3 failed with 503
4034 http fetch GET 503 https://packages.applied-caas-gateway1.internal.api.openai.org/artifactory/api/npm/npm-public/array-buffer-byte-length/-/array-buffer-byte-length-1.0.2.tgz 70671ms attempt #3 (cache skip)
4035 http fetch GET https://packages.applied-caas-gateway1.internal.api.openai.org/artifactory/api/npm/npm-public/eslint-visitor-keys/-/eslint-visitor-keys-5.0.1.tgz attempt 3 failed with 503
4036 http fetch GET 503 https://packages.applied-caas-gateway1.internal.api.openai.org/artifactory/api/npm/npm-public/eslint-visitor-keys/-/eslint-visitor-keys-5.0.1.tgz 70667ms attempt #3 (cache skip)
4037 http fetch GET https://packages.applied-caas-gateway1.internal.api.openai.org/artifactory/api/npm/npm-public/ansi-styles/-/ansi-styles-4.3.0.tgz attempt 3 failed with 503
4038 http fetch GET 503 https://packages.applied-caas-gateway1.internal.api.openai.org/artifactory/api/npm/npm-public/ansi-styles/-/ansi-styles-4.3.0.tgz 70670ms attempt #3 (cache skip)
4039 http fetch GET https://packages.applied-caas-gateway1.internal.api.openai.org/artifactory/api/npm/npm-public/ajv-formats/-/ajv-formats-2.1.1.tgz attempt 3 failed with 503
4040 http fetch GET 503 https://packages.applied-caas-gateway1.internal.api.openai.org/artifactory/api/npm/npm-public/ajv-formats/-/ajv-formats-2.1.1.tgz 70671ms attempt #3 (cache skip)
4041 http fetch GET https://packages.applied-caas-gateway1.internal.api.openai.org/artifactory/api/npm/npm-public/@rolldown/pluginutils/-/pluginutils-1.0.0-rc.18.tgz attempt 3 failed with 503
4042 http fetch GET 503 https://packages.applied-caas-gateway1.internal.api.openai.org/artifactory/api/npm/npm-public/@rolldown/pluginutils/-/pluginutils-1.0.0-rc.18.tgz 70671ms attempt #3 (cache skip)
4043 http fetch GET https://packages.applied-caas-gateway1.internal.api.openai.org/artifactory/api/npm/npm-public/acorn/-/acorn-8.16.0.tgz attempt 3 failed with 503
4044 http fetch GET 503 https://packages.applied-caas-gateway1.internal.api.openai.org/artifactory/api/npm/npm-public/acorn/-/acorn-8.16.0.tgz 70672ms attempt #3 (cache skip)
4045 http fetch GET https://packages.applied-caas-gateway1.internal.api.openai.org/artifactory/api/npm/npm-public/ajv/-/ajv-6.15.0.tgz attempt 3 failed with 503
4046 http fetch GET 503 https://packages.applied-caas-gateway1.internal.api.openai.org/artifactory/api/npm/npm-public/ajv/-/ajv-6.15.0.tgz 70673ms attempt #3 (cache skip)
4047 http fetch GET https://packages.applied-caas-gateway1.internal.api.openai.org/artifactory/api/npm/npm-public/semver/-/semver-7.8.0.tgz attempt 3 failed with 503
4048 http fetch GET 503 https://packages.applied-caas-gateway1.internal.api.openai.org/artifactory/api/npm/npm-public/semver/-/semver-7.8.0.tgz 70672ms attempt #3 (cache skip)
4049 http fetch GET https://packages.applied-caas-gateway1.internal.api.openai.org/artifactory/api/npm/npm-public/brace-expansion/-/brace-expansion-5.0.6.tgz attempt 3 failed with 503
4050 http fetch GET 503 https://packages.applied-caas-gateway1.internal.api.openai.org/artifactory/api/npm/npm-public/brace-expansion/-/brace-expansion-5.0.6.tgz 70671ms attempt #3 (cache skip)
4051 http fetch GET https://packages.applied-caas-gateway1.internal.api.openai.org/artifactory/api/npm/npm-public/acorn-import-phases/-/acorn-import-phases-1.0.4.tgz attempt 3 failed with 503
4052 http fetch GET 503 https://packages.applied-caas-gateway1.internal.api.openai.org/artifactory/api/npm/npm-public/acorn-import-phases/-/acorn-import-phases-1.0.4.tgz 70674ms attempt #3 (cache skip)
4053 http fetch GET https://packages.applied-caas-gateway1.internal.api.openai.org/artifactory/api/npm/npm-public/balanced-match/-/balanced-match-4.0.4.tgz attempt 3 failed with 503
4054 http fetch GET 503 https://packages.applied-caas-gateway1.internal.api.openai.org/artifactory/api/npm/npm-public/balanced-match/-/balanced-match-4.0.4.tgz 70674ms attempt #3 (cache skip)
4055 http fetch GET https://packages.applied-caas-gateway1.internal.api.openai.org/artifactory/api/npm/npm-public/esbuild/-/esbuild-0.18.20.tgz attempt 3 failed with 503
4056 http fetch GET 503 https://packages.applied-caas-gateway1.internal.api.openai.org/artifactory/api/npm/npm-public/esbuild/-/esbuild-0.18.20.tgz 70673ms attempt #3 (cache skip)
4057 http fetch GET https://packages.applied-caas-gateway1.internal.api.openai.org/artifactory/api/npm/npm-public/ignore/-/ignore-7.0.5.tgz attempt 3 failed with 503
4058 http fetch GET 503 https://packages.applied-caas-gateway1.internal.api.openai.org/artifactory/api/npm/npm-public/ignore/-/ignore-7.0.5.tgz 70674ms attempt #3 (cache skip)
4059 http fetch GET https://packages.applied-caas-gateway1.internal.api.openai.org/artifactory/api/npm/npm-public/eslint-scope/-/eslint-scope-5.1.1.tgz attempt 3 failed with 503
4060 http fetch GET 503 https://packages.applied-caas-gateway1.internal.api.openai.org/artifactory/api/npm/npm-public/eslint-scope/-/eslint-scope-5.1.1.tgz 70673ms attempt #3 (cache skip)
4061 http fetch GET https://packages.applied-caas-gateway1.internal.api.openai.org/artifactory/api/npm/npm-public/supports-color/-/supports-color-10.2.2.tgz attempt 3 failed with 503
4062 http fetch GET 503 https://packages.applied-caas-gateway1.internal.api.openai.org/artifactory/api/npm/npm-public/supports-color/-/supports-color-10.2.2.tgz 70676ms attempt #3 (cache skip)
4063 http fetch GET https://packages.applied-caas-gateway1.internal.api.openai.org/artifactory/api/npm/npm-public/eslint-visitor-keys/-/eslint-visitor-keys-3.4.3.tgz attempt 3 failed with 503
4064 http fetch GET 503 https://packages.applied-caas-gateway1.internal.api.openai.org/artifactory/api/npm/npm-public/eslint-visitor-keys/-/eslint-visitor-keys-3.4.3.tgz 70676ms attempt #3 (cache skip)
4065 http fetch GET https://packages.applied-caas-gateway1.internal.api.openai.org/artifactory/api/npm/npm-public/minimatch/-/minimatch-10.2.5.tgz attempt 3 failed with 503
4066 http fetch GET 503 https://packages.applied-caas-gateway1.internal.api.openai.org/artifactory/api/npm/npm-public/minimatch/-/minimatch-10.2.5.tgz 70679ms attempt #3 (cache skip)
4067 http fetch GET https://packages.applied-caas-gateway1.internal.api.openai.org/artifactory/api/npm/npm-public/@jridgewell/trace-mapping/-/trace-mapping-0.3.9.tgz attempt 3 failed with 503
4068 http fetch GET 503 https://packages.applied-caas-gateway1.internal.api.openai.org/artifactory/api/npm/npm-public/@jridgewell/trace-mapping/-/trace-mapping-0.3.9.tgz 70678ms attempt #3 (cache skip)
4069 http fetch GET https://packages.applied-caas-gateway1.internal.api.openai.org/artifactory/api/npm/npm-public/fdir/-/fdir-6.5.0.tgz attempt 3 failed with 503
4070 http fetch GET 503 https://packages.applied-caas-gateway1.internal.api.openai.org/artifactory/api/npm/npm-public/fdir/-/fdir-6.5.0.tgz 70677ms attempt #3 (cache skip)
4071 http fetch GET https://packages.applied-caas-gateway1.internal.api.openai.org/artifactory/api/npm/npm-public/@esbuild/linux-x64/-/linux-x64-0.18.20.tgz attempt 3 failed with 503
4072 http fetch GET 503 https://packages.applied-caas-gateway1.internal.api.openai.org/artifactory/api/npm/npm-public/@esbuild/linux-x64/-/linux-x64-0.18.20.tgz 70682ms attempt #3 (cache skip)
4073 verbose reify failed optional dependency /mnt/data/technologia_work/node_modules/@esbuild-kit/core-utils/node_modules/@esbuild/linux-x64
4074 silly reify mark deleted [
4074 silly reify   '/mnt/data/technologia_work/node_modules/@esbuild-kit/core-utils/node_modules/@esbuild/linux-x64'
4074 silly reify ]
4075 http fetch GET https://packages.applied-caas-gateway1.internal.api.openai.org/artifactory/api/npm/npm-public/glob-parent/-/glob-parent-5.1.2.tgz attempt 3 failed with 503
4076 http fetch GET 503 https://packages.applied-caas-gateway1.internal.api.openai.org/artifactory/api/npm/npm-public/glob-parent/-/glob-parent-5.1.2.tgz 70679ms attempt #3 (cache skip)
4077 http fetch GET https://packages.applied-caas-gateway1.internal.api.openai.org/artifactory/api/npm/npm-public/picomatch/-/picomatch-4.0.4.tgz attempt 3 failed with 503
4078 http fetch GET 503 https://packages.applied-caas-gateway1.internal.api.openai.org/artifactory/api/npm/npm-public/picomatch/-/picomatch-4.0.4.tgz 70681ms attempt #3 (cache skip)
4079 http fetch GET https://packages.applied-caas-gateway1.internal.api.openai.org/artifactory/api/npm/npm-public/esbuild/-/esbuild-0.27.3.tgz attempt 3 failed with 503
4080 http fetch GET 503 https://packages.applied-caas-gateway1.internal.api.openai.org/artifactory/api/npm/npm-public/esbuild/-/esbuild-0.27.3.tgz 70682ms attempt #3 (cache skip)
4081 http fetch GET https://packages.applied-caas-gateway1.internal.api.openai.org/artifactory/api/npm/npm-public/@napi-rs/wasm-runtime/-/wasm-runtime-1.1.4.tgz attempt 3 failed with 503
4082 http fetch GET 503 https://packages.applied-caas-gateway1.internal.api.openai.org/artifactory/api/npm/npm-public/@napi-rs/wasm-runtime/-/wasm-runtime-1.1.4.tgz 70684ms attempt #3 (cache skip)
4083 verbose reify failed optional dependency /mnt/data/technologia_work/node_modules/@rolldown/binding-wasm32-wasi/node_modules/@napi-rs/wasm-runtime
4084 silly reify mark deleted [
4084 silly reify   '/mnt/data/technologia_work/node_modules/@rolldown/binding-wasm32-wasi/node_modules/@napi-rs/wasm-runtime'
4084 silly reify ]
4085 verbose reify failed optional dependency /mnt/data/technologia_work/node_modules/@rolldown/binding-wasm32-wasi
4086 silly reify mark deleted [
4086 silly reify   '/mnt/data/technologia_work/node_modules/@rolldown/binding-wasm32-wasi'
4086 silly reify ]
4087 http fetch GET https://packages.applied-caas-gateway1.internal.api.openai.org/artifactory/api/npm/npm-public/@esbuild/linux-x64/-/linux-x64-0.27.3.tgz attempt 3 failed with 503
4088 http fetch GET 503 https://packages.applied-caas-gateway1.internal.api.openai.org/artifactory/api/npm/npm-public/@esbuild/linux-x64/-/linux-x64-0.27.3.tgz 70683ms attempt #3 (cache skip)
4089 verbose reify failed optional dependency /mnt/data/technologia_work/node_modules/wrangler/node_modules/@esbuild/linux-x64
4090 silly reify mark deleted [
4090 silly reify   '/mnt/data/technologia_work/node_modules/wrangler/node_modules/@esbuild/linux-x64'
4090 silly reify ]
4091 http fetch GET https://packages.applied-caas-gateway1.internal.api.openai.org/artifactory/api/npm/npm-public/es-module-lexer/-/es-module-lexer-1.7.0.tgz attempt 3 failed with 503
4092 http fetch GET 503 https://packages.applied-caas-gateway1.internal.api.openai.org/artifactory/api/npm/npm-public/es-module-lexer/-/es-module-lexer-1.7.0.tgz 70683ms attempt #3 (cache skip)
4093 http fetch GET https://packages.applied-caas-gateway1.internal.api.openai.org/artifactory/api/npm/npm-public/estraverse/-/estraverse-4.3.0.tgz attempt 3 failed with 503
4094 http fetch GET 503 https://packages.applied-caas-gateway1.internal.api.openai.org/artifactory/api/npm/npm-public/estraverse/-/estraverse-4.3.0.tgz 70684ms attempt #3 (cache skip)
4095 http fetch GET https://packages.applied-caas-gateway1.internal.api.openai.org/artifactory/api/npm/npm-public/json5/-/json5-1.0.2.tgz attempt 3 failed with 503
4096 http fetch GET 503 https://packages.applied-caas-gateway1.internal.api.openai.org/artifactory/api/npm/npm-public/json5/-/json5-1.0.2.tgz 70681ms attempt #3 (cache skip)
4097 http fetch GET https://packages.applied-caas-gateway1.internal.api.openai.org/artifactory/api/npm/npm-public/lightningcss-linux-x64-gnu/-/lightningcss-linux-x64-gnu-1.32.0.tgz attempt 3 failed with 503
4098 http fetch GET 503 https://packages.applied-caas-gateway1.internal.api.openai.org/artifactory/api/npm/npm-public/lightningcss-linux-x64-gnu/-/lightningcss-linux-x64-gnu-1.32.0.tgz 70683ms attempt #3 (cache skip)
4099 verbose reify failed optional dependency /mnt/data/technologia_work/node_modules/vite/node_modules/lightningcss-linux-x64-gnu
4100 silly reify mark deleted [
4100 silly reify   '/mnt/data/technologia_work/node_modules/vite/node_modules/lightningcss-linux-x64-gnu'
4100 silly reify ]
4101 http fetch GET https://packages.applied-caas-gateway1.internal.api.openai.org/artifactory/api/npm/npm-public/lightningcss/-/lightningcss-1.32.0.tgz attempt 3 failed with 503
4102 http fetch GET 503 https://packages.applied-caas-gateway1.internal.api.openai.org/artifactory/api/npm/npm-public/lightningcss/-/lightningcss-1.32.0.tgz 70686ms attempt #3 (cache skip)
4103 http fetch GET https://packages.applied-caas-gateway1.internal.api.openai.org/artifactory/api/npm/npm-public/supports-color/-/supports-color-8.1.1.tgz attempt 3 failed with 503
4104 http fetch GET 503 https://packages.applied-caas-gateway1.internal.api.openai.org/artifactory/api/npm/npm-public/supports-color/-/supports-color-8.1.1.tgz 70685ms attempt #3 (cache skip)
4105 http fetch GET https://packages.applied-caas-gateway1.internal.api.openai.org/artifactory/api/npm/npm-public/js-tokens/-/js-tokens-9.0.1.tgz attempt 3 failed with 503
4106 http fetch GET 503 https://packages.applied-caas-gateway1.internal.api.openai.org/artifactory/api/npm/npm-public/js-tokens/-/js-tokens-9.0.1.tgz 70686ms attempt #3 (cache skip)
4107 http fetch GET https://packages.applied-caas-gateway1.internal.api.openai.org/artifactory/api/npm/npm-public/picomatch/-/picomatch-4.0.4.tgz attempt 3 failed with 503
4108 http fetch GET 503 https://packages.applied-caas-gateway1.internal.api.openai.org/artifactory/api/npm/npm-public/picomatch/-/picomatch-4.0.4.tgz 70687ms attempt #3 (cache skip)
4109 http fetch GET https://packages.applied-caas-gateway1.internal.api.openai.org/artifactory/api/npm/npm-public/fast-glob/-/fast-glob-3.3.3.tgz attempt 3 failed with 503
4110 http fetch GET 503 https://packages.applied-caas-gateway1.internal.api.openai.org/artifactory/api/npm/npm-public/fast-glob/-/fast-glob-3.3.3.tgz 70689ms attempt #3 (cache skip)
4111 http fetch GET https://packages.applied-caas-gateway1.internal.api.openai.org/artifactory/api/npm/npm-public/ajv/-/ajv-8.20.0.tgz attempt 3 failed with 503
4112 http fetch GET 503 https://packages.applied-caas-gateway1.internal.api.openai.org/artifactory/api/npm/npm-public/ajv/-/ajv-8.20.0.tgz 70688ms attempt #3 (cache skip)
4113 http fetch GET https://packages.applied-caas-gateway1.internal.api.openai.org/artifactory/api/npm/npm-public/postcss/-/postcss-8.4.31.tgz attempt 3 failed with 503
4114 http fetch GET 503 https://packages.applied-caas-gateway1.internal.api.openai.org/artifactory/api/npm/npm-public/postcss/-/postcss-8.4.31.tgz 70687ms attempt #3 (cache skip)
4115 http fetch GET https://packages.applied-caas-gateway1.internal.api.openai.org/artifactory/api/npm/npm-public/debug/-/debug-3.2.7.tgz attempt 3 failed with 503
4116 http fetch GET 503 https://packages.applied-caas-gateway1.internal.api.openai.org/artifactory/api/npm/npm-public/debug/-/debug-3.2.7.tgz 70687ms attempt #3 (cache skip)
4117 http fetch GET https://packages.applied-caas-gateway1.internal.api.openai.org/artifactory/api/npm/npm-public/json-schema-traverse/-/json-schema-traverse-1.0.0.tgz attempt 3 failed with 503
4118 http fetch GET 503 https://packages.applied-caas-gateway1.internal.api.openai.org/artifactory/api/npm/npm-public/json-schema-traverse/-/json-schema-traverse-1.0.0.tgz 70690ms attempt #3 (cache skip)
4119 http fetch GET https://packages.applied-caas-gateway1.internal.api.openai.org/artifactory/api/npm/npm-public/semver/-/semver-7.8.0.tgz attempt 3 failed with 503
4120 http fetch GET 503 https://packages.applied-caas-gateway1.internal.api.openai.org/artifactory/api/npm/npm-public/semver/-/semver-7.8.0.tgz 70690ms attempt #3 (cache skip)
4121 http fetch GET https://packages.applied-caas-gateway1.internal.api.openai.org/artifactory/api/npm/npm-public/globals/-/globals-16.4.0.tgz attempt 3 failed with 503
4122 http fetch GET 503 https://packages.applied-caas-gateway1.internal.api.openai.org/artifactory/api/npm/npm-public/globals/-/globals-16.4.0.tgz 70687ms attempt #3 (cache skip)
4123 http fetch GET https://packages.applied-caas-gateway1.internal.api.openai.org/artifactory/api/npm/npm-public/ajv-keywords/-/ajv-keywords-5.1.0.tgz attempt 3 failed with 503
4124 http fetch GET 503 https://packages.applied-caas-gateway1.internal.api.openai.org/artifactory/api/npm/npm-public/ajv-keywords/-/ajv-keywords-5.1.0.tgz 70691ms attempt #3 (cache skip)
4125 http fetch GET https://packages.applied-caas-gateway1.internal.api.openai.org/artifactory/api/npm/npm-public/debug/-/debug-3.2.7.tgz attempt 3 failed with 503
4126 http fetch GET 503 https://packages.applied-caas-gateway1.internal.api.openai.org/artifactory/api/npm/npm-public/debug/-/debug-3.2.7.tgz 70691ms attempt #3 (cache skip)
4127 http fetch GET https://packages.applied-caas-gateway1.internal.api.openai.org/artifactory/api/npm/npm-public/glob-parent/-/glob-parent-5.1.2.tgz attempt 3 failed with 503
4128 http fetch GET 503 https://packages.applied-caas-gateway1.internal.api.openai.org/artifactory/api/npm/npm-public/glob-parent/-/glob-parent-5.1.2.tgz 70692ms attempt #3 (cache skip)
4129 http fetch GET https://packages.applied-caas-gateway1.internal.api.openai.org/artifactory/api/npm/npm-public/esbuild/-/esbuild-0.25.12.tgz attempt 3 failed with 503
4130 http fetch GET 503 https://packages.applied-caas-gateway1.internal.api.openai.org/artifactory/api/npm/npm-public/esbuild/-/esbuild-0.25.12.tgz 70692ms attempt #3 (cache skip)
4131 http fetch GET https://packages.applied-caas-gateway1.internal.api.openai.org/artifactory/api/npm/npm-public/semver/-/semver-7.8.0.tgz attempt 3 failed with 503
4132 http fetch GET 503 https://packages.applied-caas-gateway1.internal.api.openai.org/artifactory/api/npm/npm-public/semver/-/semver-7.8.0.tgz 70693ms attempt #3 (cache skip)
4133 http fetch GET https://packages.applied-caas-gateway1.internal.api.openai.org/artifactory/api/npm/npm-public/json-schema-traverse/-/json-schema-traverse-1.0.0.tgz attempt 3 failed with 503
4134 http fetch GET 503 https://packages.applied-caas-gateway1.internal.api.openai.org/artifactory/api/npm/npm-public/json-schema-traverse/-/json-schema-traverse-1.0.0.tgz 70693ms attempt #3 (cache skip)
4135 http fetch GET https://packages.applied-caas-gateway1.internal.api.openai.org/artifactory/api/npm/npm-public/@esbuild/linux-x64/-/linux-x64-0.25.12.tgz attempt 3 failed with 503
4136 http fetch GET 503 https://packages.applied-caas-gateway1.internal.api.openai.org/artifactory/api/npm/npm-public/@esbuild/linux-x64/-/linux-x64-0.25.12.tgz 70695ms attempt #3 (cache skip)
4137 verbose reify failed optional dependency /mnt/data/technologia_work/node_modules/drizzle-kit/node_modules/@esbuild/linux-x64
4138 silly reify mark deleted [
4138 silly reify   '/mnt/data/technologia_work/node_modules/drizzle-kit/node_modules/@esbuild/linux-x64'
4138 silly reify ]
4139 http fetch GET https://packages.applied-caas-gateway1.internal.api.openai.org/artifactory/api/npm/npm-public/ajv/-/ajv-8.20.0.tgz attempt 3 failed with 503
4140 http fetch GET 503 https://packages.applied-caas-gateway1.internal.api.openai.org/artifactory/api/npm/npm-public/ajv/-/ajv-8.20.0.tgz 70696ms attempt #3 (cache skip)
4141 http fetch GET https://packages.applied-caas-gateway1.internal.api.openai.org/artifactory/api/npm/npm-public/debug/-/debug-3.2.7.tgz attempt 3 failed with 503
4142 http fetch GET 503 https://packages.applied-caas-gateway1.internal.api.openai.org/artifactory/api/npm/npm-public/debug/-/debug-3.2.7.tgz 70698ms attempt #3 (cache skip)
4143 verbose stack HttpErrorGeneral: 503 Service Temporarily Unavailable - GET https://packages.applied-caas-gateway1.internal.api.openai.org/artifactory/api/npm/npm-public/@xtuc/long/-/long-4.2.2.tgz
4143 verbose stack     at /opt/nvm/versions/node/v22.16.0/lib/node_modules/npm/node_modules/npm-registry-fetch/lib/check-response.js:103:15
4143 verbose stack     at process.processTicksAndRejections (node:internal/process/task_queues:105:5)
4144 verbose statusCode 503
4145 verbose pkgid @xtuc/long@https://packages.applied-caas-gateway1.internal.api.openai.org/artifactory/api/npm/npm-public/@xtuc/long/-/long-4.2.2.tgz
4146 error code E503
4147 error 503 Service Temporarily Unavailable - GET https://packages.applied-caas-gateway1.internal.api.openai.org/artifactory/api/npm/npm-public/@xtuc/long/-/long-4.2.2.tgz
4148 silly unfinished npm timer reify 1784995790593
4149 silly unfinished npm timer reify:unpack 1784995790993
4150 silly unfinished npm timer reifyNode:node_modules/@xtuc/long 1784995790993
4151 silly unfinished npm timer reifyNode:node_modules/@xtuc/ieee754 1784995790993
4152 silly unfinished npm timer reifyNode:node_modules/@webassemblyjs/wast-printer 1784995790993
4153 silly unfinished npm timer reifyNode:node_modules/@webassemblyjs/wasm-parser 1784995790993
4154 silly unfinished npm timer reifyNode:node_modules/@webassemblyjs/wasm-opt 1784995790993
4155 silly unfinished npm timer reifyNode:node_modules/@webassemblyjs/wasm-gen 1784995790993
4156 silly unfinished npm timer reifyNode:node_modules/@webassemblyjs/wasm-edit 1784995790993
4157 silly unfinished npm timer reifyNode:node_modules/@webassemblyjs/utf8 1784995790993
4158 silly unfinished npm timer reifyNode:node_modules/@webassemblyjs/leb128 1784995790993
4159 silly unfinished npm timer reifyNode:node_modules/@webassemblyjs/ieee754 1784995790993
4160 silly unfinished npm timer reifyNode:node_modules/@webassemblyjs/helper-wasm-section 1784995790993
4161 silly unfinished npm timer reifyNode:node_modules/@webassemblyjs/helper-wasm-bytecode 1784995790993
4162 silly unfinished npm timer reifyNode:node_modules/@webassemblyjs/helper-numbers 1784995790993
4163 silly unfinished npm timer reifyNode:node_modules/@webassemblyjs/helper-buffer 1784995790993
4164 silly unfinished npm timer reifyNode:node_modules/@webassemblyjs/helper-api-error 1784995790993
4165 silly unfinished npm timer reifyNode:node_modules/@webassemblyjs/floating-point-hex-parser 1784995790993
4166 silly unfinished npm timer reifyNode:node_modules/@webassemblyjs/ast 1784995790994
4167 silly unfinished npm timer reifyNode:node_modules/@vitejs/plugin-rsc 1784995790994
4168 silly unfinished npm timer reifyNode:node_modules/@vitejs/plugin-rsc/node_modules/@rolldown/pluginutils 1784995790994
4169 silly unfinished npm timer reifyNode:node_modules/@vitejs/plugin-react 1784995790994
4170 silly unfinished npm timer reifyNode:node_modules/@vercel/og 1784995790994
4171 silly unfinished npm timer reifyNode:node_modules/@unpic/react 1784995790994
4172 silly unfinished npm timer reifyNode:node_modules/@unpic/core 1784995790994
4173 silly unfinished npm timer reifyNode:node_modules/@typescript-eslint/visitor-keys 1784995790994
4174 silly unfinished npm timer reifyNode:node_modules/@typescript-eslint/visitor-keys/node_modules/eslint-visitor-keys 1784995790994
4175 silly unfinished npm timer reifyNode:node_modules/@typescript-eslint/utils 1784995790994
4176 silly unfinished npm timer reifyNode:node_modules/@typescript-eslint/typescript-estree 1784995790994
4177 silly unfinished npm timer reifyNode:node_modules/@typescript-eslint/typescript-estree/node_modules/minimatch 1784995790994
4178 silly unfinished npm timer reifyNode:node_modules/@typescript-eslint/typescript-estree/node_modules/semver 1784995790994
4179 silly unfinished npm timer reifyNode:node_modules/@typescript-eslint/typescript-estree/node_modules/balanced-match 1784995790994
4180 silly unfinished npm timer reifyNode:node_modules/@typescript-eslint/typescript-estree/node_modules/brace-expansion 1784995790994
4181 silly unfinished npm timer reifyNode:node_modules/@typescript-eslint/types 1784995790994
4182 silly unfinished npm timer reifyNode:node_modules/@typescript-eslint/type-utils 1784995790994
4183 silly unfinished npm timer reifyNode:node_modules/@typescript-eslint/tsconfig-utils 1784995790994
4184 silly unfinished npm timer reifyNode:node_modules/@typescript-eslint/scope-manager 1784995790994
4185 silly unfinished npm timer reifyNode:node_modules/@typescript-eslint/project-service 1784995790994
4186 silly unfinished npm timer reifyNode:node_modules/@typescript-eslint/parser 1784995790994
4187 silly unfinished npm timer reifyNode:node_modules/@typescript-eslint/eslint-plugin 1784995790994
4188 silly unfinished npm timer reifyNode:node_modules/@typescript-eslint/eslint-plugin/node_modules/ignore 1784995790994
4189 silly unfinished npm timer reifyNode:node_modules/@types/react-dom 1784995790994
4190 silly unfinished npm timer reifyNode:node_modules/@types/react 1784995790994
4191 silly unfinished npm timer reifyNode:node_modules/@types/node 1784995790994
4192 silly unfinished npm timer reifyNode:node_modules/@types/json5 1784995790994
4193 silly unfinished npm timer reifyNode:node_modules/@types/json-schema 1784995790994
4194 silly unfinished npm timer reifyNode:node_modules/@types/estree 1784995790994
4195 silly unfinished npm timer reifyNode:node_modules/@types/eslint-scope 1784995790994
4196 silly unfinished npm timer reifyNode:node_modules/@types/eslint 1784995790994
4197 silly unfinished npm timer reifyNode:node_modules/@tailwindcss/postcss 1784995790994
4198 silly unfinished npm timer reifyNode:node_modules/@tailwindcss/node 1784995790994
4199 silly unfinished npm timer reifyNode:node_modules/@tailwindcss/oxide 1784995790994
4200 silly unfinished npm timer reifyNode:node_modules/@swc/helpers 1784995790994
4201 silly unfinished npm timer reifyNode:node_modules/@speed-highlight/core 1784995790994
4202 silly unfinished npm timer reifyNode:node_modules/@sindresorhus/is 1784995790994
4203 silly unfinished npm timer reifyNode:node_modules/@shuding/opentype.js 1784995790994
4204 silly unfinished npm timer reifyNode:node_modules/@rtsao/scc 1784995790994
4205 silly unfinished npm timer reifyNode:node_modules/@rolldown/pluginutils 1784995790994
4206 silly unfinished npm timer reifyNode:node_modules/@resvg/resvg-wasm 1784995790994
4207 silly unfinished npm timer reifyNode:node_modules/@poppinss/exception 1784995790994
4208 silly unfinished npm timer reifyNode:node_modules/@poppinss/dumper 1784995790994
4209 silly unfinished npm timer reifyNode:node_modules/@poppinss/dumper/node_modules/supports-color 1784995790994
4210 silly unfinished npm timer reifyNode:node_modules/@poppinss/colors 1784995790994
4211 silly unfinished npm timer reifyNode:node_modules/@oxc-project/types 1784995790994
4212 silly unfinished npm timer reifyNode:node_modules/@nolyfill/is-core-module 1784995790994
4213 silly unfinished npm timer reifyNode:node_modules/@nodelib/fs.walk 1784995790994
4214 silly unfinished npm timer reifyNode:node_modules/@nodelib/fs.stat 1784995790994
4215 silly unfinished npm timer reifyNode:node_modules/@nodelib/fs.scandir 1784995790994
4216 silly unfinished npm timer reifyNode:node_modules/@next/eslint-plugin-next 1784995790994
4217 silly unfinished npm timer reifyNode:node_modules/@next/env 1784995790994
4218 silly unfinished npm timer reifyNode:node_modules/@jridgewell/trace-mapping 1784995790994
4219 silly unfinished npm timer reifyNode:node_modules/@jridgewell/sourcemap-codec 1784995790994
4220 silly unfinished npm timer reifyNode:node_modules/@jridgewell/source-map 1784995790994
4221 silly unfinished npm timer reifyNode:node_modules/@jridgewell/resolve-uri 1784995790994
4222 silly unfinished npm timer reifyNode:node_modules/@jridgewell/remapping 1784995790995
4223 silly unfinished npm timer reifyNode:node_modules/@jridgewell/gen-mapping 1784995790995
4224 silly unfinished npm timer reifyNode:node_modules/@img/colour 1784995790995
4225 silly unfinished npm timer reifyNode:node_modules/@humanwhocodes/retry 1784995790995
4226 silly unfinished npm timer reifyNode:node_modules/@humanwhocodes/module-importer 1784995790995
4227 silly unfinished npm timer reifyNode:node_modules/@humanfs/types 1784995790995
4228 silly unfinished npm timer reifyNode:node_modules/@humanfs/node 1784995790995
4229 silly unfinished npm timer reifyNode:node_modules/@humanfs/core 1784995790995
4230 silly unfinished npm timer reifyNode:node_modules/@eslint-community/regexpp 1784995790995
4231 silly unfinished npm timer reifyNode:node_modules/@eslint-community/eslint-utils 1784995790995
4232 silly unfinished npm timer reifyNode:node_modules/@eslint-community/eslint-utils/node_modules/eslint-visitor-keys 1784995790995
4233 silly unfinished npm timer reifyNode:node_modules/@eslint/plugin-kit 1784995790995
4234 silly unfinished npm timer reifyNode:node_modules/@eslint/object-schema 1784995790995
4235 silly unfinished npm timer reifyNode:node_modules/@eslint/js 1784995790995
4236 silly unfinished npm timer reifyNode:node_modules/@eslint/eslintrc 1784995790995
4237 silly unfinished npm timer reifyNode:node_modules/@eslint/core 1784995790995
4238 silly unfinished npm timer reifyNode:node_modules/@eslint/config-helpers 1784995790995
4239 silly unfinished npm timer reifyNode:node_modules/@eslint/config-array 1784995790995
4240 silly unfinished npm timer reifyNode:node_modules/@esbuild-kit/esm-loader 1784995790995
4241 silly unfinished npm timer reifyNode:node_modules/@esbuild-kit/core-utils 1784995790995
4242 silly unfinished npm timer reifyNode:node_modules/@esbuild-kit/core-utils/node_modules/esbuild 1784995790995
4243 silly unfinished npm timer reifyNode:node_modules/@drizzle-team/brocli 1784995790995
4244 silly unfinished npm timer reifyNode:node_modules/@cspotcode/source-map-support 1784995790995
4245 silly unfinished npm timer reifyNode:node_modules/@cspotcode/source-map-support/node_modules/@jridgewell/trace-mapping 1784995790995
4246 silly unfinished npm timer reifyNode:node_modules/@cloudflare/vite-plugin 1784995790995
4247 silly unfinished npm timer reifyNode:node_modules/@cloudflare/unenv-preset 1784995790995
4248 silly unfinished npm timer reifyNode:node_modules/@cloudflare/kv-asset-handler 1784995790995
4249 silly unfinished npm timer reifyNode:node_modules/@babel/types 1784995790995
4250 silly unfinished npm timer reifyNode:node_modules/@babel/traverse 1784995790995
4251 silly unfinished npm timer reifyNode:node_modules/@babel/template 1784995790995
4252 silly unfinished npm timer reifyNode:node_modules/@babel/parser 1784995790995
4253 silly unfinished npm timer reifyNode:node_modules/@babel/helpers 1784995790995
4254 silly unfinished npm timer reifyNode:node_modules/@babel/helper-validator-option 1784995790995
4255 silly unfinished npm timer reifyNode:node_modules/@babel/helper-validator-identifier 1784995790995
4256 silly unfinished npm timer reifyNode:node_modules/@babel/helper-string-parser 1784995790995
4257 silly unfinished npm timer reifyNode:node_modules/@babel/helper-module-transforms 1784995790995
4258 silly unfinished npm timer reifyNode:node_modules/@babel/helper-module-imports 1784995790995
4259 silly unfinished npm timer reifyNode:node_modules/@babel/helper-globals 1784995790995
4260 silly unfinished npm timer reifyNode:node_modules/@babel/helper-compilation-targets 1784995790995
4261 silly unfinished npm timer reifyNode:node_modules/@babel/generator 1784995790995
4262 silly unfinished npm timer reifyNode:node_modules/@babel/core 1784995790995
4263 silly unfinished npm timer reifyNode:node_modules/@babel/compat-data 1784995790995
4264 silly unfinished npm timer reifyNode:node_modules/@babel/code-frame 1784995790995
4265 silly unfinished npm timer reifyNode:node_modules/@alloc/quick-lru 1784995790995
4266 silly unfinished npm timer reifyNode:node_modules/zod-validation-error 1784995790995
4267 silly unfinished npm timer reifyNode:node_modules/zod 1784995790996
4268 silly unfinished npm timer reifyNode:node_modules/youch-core 1784995790996
4269 silly unfinished npm timer reifyNode:node_modules/youch 1784995790996
4270 silly unfinished npm timer reifyNode:node_modules/yoga-layout 1784995790996
4271 silly unfinished npm timer reifyNode:node_modules/yocto-queue 1784995790996
4272 silly unfinished npm timer reifyNode:node_modules/yallist 1784995790996
4273 silly unfinished npm timer reifyNode:node_modules/ws 1784995790996
4274 silly unfinished npm timer reifyNode:node_modules/wrangler 1784995790996
4275 silly unfinished npm timer reifyNode:node_modules/wrangler/node_modules/esbuild 1784995790996
4276 silly unfinished npm timer reifyNode:node_modules/workerd 1784995790996
4277 silly unfinished npm timer reifyNode:node_modules/word-wrap 1784995790996
4278 silly unfinished npm timer reifyNode:node_modules/which-typed-array 1784995790996
4279 silly unfinished npm timer reifyNode:node_modules/which-collection 1784995790996
4280 silly unfinished npm timer reifyNode:node_modules/which-builtin-type 1784995790996
4281 silly unfinished npm timer reifyNode:node_modules/which-boxed-primitive 1784995790996
4282 silly unfinished npm timer reifyNode:node_modules/which 1784995790996
4283 silly unfinished npm timer reifyNode:node_modules/webpack-sources 1784995790996
4284 silly unfinished npm timer reifyNode:node_modules/webpack 1784995790996
4285 silly unfinished npm timer reifyNode:node_modules/webpack/node_modules/estraverse 1784995790996
4286 silly unfinished npm timer reifyNode:node_modules/webpack/node_modules/eslint-scope 1784995790996
4287 silly unfinished npm timer reifyNode:node_modules/web-vitals 1784995790996
4288 silly unfinished npm timer reifyNode:node_modules/watchpack 1784995790996
4289 silly unfinished npm timer reifyNode:node_modules/vitefu 1784995790996
4290 silly unfinished npm timer reifyNode:node_modules/vite-tsconfig-paths 1784995790996
4291 silly unfinished npm timer reifyNode:node_modules/vite-plugin-dynamic-import 1784995790996
4292 silly unfinished npm timer reifyNode:node_modules/vite-plugin-dynamic-import/node_modules/glob-parent 1784995790996
4293 silly unfinished npm timer reifyNode:node_modules/vite-plugin-dynamic-import/node_modules/fast-glob 1784995790996
4294 silly unfinished npm timer reifyNode:node_modules/vite-plugin-dynamic-import/node_modules/es-module-lexer 1784995790996
4295 silly unfinished npm timer reifyNode:node_modules/vite-plugin-commonjs 1784995790996
4296 silly unfinished npm timer reifyNode:node_modules/vite 1784995790996
4297 silly unfinished npm timer reifyNode:node_modules/vite/node_modules/picomatch 1784995790996
4298 silly unfinished npm timer reifyNode:node_modules/vite/node_modules/lightningcss 1784995790996
4299 silly unfinished npm timer reifyNode:node_modules/vinext 1784995790996
4300 silly unfinished npm timer reifyNode:node_modules/uri-js 1784995790996
4301 silly unfinished npm timer reifyNode:node_modules/update-browserslist-db 1784995790996
4302 silly unfinished npm timer reifyNode:node_modules/unrs-resolver 1784995790996
4303 silly unfinished npm timer reifyNode:node_modules/unpic 1784995790996
4304 silly unfinished npm timer reifyNode:node_modules/unicode-trie 1784995790996
4305 silly unfinished npm timer reifyNode:node_modules/unenv 1784995790996
4306 silly unfinished npm timer reifyNode:node_modules/undici-types 1784995790996
4307 silly unfinished npm timer reifyNode:node_modules/undici 1784995790996
4308 silly unfinished npm timer reifyNode:node_modules/unbox-primitive 1784995790996
4309 silly unfinished npm timer reifyNode:node_modules/typescript-eslint 1784995790996
4310 silly unfinished npm timer reifyNode:node_modules/typescript 1784995790996
4311 silly unfinished npm timer reifyNode:node_modules/typed-array-length 1784995790996
4312 silly unfinished npm timer reifyNode:node_modules/typed-array-byte-offset 1784995790996
4313 silly unfinished npm timer reifyNode:node_modules/typed-array-byte-length 1784995790996
4314 silly unfinished npm timer reifyNode:node_modules/typed-array-buffer 1784995790996
4315 silly unfinished npm timer reifyNode:node_modules/type-check 1784995790996
4316 silly unfinished npm timer reifyNode:node_modules/turbo-stream 1784995790996
4317 silly unfinished npm timer reifyNode:node_modules/tsx 1784995790996
4318 silly unfinished npm timer reifyNode:node_modules/tslib 1784995790996
4319 silly unfinished npm timer reifyNode:node_modules/tsconfig-paths 1784995790996
4320 silly unfinished npm timer reifyNode:node_modules/tsconfig-paths/node_modules/json5 1784995790996
4321 silly unfinished npm timer reifyNode:node_modules/tsconfck 1784995790996
4322 silly unfinished npm timer reifyNode:node_modules/ts-api-utils 1784995790996
4323 silly unfinished npm timer reifyNode:node_modules/to-regex-range 1784995790996
4324 silly unfinished npm timer reifyNode:node_modules/tinyglobby 1784995790996
4325 silly unfinished npm timer reifyNode:node_modules/tinyglobby/node_modules/picomatch 1784995790996
4326 silly unfinished npm timer reifyNode:node_modules/tinyglobby/node_modules/fdir 1784995790996
4327 silly unfinished npm timer reifyNode:node_modules/tiny-inflate 1784995790996
4328 silly unfinished npm timer reifyNode:node_modules/terser-webpack-plugin 1784995790996
4329 silly unfinished npm timer reifyNode:node_modules/terser 1784995790996
4330 silly unfinished npm timer reifyNode:node_modules/tapable 1784995790996
4331 silly unfinished npm timer reifyNode:node_modules/tailwindcss 1784995790996
4332 silly unfinished npm timer reifyNode:node_modules/supports-preserve-symlinks-flag 1784995790996
4333 silly unfinished npm timer reifyNode:node_modules/supports-color 1784995790996
4334 silly unfinished npm timer reifyNode:node_modules/styled-jsx 1784995790996
4335 silly unfinished npm timer reifyNode:node_modules/strip-literal 1784995790996
4336 silly unfinished npm timer reifyNode:node_modules/strip-literal/node_modules/js-tokens 1784995790996
4337 silly unfinished npm timer reifyNode:node_modules/strip-json-comments 1784995790996
4338 silly unfinished npm timer reifyNode:node_modules/strip-bom 1784995790996
4339 silly unfinished npm timer reifyNode:node_modules/string.prototype.trimstart 1784995790996
4340 silly unfinished npm timer reifyNode:node_modules/string.prototype.trimend 1784995790996
4341 silly unfinished npm timer reifyNode:node_modules/string.prototype.trim 1784995790996
4342 silly unfinished npm timer reifyNode:node_modules/string.prototype.repeat 1784995790996
4343 silly unfinished npm timer reifyNode:node_modules/string.prototype.matchall 1784995790996
4344 silly unfinished npm timer reifyNode:node_modules/string.prototype.includes 1784995790996
4345 silly unfinished npm timer reifyNode:node_modules/string.prototype.codepointat 1784995790996
4346 silly unfinished npm timer reifyNode:node_modules/stop-iteration-iterator 1784995790996
4347 silly unfinished npm timer reifyNode:node_modules/stable-hash 1784995790996
4348 silly unfinished npm timer reifyNode:node_modules/srvx 1784995790996
4349 silly unfinished npm timer reifyNode:node_modules/source-map-support 1784995790996
4350 silly unfinished npm timer reifyNode:node_modules/source-map-js 1784995790996
4351 silly unfinished npm timer reifyNode:node_modules/source-map 1784995790996
4352 silly unfinished npm timer reifyNode:node_modules/side-channel-weakmap 1784995790996
4353 silly unfinished npm timer reifyNode:node_modules/side-channel-map 1784995790996
4354 silly unfinished npm timer reifyNode:node_modules/side-channel-list 1784995790996
4355 silly unfinished npm timer reifyNode:node_modules/side-channel 1784995790996
4356 silly unfinished npm timer reifyNode:node_modules/shebang-regex 1784995790996
4357 silly unfinished npm timer reifyNode:node_modules/shebang-command 1784995790996
4358 silly unfinished npm timer reifyNode:node_modules/sharp 1784995790996
4359 silly unfinished npm timer reifyNode:node_modules/sharp/node_modules/semver 1784995790996
4360 silly unfinished npm timer reifyNode:node_modules/set-proto 1784995790996
4361 silly unfinished npm timer reifyNode:node_modules/set-function-name 1784995790996
4362 silly unfinished npm timer reifyNode:node_modules/set-function-length 1784995790996
4363 silly unfinished npm timer reifyNode:node_modules/semver 1784995790996
4364 silly unfinished npm timer reifyNode:node_modules/schema-utils 1784995790996
4365 silly unfinished npm timer reifyNode:node_modules/schema-utils/node_modules/json-schema-traverse 1784995790996
4366 silly unfinished npm timer reifyNode:node_modules/schema-utils/node_modules/ajv-keywords 1784995790996
4367 silly unfinished npm timer reifyNode:node_modules/schema-utils/node_modules/ajv 1784995790996
4368 silly unfinished npm timer reifyNode:node_modules/scheduler 1784995790996
4369 silly unfinished npm timer reifyNode:node_modules/satori 1784995790996
4370 silly unfinished npm timer reifyNode:node_modules/safe-regex-test 1784995790996
4371 silly unfinished npm timer reifyNode:node_modules/safe-push-apply 1784995790996
4372 silly unfinished npm timer reifyNode:node_modules/safe-array-concat 1784995790996
4373 silly unfinished npm timer reifyNode:node_modules/run-parallel 1784995790996
4374 silly unfinished npm timer reifyNode:node_modules/rolldown 1784995790996
4375 silly unfinished npm timer reifyNode:node_modules/reusify 1784995790996
4376 silly unfinished npm timer reifyNode:node_modules/resolve-pkg-maps 1784995790996
4377 silly unfinished npm timer reifyNode:node_modules/resolve-from 1784995790997
4378 silly unfinished npm timer reifyNode:node_modules/resolve 1784995790997
4379 silly unfinished npm timer reifyNode:node_modules/require-from-string 1784995790997
4380 silly unfinished npm timer reifyNode:node_modules/regexp.prototype.flags 1784995790997
4381 silly unfinished npm timer reifyNode:node_modules/reflect.getprototypeof 1784995790997
4382 silly unfinished npm timer reifyNode:node_modules/react-server-dom-webpack 1784995790997
4383 silly unfinished npm timer reifyNode:node_modules/react-is 1784995790997
4384 silly unfinished npm timer reifyNode:node_modules/react-dom 1784995790997
4385 silly unfinished npm timer reifyNode:node_modules/react 1784995790997
4386 silly unfinished npm timer reifyNode:node_modules/queue-microtask 1784995790997
4387 silly unfinished npm timer reifyNode:node_modules/punycode 1784995790997
4388 silly unfinished npm timer reifyNode:node_modules/prop-types 1784995790997
4389 silly unfinished npm timer reifyNode:node_modules/prelude-ls 1784995790997
4390 silly unfinished npm timer reifyNode:node_modules/postcss-value-parser 1784995790997
4391 silly unfinished npm timer reifyNode:node_modules/postcss 1784995790997
4392 silly unfinished npm timer reifyNode:node_modules/possible-typed-array-names 1784995790997
4393 silly unfinished npm timer reifyNode:node_modules/picomatch 1784995790997
4394 silly unfinished npm timer reifyNode:node_modules/picocolors 1784995790997
4395 silly unfinished npm timer reifyNode:node_modules/pathe 1784995790997
4396 silly unfinished npm timer reifyNode:node_modules/path-to-regexp 1784995790997
4397 silly unfinished npm timer reifyNode:node_modules/path-parse 1784995790997
4398 silly unfinished npm timer reifyNode:node_modules/path-key 1784995790997
4399 silly unfinished npm timer reifyNode:node_modules/path-exists 1784995790997
4400 silly unfinished npm timer reifyNode:node_modules/parse-css-color 1784995790997
4401 silly unfinished npm timer reifyNode:node_modules/parent-module 1784995790997
4402 silly unfinished npm timer reifyNode:node_modules/pako 1784995790997
4403 silly unfinished npm timer reifyNode:node_modules/p-locate 1784995790997
4404 silly unfinished npm timer reifyNode:node_modules/p-limit 1784995790997
4405 silly unfinished npm timer reifyNode:node_modules/own-keys 1784995790997
4406 silly unfinished npm timer reifyNode:node_modules/optionator 1784995790997
4407 silly unfinished npm timer reifyNode:node_modules/object.values 1784995790997
4408 silly unfinished npm timer reifyNode:node_modules/object.groupby 1784995790997
4409 silly unfinished npm timer reifyNode:node_modules/object.fromentries 1784995790997
4410 silly unfinished npm timer reifyNode:node_modules/object.entries 1784995790997
4411 silly unfinished npm timer reifyNode:node_modules/object.assign 1784995790997
4412 silly unfinished npm timer reifyNode:node_modules/object-keys 1784995790997
4413 silly unfinished npm timer reifyNode:node_modules/object-inspect 1784995790997
4414 silly unfinished npm timer reifyNode:node_modules/object-assign 1784995790997
4415 silly unfinished npm timer reifyNode:node_modules/node-releases 1784995790997
4416 silly unfinished npm timer reifyNode:node_modules/node-exports-info 1784995790997
4417 silly unfinished npm timer reifyNode:node_modules/next 1784995790997
4418 silly unfinished npm timer reifyNode:node_modules/next/node_modules/postcss 1784995790997
4419 silly unfinished npm timer reifyNode:node_modules/neo-async 1784995790997
4420 silly unfinished npm timer reifyNode:node_modules/natural-compare 1784995790997
4421 silly unfinished npm timer reifyNode:node_modules/napi-postinstall 1784995790997
4422 silly unfinished npm timer reifyNode:node_modules/nanoid 1784995790997
4423 silly unfinished npm timer reifyNode:node_modules/ms 1784995790997
4424 silly unfinished npm timer reifyNode:node_modules/minimist 1784995790997
4425 silly unfinished npm timer reifyNode:node_modules/minimatch 1784995790997
4426 silly unfinished npm timer reifyNode:node_modules/miniflare 1784995790997
4427 silly unfinished npm timer reifyNode:node_modules/mime-db 1784995790997
4428 silly unfinished npm timer reifyNode:node_modules/micromatch 1784995790997
4429 silly unfinished npm timer reifyNode:node_modules/merge2 1784995790997
4430 silly unfinished npm timer reifyNode:node_modules/merge-stream 1784995790997
4431 silly unfinished npm timer reifyNode:node_modules/math-intrinsics 1784995790997
4432 silly unfinished npm timer reifyNode:node_modules/magic-string 1784995790997
4433 silly unfinished npm timer reifyNode:node_modules/lru-cache 1784995790997
4434 silly unfinished npm timer reifyNode:node_modules/loose-envify 1784995790997
4435 silly unfinished npm timer reifyNode:node_modules/lodash.merge 1784995790997
4436 silly unfinished npm timer reifyNode:node_modules/locate-path 1784995790997
4437 silly unfinished npm timer reifyNode:node_modules/loader-runner 1784995790997
4438 silly unfinished npm timer reifyNode:node_modules/linebreak 1784995790997
4439 silly unfinished npm timer reifyNode:node_modules/lightningcss 1784995790997
4440 silly unfinished npm timer reifyNode:node_modules/levn 1784995790997
4441 silly unfinished npm timer reifyNode:node_modules/language-tags 1784995790997
4442 silly unfinished npm timer reifyNode:node_modules/language-subtag-registry 1784995790997
4443 silly unfinished npm timer reifyNode:node_modules/kleur 1784995790997
4444 silly unfinished npm timer reifyNode:node_modules/keyv 1784995790997
4445 silly unfinished npm timer reifyNode:node_modules/jsx-ast-utils 1784995790997
4446 silly unfinished npm timer reifyNode:node_modules/json5 1784995790997
4447 silly unfinished npm timer reifyNode:node_modules/json-stable-stringify-without-jsonify 1784995790997
4448 silly unfinished npm timer reifyNode:node_modules/json-schema-traverse 1784995790997
4449 silly unfinished npm timer reifyNode:node_modules/json-buffer 1784995790997
4450 silly unfinished npm timer reifyNode:node_modules/jsesc 1784995790997
4451 silly unfinished npm timer reifyNode:node_modules/js-yaml 1784995790997
4452 silly unfinished npm timer reifyNode:node_modules/js-tokens 1784995790997
4453 silly unfinished npm timer reifyNode:node_modules/jiti 1784995790997
4454 silly unfinished npm timer reifyNode:node_modules/jest-worker 1784995790997
4455 silly unfinished npm timer reifyNode:node_modules/jest-worker/node_modules/supports-color 1784995790997
4456 silly unfinished npm timer reifyNode:node_modules/iterator.prototype 1784995790997
4457 silly unfinished npm timer reifyNode:node_modules/isexe 1784995790997
4458 silly unfinished npm timer reifyNode:node_modules/isarray 1784995790997
4459 silly unfinished npm timer reifyNode:node_modules/is-weakset 1784995790997
4460 silly unfinished npm timer reifyNode:node_modules/is-weakref 1784995790997
4461 silly unfinished npm timer reifyNode:node_modules/is-weakmap 1784995790997
4462 silly unfinished npm timer reifyNode:node_modules/is-typed-array 1784995790997
4463 silly unfinished npm timer reifyNode:node_modules/is-symbol 1784995790997
4464 silly unfinished npm timer reifyNode:node_modules/is-string 1784995790997
4465 silly unfinished npm timer reifyNode:node_modules/is-shared-array-buffer 1784995790997
4466 silly unfinished npm timer reifyNode:node_modules/is-set 1784995790997
4467 silly unfinished npm timer reifyNode:node_modules/is-regex 1784995790997
4468 silly unfinished npm timer reifyNode:node_modules/is-number-object 1784995790997
4469 silly unfinished npm timer reifyNode:node_modules/is-number 1784995790997
4470 silly unfinished npm timer reifyNode:node_modules/is-negative-zero 1784995790997
4471 silly unfinished npm timer reifyNode:node_modules/is-map 1784995790997
4472 silly unfinished npm timer reifyNode:node_modules/is-glob 1784995790997
4473 silly unfinished npm timer reifyNode:node_modules/is-generator-function 1784995790997
4474 silly unfinished npm timer reifyNode:node_modules/is-finalizationregistry 1784995790997
4475 silly unfinished npm timer reifyNode:node_modules/is-extglob 1784995790998
4476 silly unfinished npm timer reifyNode:node_modules/is-date-object 1784995790998
4477 silly unfinished npm timer reifyNode:node_modules/is-data-view 1784995790998
4478 silly unfinished npm timer reifyNode:node_modules/is-core-module 1784995790998
4479 silly unfinished npm timer reifyNode:node_modules/is-callable 1784995790998
4480 silly unfinished npm timer reifyNode:node_modules/is-bun-module 1784995790998
4481 silly unfinished npm timer reifyNode:node_modules/is-bun-module/node_modules/semver 1784995790998
4482 silly unfinished npm timer reifyNode:node_modules/is-boolean-object 1784995790998
4483 silly unfinished npm timer reifyNode:node_modules/is-bigint 1784995790998
4484 silly unfinished npm timer reifyNode:node_modules/is-async-function 1784995790998
4485 silly unfinished npm timer reifyNode:node_modules/is-array-buffer 1784995790998
4486 silly unfinished npm timer reifyNode:node_modules/ipaddr.js 1784995790998
4487 silly unfinished npm timer reifyNode:node_modules/internal-slot 1784995790998
4488 silly unfinished npm timer reifyNode:node_modules/imurmurhash 1784995790998
4489 silly unfinished npm timer reifyNode:node_modules/import-fresh 1784995790998
4490 silly unfinished npm timer reifyNode:node_modules/image-size 1784995790998
4491 silly unfinished npm timer reifyNode:node_modules/ignore 1784995790998
4492 silly unfinished npm timer reifyNode:node_modules/hex-rgb 1784995790998
4493 silly unfinished npm timer reifyNode:node_modules/hermes-parser 1784995790998
4494 silly unfinished npm timer reifyNode:node_modules/hermes-estree 1784995790998
4495 silly unfinished npm timer reifyNode:node_modules/hasown 1784995790998
4496 silly unfinished npm timer reifyNode:node_modules/has-tostringtag 1784995790998
4497 silly unfinished npm timer reifyNode:node_modules/has-symbols 1784995790998
4498 silly unfinished npm timer reifyNode:node_modules/has-proto 1784995790998
4499 silly unfinished npm timer reifyNode:node_modules/has-property-descriptors 1784995790998
4500 silly unfinished npm timer reifyNode:node_modules/has-flag 1784995790998
4501 silly unfinished npm timer reifyNode:node_modules/has-bigints 1784995790998
4502 silly unfinished npm timer reifyNode:node_modules/graceful-fs 1784995790998
4503 silly unfinished npm timer reifyNode:node_modules/gopd 1784995790998
4504 silly unfinished npm timer reifyNode:node_modules/globrex 1784995790998
4505 silly unfinished npm timer reifyNode:node_modules/globalthis 1784995790998
4506 silly unfinished npm timer reifyNode:node_modules/globals 1784995790998
4507 silly unfinished npm timer reifyNode:node_modules/glob-to-regexp 1784995790998
4508 silly unfinished npm timer reifyNode:node_modules/glob-parent 1784995790998
4509 silly unfinished npm timer reifyNode:node_modules/get-tsconfig 1784995790998
4510 silly unfinished npm timer reifyNode:node_modules/get-symbol-description 1784995790998
4511 silly unfinished npm timer reifyNode:node_modules/get-proto 1784995790998
4512 silly unfinished npm timer reifyNode:node_modules/get-intrinsic 1784995790998
4513 silly unfinished npm timer reifyNode:node_modules/gensync 1784995790998
4514 silly unfinished npm timer reifyNode:node_modules/generator-function 1784995790998
4515 silly unfinished npm timer reifyNode:node_modules/functions-have-names 1784995790998
4516 silly unfinished npm timer reifyNode:node_modules/function.prototype.name 1784995790998
4517 silly unfinished npm timer reifyNode:node_modules/function-bind 1784995790998
4518 silly unfinished npm timer reifyNode:node_modules/for-each 1784995790998
4519 silly unfinished npm timer reifyNode:node_modules/flatted 1784995790998
4520 silly unfinished npm timer reifyNode:node_modules/flat-cache 1784995790998
4521 silly unfinished npm timer reifyNode:node_modules/find-up 1784995790998
4522 silly unfinished npm timer reifyNode:node_modules/fill-range 1784995790998
4523 silly unfinished npm timer reifyNode:node_modules/file-entry-cache 1784995790998
4524 silly unfinished npm timer reifyNode:node_modules/fflate 1784995790998
4525 silly unfinished npm timer reifyNode:node_modules/fastq 1784995790998
4526 silly unfinished npm timer reifyNode:node_modules/fast-uri 1784995790998
4527 silly unfinished npm timer reifyNode:node_modules/fast-levenshtein 1784995790998
4528 silly unfinished npm timer reifyNode:node_modules/fast-json-stable-stringify 1784995790998
4529 silly unfinished npm timer reifyNode:node_modules/fast-glob 1784995790998
4530 silly unfinished npm timer reifyNode:node_modules/fast-glob/node_modules/glob-parent 1784995790998
4531 silly unfinished npm timer reifyNode:node_modules/fast-deep-equal 1784995790998
4532 silly unfinished npm timer reifyNode:node_modules/events 1784995790998
4533 silly unfinished npm timer reifyNode:node_modules/esutils 1784995790998
4534 silly unfinished npm timer reifyNode:node_modules/estree-walker 1784995790998
4535 silly unfinished npm timer reifyNode:node_modules/estraverse 1784995790998
4536 silly unfinished npm timer reifyNode:node_modules/esrecurse 1784995790998
4537 silly unfinished npm timer reifyNode:node_modules/esquery 1784995790998
4538 silly unfinished npm timer reifyNode:node_modules/espree 1784995790998
4539 silly unfinished npm timer reifyNode:node_modules/eslint-visitor-keys 1784995790998
4540 silly unfinished npm timer reifyNode:node_modules/eslint-scope 1784995790998
4541 silly unfinished npm timer reifyNode:node_modules/eslint-plugin-react-hooks 1784995790998
4542 silly unfinished npm timer reifyNode:node_modules/eslint-plugin-react 1784995790998
4543 silly unfinished npm timer reifyNode:node_modules/eslint-plugin-jsx-a11y 1784995790998
4544 silly unfinished npm timer reifyNode:node_modules/eslint-plugin-import 1784995790998
4545 silly unfinished npm timer reifyNode:node_modules/eslint-plugin-import/node_modules/debug 1784995790998
4546 silly unfinished npm timer reifyNode:node_modules/eslint-module-utils 1784995790998
4547 silly unfinished npm timer reifyNode:node_modules/eslint-module-utils/node_modules/debug 1784995790998
4548 silly unfinished npm timer reifyNode:node_modules/eslint-import-resolver-typescript 1784995790998
4549 silly unfinished npm timer reifyNode:node_modules/eslint-import-resolver-node 1784995790998
4550 silly unfinished npm timer reifyNode:node_modules/eslint-import-resolver-node/node_modules/debug 1784995790998
4551 silly unfinished npm timer reifyNode:node_modules/eslint-config-next 1784995790998
4552 silly unfinished npm timer reifyNode:node_modules/eslint-config-next/node_modules/globals 1784995790998
4553 silly unfinished npm timer reifyNode:node_modules/eslint 1784995790998
4554 silly unfinished npm timer reifyNode:node_modules/escape-string-regexp 1784995790998
4555 silly unfinished npm timer reifyNode:node_modules/escape-html 1784995790998
4556 silly unfinished npm timer reifyNode:node_modules/escalade 1784995790998
4557 silly unfinished npm timer reifyNode:node_modules/esbuild 1784995790998
4558 silly unfinished npm timer reifyNode:node_modules/es-to-primitive 1784995790998
4559 silly unfinished npm timer reifyNode:node_modules/es-shim-unscopables 1784995790998
4560 silly unfinished npm timer reifyNode:node_modules/es-set-tostringtag 1784995790998
4561 silly unfinished npm timer reifyNode:node_modules/es-object-atoms 1784995790998
4562 silly unfinished npm timer reifyNode:node_modules/es-module-lexer 1784995790998
4563 silly unfinished npm timer reifyNode:node_modules/es-iterator-helpers 1784995790998
4564 silly unfinished npm timer reifyNode:node_modules/es-errors 1784995790998
4565 silly unfinished npm timer reifyNode:node_modules/es-define-property 1784995790998
4566 silly unfinished npm timer reifyNode:node_modules/es-abstract 1784995790998
4567 silly unfinished npm timer reifyNode:node_modules/error-stack-parser-es 1784995790998
4568 silly unfinished npm timer reifyNode:node_modules/enhanced-resolve 1784995790998
4569 silly unfinished npm timer reifyNode:node_modules/emoji-regex-xs 1784995790998
4570 silly unfinished npm timer reifyNode:node_modules/emoji-regex 1784995790998
4571 silly unfinished npm timer reifyNode:node_modules/electron-to-chromium 1784995790998
4572 silly unfinished npm timer reifyNode:node_modules/dunder-proto 1784995790998
4573 silly unfinished npm timer reifyNode:node_modules/drizzle-orm 1784995790998
4574 silly unfinished npm timer reifyNode:node_modules/drizzle-kit 1784995790998
4575 silly unfinished npm timer reifyNode:node_modules/drizzle-kit/node_modules/esbuild 1784995790998
4576 silly unfinished npm timer reifyNode:node_modules/doctrine 1784995790998
4577 silly unfinished npm timer reifyNode:node_modules/detect-libc 1784995790998
4578 silly unfinished npm timer reifyNode:node_modules/define-properties 1784995790998
4579 silly unfinished npm timer reifyNode:node_modules/define-data-property 1784995790998
4580 silly unfinished npm timer reifyNode:node_modules/deep-is 1784995790998
4581 silly unfinished npm timer reifyNode:node_modules/debug 1784995790998
4582 silly unfinished npm timer reifyNode:node_modules/data-view-byte-offset 1784995790998
4583 silly unfinished npm timer reifyNode:node_modules/data-view-byte-length 1784995790998
4584 silly unfinished npm timer reifyNode:node_modules/data-view-buffer 1784995790998
4585 silly unfinished npm timer reifyNode:node_modules/damerau-levenshtein 1784995790998
4586 silly unfinished npm timer reifyNode:node_modules/csstype 1784995790998
4587 silly unfinished npm timer reifyNode:node_modules/css-to-react-native 1784995790998
4588 silly unfinished npm timer reifyNode:node_modules/css-gradient-parser 1784995790998
4589 silly unfinished npm timer reifyNode:node_modules/css-color-keywords 1784995790998
4590 silly unfinished npm timer reifyNode:node_modules/css-box-shadow 1784995790998
4591 silly unfinished npm timer reifyNode:node_modules/css-background-parser 1784995790998
4592 silly unfinished npm timer reifyNode:node_modules/cross-spawn 1784995790998
4593 silly unfinished npm timer reifyNode:node_modules/cookie 1784995790998
4594 silly unfinished npm timer reifyNode:node_modules/convert-source-map 1784995790998
4595 silly unfinished npm timer reifyNode:node_modules/concat-map 1784995790998
4596 silly unfinished npm timer reifyNode:node_modules/commander 1784995790998
4597 silly unfinished npm timer reifyNode:node_modules/color-name 1784995790998
4598 silly unfinished npm timer reifyNode:node_modules/color-convert 1784995790998
4599 silly unfinished npm timer reifyNode:node_modules/client-only 1784995790998
4600 silly unfinished npm timer reifyNode:node_modules/chrome-trace-event 1784995790998
4601 silly unfinished npm timer reifyNode:node_modules/caniuse-lite 1784995790998
4602 silly unfinished npm timer reifyNode:node_modules/chalk 1784995790998
4603 silly unfinished npm timer reifyNode:node_modules/camelize 1784995790998
4604 silly unfinished npm timer reifyNode:node_modules/callsites 1784995790998
4605 silly unfinished npm timer reifyNode:node_modules/call-bound 1784995790998
4606 silly unfinished npm timer reifyNode:node_modules/call-bind-apply-helpers 1784995790998
4607 silly unfinished npm timer reifyNode:node_modules/call-bind 1784995790998
4608 silly unfinished npm timer reifyNode:node_modules/buffer-from 1784995790998
4609 silly unfinished npm timer reifyNode:node_modules/browserslist 1784995790998
4610 silly unfinished npm timer reifyNode:node_modules/braces 1784995790998
4611 silly unfinished npm timer reifyNode:node_modules/brace-expansion 1784995790998
4612 silly unfinished npm timer reifyNode:node_modules/blake3-wasm 1784995790998
4613 silly unfinished npm timer reifyNode:node_modules/baseline-browser-mapping 1784995790998
4614 silly unfinished npm timer reifyNode:node_modules/base64-js 1784995790998
4615 silly unfinished npm timer reifyNode:node_modules/balanced-match 1784995790998
4616 silly unfinished npm timer reifyNode:node_modules/axobject-query 1784995790998
4617 silly unfinished npm timer reifyNode:node_modules/axe-core 1784995790998
4618 silly unfinished npm timer reifyNode:node_modules/available-typed-arrays 1784995790998
4619 silly unfinished npm timer reifyNode:node_modules/async-function 1784995790998
4620 silly unfinished npm timer reifyNode:node_modules/ast-types-flow 1784995790998
4621 silly unfinished npm timer reifyNode:node_modules/arraybuffer.prototype.slice 1784995790998
4622 silly unfinished npm timer reifyNode:node_modules/array.prototype.tosorted 1784995790998
4623 silly unfinished npm timer reifyNode:node_modules/array.prototype.flatmap 1784995790998
4624 silly unfinished npm timer reifyNode:node_modules/array.prototype.flat 1784995790998
4625 silly unfinished npm timer reifyNode:node_modules/array.prototype.findlastindex 1784995790998
4626 silly unfinished npm timer reifyNode:node_modules/array.prototype.findlast 1784995790999
4627 silly unfinished npm timer reifyNode:node_modules/array-includes 1784995790999
4628 silly unfinished npm timer reifyNode:node_modules/array-buffer-byte-length 1784995790999
4629 silly unfinished npm timer reifyNode:node_modules/aria-query 1784995790999
4630 silly unfinished npm timer reifyNode:node_modules/argparse 1784995790999
4631 silly unfinished npm timer reifyNode:node_modules/ansi-styles 1784995790999
4632 silly unfinished npm timer reifyNode:node_modules/ajv-formats 1784995790999
4633 silly unfinished npm timer reifyNode:node_modules/ajv-formats/node_modules/json-schema-traverse 1784995790999
4634 silly unfinished npm timer reifyNode:node_modules/ajv-formats/node_modules/ajv 1784995790999
4635 silly unfinished npm timer reifyNode:node_modules/ajv 1784995790999
4636 silly unfinished npm timer reifyNode:node_modules/acorn-loose 1784995790999
4637 silly unfinished npm timer reifyNode:node_modules/acorn-jsx 1784995790999
4638 silly unfinished npm timer reifyNode:node_modules/acorn-import-phases 1784995790999
4639 silly unfinished npm timer reifyNode:node_modules/acorn 1784995790999
4640 verbose cwd /mnt/data/technologia_work
4641 verbose os Linux 6.12.13
4642 verbose node v22.16.0
4643 verbose npm  v10.9.2
4644 verbose exit 1
4645 verbose code 1
4646 error A complete log of this run can be found in: /mnt/data/technologia_work/.sites-runtime/npm-cache/_logs/2026-07-25T16_09_50_453Z-debug-0.log
